5463	5465	5464
5468	5466	5469
5466	5468	5467
5472	5470	5473
5470	5472	5471
5476	5474	5477
5474	5476	5475
5480	5478	5481
5478	5480	5479
5482	5484	5483
5487	5485	5488
5485	5487	5486
5491	5489	5492
5489	5491	5490
5495	5493	5496
5493	5495	5494
5498	5472	5499
5472	5498	5497
5502	5500	5503
5500	5502	5501
5504	5506	5505
5509	5507	5510
5507	5509	5508
5513	5511	5514
5511	5513	5512
5516	5518	5517
5518	5516	5515
5521	5519	5522
5519	5521	5520
5525	5523	5526
5523	5525	5524
5527	5529	5528
5530	5532	5531
5533	5535	5534
5538	5536	5539
5536	5538	5537
5542	5540	5543
5540	5542	5541
5546	5544	5547
5544	5546	5545
5546	5548	5545
5548	5546	5549
5470	5550	5551
5550	5470	5471
5554	5552	5555
5552	5554	5553
5558	5556	5559
5556	5558	5557
5562	5560	5563
5560	5562	5561
5566	5564	5509
5564	5566	5565
5569	5567	5570
5567	5569	5568
5573	5571	5574
5571	5573	5572
5575	5577	5576
5579	5466	5580
5466	5579	5578
5583	5581	5584
5581	5583	5582
5587	5585	5588
5585	5587	5586
5590	5589	5591
5589	5590	5455
5594	5592	5595
5592	5594	5593
5598	5596	5599
5596	5598	5597
5602	5600	5603
5600	5602	5601
5604	5606	5605
5604	5607	5606
5604	5608	5607
5611	5609	5612
5609	5611	5610
5613	5615	5614
5617	5613	5614
5613	5617	5616
5618	5620	5619
5622	5621	5623
5621	5622	5571
5626	5624	5627
5624	5626	5625
5629	5464	5465
5464	5629	5628
5632	5630	5633
5630	5632	5631
5636	5634	5637
5634	5636	5635
5640	5638	5641
5638	5640	5639
5642	5530	5643
5530	5642	5532
5645	5646	5447
5646	5645	5644
5510	5647	5649
5647	5510	5648
5536	5650	5651
5650	5536	5537
5654	5652	5655
5652	5654	5653
5657	5656	5658
5656	5657	5604
5659	5591	5660
5591	5659	5590
5663	5661	5664
5661	5663	5662
5665	5667	5666
5670	5668	5671
5668	5670	5669
5674	5672	5675
5672	5674	5673
5678	5676	5679
5676	5678	5677
5682	5680	5683
5680	5682	5681
5500	5684	5685
5684	5500	5501
5688	5686	5689
5686	5688	5687
5690	5514	5691
5694	5692	5481
5692	5694	5693
5695	5693	5696
5693	5695	5692
5697	8941	5698
8941	5697	5448
5701	5699	5702
5699	5701	5700
5705	5703	5699
5703	5705	5704
5708	5706	5709
5706	5708	5707
5711	5552	5516
5552	5711	5710
5714	5712	5497
5712	5714	5713
5717	5715	5718
5715	5717	5716
5719	5721	5720
5724	5722	5725
5722	5724	5723
5728	5726	5729
5726	5728	5727
5732	5730	5733
5730	5732	5731
5736	5734	5737
5734	5736	5735
5740	5738	5741
5738	5740	5739
5744	5742	5529
5742	5744	5743
5745	5747	5746
5506	5748	5505
5751	5749	5752
5749	5751	5750
5755	5753	5756
5753	5755	5754
5602	5757	5758
5757	5602	5603
5761	5759	5762
5759	5761	5760
5764	5499	5765
5499	5764	5763
5768	5766	5668
5766	5768	5767
5770	5526	5771
5526	5770	5769
5772	5774	5773
5776	5775	5777
5775	5776	5539
5779	5682	5780
5682	5779	5778
5783	5781	5632
5781	5783	5782
5784	5786	5785
5789	5787	5790
5787	5789	5788
5792	5788	5789
5788	5792	5791
5795	5793	5796
5793	5795	5794
5799	5797	5800
5797	5799	5798
5801	5803	5802
5533	5587	5805
5587	5533	5804
5806	5577	5575
5809	5807	5810
5807	5809	5808
5485	5812	5811
5812	5485	5486
5582	5583	5813
5814	5624	5815
5624	5814	5627
5816	5818	5817
5809	5819	5821
5819	5809	5820
5807	5822	5810
5823	5479	5468
5479	5823	5478
5824	5826	5825
5829	5827	5830
5827	5829	5828
5833	5831	5834
5831	5833	5832
5835	5663	5664
5837	5646	5838
5646	5837	5836
5839	5840	5523
5841	5842	5582
5743	5843	5742
5843	5743	5844
5845	5847	5846
5848	5850	5849
5853	5851	5854
5851	5853	5852
5631	5851	5855
5851	5631	5854
5856	5619	5620
5857	5513	5858
5513	5857	5512
5860	5859	5861
5859	5860	5792
5863	5763	5864
5763	5863	5862
5867	5865	5868
5865	5867	5866
5871	5869	5872
5869	5871	5870
5873	5874	5721
5875	5877	5876
5486	5678	5878
5678	5486	5487
5681	5778	5812
5778	5681	5682
5739	5879	5880
5879	5739	5740
5881	5520	5882
5885	5883	5886
5883	5885	5884
5889	5887	5890
5887	5889	5888
5893	5891	5894
5891	5893	5892
5896	5650	5537
5650	5896	5895
5897	5655	5898
5899	5901	5900
5521	5902	5903
5902	5521	5522
5904	5826	5905
5826	5904	5825
5906	5489	5610
5489	5906	5492
5577	5818	5576
5909	5907	5910
5907	5909	5908
5912	5908	5909
5908	5912	5911
5915	5913	5916
5913	5915	5914
5915	5917	5914
5917	5915	5918
5635	5919	5921
5919	5635	5920
5924	5922	5925
5922	5924	5923
5926	5765	5675
5765	5926	5764
5515	5927	5518
5927	5515	5928
5927	5929	5930
5929	5927	5928
5932	5559	5556
5559	5932	5931
5933	5935	5934
5938	5936	5769
5936	5938	5937
5940	5593	5594
5593	5940	5939
5595	5558	5941
5695	5547	5942
5547	5695	5696
5589	5943	5945
5943	5589	5944
5947	5617	5680
5617	5947	5946
5848	5948	5949
5948	5848	5849
5950	5565	5951
5954	5952	5955
5952	5954	5953
5957	5524	5958
5524	5957	5956
5613	5959	5960
5959	5613	5616
5824	5688	5826
5688	5824	5961
5755	5962	5754
5730	5731	5963
5966	5964	5967
5964	5966	5965
5968	5970	5969
5972	5787	5788
5787	5972	5971
5974	5777	5775
5777	5974	5973
5975	5859	5976
5859	5975	5861
5977	5979	5978
5490	5980	5981
5980	5490	5491
5565	5566	5982
5648	5983	5647
5983	5648	5984
5986	5714	5987
5714	5986	5985
5737	5988	5989
5988	5737	5734
5992	5990	5719
5990	5992	5991
5803	5993	5994
5993	5803	5801
5916	5666	5915
5666	5916	5995
5997	5992	5998
5992	5997	5996
5970	5623	5999
6000	6002	6001
5573	6003	6005
6003	5573	6004
6006	6008	6007
5652	5974	5651
5974	5652	5773
5757	6009	6010
6009	5757	5603
5697	5900	5901
5900	5697	6011
6013	6012	5837
6012	6013	5535
6016	6014	6017
6014	6016	6015
5848	5524	5525
5524	5848	5949
5744	5954	5743
5954	5744	6018
6021	6019	6022
6019	6021	6020
6025	6023	6026
6023	6025	6024
6029	6027	6030
6027	6029	6028
5664	6031	5835
6031	5664	5502
5644	5838	5646
5838	5644	6032
6034	5487	5488
5487	6034	6033
6037	6035	6038
6035	6037	6036
5507	5639	5640
5639	5507	5508
6039	5814	6040
5814	6039	5627
6043	6041	6044
6041	6043	6042
5880	5567	5691
5567	5880	5570
5690	5567	5539
5567	5690	5691
6046	5921	6047
5921	6046	6045
6050	6048	6051
6048	6050	6049
6052	6054	6053
5638	6055	6057
6055	5638	6056
6058	5841	6059
5841	6058	5642
6059	6060	6058
6060	6059	5856
5773	5653	6061
5653	5773	5652
6062	5847	6063
5847	6062	5846
5823	6064	5478
6064	5823	6065
5621	5572	5790
5572	5621	5571
6067	5787	5971
5787	6067	6066
5782	5726	5781
5726	5782	5729
6068	5562	6069
5562	6068	5561
6071	6070	6072
6070	6071	5585
6073	5844	6074
5844	6073	5843
6076	6075	6077
6075	6076	5464
6079	5544	6080
5544	6079	6078
6081	6079	5754
6079	6081	6078
5845	6082	5469
6083	5520	5528
6083	5882	5520
6083	5962	5882
6084	5821	5819
6085	5971	5706
5971	6085	6067
5971	5710	5706
5710	5971	5972
5660	6086	6087
6086	5660	5591
5481	6088	5694
5852	6089	6091
6089	5852	6090
5614	5680	5617
5680	5614	5683
5897	5668	5766
5668	5897	5898
5579	6092	5578
6092	5579	5817
5869	6093	5872
6093	5869	5708
6094	5722	6095
5722	6094	5725
6098	6096	6099
6096	6098	6097
5752	6100	6101
6100	5752	5749
5687	6102	5686
6102	5687	6103
5506	6104	6105
6104	5506	5504
5883	6106	5886
6106	5883	6107
6108	5979	6109
5979	6108	5978
5816	5576	5818
6110	6053	5816
6053	6110	6052
5681	5486	5878
5486	5681	5812
5736	5453	5735
5453	5736	5451
6111	5718	6112
5718	6111	5717
6113	6115	6114
5895	6116	6117
6116	5895	5896
6120	6118	6121
6118	6120	6119
5919	6122	6123
6122	5919	5920
6125	6099	6096
6099	6125	6124
5514	6126	5513
6126	5514	5690
6007	5513	6126
5513	6007	6127
5980	6128	5981
6128	5980	6129
5912	6130	6132
6130	5912	6131
5738	6133	5741
6134	6135	5575
6136	6052	6055
6052	6136	6054
6137	5483	6138
5483	6137	5482
5454	6137	6139
6137	5454	8943
5972	5552	5710
5552	5972	5555
6010	6140	5795
6140	6010	6009
6141	5795	6140
5795	6141	5794
5650	6142	5655
6142	5650	5895
5546	5944	5549
5944	5546	6143
6144	5675	5765
5675	6144	5674
6146	6145	6147
6145	6146	5938
5779	5780	6148
6151	6149	6152
6149	6151	6150
6154	5477	5474
5477	6154	6153
6155	5942	5547
6012	5836	5837
6158	6156	6159
6156	6158	6157
6160	6118	6161
6118	6160	6121
5697	6162	5448
6164	5955	5952
5955	6164	6163
5996	5969	6165
5969	5996	5968
5996	5997	5968
6166	6168	6167
5805	5902	6169
5902	5805	5903
5535	6170	5900
6170	5535	5533
5937	5685	5936
5685	5937	5500
6171	5490	6172
5490	6171	5489
5652	5650	5655
5650	5652	5651
5679	5878	5678
5878	5679	5947
5946	5679	6173
5679	5946	5947
6174	6149	6175
6149	6174	6152
5840	6176	6178
6176	5840	6177
6181	6179	6182
6179	6181	6180
5806	5491	5577
8946	6183	5735
6183	8946	5659
5756	5882	5755
5882	5756	5881
6185	5716	6186
5716	6185	6184
6187	5716	5717
5716	6187	6186
5881	5519	5520
5519	5881	6188
5899	6189	5483
6189	5899	6190
5519	6189	5522
6189	5519	5483
5626	6043	6192
6043	5626	6191
5957	6193	5956
6193	5957	6194
5508	6195	5639
6195	5508	6196
6008	6197	6005
6197	6008	6006
6198	5726	5727
5726	6198	5853
5829	5904	5828
5904	5829	5825
5615	6199	5614
5521	5528	5520
5528	5521	5527
5837	6193	6013
6193	5837	5838
6202	6200	5963
6200	6202	6201
6203	6205	6204
5975	5976	6206
5690	5776	6206
5776	5690	5539
6207	5605	6208
6209	6210	5779
5952	5819	5820
5819	5952	5953
5657	5506	5604
5506	5657	5748
5801	5802	5774
5973	5975	5777
5975	5973	5861
5990	6211	6212
6211	5990	5991
5493	5542	5543
6052	6213	6214
6213	6052	6110
5760	6019	5759
6019	5760	6022
6215	5980	6135
6215	6135	6134
5711	5706	5710
5706	5711	5709
6216	5459	5452
5459	6216	5548
6061	5772	5773
5754	5629	6081
5629	5754	5962
5611	6217	6218
6217	5611	5612
6105	5604	5506
5604	6105	5608
5840	5645	6177
5645	5840	5644
6221	6219	6222
6219	6221	6220
6223	5786	6224
5786	6223	5785
5586	5587	5804
6225	6034	5488
6200	6226	6227
6226	6200	6201
6115	6113	5640
5961	5687	5688
5687	5961	6228
6094	5721	6229
5721	6094	6095
5691	5511	5880
5511	5691	5514
5516	6230	5711
6230	5516	5517
6100	5599	6101
5599	6100	5598
5703	5749	5699
5749	5703	6100
5473	5654	5897
5654	5473	5470
6231	6055	6056
6055	6231	6136
5601	5747	5600
5747	5601	5746
5919	6047	5921
6232	5954	6018
6233	6232	5842
6232	6233	5954
6236	6234	6159
6234	6236	6235
6238	6140	6009
6140	6238	6237
6239	6237	6238
5999	6067	5969
6067	5999	6066
5661	6240	6241
6240	5661	5662
5805	6170	5533
6170	5805	6169
6189	5902	5522
5902	6189	6190
5468	6082	5823
6082	5468	5469
6065	5846	6062
5846	6065	5823
5986	5987	6115
6187	6115	6186
5604	5605	5656
6037	6038	6242
5672	5673	6243
6011	5698	5836
6188	6137	6138
6137	6188	6139
5998	5719	5720
5719	5998	5992
5960	5615	5613
6244	6128	5643
6128	6244	5981
5993	5916	5929
5916	5993	5995
5556	6245	5932
5856	6071	6072
5815	5998	5814
5998	5815	5997
5968	5815	6246
5815	5968	5997
6075	5742	5843
5742	6075	6247
5668	5669	5768
5903	5587	5584
5587	5903	5805
5999	5621	6066
5621	5999	5623
5899	5484	5901
5484	5899	5483
5568	5539	5567
5539	5568	5538
6160	6248	6249
6248	6160	6161
5943	5944	6143
6252	6250	6253
6250	6252	6251
6254	5566	5649
5566	6254	5982
5509	5649	5566
5649	5509	5510
5675	6255	5926
6255	5675	5672
6256	5845	5469
6192	6257	6259
6257	6192	6258
5903	5527	5521
5524	5949	5958
6123	5504	5505
5504	6123	6122
6124	6125	5874
5869	6260	5708
6260	5869	6261
6162	5462	5448
5516	5553	6262
5553	5516	5552
5753	6079	6263
6079	5753	5754
5745	5565	5747
5565	5745	5951
5800	5797	6264
5665	5993	5801
5667	5772	6061
5772	5667	5665
5677	5487	6033
5487	5677	5678
5904	6171	5828
6171	5904	5609
6265	5888	5889
5888	6265	6098
6266	6184	6267
6266	5716	6184
6270	6268	6271
6268	6270	6269
6270	6002	6269
5945	5591	5589
5591	5945	6086
5817	6273	6272
6218	6241	6240
6241	6218	6217
5895	6274	6142
6274	5895	6117
6275	5457	5456
5457	6275	6176
6064	5481	5478
5481	6064	6088
5704	6181	5597
6181	5704	6276
5704	5598	5703
5598	5704	5597
5894	6277	6278
6277	5894	5891
5535	6011	6012
6011	5535	5900
5835	6280	6279
6280	6281	6279
6282	6128	6129
6282	6283	6284
6283	6282	6084
6149	5885	5886
5885	6149	6150
6149	6106	6175
6106	6149	5886
5582	5813	5841
6286	6131	6287
6131	6286	6285
6130	6285	5857
6285	6130	6131
5777	6206	5776
6206	5777	5975
6239	5600	5747
5600	6239	6238
5876	5728	6288
5789	6006	5792
6006	5789	6197
6197	5790	5572
5790	6197	5789
6289	6010	6290
6010	6289	5757
5472	6291	5499
6053	5575	5576
5816	6053	5576
5844	5954	5955
5954	5844	5743
5824	5615	5960
5615	5824	5825
5825	5829	5615
5872	6230	5977
6230	5872	6093
5871	5977	5978
5977	5871	5872
8945	5646	5836
5646	8945	5447
6141	6140	6237
5761	5647	5983
5647	5761	5762
6292	5783	6293
5783	6292	5782
5782	6288	5729
6288	5782	6294
5753	6263	6295
6187	5717	6111
5910	6296	6297
6296	5910	5907
5948	5679	5676
5679	5948	6173
6298	5548	6216
5548	6298	5545
6301	6299	6302
6299	6301	6300
6303	6305	6304
5763	5498	5499
5498	5763	5862
5497	5498	5714
5614	6199	5683
6148	6209	5779
5496	6211	6306
6211	5496	6212
5757	6289	6307
6307	6289	6308
5518	5927	6203
6108	6203	6309
6203	6108	6109
6215	5807	5808
5807	6215	6134
5726	5854	5781
5854	5726	5853
6113	5507	5640
5720	5814	5998
5814	5720	6040
5980	6215	6129
5992	6165	5991
6165	5992	5996
5784	6068	6167
6068	5784	6268
6310	5686	6102
6310	5661	5686
5541	5873	5540
5541	5874	5873
5541	6311	5874
6313	6144	6314
6144	6313	6312
6145	6315	6147
6315	6145	6275
5780	5682	5683
6317	6316	6146
6316	6317	5503
6060	5532	6058
5532	6060	5531
5642	6058	5532
6319	5695	5942
5695	6319	6318
5462	6137	8943
6137	5462	5482
6002	6320	6255
5689	5826	5688
5826	5689	5905
5730	6248	5733
6248	5730	6249
6321	5822	6322
5822	6321	5810
5820	6164	5952
6164	5820	6321
6240	6323	6218
6323	6240	5847
6324	5611	6325
6323	5847	5845
6092	5577	6326
5577	6092	5818
6327	5663	6279
6073	6075	5843
6075	6073	6077
5829	5830	6199
5829	6199	5615
6209	5620	6210
6038	6035	6328
5703	5598	6100
6190	6169	5902
6169	6190	6170
5536	5775	5539
5564	5508	5509
5508	5564	6196
6011	5836	6012
5727	6329	6198
6329	5727	6330
6331	5961	5959
5961	6331	6228
5875	5965	5877
5965	5875	5964
5455	5944	5589
5944	5455	5458
6326	5491	5492
5491	6326	5577
5917	6332	6272
6271	6001	6270
5744	5527	6333
5527	5744	5529
5469	5466	5578
6334	5667	5550
5667	6334	5666
5918	5666	6334
5666	5918	5915
6335	5605	6207
5605	6335	5656
5644	5839	6032
5839	5644	5840
5980	5806	6135
6135	5806	5575
5974	5774	5973
5774	5974	5773
5941	5559	6336
5559	5941	5558
5931	6336	5559
6336	5931	6337
5594	6338	5940
6338	5594	6235
5842	6084	6233
6084	5842	6283
6288	5728	5729
5892	6168	6166
6168	5892	5893
6341	6339	6342
6339	6341	6340
5763	6344	6343
6347	6345	6348
6345	6347	6346
5922	6349	6348
6349	5922	5923
5619	6070	5485
5638	6350	5641
6350	5638	6057
5570	6351	5569
6351	5570	5879
5880	5879	5570
5937	6146	6316
6146	5937	5938
6352	5831	5658
5831	6352	5834
6352	5656	6335
5656	6352	5658
5796	6010	5795
6010	5796	6290
6353	6026	6044
6026	6353	6025
6082	5845	5846
6082	5846	5823
6280	5988	6281
6281	5734	6183
5734	6281	5988
5609	5489	6171
5489	5609	5610
6095	6039	6040
6039	6095	5722
6108	6309	5480
6306	5495	5496
5495	6306	6260
5803	6262	5553
6262	5803	5994
6354	6226	6355
6226	6354	6227
6300	6222	6219
6075	5628	6247
5628	6075	5464
6282	5821	6084
6282	6129	5821
5551	5550	5667
6199	5780	5683
6356	5964	6357
5964	6356	5967
6120	5896	6119
5896	6120	6116
5802	5860	5861
5802	5973	5774
5973	5802	5861
6057	6052	6214
6052	6057	6055
5937	6316	5500
6316	5503	5500
6358	5864	6343
5864	6359	5863
6359	5864	6358
6109	5518	6203
5702	5749	5750
5749	5702	5699
6273	5817	5579
5960	5961	5824
5961	5960	5959
6293	6360	6362
6360	6293	6361
5880	5511	5739
5590	8946	5455
5935	6266	6363
5734	5735	6183
5987	5714	6364
5755	5882	5962
6115	5987	6185
6366	5599	5596
5599	6366	6365
5897	5654	5655
6367	5875	5876
5858	6368	6369
6368	5858	6127
6053	6054	5575
5772	5801	5774
5665	5801	5772
5618	5812	5778
5929	5913	5930
5913	5929	5916
6230	5979	5977
5979	6230	5517
6370	6144	6312
6144	6370	5674
5898	5655	6142
6371	6142	6274
6142	6371	5898
6153	6372	5477
6372	6153	6373
6374	5464	6076
5464	6374	5463
6319	6155	6375
6155	6319	5942
6376	5695	6318
5695	6376	5692
5481	6376	5480
6376	5481	5692
8944	5698	8941
5698	8944	5836
5698	6011	5697
6261	5868	6260
5868	6261	5867
6375	5475	6377
5475	6375	5474
6155	5474	6375
5474	6155	6154
6155	5544	6154
5544	6155	5547
5544	5545	6080
6080	5545	6298
6298	6079	6080
6079	6298	6263
6295	6298	6216
6298	6295	6263
6088	5943	5694
5943	6088	5945
5694	5943	5693
5571	6378	5574
6378	5571	5622
6380	6226	6381
6226	6380	6379
6286	6380	6381
6380	6286	6287
6383	6286	6381
6286	6383	6382
6384	6383	6385
6383	6384	6382
6201	6381	6226
6381	6201	6383
6202	6383	6201
6383	6202	6385
6382	6285	6286
6285	6382	6133
6133	6384	5741
6384	6133	6382
6386	5741	6384
5741	6386	5740
5879	6386	6351
6386	5879	5740
5733	6386	5732
6386	5733	6351
5733	5569	6351
5569	5733	6248
6248	5568	5569
5568	6248	6161
5538	6119	5537
6119	5538	6118
5537	6119	5896
6384	5732	6386
5732	6384	6385
6202	5732	6385
5732	6202	5731
5731	6202	5963
6085	5969	6067
6306	5708	6260
5708	6306	5707
6085	6211	6165
6085	6165	5969
5857	5738	5512
5511	5738	5739
5738	5511	5512
5907	6387	6296
6387	5907	6388
6004	5911	6003
5911	6004	5908
6132	5857	6389
5857	6132	6130
6390	6003	5911
6003	6390	6368
6296	6391	6297
5908	6388	5907
6388	5908	6004
5738	6285	6133
6285	5738	5857
6206	6126	5690
6126	6206	5976
5859	6126	5976
6126	5859	6007
6006	5859	5792
5859	6006	6007
5568	6118	5538
6118	5568	6161
6393	6274	6117
6274	6393	6392
5623	6392	6393
6392	5623	6394
6116	6393	6117
6393	6116	6395
5963	6249	5730
6249	5963	6396
6395	6120	6397
6120	6395	6116
6160	6398	6121
6398	6160	6399
6249	6399	6160
6399	6249	6396
6396	6200	6227
6200	6396	5963
6399	6227	6354
6227	6399	6396
6400	6399	6354
6399	6400	6398
6397	6400	6378
6400	6397	6398
6393	5622	5623
5622	6393	6395
6398	6120	6121
6120	6398	6397
5790	6066	5621
6066	5790	5787
5536	5974	5775
5974	5536	5651
6388	5574	6387
5574	6388	5573
5572	6005	6197
6005	5572	5573
6368	6005	6003
6005	6368	6008
5574	6400	6387
6400	5574	6378
6395	6378	5622
6378	6395	6397
5573	6388	6004
6127	6008	6368
6008	6127	6007
5857	6369	6389
6355	6296	6387
6296	6355	6391
5472	5473	6291
5766	5473	5897
5473	5766	6401
6401	5767	6402
5767	6401	5766
6042	5724	6403
5724	6042	5723
5875	6367	6404
5768	6367	5767
6367	5768	6404
6405	5670	6357
5670	6405	5669
6404	5669	6405
5669	6404	5768
5671	5668	5898
5964	6405	6357
5875	6405	5964
6405	5875	6404
6095	5720	5721
5720	6095	6040
6191	5722	5723
5722	6191	6039
5626	6039	6191
6039	5626	5627
6042	6406	6362
6406	6042	6403
6026	6043	6044
6043	6026	6023
6407	5631	5855
5631	6407	5630
6408	5632	5633
5632	6408	5783
6041	6362	6360
6362	6041	6042
5854	5632	5781
5632	5854	5631
6024	5851	6258
5851	6024	5855
6042	6191	5723
6191	6042	6043
5625	6192	6259
6192	5625	5626
6409	6044	6041
6044	6409	6353
6409	6360	6361
6360	6409	6041
6406	6294	6292
6411	5624	5625
5624	6411	6410
5815	6413	6412
6414	5625	6259
5625	6414	6411
6091	6259	6257
6259	6091	6414
5967	6410	6411
6410	5967	6356
6371	6413	6415
6413	6371	6412
5966	6411	6414
6411	5966	5967
6089	6414	6091
6414	6089	5966
6371	5670	5671
5670	6371	6415
5851	6091	6257
6091	5851	5852
6417	5724	5725
5724	6417	6416
6418	5725	6094
5725	6418	6417
6416	6403	5724
6403	6416	6419
6419	6406	6403
6406	6419	6294
6419	6416	6420
6090	5853	6198
5853	6090	5852
6329	6090	6198
6090	6329	6089
5727	5728	6330
6329	5966	6089
5966	6329	5965
6329	5877	5965
5877	6329	6330
5877	5728	5876
5728	5877	6330
5876	6421	6367
6421	5876	6420
6420	6288	6419
6419	6288	6294
6420	5876	6288
6043	6023	6192
5671	5898	6371
6412	6371	6422
6394	5968	6246
5968	6394	5970
6410	5815	5624
5815	6410	6413
6415	6410	6356
6410	6415	6413
5670	6356	6357
6356	5670	6415
5551	5654	5470
5654	5551	5653
6061	5551	5667
5551	6061	5653
5786	6167	6168
6167	5786	5784
6424	6027	6425
6027	6424	6423
6424	6426	6423
6426	6424	6427
5792	5860	5791
5860	5555	5791
5555	5860	5554
5554	5860	5802
6428	6429	6001
5791	5972	5788
5972	5791	5555
6099	5636	6098
5636	6099	6430
6299	5888	6302
5637	6098	5636
6098	5637	5888
5887	6299	6431
6299	5887	5888
6028	6425	6027
6425	6028	6432
6299	6300	6431
6425	6433	6434
6433	6425	6432
6278	6277	5890
6436	5887	6431
5887	6436	6435
6300	6436	6431
6436	6300	6219
5920	5636	6430
5636	5920	5635
6437	5920	6430
5920	6437	6122
6122	6437	5504
6220	6223	6224
6223	6220	6221
6268	5785	6271
5785	6268	5784
6068	6166	6167
6166	6068	6069
6223	6271	5785
6269	6068	6268
6068	6269	5561
5560	6269	6002
6269	5560	5561
6424	6434	6438
6434	6424	6425
6424	6438	6427
6426	6439	6423
6030	6423	6439
6423	6030	6027
5672	6002	6255
6002	5672	5560
5563	5672	6243
5672	5563	5560
6002	6270	6001
6278	5887	6435
5887	6278	5890
6222	6300	6305
6301	6305	6300
6305	6301	6304
5921	5634	5635
5634	5921	6045
6223	6428	6271
6124	5874	6311
6430	6124	6437
6124	6430	6099
5888	5637	6302
6301	5637	5634
5637	6301	6302
6304	5634	6045
5634	6304	6301
6046	6304	6045
6304	6046	6303
6441	6265	5889
6265	6441	6440
6442	5889	5890
5889	6442	6441
6443	6097	6444
6097	6443	6096
6443	6125	6096
6125	6443	6445
5673	6446	6243
6446	5673	6447
6446	6442	6448
6442	6446	6441
6312	6444	6370
6444	6312	6443
6443	6312	6445
5673	5674	6370
6098	6265	6097
6444	6265	6440
6265	6444	6097
6447	5673	6370
6450	6448	6442
6448	6450	6449
6449	6450	6451
6277	6442	5890
6442	6277	6450
5891	6450	6277
6450	5891	6451
5891	5892	6451
6451	6166	6069
6452	6255	6320
6255	6452	5926
5764	6452	6344
6452	5764	5926
5764	6344	5763
6453	6222	6305
6222	6453	6221
6453	6223	6221
6223	6453	6428
6453	6303	6429
6303	6453	6305
6453	6429	6428
6312	6313	6445
5499	6144	5765
6144	5499	6314
6455	6047	5919
6047	6455	6454
6456	5919	6123
5919	6456	6455
6457	6303	6046
6303	6457	6429
6454	6046	6047
6046	6454	6457
6344	6454	6455
6454	6344	6452
6343	6455	6456
6455	6343	6344
6429	6457	6000
6452	6457	6454
6457	6452	6320
6457	6320	6000
6429	6000	6001
6002	6000	6320
5892	6166	6451
6069	5562	6449
6448	5562	5563
5562	6448	6449
6243	6448	5563
6448	6243	6446
6451	6069	6449
6370	6440	6447
6440	6370	6444
6446	6440	6441
6440	6446	6447
6433	6220	6434
6220	6433	6219
6427	6168	6426
6168	6427	5786
5894	6439	5893
6439	5894	6030
6224	6434	6220
6434	6224	6438
6168	6439	6426
6439	6168	5893
6435	6029	6278
6029	6435	6028
6436	6028	6435
6028	6436	6432
6219	6432	6436
6432	6219	6433
6427	6224	5786
6224	6427	6438
6030	6278	6029
6278	6030	5894
6458	6094	6229
6094	6458	6418
6402	6418	6458
6418	6402	5767
6313	6401	6402
6401	6313	6314
6445	6229	6125
6229	6445	6458
6313	6458	6445
6458	6313	6402
6314	6291	6401
5721	6125	6229
6125	5721	5874
6314	5499	6291
6401	6291	5473
5909	6380	6287
6380	5909	5910
6131	5909	6287
5909	6131	5912
5911	6132	6390
6132	5911	5912
5910	6379	6380
6379	5910	6297
6369	5857	5858
6389	6390	6132
6297	6226	6379
6226	6297	6391
6369	6390	6389
6390	6369	6368
6355	6226	6391
5513	6127	5858
6354	6387	6400
6387	6354	6355
6024	6407	5855
6407	6024	6025
6406	6293	6362
6293	6406	6292
6407	6353	5630
6353	6407	6025
6408	6293	5783
6293	6408	6361
6023	6258	6192
6258	6023	6024
6353	5633	5630
5633	6353	6409
6409	6408	5633
6408	6409	6361
6258	5851	6257
6294	5782	6292
6416	6421	6420
6421	6416	6417
6367	6421	5767
6418	6421	6417
6421	6418	5767
6214	6350	6057
6350	6214	6459
6460	6214	6213
6214	6460	6459
6461	5918	6460
5657	5831	6347
5831	5657	5658
6348	5657	6347
5657	6348	5748
5505	6348	6349
6348	5505	5748
6392	6246	6422
6246	6392	6394
6392	6371	6274
6371	6392	6422
5970	5999	5969
6348	6345	5922
5922	6345	5925
6462	6345	6346
6345	6462	5925
6464	5925	6462
5925	6464	6463
6050	6465	6466
6465	6050	6051
6465	6467	6466
6467	6465	6468
6242	6462	6037
6469	6462	6346
6462	6469	6037
6036	6469	5832
5832	6469	5831
6469	6347	5831
6347	6469	6346
6036	5833	6035
5833	6036	5832
6469	6036	6037
6470	5599	6365
5599	6470	6101
5752	6470	6471
6470	5752	6101
5751	6471	6472
6471	5751	5752
5705	5699	5700
6242	6464	6462
6464	6242	5701
6038	5701	6242
5701	6038	5700
5705	6038	6328
6038	5705	5700
5505	6349	6123
6180	6276	6473
6276	6180	6181
6475	5863	6359
5863	6475	6474
5862	6474	6364
6474	5862	5863
5498	6364	5714
6364	5498	5862
6107	5494	6106
5494	6107	5493
6104	5493	6107
5493	6104	5542
5542	5504	5541
5504	5542	6104
5541	5504	6311
5504	6124	6311
6124	5504	6437
6478	6476	6472
6476	6478	6477
6479	6349	5923
6349	6479	6456
6479	5924	6480
5924	6479	5923
6365	6477	6478
6477	6365	6366
6481	6456	6479
6456	6481	6343
6482	6479	6480
6479	6482	6481
6180	6475	6359
6475	6180	6473
6180	6358	6179
6358	6180	6359
6105	5884	5608
5884	6105	5883
6307	6483	6484
6483	6307	6308
6484	5757	6307
5757	6484	5758
6182	5597	6181
5597	6182	5596
6482	5596	6182
5596	6482	6366
6366	6482	6477
6179	6482	6182
6482	6179	6481
6481	6358	6343
6358	6481	6179
6486	6352	6487
6352	6486	6485
6489	5833	5834
5833	6489	6488
6488	6035	5833
6035	6488	6490
5705	6491	5704
6491	5705	6328
6485	5834	6352
5834	6485	6489
6490	6328	6035
6328	6490	6491
5987	6485	6486
6485	5987	6364
6474	6488	6489
6488	6474	6475
6475	6490	6488
6490	6475	6473
6491	6276	5704
6364	6489	6485
6489	6364	6474
6473	6491	6490
6491	6473	6276
6476	5925	6463
5925	6476	5924
6480	6476	6477
6476	6480	5924
6480	6477	6482
6467	5701	5702
5701	6467	6468
6466	5702	5750
5702	6466	6467
6050	5750	5751
5750	6050	6466
6049	5751	6472
5751	6049	6050
6048	6472	6476
6472	6048	6049
6051	6476	6463
6476	6051	6048
6465	6463	6464
6463	6465	6051
6468	6464	5701
6464	6468	6465
6349	6456	6123
6234	6340	6341
5941	6234	5595
6234	5941	6340
6340	5941	6336
5798	6252	6253
6252	5798	5799
6342	6159	6341
6159	6342	6158
6341	6159	6234
6478	6472	6471
6470	6478	6471
6478	6470	6365
6493	6492	6494
6492	6493	6251
6185	6494	6492
6494	6185	5987
6495	5800	6496
5800	6495	5799
6496	6363	6495
6363	6496	5935
6495	6267	6497
6267	6495	6363
5799	6497	6252
6497	5799	6495
6498	5800	6264
5800	6498	6496
5934	6496	6498
6496	5934	5935
6492	6267	6184
6267	6492	6497
6252	6492	6251
6492	6252	6497
6267	6363	6266
6245	5715	5933
5715	6245	5718
5556	5718	6245
5718	5556	5557
6115	6185	6186
5716	6266	5715
5933	6266	5935
6266	5933	5715
5934	6245	5933
6245	5934	5932
5931	5934	6498
5934	5931	5932
6337	6498	6264
6498	6337	5931
6499	6015	6500
6015	6499	6014
5798	6339	5797
6339	5798	6342
6158	5798	6253
5798	6158	6342
6157	6253	6250
6253	6157	6158
6020	6208	5605
6208	6020	6021
5796	5606	5607
5606	5796	5793
5796	6501	6290
6501	5796	5607
6290	6501	6289
5760	6235	6236
6235	5760	6338
6022	6236	6156
6236	6022	5760
6157	6022	6156
6022	6157	6021
6250	6021	6157
6021	6250	6208
6207	6250	6251
6250	6207	6208
6492	6184	6185
6254	5759	6237
5759	6254	5762
5647	6254	5649
6254	5647	5762
6487	6494	6486
6494	6487	6493
6494	5987	6486
6015	6336	6337
6336	6015	6016
6500	6337	6264
6337	6500	6015
6499	6264	5797
6264	6499	6500
6014	5797	6339
5797	6014	6499
6017	6339	6340
6339	6017	6014
6016	6340	6336
6340	6016	6017
6159	6156	6236
5594	6234	6235
6234	5594	5595
5557	5592	6112
5592	5557	5558
5557	6112	5718
6352	6335	6487
6493	6335	6207
6335	6493	6487
6493	6207	6251
5465	6081	5629
6081	5465	6373
5463	6373	5465
6373	5463	6372
6151	5463	6374
5463	6151	6372
6151	6308	6150
6308	6151	6483
6289	6150	6308
6150	6289	5885
6289	5884	5885
5884	6289	6501
5884	5607	5608
5607	5884	6501
6107	6105	6104
6105	6107	5883
6502	5480	6309
5480	6502	5479
5468	6502	5467
6502	5468	5479
6502	6203	6204
6203	6502	6309
6376	6108	5480
6108	6376	5978
5871	6376	6318
6376	5871	5978
6319	5871	6318
5871	6319	5870
6377	6319	6375
6319	6377	5870
6377	5869	5870
5869	6377	6261
5867	6377	5475
6377	5867	6261
5866	5475	5476
5475	5866	5867
6260	5868	5495
5865	5495	5868
5495	5865	5494
5494	5865	6106
5707	6211	6085
6211	5707	6306
5707	6085	5706
5991	6165	6211
6106	5865	6175
6175	5865	5866
5476	6175	5866
6175	5476	6174
6109	5517	5518
5517	6109	5979
5709	6230	6093
6230	5709	5711
5709	6093	5708
6064	5945	6088
5945	6064	6086
6087	6064	6065
6064	6087	6086
5944	5458	5549
6203	5927	6205
6503	5930	5913
6503	6204	6205
6204	6503	5580
5579	6503	6273
6503	5579	5580
6502	6204	5467
5580	5467	6204
5467	5580	5466
6504	5472	6505
5472	6504	5471
5550	6504	6334
6504	5550	5471
6115	5640	5986
5986	5640	5985
5712	5641	6350
5641	5712	5713
6459	5712	6350
5712	6459	6505
6460	6505	6459
6505	6460	6504
6334	6460	5918
6460	6334	6504
5472	5712	6505
5712	5472	5497
5714	5985	5713
5641	5985	5640
5985	5641	5713
5638	5639	6056
6231	5639	6195
5639	6231	6056
6460	6213	6461
6332	6213	6110
6213	6332	6461
6332	6110	6272
6461	5917	5918
5917	6461	6332
6151	6374	6483
6484	6374	6076
6374	6484	6483
6484	6076	5758
5758	6076	5602
5601	6076	6077
6076	5601	5602
6163	5951	5745
5951	6163	6164
5951	6321	5950
6321	5951	6164
5950	6321	6322
5820	5810	6321
5810	5820	5809
5476	5477	6174
6174	5477	6152
6151	5477	6372
5477	6151	6152
6074	5745	5746
5745	6074	6163
6074	5601	6073
5601	6074	5746
6073	5601	6077
5809	6129	5808
6129	5809	5821
5808	6129	6215
5564	5950	6322
5950	5564	5565
5564	6322	6196
6322	6195	6196
6195	6322	5822
6009	5600	6238
5600	6009	5603
5648	5507	6113
5507	5648	5510
5984	6113	6114
6113	5984	5648
5593	6187	6111
6187	5593	5939
5592	6111	6112
6111	5592	5593
6237	5982	6254
5982	6237	6239
5565	6239	5747
6239	5565	5982
5527	5903	6333
5581	5903	5584
5903	5581	6333
6163	5844	5955
5844	6163	6074
6153	6081	6373
6081	6153	6078
5544	6153	6154
6153	5544	6078
5807	6195	5822
6195	5807	6231
6136	5807	6134
5807	6136	6231
5873	5719	5990
5719	5873	5721
5873	5990	5540
6212	5540	5990
5540	6212	5543
5543	6212	5496
6327	6065	6062
6065	6327	6087
6279	6087	6327
6087	6279	5660
5659	6279	6281
6279	5659	5660
5496	5493	5543
6246	6412	6422
6412	6246	5815
5623	5970	6394
5696	5546	5547
5546	5696	6143
5943	5696	5693
5696	5943	6143
5954	6233	5953
5819	6233	6084
6233	5819	5953
5581	5744	6333
5744	5581	6018
6232	5581	5582
5581	6232	6018
6232	5582	5842
5528	5742	6247
5742	5528	5529
5534	5804	5533
5804	5534	6506
6225	5804	6506
5804	6225	5586
5585	6225	6070
6225	5585	5586
5534	6507	6506
6034	6225	6506
6506	6507	6034
6033	6507	6194
6507	6033	6034
5677	6194	5957
6194	5677	6033
5584	5588	5583
5588	5584	5587
5813	5588	6508
5588	5813	5583
5841	6508	6059
6508	5841	5813
6071	5588	5585
5588	6071	6508
6059	6071	5856
6071	6059	6508
5662	6327	6063
6327	5662	5663
6240	6063	5847
6063	6240	5662
6327	6062	6063
5664	6310	5502
6310	5664	5661
6102	5502	6310
5502	6102	5501
5684	6102	6103
6102	5684	5501
5948	6509	6173
6509	5948	5849
6241	5686	5661
5686	6241	5689
5611	6323	6325
6323	5611	6218
5947	5681	5878
5681	5947	5680
6510	5617	5946
5617	6510	5616
5959	6510	6331
6510	5959	5616
6511	5687	6228
5687	6511	6103
5684	6511	5850
6511	5684	6103
5848	5684	5850
5684	5848	5685
5936	5848	5525
5848	5936	5685
5516	6262	5515
5928	6262	5994
6262	5928	5515
5928	5993	5929
5993	5928	5994
6343	5864	5763
6237	5759	6141
5794	5759	6019
5759	5794	6141
6020	5794	6019
5794	6020	5793
5605	5793	6020
5793	5605	5606
6115	6187	6114
5939	6114	6187
6114	5939	5984
5940	5984	5939
5984	5940	5983
5761	5940	6338
5940	5761	5983
5761	6338	5760
6225	5485	6070
5485	6225	5488
5676	5957	5958
5957	5676	5677
6162	5482	5462
5482	6162	5484
5901	6162	5697
6162	5901	5484
5881	6139	6188
6275	6145	5770
5938	5770	6145
5770	5938	5769
5988	6280	5835
5988	5835	5989
6031	5989	5835
5989	6031	6512
6317	6031	5503
6031	6317	6512
5899	6170	6190
6170	5899	5900
6083	5629	5962
5629	6083	5628
6083	6247	5628
6247	6083	5528
5469	5578	6256
6134	6054	6136
6054	6134	5575
5841	6283	5842
6283	5841	5642
6283	5642	6284
6128	5642	5643
5642	6128	6284
6244	5530	6513
5530	6244	5643
6172	5828	6171
5828	6172	5827
6060	6209	5531
5531	6209	5530
6148	5530	6209
5530	6148	6513
6323	5845	6325
6325	6256	6324
6256	6325	5845
6324	6256	5906
5906	5611	6324
5611	5906	5610
6241	5905	5689
5905	6241	6217
5905	6217	5612
5905	5609	5904
5609	5905	5612
6282	6284	6128
6513	6172	6244
6172	6513	5827
5827	6148	5830
6148	5827	6513
6148	6199	5830
6199	6148	5780
6279	5663	5835
6514	5989	6512
5989	6514	5737
6317	6514	6512
6514	6317	6515
6146	6515	6317
6515	6146	6147
5676	5949	5948
5949	5676	5958
5778	6210	5618
6210	5778	5779
6193	6194	6507
6193	6507	6013
6013	6507	5534
6013	5534	5535
8946	5590	5659
5659	6281	6183
6275	5449	6315
5449	6275	5456
6178	6176	5771
5770	6176	6275
6176	5770	5771
5525	5769	5936
5769	5525	5526
5483	5519	6138
6138	5519	6188
5503	6031	5502
5956	5523	5524
5523	5956	5839
5839	6193	6032
6193	5839	5956
6032	6193	5838
5645	5447	8947
5645	8947	6177
5771	5523	6178
5523	5771	5526
6178	5523	5840
6326	5906	6256
5906	6326	5492
6092	6256	5578
6256	6092	6326
5490	6244	6172
6244	5490	5981
5491	5806	5980
5753	5461	5460
5461	5753	6295
5946	6509	6510
6509	5946	6173
6509	5850	6511
5850	6509	5849
6331	6511	6228
6511	6331	6509
6509	6331	6510
5816	6272	6110
6272	5816	5817
5993	5665	5995
5995	5665	5666
5817	5818	6092
6139	5460	5454
5460	6139	5881
8942	6517	6516
6517	8942	5450
5753	5460	5756
6315	8942	6516
8942	6315	5449
5756	5460	5881
6517	5451	5736
5451	6517	5450
5452	6295	6216
6295	5452	5461
5453	8946	5735
8944	8945	5836
5549	5459	5548
5459	5549	5458
8947	6176	6177
6176	8947	5457
6515	6315	6516
6315	6515	6147
6516	6514	6515
6514	6516	6517
6517	5737	6514
5737	6517	5736
6503	5927	5930
5927	6503	6205
5913	6273	6503
6273	5913	5914
6273	5917	6272
5917	6273	5914
5558	5595	5592
6001	6271	6428
5553	5802	5803
5802	5553	5554
5485	5811	5619
5619	5811	5618
5811	5812	5618
5620	5618	6210
5856	6072	5619
6072	6070	5619
6060	5620	6209
5620	6060	5856
6518	6519	6520
6523	6521	6522
6521	6523	6524
6527	6525	6526
6525	6527	6528
6531	6529	6530
6529	6531	6532
6535	6533	6534
6533	6535	6536
6537	6538	6539
6542	6540	6541
6540	6542	6543
6546	6544	6545
6544	6546	6547
6550	6548	6549
6548	6550	6551
6553	6527	6552
6527	6553	6554
6557	6555	6556
6555	6557	6558
6559	6560	6561
6564	6562	6563
6562	6564	6565
6568	6566	6567
6566	6568	6569
6571	6573	6570
6573	6571	6572
6576	6574	6575
6574	6576	6577
6580	6578	6579
6578	6580	6581
6582	6583	6584
6585	6586	6587
6588	6589	6590
6593	6591	6592
6591	6593	6594
6597	6595	6596
6595	6597	6598
6601	6599	6600
6599	6601	6602
6601	6603	6604
6603	6601	6600
6525	6605	6526
6605	6525	6606
6609	6607	6608
6607	6609	6610
6613	6611	6612
6611	6613	6614
6617	6615	6616
6615	6617	6618
6621	6619	6620
6619	6621	6564
6624	6622	6623
6622	6624	6625
6628	6626	6627
6626	6628	6629
6630	6631	6632
6634	6521	6633
6521	6634	6635
6638	6636	6637
6636	6638	6639
6642	6640	6641
6640	6642	6643
6645	6644	9628
6644	6645	6646
6649	6647	6648
6647	6649	6650
6653	6651	6652
6651	6653	6654
6657	6655	6656
6655	6657	6658
6659	6662	6663
6659	6661	6662
6659	6660	6661
6666	6664	6665
6664	6666	6667
6668	6669	6670
6672	6668	6671
6668	6672	6669
6673	6674	6675
6677	6676	6626
6676	6677	6678
6681	6679	6680
6679	6681	6682
6684	6519	6683
6519	6684	6520
6687	6685	6686
6685	6687	6688
6691	6689	6690
6689	6691	6692
6695	6693	6694
6693	6695	6696
6697	6585	6587
6585	6697	6698
6700	6701	6699
6701	6700	9655
6565	6702	6703
6702	6565	6704
6591	6705	6592
6705	6591	6706
6709	6707	6708
6707	6709	6710
6712	6711	6659
6711	6712	6713
6714	6646	6645
6646	6714	6715
6718	6716	6717
6716	6718	6719
6720	6721	6722
6725	6723	6724
6723	6725	6726
6729	6727	6728
6727	6729	6730
6733	6731	6732
6731	6733	6734
6737	6735	6736
6735	6737	6738
6555	6739	6556
6739	6555	6740
6743	6741	6742
6741	6743	6744
6745	6746	6569
6749	6747	6748
6747	6749	6536
6750	6748	6747
6748	6750	6751
6752	9646	6754
9646	6752	6753
6757	6755	6756
6755	6757	6758
6761	6759	6760
6759	6761	6755
6764	6762	6763
6762	6764	6765
6767	6607	6766
6607	6767	6571
6770	6768	6769
6768	6770	6552
6773	6771	6772
6771	6773	6774
6775	6776	6777
6780	6778	6779
6778	6780	6781
6784	6782	6783
6782	6784	6785
6788	6786	6787
6786	6788	6789
6792	6790	6791
6790	6792	6793
6796	6794	6795
6794	6796	6797
6800	6798	6799
6798	6800	6584
6801	6802	6803
6561	6560	6804
6807	6805	6806
6805	6807	6808
6811	6809	6810
6809	6811	6812
6657	6813	6658
6813	6657	6814
6817	6815	6816
6815	6817	6818
6820	6554	6819
6554	6820	6821
6824	6822	6823
6822	6824	6723
6826	6581	6825
6581	6826	6827
6828	6829	6830
6832	6831	6594
6831	6832	6833
6835	6737	6834
6737	6835	6836
6839	6837	6838
6837	6839	6687
6840	6841	6842
6845	6843	6844
6843	6845	6846
6848	6844	6847
6844	6848	6845
6851	6849	6850
6849	6851	6852
6855	6853	6854
6853	6855	6856
6857	6858	6859
6588	6642	6860
6642	6588	6861
6862	6630	6632
6865	6863	6864
6863	6865	6866
6540	6868	6541
6868	6540	6867
6637	6869	6638
6870	6679	6682
6679	6870	6871
6872	6873	6874
6865	6875	6876
6875	6865	6877
6863	6866	6878
6879	6534	6533
6534	6879	6523
6880	6881	6882
6885	6883	6884
6883	6885	6886
6889	6887	6888
6887	6889	6890
6891	6719	6718
6893	6701	6892
6701	6893	6894
6895	6578	6896
6897	6637	6898
6799	6899	6900
6899	6799	6798
6901	6902	6903
6904	6905	6906
6909	6907	6908
6907	6909	6910
6686	6907	6910
6907	6686	6911
6912	6675	6674
6913	6568	6567
6568	6913	6914
6916	6915	6848
6915	6916	6917
6919	6819	6918
6819	6919	6920
6923	6921	6922
6921	6923	6924
6927	6925	6926
6925	6927	6928
6929	6777	6930
6931	6932	6933
6541	6733	6542
6733	6541	6934
6736	6834	6737
6834	6736	6868
6795	6935	6796
6935	6795	6936
6937	6938	6575
6941	6939	6940
6939	6941	6942
6945	6943	6944
6943	6945	6946
6949	6947	6948
6947	6949	6950
6952	6705	6951
6705	6952	6592
6953	6954	6710
6955	6956	6957
6576	6958	6577
6958	6576	6959
6960	6882	6881
6882	6960	6961
6962	6544	6547
6544	6962	6665
6632	6631	6874
6965	6963	6964
6963	6965	6966
6968	6964	6967
6964	6968	6965
6971	6969	6970
6969	6971	6972
6971	6973	6974
6973	6971	6970
6690	6975	6976
6975	6690	6977
6980	6978	6979
6978	6980	6981
6982	6821	6820
6821	6982	6730
6570	6983	6984
6983	6570	6573
6983	6985	6984
6985	6983	6986
6988	6614	6987
6614	6988	6611
6989	6990	6991
6994	6992	6993
6992	6994	6825
6996	6648	6995
6648	6996	6649
6650	6997	6613
6750	6602	6751
6602	6750	6998
6644	6999	7000
6999	6644	7001
7003	6672	7002
6672	7003	6735
6904	7004	6905
7004	6904	7005
7006	7007	6620
7010	7008	7009
7008	7010	7011
7013	6579	7012
6579	7013	7014
6668	7015	6671
7015	6668	7016
6880	6743	7017
6743	6880	6882
6811	6810	7018
6786	7019	6787
7022	7020	7021
7020	7022	7023
7024	7025	7026
7028	6843	7027
6843	7028	6844
7030	6833	7029
6833	7030	6831
7031	6915	6917
6915	7031	7032
7033	7034	7035
6545	7036	6546
7036	6545	7037
6620	7038	6621
6703	7039	7040
7039	6703	6702
7042	6770	7041
6770	7042	7043
6793	7044	6790
7044	6793	7045
7048	7046	7047
7046	7048	6775
6859	7049	6857
7049	6859	7050
6972	6721	7051
6721	6972	6971
7053	7048	7052
7048	7053	7054
7026	7055	6678
7056	7057	7058
6628	7059	7060
7059	6628	7061
7062	7063	7064
6707	7030	6829
7030	6707	6706
6813	7065	6658
7065	6813	7066
6752	6956	7067
6956	6752	6957
7069	7068	6590
7068	7069	6893
7072	7070	7071
7070	7072	7073
6904	6579	7005
6579	6904	6580
6800	7010	7074
7010	6800	6799
7077	7075	7076
7075	7077	7078
7081	7079	7080
7079	7081	7082
7085	7083	7084
7083	7085	7086
6719	7087	6557
7087	6719	6891
6699	6894	7088
6894	6699	6701
7090	6542	7089
6542	7090	6543
7093	7091	7092
7091	7093	7094
6562	6694	6563
6694	6562	6695
7095	6870	6682
6870	7095	7096
7099	7097	7098
7097	7099	7100
6936	6622	6625
6622	6936	6746
6745	6622	6746
6622	6745	6594
7102	6977	7101
6977	7102	7103
7106	7104	7105
7104	7106	7107
7108	7109	7110
6693	7111	7112
7111	6693	7113
7114	6897	6697
6897	7114	7115
7115	7116	6912
7116	7115	7114
6829	6708	6707
6708	6829	7117
7118	6903	6902
6903	7118	7119
6879	7120	7121
7120	6879	6533
6676	6627	6626
6627	6676	6846
7123	6843	7122
6843	7123	7027
6838	6782	6785
6782	6838	6837
7124	6617	6616
6617	7124	7125
7127	7126	6640
7126	7127	7128
7129	6900	6899
6900	7129	7130
7132	7131	6519
7131	7132	7133
7135	6599	7134
6599	7135	7136
7137	7135	7134
7135	7137	6810
6901	6524	7138
7139	6938	7018
7139	6575	6938
7139	6583	6575
7140	6875	6877
7141	7027	7123
7027	7141	6762
7027	6766	7028
6766	7027	6762
6715	7142	6646
7142	6715	7143
6536	6749	7144
6908	7145	7146
7145	6908	7147
6669	6735	6738
6735	6669	6672
6953	6723	6954
6723	6953	6822
6634	7148	6873
7148	6634	6633
6925	7149	6764
7149	6925	6928
7150	6778	6781
6778	7150	7151
7154	7152	7153
7152	7154	7155
6808	7156	6805
7156	6808	7157
6742	7158	7159
7158	6742	6741
6561	7160	6559
7160	6561	7161
6939	7162	7163
7162	6939	6942
7164	7035	7034
7035	7164	7165
6872	6874	6631
7166	7109	7108
7109	7166	6872
6736	6541	6868
6541	6736	6934
6792	9643	9637
9643	6792	6791
7167	6774	6773
6774	7167	7168
7169	7170	7171
6951	7172	6952
7172	6951	7173
7176	7174	7175
7174	7176	7177
6975	7178	6976
7178	6975	7179
7181	7155	7180
7155	7181	7152
6569	7182	6745
7182	6569	6568
7063	6568	7183
6568	7063	7182
7036	7184	7185
7184	7036	7037
6968	7186	7187
7186	6968	7188
6794	6797	7189
7190	6630	7191
7192	7108	7110
7108	7192	7111
7193	6538	6537
6538	7193	7194
7195	7193	7197
7193	7195	7196
7028	6607	6610
6607	7028	6766
7066	7198	7065
7198	7066	6851
7199	6851	6850
6851	7199	7198
6705	7200	6951
7200	6705	6710
6601	7000	7201
7000	6601	6604
7202	6730	6729
6730	7202	6821
7204	7203	6994
7203	7204	7205
6835	7206	6836
7209	7207	7208
7207	7209	7210
7212	6532	7211
6532	7212	6529
7213	6602	6998
7068	6893	6892
7216	7214	7215
7214	7216	7217
7218	7174	7177
7174	7218	7219
6752	6754	7220
7222	7011	7221
7011	7222	7008
7052	7025	7024
7025	7052	7223
7052	7024	7053
7224	7225	7226
6861	6958	6959
6958	6861	7227
6590	7228	6588
7228	6590	6956
6993	6740	6555
6740	6993	6992
7229	6545	6544
6545	7229	7230
6707	6705	6706
6705	6707	6710
6734	6934	7003
6934	6734	6733
7002	6734	7003
6734	7002	7231
7232	7207	7210
7207	7232	7233
6896	7234	7235
7234	6896	7236
7239	7237	7238
7237	7239	7240
6862	6632	6546
9644	7241	6714
7241	9644	6791
6812	6938	6937
6938	6812	6811
7243	6772	7242
6772	7243	7244
7245	6772	7244
6772	7245	6773
6937	6574	7246
6574	6937	6575
6955	7247	7248
7247	6955	6538
6574	7247	6538
7247	6574	6577
6681	7099	7249
7099	6681	7250
7013	7251	7252
7251	7013	7012
6563	7253	7254
7253	6563	6694
7064	7255	7062
7255	7064	7061
7256	6782	6909
6782	7256	6783
6885	6960	6881
6960	6885	6884
6670	6669	7257
6576	6583	6582
6583	6576	6575
6893	7251	6894
7251	6893	7069
7260	7258	7259
7258	7260	7019
7261	7262	7263
7031	7264	7032
6745	6832	6594
6832	6745	7264
7265	7266	6660
7267	6835	7268
7008	6875	7009
6875	7008	6876
6712	6561	6804
6561	6712	6659
6857	6830	6858
7029	7031	6917
7031	7029	6833
7046	7269	7047
7269	7046	7270
6548	6598	6597
7108	7271	7166
7271	7108	7272
6816	7075	7078
7075	6816	6815
7273	7191	7036
7273	7190	7191
6767	6762	6765
6762	6767	6766
7274	7276	6603
7276	7274	7275
7117	6829	6828
6810	6684	7018
6684	6810	7137
6666	7277	6667
7277	6666	7278
7161	6659	6663
6659	7161	6561
6896	6700	6699
6700	6896	7235
7281	7279	7280
7279	7281	7282
7283	6842	6841
6842	7283	7284
6641	6860	6642
7285	6543	7090
7258	7286	7259
7286	7258	7287
7171	6695	7169
7017	6742	7288
6742	7017	6743
7150	6777	7151
6777	7150	7289
6746	6566	6569
6566	6746	6936
6571	7290	6572
7290	6571	6767
7156	6654	6653
6654	7156	7157
6759	6805	7156
6805	6759	6755
6528	6709	6525
6709	6528	6953
7291	7111	7192
7111	7291	7112
6656	6803	6802
6803	6656	6655
6975	6977	7103
7292	7074	7010
7293	7292	7010
7292	7293	6898
7296	7294	7295
7294	7296	7217
7298	7198	7297
7198	7298	7065
7299	7298	7297
7055	7123	7122
7123	7055	7025
6716	7300	6717
7300	6716	7301
6861	7228	7227
7228	6861	6588
7247	6958	7248
6958	7247	6577
6523	7138	6524
7138	6523	6879
7121	6902	6879
6902	7121	7118
7042	7171	7043
7245	7244	7171
6659	6711	6660
7093	7302	7094
6727	7303	6728
7067	6892	6753
7246	7193	7196
7193	7246	7194
7054	6775	7048
6775	7054	6776
7016	6668	6670
7304	7184	7037
7184	7304	6698
7049	6972	7051
6972	7049	6985
6611	6988	7305
6912	7128	7127
6871	7054	7053
7054	6871	6870
7024	6871	7053
6871	7024	7306
7131	6798	7307
6798	7131	6899
6723	6824	6724
6959	6642	6861
6642	6959	6639
7055	6676	6678
6676	7055	7122
6955	6539	6538
6539	6955	6957
6623	6594	6593
6594	6623	6622
7218	7308	7219
7308	7218	7309
6999	7201	7000
7312	7310	7311
7310	7312	7313
7314	6621	7038
6621	7314	6704
6564	6704	6565
6704	6564	6621
6730	7315	6727
7315	6730	6982
7316	6524	6901
7250	7317	7318
7317	7250	7319
6959	6576	6582
6579	7014	7005
7179	6559	7178
6559	7179	6560
7180	6930	7181
6925	7320	7321
7320	6925	6764
7220	6754	7322
6571	6608	6607
6608	6571	7323
6809	7135	6810
7135	6809	7324
6801	6620	7007
6620	6801	6803
6856	7325	6853
6720	6857	7049
6722	6828	6720
6828	6722	7117
6732	6542	6733
6542	6732	7089
6960	7229	6664
7229	6960	6884
7326	6944	7154
6944	7326	6945
7327	7328	7242
7327	7242	6772
7331	7329	7330
7329	7331	7332
7331	7330	7058
7001	6646	7142
6646	7001	6644
6873	7333	7334
7278	7301	7277
7301	7278	7300
6951	7335	7173
7335	6951	7200
7336	9650	7234
9650	7336	7337
7120	6536	7144
6536	7120	6533
6760	7239	7338
7239	6760	6652
6760	6653	6652
6653	6760	6759
6950	7339	6947
7339	6950	7340
6590	7067	6956
7067	6590	7068
6891	7341	7342
7342	7341	7343
7344	7185	7184
7344	7345	7140
7345	7344	7346
7207	6941	7208
6941	7207	6942
7207	7162	6942
7162	7207	7233
6637	6897	6869
7348	7187	7347
7187	7348	7349
7186	7347	7187
7347	7186	6913
6833	7264	7031
7264	6833	6832
7299	6655	7298
6655	7299	6803
6932	7350	6784
6845	7062	7255
7062	6845	6848
7255	6846	6845
6846	7255	6627
7351	7066	6813
7066	7351	7352
6527	6554	7353
7109	6631	6630
6872	6631	7109
6900	7010	6799
7010	6900	7011
6880	6670	6881
6670	6880	7016
6881	6670	6885
6928	7290	7149
7290	6928	7033
6927	7033	6928
7033	6927	7034
7354	6701	9655
6701	7354	6892
7199	7297	7198
6817	6702	6818
6702	6817	7039
7355	6839	6838
6839	7355	7356
6838	7350	7357
7350	6838	6785
6809	7358	7324
7245	7167	6773
6966	7359	6963
7359	6966	7360
7004	6734	7231
6734	7004	6731
7361	6603	6600
6603	7361	7274
7364	7362	7363
7362	7364	7365
7366	7367	7368
6819	6553	6918
6553	6819	6554
6552	6770	6553
6669	6738	7257
7206	6835	7267
6551	7269	7270
7269	6551	7369
6813	7370	7351
7370	7371	7351
6573	7261	6983
7164	7261	7165
7261	7164	7372
7273	6863	7190
6863	7273	6864
6782	6910	6909
6910	6782	6837
7169	6695	6562
6776	6870	7096
6870	6776	7054
7036	7185	7273
7048	7223	7052
7223	7048	7047
6840	7124	7329
7124	6840	7225
7373	7158	6741
7373	6741	6716
6596	6930	7374
6596	6929	6930
6596	6595	6929
7376	7202	7375
7202	7376	7377
7203	7205	7378
7378	7336	7203
6836	6738	6737
7380	7379	6558
7379	7380	7204
7116	6587	6586
6587	7116	7114
6697	6587	7114
7382	6750	7381
6750	7382	6998
7322	7193	6537
7193	7322	7197
7058	7315	7383
6744	6882	6961
6882	6744	6743
6786	7308	7309
7308	6786	6789
7384	6878	6866
6878	7384	7385
6876	7222	7384
7222	6876	7008
7300	7386	6903
7386	7300	7278
7387	7388	6666
7386	6901	6903
7148	6632	6874
6632	7148	7389
7390	7341	6718
7129	7131	7133
7131	7129	6899
6885	7257	6886
6885	6670	7257
7267	7268	6675
7094	7391	7091
6759	7156	6653
7248	7227	7228
7227	7248	6958
6591	6594	6831
6619	6563	7254
6563	6619	6564
7067	7068	6892
6783	7392	7393
7392	6783	7256
7394	7017	7288
7017	7394	7015
6931	7021	7020
7021	6931	6933
9628	7000	7395
7000	9628	6644
7389	6546	6632
6546	7389	6547
6973	7333	7396
7332	7331	7057
6800	6582	6584
6582	6800	7397
6524	6633	6521
7398	6722	6721
6722	7398	6605
6974	6721	6971
6721	6974	7398
7399	6660	6711
6660	7399	7265
6699	6895	6896
6895	6699	7088
7036	7191	6862
7191	6630	6862
7030	6830	6829
6830	7030	7029
6997	6614	6613
6614	6997	7400
6987	7400	7401
7400	6987	6614
6649	7402	7295
7402	6649	6996
6898	7140	7345
7140	6898	7293
7350	6785	6784
6948	7226	6949
7226	6948	7224
7405	7403	7404
7403	7405	7406
6819	7407	7408
7411	7409	7410
7409	7411	7412
6978	7413	6979
7413	6978	7412
6674	6540	7126
6693	7414	7113
7414	6693	6696
6625	7415	6935
7415	6625	6624
6936	6625	6935
6993	7204	6994
7204	6993	7379
7416	6887	6890
6887	7416	6713
7416	6711	6713
6711	7416	7399
6852	7066	7352
7066	6852	6851
7417	7082	7081
7082	7417	7100
7138	6902	6901
7138	6879	6902
7342	7343	7044
7343	6790	7044
6790	7343	7241
6664	6544	6665
6544	6664	7229
7151	7095	6778
7095	7151	7096
7164	6535	7372
7369	6550	7320
6550	7369	6551
6859	7323	7050
7323	6859	6608
7418	7286	7287
7286	7418	7419
7363	7279	7282
7131	6683	6519
6683	7131	7307
7344	7140	6877
7344	6877	7185
6606	6722	6605
7257	6738	6836
7420	7020	7023
7020	7420	7421
7176	6952	7172
6952	7176	7175
6858	6917	6916
6858	7029	6917
7029	6858	6830
7113	7108	7111
7108	7113	7272
6993	6555	7379
7379	6555	6558
7422	7407	6920
6920	7423	7422
7423	6920	6919
7165	7261	6573
6758	6805	6755
6805	6758	6806
7334	6634	6873
7016	7017	7015
7017	7016	6880
7356	7424	7425
7424	7356	7426
6936	6795	6566
6645	9628	9644
6991	7427	7327
6790	7241	6791
7043	7428	6770
6811	7018	6938
7171	7243	7043
7430	6654	7429
6654	7430	6651
6953	6710	6709
7431	6932	6931
6914	7432	7183
7432	6914	7433
7109	6630	7110
6828	6830	6857
6720	6828	6857
6673	6834	6868
6985	6969	6972
6969	6985	6986
7290	7035	6572
7035	7290	7033
7434	7202	6729
7202	7434	7375
6954	7200	6710
7435	7200	6954
7200	7435	7335
7211	7436	7437
7436	7211	6532
7438	6519	6518
6519	7438	7132
7382	7213	6998
7213	7382	7439
7440	6750	6747
6750	7440	7381
6536	7440	6747
7440	6536	6535
7441	6753	6892
6753	7441	9646
6753	6752	7067
7321	6924	6923
6924	7321	7320
7439	6530	6529
6530	7439	7442
7213	6529	7212
6529	7213	7439
7213	6599	6602
6599	7213	7212
6599	7136	6600
7136	7361	6600
7361	7135	7324
7135	7361	7136
7358	7361	7324
7361	7358	7274
7144	6999	7001
6999	7144	6749
6749	6748	6999
6626	7443	6677
7443	6626	6629
7445	7286	7444
7286	7445	7446
7348	7445	7349
7445	7348	7446
7448	7348	7447
7348	7448	7446
7449	7448	7447
7448	7449	7450
7259	7446	7448
7446	7259	7286
7260	7448	7450
7448	7260	7259
7447	7347	7189
7347	7447	7348
7189	7449	7447
7449	7189	6797
7451	6797	6796
6797	7451	7449
6935	7451	6796
7451	6935	7415
6789	7451	7415
7451	6789	6788
6789	6624	7308
6624	6789	7415
7308	6623	7219
6623	7308	6624
6593	7175	7174
7175	6593	6592
6592	6952	7175
7449	6788	7450
6788	7449	7451
7260	6788	6787
6788	7260	7450
6787	7019	7260
7141	7123	7025
7369	6764	6763
6764	7369	7320
7141	7223	7269
7141	7025	7223
6913	6567	6794
6566	6794	6567
6794	6566	6795
6963	7452	7453
7452	6963	7359
7060	6967	6964
6967	7060	7059
7188	6913	7186
6913	7188	7454
7455	7059	7432
7059	7455	6967
7359	7360	7456
6964	7453	7060
7453	6964	6963
6794	7347	6913
7347	6794	7189
7264	7182	7032
7182	7264	6745
6915	7182	7063
7182	6915	7032
7062	6915	7063
6915	7062	6848
6623	7174	7219
7174	6623	6593
7458	7335	7457
7335	7458	7173
6678	7457	7459
7457	6678	7458
7172	7458	7460
7458	7172	7173
7019	7309	7461
7309	7019	6786
7460	7176	7172
7176	7460	7462
7218	7463	7464
7463	7218	7177
7309	7464	7461
7464	7309	7218
7461	7258	7019
7258	7461	7287
7464	7287	7461
7287	7464	7418
7465	7464	7463
7464	7465	7418
7462	7465	7463
7465	7462	7443
7458	6677	7460
6677	7458	6678
7463	7176	7462
7176	7463	7177
6846	7122	6843
7122	6846	6676
6591	7030	6706
7030	6591	6831
7453	6629	6628
6629	7453	7452
6627	7061	6628
7061	6627	7255
7432	7061	7064
7061	7432	7059
6629	7465	7443
7465	6629	7452
7460	7443	7462
7443	7460	6677
6628	7060	7453
7183	7064	7063
7064	7183	7432
6913	7454	7433
7419	7359	7456
7359	7419	7452
6527	7353	6528
6822	6528	7466
6528	6822	6953
7466	6823	6822
6823	7466	7467
7098	6780	6779
6780	7098	7468
6931	7469	7431
6824	7431	7469
7431	6824	6823
7470	6725	6724
6725	7470	7421
7469	6724	6824
6724	7469	7470
6726	6954	6723
7020	7421	7470
6931	7470	7469
7470	6931	7020
7151	6776	7096
6776	7151	6777
7249	6778	7095
6778	7249	6779
6681	7095	6682
7095	6681	7249
7098	7471	7468
7471	7098	7426
7082	7099	7079
7099	7082	7100
7472	6686	6685
6686	7472	6911
7473	6687	6839
6687	7473	6688
7097	7426	7098
7426	7097	7424
6910	6687	6686
6687	6910	6837
7080	6907	6911
6907	7080	7318
7098	7249	7099
7249	7098	6779
6680	7250	6681
7250	6680	7319
7474	7100	7417
7100	7474	7097
7474	7424	7097
7424	7474	7425
7471	7355	7357
7476	6679	7475
6679	7476	6680
6871	7477	7478
7479	6680	7476
6680	7479	7319
7147	7319	7479
7319	7147	7317
7023	7475	7420
7475	7023	7476
7435	7478	7477
7478	7435	7480
7022	7476	7023
7476	7022	7479
7145	7479	7022
7479	7145	7147
7435	6725	7480
6725	7435	6726
6907	7147	6908
7147	6907	7317
7482	6780	7481
6780	7482	6781
7483	6781	7482
6781	7483	7150
7481	7468	7484
7468	7481	6780
7484	7471	7357
7471	7484	7468
7484	7485	7481
7146	6909	6908
6909	7146	7256
7392	7146	7145
7146	7392	7256
6783	7393	6784
7392	7022	7021
7022	7392	7145
7392	6933	7393
6933	7392	7021
6933	6784	7393
6784	6933	6932
6932	7486	7485
7486	6932	7431
7485	7484	7350
7484	7357	7350
7485	7350	6932
7099	7250	7079
6726	7435	6954
7477	7487	7435
7459	7024	7026
7024	7459	7306
7475	6871	7478
6871	7475	6679
7480	7475	7478
7475	7480	7420
6725	7420	7480
7420	6725	7421
6606	6709	6708
6709	6606	6525
7117	6606	6708
6606	7117	6722
6842	7225	6840
7225	6842	7226
7489	7083	7488
7083	7489	7490
7489	7491	7492
7491	7489	7488
6848	6847	6916
6916	6610	6609
6610	6916	6847
6609	6858	6916
7493	7057	7494
6847	7028	6610
7028	6847	6844
7155	6691	7495
6691	7155	7154
7362	7365	6944
6692	7154	6944
7154	6692	6691
6943	7362	6944
7362	6943	7496
7084	7490	7497
7490	7084	7083
7362	7496	7363
7490	7498	7497
7498	7490	7499
7340	6946	7339
7501	6943	7500
6943	7501	7496
7363	7501	7279
7501	7363	7496
6976	6691	6690
6691	6976	7495
7502	6976	7178
6976	7502	7495
7178	6559	7502
7280	7283	7281
7283	7280	7284
7329	6841	6840
6841	7329	7332
7124	7224	7125
7224	7124	7225
7283	6841	7332
7330	7124	6616
7124	7330	7329
6615	7330	6616
7330	6615	7058
7489	7499	7490
7499	7489	7503
7489	7492	7503
7491	7488	7504
7086	7488	7083
7488	7086	7504
6727	7058	6615
7058	6727	7315
6618	6727	6615
6727	6618	7303
7058	7057	7331
7340	6943	6946
6943	7340	7500
7282	7368	7363
7364	7368	7367
7368	7364	7363
6977	6689	7101
6689	6977	6690
7283	7332	7493
7180	7374	6930
7495	7180	7155
7180	7495	7502
6944	7365	6692
7364	6692	7365
6692	7364	6689
7367	6689	7364
6689	7367	7101
7102	7367	7366
7367	7102	7101
7506	7326	7505
7326	7506	6945
7507	6945	7506
6945	7507	6946
7508	7153	7152
7153	7508	7509
7508	7181	7510
7181	7508	7152
6728	7511	7512
7511	6728	7303
7511	7507	7506
7507	7511	7513
7375	7509	7508
7509	7375	7434
7508	7510	7375
6728	7434	6729
7154	7153	7326
7509	7326	7153
7326	7509	7505
7512	7434	6728
7515	7513	7514
7513	7515	7507
7514	7516	7515
7339	7507	7515
7507	7339	6946
6947	7515	7516
7515	6947	7339
6947	7516	6948
7516	7125	7224
7517	7315	6982
7315	7517	7383
6820	7517	6982
7517	6820	7408
6820	6819	7408
7518	7282	7281
7282	7518	7368
7518	7283	7493
7283	7518	7281
7518	7366	7368
7366	7518	7494
7518	7493	7494
7375	7510	7376
6554	7202	7377
7202	6554	6821
7520	7103	7519
7103	7520	6975
7521	6975	7520
6975	7521	7179
7522	7366	7494
7366	7522	7102
7519	7102	7522
7102	7519	7103
7408	7519	7517
7519	7408	7520
7407	7520	7408
7520	7407	7521
7494	7056	7522
7517	7522	7383
7522	7517	7519
7522	7056	7383
7494	7057	7056
7058	7383	7056
6948	7516	7224
7125	7514	6617
7513	6617	7514
6617	7513	6618
7303	7513	7511
7513	7303	6618
7516	7514	7125
7434	7505	7509
7505	7434	7512
7511	7505	7512
7505	7511	7506
7498	7280	7279
7280	7498	7499
7492	7226	6842
7226	7492	7491
6950	7504	7086
7504	6950	6949
7284	7499	7503
7499	7284	7280
7226	7504	6949
7504	7226	7491
7500	7085	7084
7085	7500	7340
7501	7084	7497
7084	7501	7500
7279	7497	7498
7497	7279	7501
7492	7284	7503
7284	7492	6842
7086	7340	6950
7340	7086	7085
7523	7150	7483
7150	7523	7289
7467	7483	6823
7483	7467	7523
7376	7466	7377
7466	7376	7467
7510	7289	7523
7289	7510	7181
7376	7523	7467
7523	7376	7510
7377	7466	7353
6777	7181	6930
7181	6777	7289
7377	7353	6554
7466	6528	7353
6965	7445	6966
7445	6965	7349
7187	6965	6968
6965	7187	7349
6967	7188	6968
7188	6967	7455
6966	7444	7360
7444	6966	7445
7433	6914	6913
7454	7188	7455
7360	7286	7456
7286	7360	7444
7433	7455	7432
7455	7433	7454
7419	7456	7286
6568	6914	7183
7418	7452	7419
7452	7418	7465
7080	7472	7081
7472	7080	6911
7471	7356	7355
7356	7471	7426
7472	7417	7081
7417	7472	6685
7473	7356	7425
7356	7473	6839
7079	7318	7080
7318	7079	7250
7417	6688	7474
6688	7417	6685
7474	7473	7425
7473	7474	6688
7318	7317	6907
7357	7355	6838
7481	7486	7482
7486	7481	7485
7431	6823	7486
7483	7486	6823
7486	7483	7482
7272	7414	7524
7414	7272	7113
7525	7272	7524
7272	7525	7271
7526	7525	6974
6712	6887	6713
6887	6712	7411
7412	6712	6804
6712	7412	7411
6560	7412	6804
7412	6560	7413
7457	7306	7459
7306	7457	7487
7457	7435	7487
7435	7457	7335
7026	7025	7055
7412	6978	7409
6978	6981	7409
7527	7409	6981
7409	7527	7410
7529	6981	7528
6981	7529	7527
7106	7530	7107
7530	7106	7531
7530	7532	7533
7532	7530	7531
7302	7093	7527
7534	7527	7093
7527	7534	7410
7092	6888	7534
6888	6887	7534
7534	7411	7410
7411	7534	6887
7092	6889	6888
6889	7092	7091
7534	7093	7092
7535	6654	7157
6654	7535	7429
6808	7535	7157
7535	6808	7536
6807	7536	6808
7536	6807	7537
6761	6756	6755
7302	7529	6757
7529	7302	7527
7094	6757	6756
6757	7094	7302
6761	7094	6756
7094	6761	7391
6560	7179	7413
7238	7338	7239
7338	7238	7538
7540	6919	7539
6919	7540	7423
6918	7539	6919
7539	6918	7428
6553	7428	6918
7428	6553	6770
7163	6549	6548
6549	7163	7162
7160	6548	6597
6548	7160	7163
6597	6559	7160
6559	6597	6596
6596	7374	6559
6559	7180	7502
7180	6559	7374
7543	7541	7542
7541	7543	7537
7544	7413	7521
7413	7544	6979
7544	6980	6979
6980	7544	7545
7429	7542	7430
7542	7429	7543
7546	7521	7407
7521	7546	7544
7547	7544	7546
7544	7547	7545
7238	7540	7538
7540	7238	7423
7238	7422	7423
7422	7238	7237
7161	6940	6939
6940	7161	6663
7370	7548	7371
7548	7370	7549
7549	6813	6814
6813	7549	7370
7240	6652	6651
6652	7240	7239
7547	6651	7430
6651	7547	7240
7430	7542	7547
7237	7547	7546
7547	7237	7240
7546	7422	7237
7422	7546	7407
7551	7416	7550
7416	7551	7552
7554	6889	7553
6889	7554	6890
7553	7091	7555
7091	7553	6889
6761	7556	7391
7556	6761	6760
7550	6890	7554
6890	7550	7416
7555	7391	7556
7391	7555	7091
7043	7550	7428
7550	7043	7551
7539	7553	7540
7553	7539	7554
7540	7555	7538
7555	7540	7553
7556	6760	7338
7428	7554	7539
7554	7428	7550
7538	7556	7338
7556	7538	7555
7541	6981	6980
6981	7541	7528
7545	7541	6980
7541	7545	7542
7545	7547	7542
7532	6757	7533
6757	7532	6758
7531	6758	7532
6758	7531	6806
7106	6806	7531
6806	7106	6807
7105	6807	7106
6807	7105	7537
7104	7537	7105
7537	7104	7541
7107	7541	7104
7541	7107	7528
7530	7528	7107
7528	7530	7529
7533	7529	7530
7529	7533	6757
7413	7179	7521
7294	7405	7404
6997	7294	7404
7294	6997	6650
7404	7400	6997
6854	7312	6855
7312	6854	7313
7406	7217	7216
7217	7406	7405
7405	7294	7217
7543	7536	7537
7535	7543	7429
7543	7535	7536
7558	7557	7311
7557	7558	7559
7243	7559	7043
7559	7243	7557
7560	6856	6855
6856	7560	7561
7561	7427	6991
7427	7561	7560
7560	7328	7427
7328	7560	7562
6855	7562	7560
7562	6855	7312
7563	6856	7561
6856	7563	7325
6990	7561	6991
7561	6990	7563
7557	7328	7562
7328	7557	7242
7312	7557	7562
7557	7312	7311
7328	7327	7427
7305	6771	6774
6771	7305	6989
6611	6774	6612
6774	6611	7305
7171	7244	7243
6772	6771	7327
6989	7327	6771
7327	6989	6991
6990	7305	6988
7305	6990	6989
6987	6990	6988
6990	6987	7563
7401	7563	6987
7563	7401	7325
7564	7071	7070
7071	7564	7565
6854	7403	7406
7403	6854	6853
7216	6854	7406
6854	7216	7313
7215	7313	7216
7313	7215	7310
7076	7266	7077
7266	7076	6660
6852	6661	6849
6661	6852	6662
6852	7566	6662
7566	6852	7352
7352	7351	7566
6816	7295	7402
7295	6816	7296
7078	7296	6816
7296	7078	7214
7215	7078	7077
7078	7215	7214
7310	7077	7266
7077	7310	7215
7265	7310	7266
7310	7265	7311
7557	7243	7242
7314	6815	6818
6815	7314	7297
6702	7314	6818
7314	6702	6704
7552	7559	7558
7559	7552	7551
7559	7551	7043
7071	7400	7072
7400	7071	7401
7565	7401	7071
7401	7565	7325
7564	7325	7565
7325	7564	6853
7070	6853	7564
6853	7070	7403
7073	7403	7070
7403	7073	7404
7072	7404	7073
7404	7072	7400
7217	7296	7214
6649	7294	6650
7294	6649	7295
6612	6647	6613
6647	6612	7168
6612	6774	7168
7416	7552	7399
7558	7399	7552
7399	7558	7265
7558	7311	7265
6520	7137	7437
7137	6520	6684
6518	7437	7436
7437	6518	6520
7209	6518	7436
6518	7209	7438
7209	7371	7548
7371	7209	7208
7351	7208	6941
7208	7351	7371
7351	6940	7566
6940	7351	6941
6940	6662	7566
6662	6940	6663
7163	7161	6939
7161	7163	7160
7567	6535	6534
6535	7567	7372
6523	7567	6534
7567	6523	6522
7567	7261	7372
7261	7567	7262
7440	7164	7034
7164	7440	6535
6927	7440	7034
7440	6927	7381
7382	6927	6926
6927	7382	7381
7442	7382	6926
7382	7442	7439
7442	6925	7321
6925	7442	6926
6923	7442	7321
7442	6923	6530
6922	6530	6923
6530	6922	6531
7320	6550	6924
6921	6550	6549
6550	6921	6924
6549	7162	6921
6763	7269	7369
7269	6763	7141
6763	6762	7141
7047	7269	7223
7162	7233	6921
7233	6922	6921
6531	7233	7232
7233	6531	6922
7165	6572	7035
6572	7165	6573
6765	7290	6767
7290	6765	7149
6765	6764	7149
7120	7001	7142
7001	7120	7144
7143	7120	7142
7120	7143	7121
7000	6604	7395
7261	7263	6983
7568	6969	6986
7568	7262	6635
7262	7568	7263
6634	7568	6635
7568	6634	7334
7567	6522	7262
6635	6522	6521
6522	6635	7262
7569	6527	6526
6527	7569	7570
6605	7569	6526
7569	6605	7398
7171	7042	6695
7042	7041	6695
6768	6696	6769
6696	6768	7414
7524	6768	7570
6768	7524	7414
7525	7570	7569
7570	7525	7524
7398	7525	7569
7525	7398	6974
6527	6768	6552
6768	6527	7570
6770	6769	7041
6696	7041	6769
7041	6696	6695
6693	7112	6694
7291	6694	7112
6694	7291	7253
7525	7526	7271
7396	7271	7526
7271	7396	7166
7396	7333	7166
7526	6973	7396
6973	7526	6974
7209	7548	7438
7549	7438	7548
7438	7549	7132
7549	6814	7132
6814	6657	7132
6656	7132	6657
7132	6656	7133
7221	7007	7222
7007	7221	6801
7007	7384	7222
7384	7007	7006
7006	7385	7384
6876	6866	6865
6866	6876	7384
6531	7232	6532
7232	7210	6532
7209	6532	7210
6532	7209	7436
7130	6801	7221
6801	7130	6802
7130	6656	6802
6656	7130	7129
7129	7133	6656
6865	7185	6877
7185	6865	6864
6864	7273	7185
6619	7006	6620
7006	6619	7385
6619	7254	7385
7385	7253	6878
7253	7385	7254
7065	6655	6658
6655	7065	7298
6703	6562	6565
6562	6703	7169
7040	7169	6703
7169	7040	7170
6648	7245	6995
7245	6648	7167
6647	7167	6648
7167	6647	7168
7297	7038	7299
7038	7297	7314
6620	7299	7038
7299	6620	6803
6582	7397	6959
6636	6959	7397
6959	6636	6639
7221	6900	7130
6900	7221	7011
7211	7137	7134
7137	7211	7437
6599	7211	7134
7211	6599	7212
6863	7253	7291
7253	6863	6878
7192	6863	7291
6863	7192	7190
6929	6775	6777
6775	6929	7046
6929	6595	7046
7270	6595	6598
6595	7270	7046
6598	6551	7270
7390	7121	7143
7121	7390	7118
7341	7143	6715
7143	7341	7390
6714	7341	6715
7341	6714	7343
6551	6598	6548
7306	7477	6871
7477	7306	7487
6678	7459	7026
6751	6601	7201
6601	6751	6602
6999	6751	7201
6751	6999	6748
7010	7009	7293
6875	7293	7009
7293	6875	7140
6636	6800	7074
6800	6636	7397
7292	6636	7074
6636	7292	6637
7292	6898	6637
6583	6798	6584
6798	6583	7307
6589	6860	7571
6860	6589	6588
7285	6860	6641
6860	7285	7571
6640	7285	6641
7285	6640	7126
6589	7571	7572
7090	7571	7285
7571	7090	7572
7089	7572	7090
7572	7089	7252
6732	7252	7089
7252	6732	7013
6639	6643	6642
6643	6639	6638
6869	6643	6638
6643	6869	7573
6897	7573	6869
7573	6897	7115
7127	6643	7573
6643	7127	6640
7115	7127	7573
7127	7115	6912
6717	7390	6718
7390	6717	7119
7300	7119	6717
7119	7300	6903
7390	7119	7118
6719	7373	6716
7373	6719	6557
7158	6557	6556
6557	7158	7373
6739	7158	6556
7158	6739	7159
7004	7574	6905
7574	7004	7231
7301	6741	6744
6741	7301	6716
6666	7386	7278
7386	6666	7388
7003	6736	6735
6736	7003	6934
7575	6672	6671
6672	7575	7002
7015	7575	6671
7575	7015	7394
7576	6742	7159
6742	7576	7288
6739	7576	7159
7576	6739	6906
6904	6739	6740
6739	6904	6906
6992	6904	6740
6904	6992	6580
6571	6570	7323
6984	7323	6570
7323	6984	7050
6984	7049	7050
7049	6984	6985
7407	6819	6920
7297	7199	6815
6850	6815	7199
6815	6850	7075
7076	6850	6849
6850	7076	7075
6660	6849	6661
6849	6660	7076
7171	7170	7245
6995	7170	7040
7170	6995	7245
6996	7040	7039
7040	6996	6995
6817	6996	7039
6996	6817	7402
6817	6816	7402
7285	6540	6543
6540	7285	7126
6731	7013	6732
7013	6731	7014
7220	6537	6539
6537	7220	7322
6957	7220	6539
7220	6957	6752
6937	7246	7196
7336	6826	7203
6994	6826	6825
6826	6994	7203
7044	6891	7342
7044	7045	6891
7087	7045	7577
7045	7087	6891
7380	7087	7577
7087	7380	6558
6955	7228	6956
7228	6955	7248
7139	6684	6683
6684	7139	7018
7139	7307	6583
7307	7139	6683
6524	7316	6633
7190	7110	6630
7110	7190	7192
6897	7345	6697
7345	6897	6898
7345	7346	6697
7184	6697	7346
6697	7184	6698
7304	6585	6698
6585	7304	7578
7230	6884	6883
6884	7230	7229
7116	6586	7267
6586	6585	7267
7206	6585	7578
6585	7206	7267
7386	7388	6901
7388	7316	6901
7316	7388	7387
7387	6962	7316
6962	6666	6665
6666	6962	7387
7301	6961	7277
6961	7301	6744
6961	6667	7277
6961	6664	6667
6664	6961	6960
7344	7184	7346
7578	7230	6883
7230	7578	7304
6883	7206	7578
7206	6883	6886
7206	7257	6836
7257	7206	6886
7341	6891	6718
7579	7045	6793
7045	7579	7577
7380	7579	7580
7579	7380	7577
7204	7580	7205
7580	7204	7380
6731	7005	7014
7005	6731	7004
6834	7268	6835
7268	6834	6673
7251	7572	7252
7251	7069	7572
7069	6589	7572
7069	6590	6589
9644	6714	6645
6714	7241	7343
7336	9631	7337
9631	7336	7378
7236	6827	7234
6826	7234	6827
7234	6826	7336
6580	6825	6581
6825	6580	6992
6538	7194	6574
7194	7246	6574
6558	6557	7087
7012	6578	6895
6578	7012	6579
6895	7251	7012
7251	6895	7088
7088	6894	7251
6700	7581	9655
6700	7235	7581
6827	6578	6581
6578	6827	7236
7236	6896	6578
7389	6962	6547
6962	7389	7316
7148	7316	7389
7316	7148	6633
6545	7304	7037
7304	6545	7230
6546	7036	6862
6809	7582	7358
7582	6809	9656
7002	7574	7231
7574	7002	7575
7574	6906	6905
6906	7574	7576
7394	7576	7574
7576	7394	7288
7574	7575	7394
6872	7333	6873
7333	6872	7166
7049	7051	6720
7051	6721	6720
6873	7148	6874
7196	9656	6937
9656	7196	7195
9632	7584	7585
7584	9632	7583
6809	6812	9656
7378	9632	9631
9632	7378	7583
6812	6937	9656
7584	9637	7585
9637	7584	6792
7275	7358	7582
7358	7275	7274
9643	6791	9644
7441	6892	7354
6604	7276	7395
7276	6604	6603
7581	7234	9650
7234	7581	7235
7580	7378	7205
7378	7580	7583
7583	7579	7584
7579	7583	7580
7584	6793	6792
6793	7584	7579
7568	6983	7263
6983	7568	6986
6969	7334	6970
7334	6969	7568
7334	6973	6970
6973	7334	7333
6613	6647	6650
7057	7493	7332
6608	6858	6609
6858	6608	6859
6540	6674	6867
6674	6673	6867
6867	6673	6868
6675	7268	6673
6912	6674	7128
7128	6674	7126
7116	6675	6912
6675	7116	7267
1	5031	5017
5031	1	2
5	3	6
3	5	4
5	5018	7
5018	5	8
9	11	10
11	9	12
13	5	6
5	13	8
1	13	9
13	1	8
9	2	1
2	9	10
16	14	17
14	16	15
18	20	19
20	18	21
14	4	17
4	14	3
24	22	25
22	24	23
25	27	26
27	25	22
27	4975	4671
4975	27	22
15	23	24
23	15	16
4832	23	16
23	4832	4833
6	28	13
28	9	13
9	28	29
32	30	33
30	32	31
36	34	37
34	36	35
40	38	41
38	40	39
44	42	45
42	44	43
48	46	49
46	48	47
52	50	53
50	52	51
56	54	57
54	56	55
60	58	61
58	60	59
62	785	1102
785	62	63
66	64	67
64	66	65
70	68	71
68	70	69
72	74	73
77	75	78
75	77	76
79	81	80
84	82	85
82	84	83
88	86	89
86	88	87
90	92	91
95	93	31
93	95	94
98	96	99
96	98	97
102	100	103
100	102	101
106	104	107
104	106	105
59	108	109
108	59	60
7902	111	110
114	112	115
112	114	113
116	118	117
120	122	121
122	120	119
125	123	126
123	125	124
129	127	130
127	129	128
133	131	134
131	133	132
135	137	136
137	135	138
141	139	142
139	141	140
145	143	146
143	145	144
149	147	150
147	149	148
152	58	153
58	152	151
156	154	157
154	156	155
160	158	161
158	160	159
164	162	165
162	164	163
166	7904	7903
7904	166	167
169	123	170
123	169	168
173	171	174
171	173	172
177	175	178
175	177	176
181	179	182
179	181	180
185	183	186
183	185	184
189	187	190
187	189	188
28	191	29
191	28	192
193	195	194
195	193	196
197	199	198
80	200	79
200	80	201
202	204	203
122	205	207
205	122	206
208	210	209
213	211	214
211	213	212
217	215	180
215	217	216
219	221	220
221	219	218
224	222	225
222	224	223
228	226	229
226	228	227
232	230	233
230	232	231
236	234	237
234	236	235
240	238	241
238	240	239
244	242	245
242	244	243
246	248	247
251	249	252
249	251	250
255	253	256
253	255	254
259	257	260
257	259	258
263	261	264
261	263	262
267	265	268
265	267	266
271	269	272
269	271	270
3	274	273
162	275	165
275	162	276
72	57	54
279	277	280
277	279	278
281	283	282
286	284	287
284	286	285
204	288	203
288	204	289
292	290	293
290	292	291
296	294	297
294	296	295
300	298	301
298	300	299
304	302	305
302	304	303
307	160	161
160	307	306
308	47	309
47	308	46
310	312	311
313	315	314
315	313	316
319	317	320
317	319	318
173	321	322
321	173	174
323	325	324
328	326	329
326	328	327
330	332	331
333	30	334
30	333	33
337	335	338
335	337	336
339	192	340
192	339	191
343	341	344
341	343	342
347	345	348
345	347	346
244	349	351
349	244	350
354	352	355
352	354	353
356	358	357
361	359	362
359	361	360
365	363	366
363	365	364
367	369	368
372	370	373
370	372	371
376	374	377
374	376	375
378	65	66
200	379	79
380	278	381
278	380	277
242	382	245
382	242	383
386	384	334
384	386	385
389	387	390
387	389	388
391	393	392
331	394	395
394	331	332
11	396	147
397	399	398
399	397	400
403	401	404
401	403	402
108	405	109
405	108	406
409	407	410
407	409	408
412	134	413
134	412	411
414	294	415
294	414	297
418	416	419
416	418	417
52	420	51
420	52	421
423	422	424
422	423	202
202	425	204
426	150	427
150	426	149
428	427	7905
427	428	426
431	429	432
429	431	430
433	12	29
434	435	173
436	94	95
439	437	440
437	439	438
441	74	442
74	441	73
440	443	439
443	440	444
443	445	447
445	443	446
450	448	451
448	450	449
454	452	455
452	454	453
458	456	459
456	458	457
462	460	463
460	462	461
466	464	323
464	466	465
391	392	467
468	470	469
463	471	472
471	463	460
475	473	476
473	475	474
479	477	480
477	479	478
483	481	484
481	483	482
139	485	142
488	486	489
486	488	487
207	491	490
491	207	492
217	493	216
496	494	497
494	496	495
498	303	304
178	499	24
501	500	502
500	501	499
397	503	400
504	506	505
508	211	212
211	508	507
509	511	510
512	514	513
516	515	517
515	516	292
378	288	65
288	378	203
518	520	519
522	521	523
521	522	518
525	510	526
510	525	524
527	282	528
282	527	281
530	241	238
241	530	529
533	531	534
531	533	532
338	444	440
444	338	535
536	296	537
296	536	295
312	538	311
538	312	539
540	542	541
544	229	226
229	544	543
547	545	548
545	547	546
551	549	552
549	551	550
7906	553	7907
556	554	557
554	556	555
560	558	561
558	560	559
564	562	565
562	564	563
369	372	566
372	369	371
566	372	567
568	570	569
516	291	292
363	279	571
279	363	278
574	572	575
572	574	573
577	145	578
145	577	576
387	227	228
227	387	388
581	579	434
579	581	580
583	322	321
322	583	582
584	586	585
588	587	320
587	588	67
340	589	590
589	340	192
591	362	592
362	591	361
348	158	593
158	348	161
314	282	283
595	523	521
523	595	594
598	596	599
596	598	597
198	600	601
600	198	199
604	602	605
602	604	603
602	188	189
606	382	607
382	606	245
609	608	610
608	609	398
612	610	608
610	612	611
218	138	613
616	614	617
614	616	615
98	445	97
445	98	618
621	619	622
619	621	620
349	623	625
623	349	624
626	628	627
346	629	85
629	346	347
585	257	487
632	630	633
630	632	631
634	356	635
356	634	358
583	318	636
318	583	321
637	639	638
641	270	642
270	641	640
483	643	644
643	483	484
645	204	646
204	645	289
649	647	650
647	649	648
373	370	405
651	653	652
652	654	656
654	652	655
657	169	658
169	657	168
168	659	394
662	660	663
660	662	661
330	664	332
664	330	665
666	7908	667
7908	666	668
671	669	247
669	671	670
674	672	675
672	674	673
95	32	141
32	95	31
164	676	163
676	164	677
485	678	142
678	485	679
678	436	142
436	678	680
502	681	682
681	502	500
683	685	684
685	683	686
687	268	265
268	687	631
343	688	689
688	343	344
70	690	691
690	70	71
692	695	694
698	696	699
696	698	697
225	700	224
700	225	701
132	702	703
702	132	133
704	191	339
441	705	706
705	441	442
709	707	710
707	709	708
465	711	464
714	712	715
712	714	713
718	716	719
716	718	717
273	720	3
611	407	82
407	611	721
723	448	449
448	723	722
512	724	514
725	727	726
728	301	368
729	301	298
301	729	367
732	730	733
730	732	731
12	433	525
734	210	735
210	734	209
736	550	551
6	105	106
738	638	739
638	738	737
740	470	741
740	469	470
740	742	469
745	743	746
743	745	744
749	747	587
747	749	748
750	106	107
106	750	590
104	108	107
108	104	406
256	26	751
256	25	26
256	253	25
102	752	101
752	102	753
644	754	483
754	644	755
317	171	756
171	317	174
161	345	307
345	161	348
169	757	758
757	169	170
761	759	762
759	761	760
293	764	763
205	492	207
492	205	459
765	204	425
767	240	241
240	767	766
251	401	768
401	251	404
769	703	770
703	769	132
771	281	527
540	772	774
772	540	773
775	777	776
522	520	518
778	779	160
314	521	313
521	314	595
358	780	781
780	358	634
145	781	780
783	782	784
782	783	41
785	787	786
276	788	275
791	789	662
789	791	790
792	793	749
372	794	795
794	372	373
797	330	331
330	797	796
391	797	393
797	391	232
133	134	798
247	248	133
396	12	117
12	396	11
799	801	800
803	712	713
712	803	802
510	804	509
804	510	524
571	366	363
807	805	808
805	807	806
408	85	82
85	408	346
390	810	809
810	390	387
648	811	647
811	648	812
517	230	231
230	517	515
723	416	814
416	723	813
815	255	816
255	815	254
224	817	223
817	224	198
818	737	819
737	818	638
355	820	821
820	355	352
824	822	825
822	824	823
828	826	786
826	828	827
831	829	832
829	831	830
830	833	834
833	830	831
6	589	28
589	6	106
837	835	838
835	837	836
841	839	788
839	841	840
203	422	202
422	203	378
570	843	842
843	793	842
793	843	844
362	845	592
845	362	682
846	573	847
573	846	572
438	849	848
849	438	439
850	218	613
218	850	221
67	64	290
852	851	853
851	852	187
855	164	165
164	855	854
514	856	513
856	514	857
860	858	861
858	860	859
862	360	863
360	862	359
453	864	866
864	453	865
828	72	827
72	828	57
868	79	379
79	868	867
869	871	870
854	873	872
724	772	874
795	720	273
720	795	794
499	501	24
142	95	141
95	142	436
875	876	148
879	877	880
877	879	878
872	881	882
881	872	873
173	435	172
885	883	886
883	885	884
889	887	890
887	889	888
461	891	892
891	461	462
893	756	171
756	893	66
274	14	894
14	274	3
624	350	895
350	624	349
516	842	291
842	516	896
659	657	468
897	898	61
169	899	658
899	169	758
900	227	413
227	900	226
901	902	414
902	901	903
653	655	652
345	408	409
408	345	346
386	383	905
383	386	904
85	458	84
458	85	629
401	907	906
907	401	402
235	338	335
338	235	535
909	478	910
478	909	908
527	7911	7910
7911	527	528
566	567	911
707	342	710
342	707	341
326	912	913
912	326	327
206	610	83
610	206	609
652	870	914
870	652	656
916	532	533
532	916	915
7912	785	63
785	7912	787
918	917	919
917	918	103
214	920	213
920	214	921
816	923	922
923	816	255
750	108	60
108	750	107
924	102	925
102	924	753
493	115	216
545	639	637
388	926	412
926	388	389
928	389	929
389	928	927
754	930	931
930	754	755
798	671	247
7907	692	7909
692	7907	553
847	728	571
728	847	932
394	664	564
664	394	332
935	933	936
933	935	934
934	937	933
937	934	938
941	939	942
939	941	940
701	225	943
123	394	126
394	123	168
819	554	555
554	819	944
947	945	948
945	947	946
950	911	567
911	950	949
832	951	831
951	832	952
529	953	954
953	529	530
956	767	957
767	956	955
910	958	959
958	910	478
478	960	958
960	478	479
963	961	964
961	963	962
966	965	967
965	966	875
970	968	971
968	970	969
318	154	636
318	157	154
318	319	157
972	7906	973
7906	972	974
61	898	60
975	750	60
446	535	976
535	446	444
688	978	977
978	688	344
979	55	56
368	301	367
257	486	487
486	257	258
620	980	619
980	620	741
982	884	885
884	982	981
364	278	363
278	364	381
985	983	986
983	985	984
987	604	605
257	988	260
988	257	585
696	461	989
461	696	460
437	338	440
338	437	337
384	333	334
333	384	991
53	992	993
992	53	50
994	232	391
232	994	231
406	794	373
794	406	104
997	995	998
995	997	996
999	1001	1000
342	1002	1003
1002	342	343
1005	546	547
546	1005	1004
787	509	786
509	787	511
305	1006	1007
1006	305	302
595	774	594
1010	1008	1011
1008	1010	1009
552	208	1013
208	552	1012
511	7914	1354
7914	511	7913
199	538	539
538	199	197
952	1014	7915
1014	952	832
1015	345	409
345	1015	307
80	64	201
290	792	749
616	155	156
155	616	617
1016	180	1017
180	1016	217
71	1018	1019
1018	71	68
849	1020	848
453	1021	865
1021	453	454
1022	809	1023
809	1022	390
399	1024	1026
1024	399	1025
1027	199	539
199	1027	87
339	705	704
705	339	1028
434	1029	435
1029	434	579
885	1030	1031
1030	885	886
645	630	1032
630	645	646
61	151	897
151	61	58
1033	231	994
231	1033	517
642	1034	641
1034	642	1035
601	817	198
1037	267	268
267	1037	1036
372	795	567
1040	1038	1041
1038	1040	1039
466	242	243
242	466	1042
1045	1043	1046
1043	1045	1044
896	570	842
570	896	1047
1048	96	7916
622	623	621
623	622	625
1050	737	738
737	1050	1049
336	839	840
839	336	337
1051	476	1052
476	1051	475
416	417	1053
177	24	25
24	177	178
378	66	893
230	515	1054
310	1055	1056
1055	310	425
275	839	1057
839	275	788
225	548	943
548	225	222
631	1032	630
1032	631	687
951	179	1058
525	56	524
56	525	433
1060	213	920
213	1060	1059
44	45	1061
497	1062	496
741	1064	1063
1037	631	632
631	1037	268
896	517	1033
517	896	516
1067	1065	1068
1065	1067	1066
852	915	1070
915	852	1069
28	589	192
41	557	554
557	41	783
1071	1073	1072
1073	1071	1074
621	1043	1075
1043	621	623
1076	175	176
306	1015	534
1015	306	307
1077	849	1078
849	1077	1020
1080	736	551
736	1080	1079
111	179	110
179	111	182
384	69	70
69	384	385
648	649	730
847	300	932
300	847	573
430	1081	1082
1081	430	653
317	321	174
321	317	318
970	1083	969
1083	970	1084
566	1085	369
1085	566	911
1088	1086	1089
1086	1088	1087
588	66	67
1091	935	936
935	1091	1090
711	1092	464
1092	711	1093
705	975	706
975	705	1028
208	738	1013
738	208	1050
1094	748	1095
396	150	147
150	396	1096
216	1097	215
1097	216	1098
1100	1026	1024
1026	1100	1099
855	275	1057
275	855	165
189	1101	605
1101	189	190
826	785	786
785	826	1102
1079	1004	736
1004	1079	546
1103	1105	1104
1105	1103	1106
815	176	254
176	815	1107
15	501	862
501	15	24
1045	1108	1044
1108	1045	1109
488	884	981
884	488	489
1111	431	432
431	1111	1110
454	1112	1021
1112	454	1113
1109	1114	1108
1114	1109	1115
892	1116	1118
1116	892	1117
533	534	1015
75	856	78
856	75	1119
310	765	425
1085	911	1120
1122	246	669
246	1122	1121
474	1123	324
1123	474	475
1123	323	324
323	1123	1124
323	1042	466
1042	323	1124
1125	1051	1052
1051	1125	1018
1051	68	1126
68	1051	1018
69	1126	68
1126	69	1127
1127	385	1128
385	1127	69
385	905	1128
905	385	386
132	1129	131
1129	132	769
252	404	251
404	252	1130
252	1131	1130
1131	252	1132
602	1133	1134
1133	602	603
134	900	413
900	134	131
798	247	133
711	1135	1093
1135	711	1136
852	853	578
577	474	1137
474	577	473
243	465	466
465	243	1138
1138	244	351
244	1138	243
606	350	245
691	1139	1141
1139	691	1140
334	904	386
904	334	30
691	384	70
384	691	991
249	1132	252
1134	1142	1143
1142	1134	1133
1134	1144	1145
1144	1134	1143
1129	249	1146
249	1129	1142
1143	1129	769
1129	1143	1142
769	1144	1143
1144	769	770
1149	1147	1019
1147	1149	1148
1150	390	1022
390	1150	929
1150	928	929
928	100	101
100	928	1150
101	1151	928
1151	101	752
928	1152	927
1152	928	1151
1153	1154	926
112	1155	1156
1155	112	113
1157	1159	1158
1161	1157	1158
1157	1161	1160
1113	455	1162
455	1113	454
890	182	889
182	890	181
1163	182	111
182	1163	889
1058	1164	951
1083	1160	969
1160	1083	1157
1159	1155	113
1165	113	114
113	1165	1159
114	493	1165
493	217	1166
217	1016	1167
1168	888	1169
888	1168	887
1170	1172	1171
1174	941	942
941	1174	1173
1175	982	1176
982	1175	981
1175	1177	1178
1177	1175	1176
1175	1179	584
1179	1175	1178
1178	1180	1179
1180	1178	1181
870	824	869
824	870	656
824	654	1182
654	824	656
1183	1111	1184
1111	1183	1110
189	605	602
725	1185	727
1186	1052	476
1051	1126	475
475	1127	1123
1127	475	1126
1123	1128	1124
1128	1123	1127
1124	905	1042
905	1124	1128
1042	383	242
383	1042	905
914	651	652
1189	1187	1190
1187	1189	1188
420	1191	1192
1191	420	421
140	32	1193
32	140	141
1184	32	33
32	1184	1193
179	952	110
952	179	951
919	1195	1194
1195	919	917
929	389	390
900	1129	1146
1129	900	131
1196	50	1197
50	1196	992
50	1198	1197
410	721	1199
721	410	407
1200	604	987
604	1200	1185
987	1201	1200
1099	1202	1203
1202	1099	1100
968	1204	670
1204	968	1205
1204	1207	1206
1146	250	544
250	1146	249
900	544	226
544	900	1146
1200	727	1185
727	1200	1202
726	1202	1100
1202	726	727
403	1100	1024
1100	403	726
403	1025	402
1025	403	1024
402	1208	907
1208	402	1025
612	1099	1203
1099	612	608
1099	608	1026
1209	452	1210
452	1209	455
1161	1211	1213
1211	1161	1212
1215	1213	1211
1213	1215	1214
1214	1216	1213
1216	1214	1217
1217	1207	1216
1219	1209	1210
1209	1219	1218
96	7917	1220
7917	96	537
297	1221	666
537	7908	7917
7908	537	667
536	96	97
96	536	537
976	235	236
235	976	535
733	1222	732
234	1223	237
1223	234	1224
1181	1177	335
1177	1181	1178
541	773	540
415	1225	1227
1225	415	1226
1228	415	294
415	1228	1226
1175	488	981
488	1175	584
678	258	680
258	678	486
584	487	488
487	584	585
508	1229	507
1229	508	1115
1229	663	507
663	1229	1230
1230	662	663
662	1230	791
1232	1231	1233
1231	1232	708
1236	1234	1237
1234	1236	1235
707	708	1232
186	596	597
596	186	183
779	159	160
159	779	1238
1240	143	144
143	1240	1239
532	143	531
143	532	146
915	146	532
146	915	1069
1101	1070	1241
1070	1101	190
190	852	1070
852	190	187
629	626	627
626	629	347
103	925	102
925	103	918
465	699	1242
699	465	1138
1138	698	699
698	1138	351
698	349	625
349	698	351
741	620	1064
1245	1243	1246
1243	1245	1244
1249	1247	1250
1247	1249	1248
1247	912	327
1252	1251	1253
1251	1252	683
1255	734	735
734	1255	1254
799	641	801
641	799	640
989	892	1118
892	989	461
471	696	697
696	471	460
1242	696	989
696	1242	699
622	471	697
471	622	619
619	472	471
472	619	980
1184	1256	1183
1190	1257	1189
1257	1190	1258
647	1259	650
1259	647	1260
1263	1261	1264
1261	1263	1262
1267	1265	1268
1265	1267	1266
1265	1170	1268
829	138	135
138	829	830
629	457	458
627	42	43
42	627	628
205	83	84
83	205	206
205	458	459
458	205	84
1269	1139	1270
1139	1269	1141
139	432	429
432	139	140
1111	140	1193
140	1111	432
1193	1184	1111
606	895	350
895	606	805
1271	805	806
805	1271	895
1274	1272	1275
1272	1274	1273
1273	1276	1272
1276	1273	1277
1276	1230	1229
1230	1276	1277
648	730	812
871	869	1188
1188	1278	1170
1278	1172	1170
1172	1278	1279
1281	1172	1279
1172	1281	1280
1281	1282	1280
1282	1281	1283
1286	1284	1287
1284	1286	1285
1288	1285	1286
1285	1288	1191
53	775	52
775	53	993
561	939	940
939	561	558
939	1112	942
1112	939	1021
1174	1112	1289
1112	1174	942
1289	1113	1290
1113	1289	1112
1262	1173	1174
1173	1262	1291
1261	1174	1289
1174	1261	1262
1261	1290	1292
1290	1261	1289
857	78	856
1257	1260	1293
1260	1257	1259
1293	1294	871
1294	1293	1260
1296	1258	1190
1258	1296	1295
1264	1295	1296
1295	1264	1297
1214	866	129
866	1214	1215
1214	130	1217
130	1214	129
1217	1298	1207
1298	1217	130
560	1068	559
1068	560	1067
128	866	864
866	128	129
939	865	1021
865	939	558
865	559	864
559	865	558
559	128	864
128	559	1068
127	1068	1065
1068	127	128
1162	1290	1113
1290	1162	1299
1299	1292	1290
1292	1299	1300
76	1295	1297
1295	76	77
1295	1301	1258
1301	1295	77
1287	1283	1286
1283	1287	1282
1288	1009	1302
1009	1288	1008
1172	1303	1171
1298	1304	1207
1304	1298	287
284	1121	1122
1121	284	1196
1196	1197	1121
51	1198	50
1198	51	1305
51	1306	1305
1306	51	420
1139	1009	1270
1009	1139	1302
1009	1010	1270
861	993	992
993	861	1307
430	1308	429
1308	430	1082
139	1308	485
1308	139	429
883	485	1308
485	883	679
679	884	489
884	679	883
1082	1030	886
1030	1082	1081
1082	883	1308
883	1082	886
586	1180	1309
1180	586	1179
790	1309	789
1309	790	586
276	759	760
759	276	162
759	1310	964
964	1311	963
1311	964	1310
335	234	235
234	335	1177
1177	1224	234
1224	1177	1176
982	1031	1312
1031	982	885
1176	1312	1224
1312	1176	982
1179	586	584
1313	901	1227
901	1313	541
1227	414	415
414	1227	901
542	901	541
901	542	903
542	1314	903
1314	7918	1315
7918	1314	7919
724	1317	1316
724	874	1317
1318	874	1319
874	1318	1317
1263	1291	1262
421	1285	1191
1285	421	776
1286	1008	1288
1008	1286	1283
1283	1011	1008
1011	1283	1281
1281	822	1011
822	1281	1279
1279	825	822
825	1279	1278
1188	1170	1265
869	824	825
869	1278	1188
1278	869	825
1149	1018	1125
1018	1149	1019
1115	1276	1229
1276	1115	1109
1109	1272	1276
1272	1109	1045
1108	1320	672
1320	1108	1114
1075	1044	673
1044	1075	1043
1044	672	673
672	1044	1108
586	790	585
790	988	585
988	790	791
335	336	1181
1321	662	789
662	1321	661
444	446	443
294	976	1228
976	294	295
976	536	446
536	976	295
446	97	445
97	446	536
439	1078	849
962	1322	1323
1322	962	963
1322	1324	1323
1324	1322	1325
1324	497	494
497	1324	1325
761	921	214
921	761	762
762	575	921
575	762	1326
574	1326	961
1326	574	575
961	1327	574
1327	961	962
1327	1323	299
1323	1327	962
759	1326	762
1326	759	964
1326	964	961
1007	677	1328
677	1007	676
1329	1148	703
1148	1329	1197
1148	1149	703
1301	1257	1258
1257	1301	1330
1330	1259	1257
1259	1316	650
1316	1259	1330
1316	649	650
649	1316	1317
1317	1331	649
1317	1332	1331
1332	1317	1318
1225	1313	1227
1313	1225	1333
1197	1198	1148
1198	1147	1148
1147	1198	1305
1147	1306	690
1306	1147	1305
1334	824	1182
824	1334	823
1334	1270	1010
1270	1334	1256
1256	1184	1270
1184	1269	1270
333	1184	33
1184	333	1269
871	914	870
914	871	1294
811	812	651
651	730	731
730	651	812
651	1081	653
1081	651	731
1030	731	732
731	1030	1081
1222	1030	732
1030	1222	1031
1312	1223	1224
1223	1312	1335
1218	1336	1337
1336	1218	1219
1337	1338	1218
1338	1337	1339
309	879	308
879	309	1340
606	808	805
808	606	607
93	607	382
607	93	94
607	436	808
436	607	94
31	904	30
904	31	93
904	382	383
382	904	93
822	1010	1011
1010	822	823
823	1334	1010
914	811	651
811	914	1294
811	1260	647
1260	811	1294
649	733	730
733	649	1331
1331	1222	733
1222	1331	1332
1335	1225	1223
1225	1335	1333
1226	1223	1225
1223	1226	237
1226	236	237
236	1226	1228
1228	976	236
618	447	445
447	618	1341
841	276	1321
276	841	788
661	276	760
276	661	1321
109	1062	59
1062	109	496
405	496	109
496	405	495
367	370	371
370	367	729
371	369	367
1344	1342	1345
1342	1344	1343
1344	369	1085
369	1344	368
975	898	706
898	975	60
73	1346	72
1346	73	1347
73	1348	1347
1348	73	441
1348	706	898
706	1348	441
1346	1347	1349
1347	1348	1349
1348	1350	1349
1350	898	897
898	1350	1348
442	704	705
704	442	1351
828	804	57
57	524	56
524	57	804
526	116	525
786	804	828
804	786	509
7913	787	7912
787	7913	511
1352	1354	7914
1354	1352	1594
1353	1591	1593
1591	1353	7920
511	526	510
526	511	1354
854	1355	164
1355	854	872
882	1355	872
1355	882	1356
679	486	678
486	679	489
1090	1357	935
1357	1090	1358
1359	1361	1360
1361	1362	1360
1365	1363	1366
1363	1365	1364
1358	1367	1368
1367	1358	1090
814	1370	1369
814	1053	1370
1053	814	416
698	622	697
622	698	625
541	1318	1319
1318	541	1313
1318	1333	1332
1333	1318	1313
1333	1222	1332
1222	1333	1335
1031	1335	1312
1335	1031	1222
78	1301	77
1301	78	857
1330	857	514
857	1330	1301
1330	724	1316
724	1330	514
513	1371	512
724	1371	772
1371	724	512
1373	1300	1299
1300	1373	1372
134	411	798
411	671	798
671	411	971
970	1154	1153
1154	970	971
1156	752	112
752	1156	1151
112	753	115
753	112	752
753	1098	115
1098	753	924
924	1097	1098
1097	924	1374
833	951	1164
951	833	831
138	834	613
834	138	830
1288	1192	1191
1192	1288	1302
1192	1139	1140
1139	1192	1302
1192	1306	420
1306	1192	1140
690	1140	691
1140	690	1306
1074	519	878
519	1074	1071
1071	518	519
518	1071	1375
521	1375	313
1375	521	518
314	283	595
595	281	774
281	595	283
848	881	873
881	848	1376
438	873	854
873	438	848
438	855	437
855	438	854
855	1057	437
337	1057	839
1057	337	437
1377	677	1355
677	1377	1328
1271	624	895
624	1271	1378
624	1043	623
1043	624	1378
789	841	1321
841	789	1309
1309	840	841
840	1309	1180
1180	336	840
336	1180	1181
508	505	1115
505	508	504
504	1379	506
614	1380	1382
1380	614	1381
574	1327	573
573	299	300
299	573	1327
298	494	729
494	298	1324
494	495	729
729	405	370
405	729	495
921	572	920
572	921	575
963	1006	1322
1006	963	1311
582	434	322
434	582	581
1383	1344	1085
1344	1383	1343
1029	591	592
591	1029	579
591	580	1384
580	591	579
1085	1120	1383
999	424	1385
424	999	1000
1386	783	784
796	1387	330
1387	796	1388
1389	230	1054
230	1389	233
1390	563	564
563	1390	998
998	1390	997
395	392	393
392	395	1391
1391	395	659
467	1392	1393
1392	467	740
1394	1064	674
1064	1394	1063
1394	569	1395
621	1064	620
1064	621	1075
1064	673	674
673	1064	1075
989	1136	1242
1136	989	1118
1136	1116	1135
1116	1136	1118
1116	357	1135
357	1116	1396
639	739	638
637	818	1397
818	637	638
1397	263	264
263	1397	818
1013	551	552
551	1013	1080
1049	947	948
947	1049	1050
1049	40	944
40	1049	948
944	41	554
41	944	40
261	1398	1399
1398	261	262
556	985	1400
985	556	557
783	985	557
985	783	984
687	261	1399
983	1401	986
1401	983	1402
80	763	764
763	80	81
1403	763	1402
763	1403	293
1402	81	1401
81	1402	763
792	842	793
842	792	291
792	290	291
569	1404	568
1381	1405	1380
1405	1381	1404
1115	505	1114
505	1320	1114
1320	505	506
498	152	153
152	498	304
1275	1045	1046
1045	1275	1272
568	844	843
844	568	1406
568	1381	1406
1381	568	1404
968	1216	1205
1161	1216	1160
1216	1161	1213
1098	216	115
1407	972	1408
972	1407	315
1147	71	1019
71	1147	690
680	259	807
259	680	258
807	1274	806
1274	807	259
1274	1271	806
1271	1274	1275
281	540	774
540	281	771
771	542	540
282	315	1407
315	282	314
1407	528	282
1372	76	1300
76	1372	75
1300	1297	1292
1297	1300	76
1292	1264	1261
1264	1292	1297
871	1189	1293
1189	1257	1293
878	520	877
520	878	519
1334	1183	1256
1183	1334	1182
1182	1110	1183
1110	1182	654
1110	655	431
655	1110	654
653	431	655
431	653	430
992	284	285
284	992	1196
284	1304	287
1304	284	1122
971	411	1154
388	413	227
413	388	412
411	926	1154
926	411	412
1209	1162	455
1162	1209	1409
1162	1373	1299
1373	1162	1409
1338	1373	1409
1373	1338	1410
1372	1410	1411
1410	1372	1373
1372	1119	75
1119	1372	1411
694	1169	166
1169	694	695
1412	1169	695
1169	1412	1168
1414	1168	1412
1168	1414	1413
1414	1415	1413
1416	879	1340
1339	879	880
879	1339	308
887	1413	1417
1413	887	1168
1418	1016	1419
1016	1418	1167
1165	49	1420
49	1165	48
1421	1219	1212
1219	1421	1336
1165	1420	1159
1232	1422	707
1422	1232	1423
767	1424	766
1424	767	955
1365	1234	1235
1234	1365	1366
1237	238	239
238	1237	1234
239	1425	1237
1425	239	1426
1362	708	1360
708	1362	1231
821	1396	1427
1396	821	820
820	357	1396
357	820	356
1428	357	358
324	1137	474
1137	324	325
1428	1092	1093
1092	1428	1429
1093	357	1428
357	1093	1135
1269	991	1141
991	1269	333
991	691	1141
808	680	807
680	808	436
1431	1379	504
1379	1431	1430
507	660	211
660	507	663
1433	562	563
562	1433	1432
1435	1432	1436
1432	1435	1434
1439	1437	1436
1437	1439	1438
1437	1440	1442
1440	1437	1441
1436	1443	1435
185	1427	1444
1427	185	186
1444	1117	1445
1117	1444	1427
1396	1117	1427
1117	1396	1116
956	1446	1447
1446	956	957
892	1445	1117
1445	892	891
1039	708	709
708	1039	1360
1359	1039	1040
1039	1359	1360
1359	599	596
599	1359	1040
591	1384	361
361	1120	949
1120	361	1384
1120	911	949
681	845	682
845	681	1001
874	773	1319
773	874	772
773	541	1319
49	1337	1336
1337	49	46
1337	308	1339
308	1337	46
1210	1212	1219
1212	1210	1211
1218	1409	1209
1409	1218	1338
777	1285	776
1285	777	1284
452	866	1215
866	452	453
1211	452	1215
452	1211	1210
1212	1158	1421
1158	1212	1161
775	421	52
421	775	776
530	1234	1366
1234	530	238
1448	1090	1091
1090	1448	1367
780	1240	144
1240	780	634
635	820	352
820	635	356
1241	915	916
915	1241	1070
1450	1101	1241
1101	1450	1449
1450	1451	1449
1451	1450	1199
1199	721	1451
1200	1203	1202
1203	1200	1201
612	1201	721
1201	612	1203
721	611	612
1185	603	604
603	1185	725
1131	1133	603
1133	1131	1132
1132	1142	1133
1142	1132	249
543	250	1452
250	543	544
1405	672	1320
672	1405	675
1405	506	1380
506	1405	1320
259	1273	1274
1273	259	260
1273	988	1277
988	1273	260
988	1230	1277
1230	988	791
1007	1311	676
1311	1007	1006
676	1310	163
1310	676	1311
163	759	162
759	163	1310
1006	302	1322
1325	302	303
302	1325	1322
303	497	1325
497	303	498
498	1062	497
1062	498	153
1062	58	59
58	1062	153
938	1453	1454
1453	938	934
934	1357	1453
1357	934	935
1435	1455	1434
1455	1435	744
1456	1457	1253
1457	1458	1244
1458	1457	1456
1459	1243	1244
1243	836	1249
1460	1248	1249
1248	1460	1441
1437	1248	1441
1248	1437	1438
1433	1436	1432
1436	1433	1439
1353	1594	1352
1594	1353	1593
508	1431	504
1431	508	212
1431	213	1059
213	1431	212
1393	896	1033
896	1393	1047
599	1041	1461
1041	599	1040
598	1461	1462
1461	598	599
355	186	597
186	355	821
1163	888	889
888	1163	167
167	1169	888
1169	167	166
1187	1188	1265
1189	871	1188
1324	299	1323
299	1324	298
728	932	301
300	301	932
761	661	760
661	761	660
761	211	660
211	761	214
405	406	373
104	720	794
720	104	105
720	6	3
6	720	105
106	590	589
1149	1125	1144
1463	534	531
534	1463	306
404	726	403
726	404	1130
726	1131	725
1131	726	1130
1131	603	725
608	399	1026
399	608	398
609	397	398
397	609	119
122	609	206
609	122	119
1449	1201	987
1201	1449	1451
1125	1052	1186
1059	1060	1464
279	847	571
847	279	846
1242	711	465
711	1242	1136
657	659	168
171	1465	893
1465	171	172
1465	435	1385
435	1465	172
1385	1029	999
1029	1385	435
1029	845	999
845	1029	592
1465	378	893
378	1465	422
422	1385	424
1385	422	1465
423	91	92
423	1000	91
1000	423	424
1001	91	1000
91	1001	90
80	290	64
1037	311	538
311	1037	632
632	633	311
633	310	311
310	633	765
1466	815	1467
815	1466	1107
1468	600	88
600	1468	193
87	600	199
600	87	88
1469	1471	1470
1471	1469	1251
1251	684	1471
684	1251	683
813	419	416
419	813	1472
1474	1087	1088
1087	1474	1473
1477	1475	1478
1475	1477	1476
664	997	1390
997	664	665
1479	38	996
38	1479	782
782	41	38
799	1480	640
1480	799	1481
1039	1482	1038
1482	1039	709
709	1003	1482
1003	709	710
710	342	1003
670	1206	669
1206	670	1204
290	749	67
749	587	67
331	395	797
1395	1392	1394
467	1393	1033
80	764	290
764	293	290
747	320	587
66	588	756
588	317	756
317	588	320
261	265	264
265	261	687
688	42	689
42	688	45
714	1483	1484
1483	714	715
713	931	803
931	713	1485
754	482	483
482	754	1486
1485	754	931
754	1485	1486
376	450	375
450	376	449
1487	799	800
799	1487	1481
1411	520	1119
520	1411	877
856	520	522
520	856	1119
856	523	513
523	856	522
513	594	1371
594	513	523
594	772	1371
772	594	774
969	1216	968
1216	969	1160
1159	1421	1158
1421	1159	1420
1421	49	1336
49	1421	1420
180	1058	179
1058	180	215
1451	721	1201
1488	533	1015
533	1488	916
410	1450	1488
1450	410	1199
1488	1241	916
1241	1488	1450
82	407	408
1339	1410	1338
1410	1339	880
880	1411	1410
1411	880	877
778	306	1463
306	778	160
143	1463	531
1463	143	1239
778	1490	1489
456	492	459
492	456	1491
457	44	456
44	457	43
43	629	627
629	43	457
1046	1271	1275
1271	1046	1378
1046	1043	1378
173	322	434
361	949	360
209	1492	947
1492	209	734
209	1050	208
1050	209	947
1493	946	1494
946	1493	945
738	1080	1013
1080	738	739
1080	639	1079
639	1080	739
1079	545	546
545	1079	639
267	700	701
700	267	1036
1037	197	1036
197	1037	538
197	700	1036
700	197	198
312	1027	539
1027	312	1495
630	765	633
765	630	646
646	204	765
1496	931	930
931	1496	803
1497	1103	271
1103	1497	1106
1015	410	1488
410	1015	409
1101	987	605
987	1101	1449
82	610	611
610	82	83
821	1427	186
635	1240	634
1240	635	1498
1240	1490	1239
1490	1240	1498
1490	1463	1239
1463	1490	778
1498	352	353
352	1498	635
1498	1489	1490
1489	1498	353
144	145	780
781	1428	358
146	578	145
578	146	1069
1069	852	578
343	1499	1002
1499	343	689
42	1499	689
1499	42	628
626	348	593
348	626	347
597	354	355
354	597	598
353	354	1489
1489	598	1462
598	1489	354
1238	1462	1461
1462	1238	779
1462	778	1489
778	1462	779
1482	1500	1038
1500	1482	1501
1038	1502	1041
1502	1038	1500
1041	1503	1461
1503	1041	1502
1461	1504	1238
1504	1461	1503
1238	1505	159
1505	1238	1504
159	1506	158
1506	159	1505
158	1507	593
1507	158	1506
593	1508	626
1508	593	1507
626	1509	628
1509	626	1508
628	1510	1499
1510	628	1509
1499	1511	1002
1511	1499	1510
1002	1512	1003
1512	1002	1511
1003	1501	1482
1501	1003	1512
1515	1513	1516
1513	1515	1514
1500	1517	1502
1517	1500	1513
1502	1518	1503
1518	1502	1517
1518	1504	1503
1504	1518	1519
1504	1520	1505
1520	1504	1519
1505	1521	1506
1521	1505	1520
1506	1522	1507
1522	1506	1521
1507	1523	1508
1523	1507	1522
1508	1524	1509
1524	1508	1523
1509	1525	1510
1525	1509	1524
1525	1526	1528
1526	1525	1527
1528	1515	1516
1515	1528	1526
1513	1529	1517
1529	1513	1514
1517	1530	1518
1530	1517	1529
1518	1531	1519
1531	1518	1530
1519	1532	1520
1532	1519	1531
1520	1533	1521
1533	1520	1532
1521	1534	1522
1534	1521	1533
1522	1535	1523
1535	1522	1534
1523	1527	1524
1527	1523	1535
1524	1527	1525
145	576	781
781	1429	1428
1429	781	576
577	1429	576
1429	577	1137
1429	325	1092
325	1429	1137
323	1092	325
1092	323	464
1359	183	1361
183	1359	596
183	184	1361
1368	1363	1364
1363	1368	1367
1370	953	1448
953	1370	954
1053	1447	1446
1447	1053	417
417	1536	1447
1536	417	418
1539	1537	1540
1537	1539	1538
1538	1089	1537
272	1089	1086
1089	272	269
328	1247	327
1247	328	1493
945	328	39
328	945	1493
945	40	948
40	945	39
737	944	819
944	737	1049
1397	943	637
943	1397	266
701	266	267
266	701	943
200	201	65
201	64	65
65	379	200
379	65	288
288	868	379
868	288	289
645	868	289
868	645	1541
645	1032	1541
1032	1399	1541
1032	687	1399
545	943	548
943	545	637
548	1542	547
1542	548	222
222	1543	1542
1544	817	1545
817	1544	223
817	1546	1545
1546	817	601
1544	1548	1547
1548	1544	1545
1545	1549	1548
1549	1545	1546
194	1546	601
37	175	1076
1245	1457	1244
1457	1245	1255
1551	910	959
910	1551	1550
958	481	482
481	958	960
958	1486	959
1486	958	482
1485	959	1486
959	1485	1551
803	1552	802
1552	803	1496
1553	1555	1554
1553	1554	1556
1086	1557	272
1557	1086	1558
686	1559	685
1559	686	1560
1560	1561	1559
1561	1560	549
549	1012	552
1012	549	1560
1562	277	380
393	797	395
1386	1387	1388
1387	1386	784
1403	292	293
292	1403	515
547	1542	1005
224	700	198
601	193	194
193	601	600
1563	88	89
88	1563	1468
1564	922	1565
922	1564	816
555	818	819
818	555	263
262	555	556
555	262	263
1400	262	556
262	1400	1398
867	1566	79
985	1567	1400
1567	985	986
1566	986	1401
986	1566	1567
1401	79	1566
79	1401	81
271	1557	1497
1557	271	272
1568	1086	1087
1086	1568	1558
1568	1473	1569
1473	1568	1087
1554	1478	1475
1570	1089	1538
1089	1570	1088
1457	1252	1253
1252	1457	1255
1255	735	1252
735	1571	1252
1571	735	210
208	1571	210
1571	208	1012
1252	686	683
686	1252	1571
1012	686	1571
686	1012	1560
477	478	908
241	957	767
957	241	529
1487	1447	1536
1447	1487	956
1540	1480	1481
1480	1540	1537
1537	269	1480
269	1537	1089
1361	1368	1364
1368	1361	184
1368	185	1358
185	1368	184
1358	1444	1357
1444	1358	185
1357	1445	1453
1445	1357	1444
891	1453	1445
1453	891	1454
899	462	658
462	899	891
658	463	657
463	658	462
657	472	468
472	657	463
468	980	470
980	468	472
980	741	470
245	350	244
1495	1572	1027
1027	86	87
86	1027	1572
35	1573	92
1573	35	1574
37	1575	1576
1575	37	1076
1076	1107	1575
1107	1076	176
1564	815	816
815	1564	1467
177	25	253
177	254	176
254	177	253
255	751	923
751	255	256
1578	745	746
745	1578	1577
1577	1579	745
1579	1577	1580
125	126	1581
126	394	564
712	1553	1556
1553	712	802
1553	1552	1555
1552	1553	802
1582	1473	1583
1473	1582	1569
1474	1583	1473
1583	1474	1584
529	1446	957
1446	529	954
1370	1446	954
1446	1370	1053
1363	1448	953
1448	1363	1367
1363	530	1366
530	1363	953
913	1438	1439
1438	913	912
912	1248	1438
1248	912	1247
1585	734	1254
734	1585	1492
564	664	1390
1397	265	266
265	1397	264
674	569	1394
569	674	675
569	1405	1404
1405	569	675
1369	1586	814
814	722	723
124	450	451
450	124	1587
1233	1235	1236
1235	1233	1231
1231	1365	1235
1365	1231	1362
1362	1364	1365
1364	1362	1361
578	473	577
473	578	853
476	853	851
853	476	473
476	188	1186
188	476	851
188	602	1186
187	188	851
1145	602	1134
602	1145	1186
1186	1145	1125
1145	1144	1125
1329	703	702
1144	770	1149
770	703	1149
1121	1329	246
1329	1121	1197
1152	970	1153
970	1152	1084
389	927	926
927	1153	926
1153	927	1152
1083	1156	1155
1156	1083	1084
1084	1151	1156
1151	1084	1152
287	1298	286
130	286	1298
286	130	127
1304	669	1206
669	1304	1122
1206	1207	1304
1077	1078	1588
99	96	1048
1588	1078	1589
1589	447	1341
1589	1078	447
1377	1355	1356
1017	1419	1016
1419	1017	1590
1590	1417	1419
1417	1590	887
72	54	74
442	54	1351
54	442	74
54	55	1351
704	55	979
55	704	1351
979	191	704
979	29	191
56	433	979
118	396	117
396	118	1096
116	12	525
12	116	117
11	148	876
148	11	147
1591	150	1096
150	1591	427
990	426	428
426	990	1592
1597	990	7921
990	1597	1592
149	875	148
875	149	965
1591	118	1593
118	1591	1096
1594	118	116
118	1594	1593
116	1354	1594
1354	116	526
7905	1591	7920
1591	7905	427
1595	966	1596
1204	1205	1207
1205	1216	1207
103	1598	917
1598	103	100
1598	1150	1022
1150	1598	100
924	1599	1374
1599	924	925
850	925	918
925	850	1599
918	221	850
221	918	919
217	1167	1166
1166	1418	1600
1418	1166	1167
180	181	1017
181	1590	1017
1590	181	890
890	887	1590
613	1599	850
1599	613	834
834	1374	1599
1374	834	833
833	1097	1374
1097	833	1164
215	1164	1058
1164	215	1097
692	1072	1073
1072	692	553
972	316	974
316	972	315
1601	1413	1415
1413	1601	1417
1419	1601	1418
1601	1419	1417
1600	1601	1602
1601	1600	1418
1602	1415	1340
1415	1602	1601
1415	1416	1340
1416	878	879
115	493	114
493	1603	1165
1603	48	1165
48	1603	1604
1604	47	48
47	1602	309
1602	47	1604
1602	1340	309
1415	1414	1416
493	1166	1603
1166	1604	1603
1604	1166	1600
1600	1602	1604
1157	1155	1159
1155	1157	1083
1028	340	975
750	340	590
340	750	975
339	340	1028
425	423	1055
1574	1055	1573
1055	1574	1056
1572	1605	86
1605	1572	1606
1605	1466	86
1466	1467	89
1467	1563	89
1563	1467	1564
1563	1565	1607
1565	1563	1564
1606	1575	1605
1575	1606	1576
34	1608	37
1608	175	37
1001	1608	90
1608	1001	681
1608	500	175
500	178	175
178	500	499
682	359	502
359	682	362
359	501	502
501	359	862
567	894	950
894	567	274
360	950	863
950	360	949
950	894	863
863	15	862
15	863	14
894	14	863
567	273	274
273	567	795
1107	1605	1575
1605	1107	1466
1466	89	86
1004	1610	1609
1610	1004	1005
1542	1612	1611
1612	1542	1543
222	1544	1543
1544	222	223
1005	1611	1610
1611	1005	1542
550	1614	1613
1614	550	736
908	1456	477
1456	908	1458
394	659	395
659	468	1391
1424	1615	766
1615	1424	1616
642	271	1103
271	642	270
1480	270	640
270	1480	269
800	956	1487
956	800	955
801	955	800
955	801	1424
1536	1481	1487
1481	1536	1540
1452	251	768
251	1452	250
1452	1618	1617
1618	1452	768
418	1540	1536
1540	418	1539
418	419	1539
1570	1539	419
1539	1570	1538
419	1472	1570
1472	1088	1570
1088	1472	1474
1619	1474	1472
1474	1619	1584
377	374	1619
1511	1525	1528
1525	1511	1510
1528	1512	1511
1516	1512	1528
1512	1516	1501
1501	1513	1500
1513	1501	1516
1476	374	1578
374	1476	1477
1621	1475	1476
1475	1621	1620
1476	746	1621
746	1476	1578
1475	718	1554
718	1475	1620
1379	1380	506
1380	1379	1382
1441	1622	1440
1622	1441	1460
718	1623	717
1623	718	1620
1620	1621	1623
1554	719	1556
719	1554	718
1442	717	1623
1442	716	717
716	1442	1440
1551	713	714
713	1551	1485
1484	1551	714
1551	1484	1550
835	1243	1459
1550	909	910
909	1550	838
1459	838	835
838	1459	909
837	1550	1484
1550	837	838
1458	909	1459
909	1458	908
1459	1244	1458
1622	1484	1483
1484	1622	837
1460	837	1622
837	1460	836
1460	1249	836
1249	1246	1243
1246	1249	1250
1494	1492	1585
1492	1494	946
946	947	1492
712	719	715
719	712	1556
1483	719	716
719	1483	715
1483	1440	1622
1440	1483	716
477	1469	480
1469	477	1456
1253	1469	1456
1469	1253	1251
836	1243	835
1250	1493	1494
1493	1250	1247
1585	1250	1494
1250	1585	1246
1254	1246	1585
1246	1254	1245
1254	1255	1245
374	1477	1619
1477	1584	1619
1583	1477	1478
1477	1583	1584
1554	1583	1478
1583	1554	1582
743	1435	1443
1435	743	744
1623	746	743
746	1623	1621
1443	1623	743
1623	1443	1442
1436	1442	1443
1442	1436	1437
1432	1434	562
565	1434	1455
1434	565	562
1579	125	1581
125	1579	1580
1579	744	745
744	1579	1455
1581	1455	1579
1455	1581	565
1581	564	565
564	1581	126
1577	374	375
374	1577	1578
450	1577	375
1577	450	1587
1577	1587	1580
1587	125	1580
125	1587	124
124	757	170
757	124	451
170	123	124
448	757	451
757	448	937
448	933	937
933	448	722
722	814	1586
813	1619	1472
1619	813	377
813	376	377
376	723	449
723	376	813
758	937	938
937	758	757
1454	758	938
758	1454	899
1454	891	899
936	722	1586
722	936	933
1586	1091	936
1091	1586	1369
1370	1091	1369
1091	1370	1448
1624	1439	1433
1439	1624	913
995	913	1624
913	995	326
996	326	995
326	996	329
998	1433	563
1433	998	1624
998	995	1624
997	1479	996
1479	997	665
38	328	329
328	38	39
329	996	38
1479	330	1387
330	1479	665
1387	782	1479
782	1387	784
1395	1393	1392
1393	1395	1047
570	1395	569
1395	570	1047
1033	994	467
994	391	467
467	742	740
468	469	392
469	742	392
742	467	392
468	392	1391
741	1392	740
1392	741	1063
1063	1394	1392
570	568	843
1095	1406	615
1406	1095	844
793	844	1095
1406	614	615
614	1406	1381
1095	748	793
748	749	793
1625	320	747
320	1625	319
748	1625	747
1625	748	1094
155	380	381
380	155	617
154	381	364
381	154	155
364	636	154
636	364	365
1343	583	1342
583	1343	582
581	1343	1383
1343	581	582
1383	580	581
1120	580	1383
580	1120	1384
1342	636	365
636	1342	583
1345	365	366
365	1345	1342
423	425	202
1573	1055	423
423	92	1573
310	1056	312
312	1056	1495
1626	1056	1574
1056	1626	1495
35	1626	1574
1626	35	36
1606	1495	1626
1495	1606	1572
36	1606	1626
1606	36	1576
36	37	1576
500	1608	681
1608	34	90
34	35	90
92	90	35
1001	999	845
1582	1554	1555
1106	644	643
644	1106	1497
1497	755	644
755	1497	1557
1106	1627	1105
1627	1106	643
1557	930	755
930	1557	1558
1558	1496	930
1496	1558	1568
1568	1552	1496
1552	1568	1569
1569	1555	1552
1555	1569	1582
1562	380	1382
380	617	1382
616	1095	615
1095	616	1094
614	1382	617
1625	616	156
616	1625	1094
157	1625	156
1625	157	319
1059	1464	1430
1562	1379	1430
1379	1562	1382
280	1562	1430
1562	280	277
1464	280	1430
1059	1430	1431
1628	868	1541
868	1628	867
1567	867	1628
867	1567	1566
1628	1399	1398
1399	1628	1541
1400	1628	1398
1628	1400	1567
515	1629	1054
1629	515	1403
1402	1629	1403
1629	1402	983
1054	1630	1389
1630	1054	1629
983	1630	1629
1630	983	984
1630	783	1386
783	1630	984
1389	1386	1388
1386	1389	1630
796	1389	1388
1389	796	233
797	233	796
233	797	232
1303	1172	1280
859	286	127
286	859	860
860	285	286
992	860	861
860	992	285
670	971	968
971	670	671
247	669	246
133	248	702
1329	248	246
248	1329	702
1267	1263	1266
1263	1264	1266
1267	1291	1263
1291	1267	1631
1171	1267	1268
1267	1171	1631
1268	1170	1171
1296	1187	1632
1187	1296	1190
1632	1264	1296
1266	1187	1265
1187	1266	1632
1266	1264	1632
1633	561	1634
561	1633	560
1635	560	1633
560	1635	1067
1636	1067	1635
1067	1636	1066
1637	1066	1636
1066	1637	858
1638	1640	1639
1641	1638	1639
1638	1641	777
1642	777	1641
777	1642	1284
1643	1284	1642
1284	1643	1287
1644	1287	1643
1287	1644	1282
1645	1282	1644
1282	1645	1280
1646	1280	1645
1280	1646	1303
1647	1303	1646
1303	1647	1171
1648	1171	1647
1171	1648	1631
1649	1631	1648
1631	1649	1291
1650	1291	1649
1291	1650	1173
1651	1173	1650
1173	1651	941
1652	941	1651
941	1652	940
1634	940	1652
940	1634	561
1639	1654	1653
1655	1639	1653
1639	1655	1641
1656	1641	1655
1641	1656	1642
1657	1642	1656
1642	1657	1643
1658	1643	1657
1643	1658	1644
1659	1644	1658
1644	1659	1645
1660	1645	1659
1645	1660	1646
1661	1646	1660
1646	1661	1647
1654	1662	1653
1653	1662	1655
1655	1663	1656
1664	1656	1663
1656	1664	1657
1665	1657	1664
1657	1665	1658
1666	1658	1665
1658	1666	1659
1667	1659	1666
1659	1667	1660
1668	1660	1667
1660	1668	1661
1669	1634	1670
1634	1669	1633
1671	1633	1669
1633	1671	1635
1672	1635	1671
1635	1672	1636
1673	1636	1672
1636	1673	1637
1674	1647	1661
1647	1674	1648
1675	1648	1674
1648	1675	1649
1676	1649	1675
1649	1676	1650
1677	1650	1676
1650	1677	1651
1678	1651	1677
1651	1678	1652
1670	1652	1678
1652	1670	1634
1679	1670	1680
1670	1679	1669
1681	1669	1679
1669	1681	1671
1682	1671	1681
1671	1682	1672
1683	1672	1682
1672	1683	1673
1684	1661	1668
1661	1684	1674
1685	1674	1684
1674	1685	1675
1686	1675	1685
1675	1686	1676
1687	1676	1686
1676	1687	1677
1688	1677	1687
1677	1688	1678
1680	1678	1688
1678	1680	1670
1307	858	1689
858	1307	861
1640	858	1637
858	1640	1689
1673	1662	1654
1662	1673	1683
1654	1637	1673
1637	1654	1640
1065	858	859
858	1065	1066
859	127	1065
1640	1638	1689
1307	775	993
777	775	1638
775	1689	1638
775	1307	1689
1654	1639	1640
1690	1682	1691
1682	1690	1683
1692	1683	1690
1683	1692	1662
1692	1655	1662
1682	1681	1691
1693	1691	1694
1691	1693	1690
1695	1690	1693
1690	1695	1692
1696	1692	1695
1692	1696	1655
1694	1681	1697
1681	1694	1691
1696	1663	1655
1698	1681	1679
1681	1698	1697
527	542	771
571	1345	366
1345	571	728
368	1345	728
1345	368	1344
280	846	279
846	280	1464
1464	1060	846
572	1060	920
1060	572	846
228	810	387
810	228	1699
240	1426	239
1426	240	1700
397	120	503
120	397	119
707	1701	341
1701	707	1422
801	1616	1424
1616	801	1702
7921	1703	1597
1703	7921	1704
122	490	121
490	122	207
484	1627	643
1627	484	1705
766	1700	240
1700	766	1615
1598	1195	917
1195	1598	1706
481	1705	484
1705	481	1707
1468	1607	1708
1607	1468	1563
960	1707	481
1707	960	1709
1236	1710	1233
1710	1236	1711
1543	1547	1612
1547	1543	1544
1469	1712	480
1712	1469	1470
641	1702	801
1702	641	1034
1103	1035	642
1035	1103	1104
7903	694	166
694	7903	693
1220	7916	96
167	7922	7904
7922	167	1163
7918	666	1315
666	7918	668
7915	110	952
110	7915	7902
7910	7919	1314
1408	528	1407
528	1408	7911
973	1408	972
7910	1314	527
695	1073	1412
1073	695	692
1073	1414	1412
1414	1073	1074
1074	1416	1414
1416	1074	878
1071	1713	1375
1713	1071	1072
1072	553	1713
974	316	553
1713	313	1375
313	1713	316
832	7923	1014
7923	832	829
7923	135	7924
135	7923	829
7902	1163	111
1163	7902	7922
1078	443	447
443	1078	439
848	1020	1376
1314	1221	903
902	297	414
297	667	296
667	297	666
667	537	296
527	1314	542
1314	1315	1221
1315	666	1221
297	902	1221
902	903	1221
553	316	1713
553	7906	974
18	10	21
10	18	2
21	11	876
11	21	10
9	29	12
433	29	979
17	4832	16
4935	17	4
17	4935	4832
4833	22	23
22	4833	4975
7	4	5
4	7	4935
5017	8	1
8	5017	5018
2	4670	5031
4670	2	18
426	965	149
965	426	1592
1592	967	965
967	1592	1597
1597	1714	967
1714	1597	1703
1595	21	876
21	1595	20
977	45	688
45	977	1061
967	1596	966
1596	967	1714
480	1715	479
1715	480	1712
479	1709	960
1709	479	1715
218	137	138
137	218	219
1233	1423	1232
1423	1233	1710
1237	1711	1236
1711	1237	1425
194	1549	1546
1549	194	195
44	1491	456
1491	44	1061
229	1699	228
1699	229	1716
543	1716	229
1716	543	1717
1452	1717	543
1717	1452	1617
1701	344	341
344	1701	978
1609	736	1004
736	1609	1614
136	7924	135
7924	136	1718
400	1025	399
1025	400	1208
1708	193	1468
193	1708	196
1491	491	492
1023	1598	1022
1598	1023	1706
1613	549	550
549	1613	1561
1194	221	919
221	1194	220
906	768	401
768	906	1618
19	4670	18
4670	19	1719
1529	1531	1530
1531	1533	1532
1529	1533	1531
1533	1535	1534
1535	1526	1527
1533	1526	1535
1529	1526	1533
1529	1515	1526
1514	1515	1529
1722	1720	1723
1720	1722	1721
1724	1726	1725
1729	1727	1730
1727	1729	1728
1733	1731	1734
1731	1733	1732
1735	1736	1349
1737	1739	1738
1739	1737	1740
1743	1741	1744
1741	1743	1742
1745	1726	1724
1748	1746	1749
1746	1748	1747
1751	1753	1752
1753	1751	1750
1742	1754	1756
1754	1742	1755
1757	1735	1758
1759	1761	1760
1762	72	1763
72	1762	827
1766	1764	1767
1764	1766	1765
882	1768	1356
1768	882	1769
1772	1770	1773
1770	1772	1771
1776	1774	1777
1774	1776	1775
1767	1778	1766
1778	1767	1779
1782	1780	1783
1780	1782	1781
1784	1786	1785
1786	1784	1787
1790	1788	1791
1788	1790	1789
1794	1792	1795
1792	1794	1793
1753	1796	1798
1796	1753	1797
1799	1801	1800
1802	1803	1727
1806	1804	1807
1804	1806	1805
1810	1808	1811
1808	1810	1809
1814	1812	1815
1812	1814	1813
1730	1816	1729
1819	1817	1820
1817	1819	1818
1823	1821	1824
1821	1823	1822
1826	1828	1827
1828	1826	1825
1829	1758	1830
1758	1829	1757
1833	1831	1834
1831	1833	1832
1835	1837	1836
1755	1743	1838
1743	1755	1742
1839	1728	1729
1752	1840	1842
1840	1752	1841
1843	1845	1844
1845	1843	1846
98	1823	1847
1823	98	1822
882	1848	1769
1848	882	881
1803	1849	1850
1849	1803	1802
1852	1773	1770
1773	1852	1851
1853	1855	1854
1855	1853	1856
1858	1739	1859
1739	1858	1857
1862	1860	1863
1860	1862	1861
1865	1779	1767
1779	1865	1864
1866	1865	1763
1868	1870	1869
1870	1868	1867
1852	1871	1873
1871	1852	1872
1876	1874	1877
1874	1876	1875
151	1878	897
1799	1879	1801
1879	1799	1842
1735	1878	1758
1878	1735	1350
1882	1880	1883
1880	1882	1881
1886	1884	1887
1884	1886	1885
1890	1888	1891
1888	1890	1889
1728	1839	1892
1721	1893	1894
1893	1721	1722
1732	1895	1896
1895	1732	1733
1725	1754	1898
1754	1725	1897
1835	1754	1755
1754	1835	1898
1901	1899	1902
1899	1901	1900
1794	1720	1793
1720	1794	1723
1905	1903	1906
1903	1905	1904
1870	1907	1909
1907	1870	1908
1912	1910	1913
1910	1912	1911
1799	1752	1842
1752	1799	1751
1915	1778	1916
1778	1915	1914
1918	1790	1791
1790	1918	1917
1007	1919	1920
1919	1007	1328
1921	1923	1922
1923	1921	1924
1926	1854	1927
1854	1926	1925
1805	1835	1838
1835	1805	1837
1929	1836	1930
1836	1929	1928
1851	1776	1773
1776	1851	1775
1888	1931	1891
1931	1888	1932
1933	1935	1934
1935	1933	1936
1937	1836	1837
1836	1937	1930
1939	1867	1940
1867	1939	1938
1794	1941	1723
1941	1794	1942
1743	1873	1804
1873	1743	1744
1943	1778	1779
1778	1943	1916
1806	1837	1805
1741	1944	1774
1944	1945	1774
1945	1944	1946
1734	1948	1733
1948	1734	1947
1915	1739	1857
1949	1816	1730
1950	1733	1948
1733	1950	1895
1843	1747	1951
1747	1843	1746
1912	1952	1941
1952	1912	1882
1722	1952	1893
1953	1955	1954
1958	1956	1731
1956	1958	1957
1910	1377	1959
1377	1910	1919
1962	1960	1963
1960	1962	1961
1953	1964	1966
1964	1953	1965
1772	1812	1968
1812	1772	1967
1748	98	1847
98	1748	618
1969	618	1748
618	1969	1341
1735	1349	1350
1808	1970	1793
1970	1808	1809
1920	1795	304
1942	1919	1911
1919	1942	1920
1971	1973	1972
1798	1964	1841
1964	1798	1974
1738	1916	1826
1916	1738	1915
1976	1749	1746
1749	1976	1975
1979	1977	1980
1977	1979	1978
1945	1888	1889
1888	1945	1981
1877	1982	1983
1982	1877	1874
1958	1762	1957
1762	1958	1984
826	1801	1102
1801	826	1985
1879	1102	1801
1988	1986	1989
1986	1988	1987
1102	1990	62
1990	1102	1879
1906	1991	1993
1991	1906	1992
1871	1804	1873
1804	1871	1807
1873	1851	1852
1851	1873	1744
1891	1994	1995
1994	1891	1931
1890	1995	1996
1995	1890	1891
1765	1762	1764
1762	1765	1957
1997	1894	1998
1894	1997	1721
1828	1757	1829
1757	1828	1825
1898	1724	1725
1724	1898	1928
1999	1729	1816
1729	1999	1839
2002	2000	2003
2000	2002	2001
2005	1989	1986
1989	2005	2004
1918	1901	1917
1901	1918	1900
1722	1941	1952
1941	1722	1723
1936	2006	1935
1802	1899	1900
2007	1721	1997
1916	1825	1826
1825	1916	1943
1007	1920	305
2008	1849	2009
1849	2008	1850
1772	1776	1967
1776	1772	1773
1875	1846	1874
1846	1875	1845
1942	1795	1920
1795	1942	1794
2012	2010	2013
2010	2012	2011
1846	1951	2014
1951	1846	1843
2017	2015	2018
2015	2017	2016
304	305	1920
1835	1928	1898
1928	1835	1836
1966	1974	2019
1974	1966	1964
2020	2022	2021
1985	827	1984
827	1985	826
1793	1720	1808
2023	2024	1927
2024	2023	2025
2026	1877	2027
1877	2026	1876
1839	2028	1892
2028	1839	2029
1928	1745	1724
1745	1928	1929
1958	1732	2030
1732	1958	1731
1942	1912	1941
1912	1942	1911
1766	1914	1925
1914	1766	1778
2031	1825	1943
1825	2031	1757
1981	1946	2032
1946	1981	1945
1926	1957	1765
1957	1926	1956
1995	2033	2034
2033	1995	1994
2004	1790	1989
1790	2004	1789
2035	1953	1954
1953	2035	1965
72	1866	1763
1866	72	1346
2021	1819	2036
1819	2021	2012
1800	1985	2030
1792	1793	1970
1908	1867	1938
1867	1908	1870
1922	2038	1921
2038	1922	2037
1945	1777	1774
1777	1945	2039
1767	1763	1865
1763	1767	1764
1755	1838	1835
1912	1881	1882
1881	1912	1913
1805	1743	1804
1743	1805	1838
2010	1909	1907
1909	2010	2011
1802	1918	1849
1918	1802	1900
1878	1350	897
1937	1858	1859
1866	1349	1736
1349	1866	1346
2040	1376	1863
1376	2040	881
1919	1328	1377
1919	1910	1911
1874	2014	1982
2014	1874	1846
1821	2003	1824
2003	1821	2002
1990	2035	62
62	1954	63
1954	62	2035
1954	1955	63
1976	1843	1844
1843	1976	1746
1786	2042	2041
2042	1786	1787
2043	2028	2029
2028	2043	2044
2045	1995	2034
1995	2045	1996
1777	2046	2047
2046	1777	2039
2048	1815	2049
1815	2048	1814
1967	1815	1812
1815	1967	2047
1777	1967	1776
1967	1777	2047
2049	2047	2046
2047	2049	1815
1842	1990	1879
1990	1842	1840
1732	1800	2030
1800	1732	1896
1927	1956	1926
1956	1927	2024
1731	2024	1734
2024	1731	1956
2024	1947	1734
1947	2024	2025
1896	1750	1751
1750	1896	1895
1770	1872	1852
1872	1770	1760
1774	1775	1741
1851	1741	1775
1741	1851	1744
2038	1820	1936
1820	2038	2050
2051	1754	1897
1754	2051	1756
1832	1971	1831
1971	1832	2013
1799	1896	1751
1896	1799	1800
1968	1771	1772
1771	1968	2052
1814	2053	1813
2053	1814	2054
2033	2055	2034
2055	2033	2056
2034	2057	2045
2057	2034	2055
2048	2054	1814
2054	2048	2058
2061	2059	2062
2059	2061	2060
2054	2063	2053
2063	2054	2064
2056	2065	2055
2065	2056	2066
2055	2067	2057
2067	2055	2065
2058	2064	2054
2064	2058	2068
2069	2071	2070
1983	2027	1877
2027	1983	2072
2073	2001	2074
2001	2073	2000
2075	2064	2074
2064	2075	2063
2072	2065	2027
2065	2072	2067
2074	2068	2073
2068	2074	2064
2069	2059	2060
2059	2069	2076
2027	2066	2026
2066	2027	2065
1855	1837	1806
1837	1855	2077
1914	1854	1925
1854	1914	1853
1765	1925	1926
1925	1765	1766
1736	1757	2031
1757	1736	1735
2031	1864	1736
1736	1865	1866
1865	1736	1864
1762	1984	827
1952	1883	1893
1883	1952	1882
2078	2069	2060
2078	2079	2080
2079	2078	2060
2080	2081	2082
2081	2080	2079
2082	2052	1968
2052	2082	2081
2085	2083	2086
2083	2085	2084
2084	1904	2083
1904	2084	2087
1904	2088	1903
2088	1904	2087
2088	2089	1903
2089	2088	2090
2089	2091	2092
2091	2089	2090
2063	2075	2078
2063	2080	2053
2080	2063	2078
2053	2082	1813
2082	2053	2080
2082	1812	1813
1812	2082	1968
2093	2095	2094
2096	1977	2097
1977	2096	1980
1748	2098	1969
2098	1748	1749
1960	2099	2100
2099	1960	1961
1975	2098	1749
2098	1975	2101
2104	2102	2105
2102	2104	2103
1864	1943	1779
1943	1864	2031
1971	1972	1831
1834	1899	1802
1902	1834	1831
1834	1902	1899
2106	1728	2107
1728	2106	1833
2009	1918	1791
1918	2009	1849
1802	1727	1834
1834	1728	1833
1728	1834	1727
1917	1989	1790
1989	1917	1988
1901	1988	1917
1988	1901	2108
2022	1909	2011
1909	2022	2109
2091	2110	2092
2110	2091	2111
2111	2112	2110
1870	2109	1869
2109	1870	1909
1770	1759	1760
1759	1770	1771
1759	2052	2113
2052	1759	1771
2114	2052	2081
2052	2114	2113
2114	2079	2061
2079	2114	2081
2079	2060	2061
1827	1738	1826
1738	1827	1737
1811	1808	2007
1720	2007	1808
2007	1720	1721
1868	2115	1867
2116	1886	2117
1886	2116	1885
2108	1987	1988
1987	2108	2118
1972	2118	2108
2118	1972	1973
1782	2119	1781
1953	7925	1955
7925	1953	1966
1858	1937	1837
2009	1788	2120
1788	2009	1791
1887	2109	2121
2109	1887	1884
1745	1883	1880
1883	1745	1929
1883	1930	1893
1930	1883	1929
1930	1894	1893
1894	1930	1937
1888	2122	1932
2122	1888	1981
2123	1897	2124
1897	2123	2051
2124	1725	2020
1725	2124	1897
2121	2022	2020
2127	2125	2128
2125	2127	2126
2129	2131	2130
2129	1862	2131
1862	2129	1861
2132	2133	2097
2134	2136	2135
2139	2137	2140
2137	2139	2138
2138	2141	2142
2141	2138	2139
2143	1589	2142
2146	2144	2147
2144	2146	2145
1077	1862	1020
1862	1077	2131
2131	1588	2130
1588	2131	1077
1934	2148	1933
2148	1934	2149
2149	2126	2148
2126	2149	2125
2150	1839	1999
2128	2151	2127
2151	2128	2152
1819	2050	2036
2050	1819	1820
2112	2051	2123
2051	2112	2032
2032	1756	2051
1756	2032	1946
1946	1742	1756
1742	1946	1944
1944	1741	1742
1833	2106	1832
1820	2006	1936
2006	1820	1817
1991	2154	2153
2154	1991	1992
1971	2013	2010
2037	2112	2050
2112	2037	2155
2154	2037	2153
2037	2154	2155
1783	2156	2157
2156	1783	1780
2156	2158	2157
2158	2156	2159
1936	2160	2038
2160	1936	2161
2050	2038	2037
2085	2162	2163
2162	2085	2086
1924	2164	1923
2164	1924	2165
2167	2166	2168
2166	2167	1782
2166	1782	1783
2165	2169	2164
2169	2165	2170
2171	2166	2172
2166	2171	2168
1905	1993	2173
1993	1905	1906
1783	2172	2166
2172	1783	2157
2128	2125	2145
2125	2174	2145
2174	2125	2149
2149	2175	2174
2175	2149	1934
1934	2176	2175
2176	1934	1935
2107	1935	2006
1935	2107	2176
2107	1817	2106
1817	2107	2006
2106	1818	1832
1818	2106	1817
2170	2177	2169
2177	2170	2178
2172	2179	2171
2179	2172	2180
2172	2157	2180
2182	2178	2181
2178	2182	2177
2183	2179	2180
2186	2184	2187
2184	2186	2185
2188	2190	2189
2193	2191	2194
2191	2193	2192
2134	2195	2197
2195	2134	2196
2200	2198	2201
2198	2200	2199
2196	2202	2195
2202	2196	2203
2199	2204	2198
2205	2140	2206
2101	2133	2207
2133	2101	1975
1975	2097	2133
2097	1975	1976
1588	2208	2130
2208	1589	2143
1589	2208	1588
2100	2139	1960
2139	2100	2141
1960	2140	2209
2140	1960	2139
2210	2103	2104
2203	2211	2205
2211	2203	2212
2214	2213	2215
2213	2214	2207
2205	2202	2203
2202	2205	2206
2216	2205	2211
2217	2203	2196
2203	2217	2212
2096	2218	1980
2218	2096	2219
1980	2220	1979
2220	1980	2218
1976	2094	2097
2094	1976	1844
2220	2218	2188
2219	2192	2218
2192	2219	2191
1905	2083	1904
2083	1905	2221
2015	2093	2018
2093	2015	2095
2094	2219	2096
2219	2094	2095
2095	2191	2219
2191	2095	2015
2015	2016	2191
2194	2016	2162
2016	2194	2191
2186	2086	2185
2086	2186	2162
2017	2162	2016
2162	2017	2163
2157	2222	2180
2222	2157	2158
2207	2223	2213
2204	2224	2198
2224	2204	2225
2198	2226	2201
2226	2198	2224
2226	2158	2201
2158	2226	2222
2159	2201	2158
2201	2159	2200
2152	2197	2151
2197	2152	2134
2227	2228	1963
2228	2104	1963
1962	2104	2105
2104	1962	1963
2180	2229	2183
2229	2180	2222
2220	2222	2226
2222	2220	2229
2226	1979	2220
1979	2226	2224
1979	2225	1978
2225	1979	2224
2223	2133	2132
2133	2223	2207
2214	2101	2207
2101	2214	2137
2101	2138	2098
2138	2101	2137
2138	1969	2098
1969	2138	2142
1969	1589	1341
1589	1969	2142
1726	1880	2230
1880	1726	1745
1880	2231	2230
2231	1880	1881
1881	2232	2231
2232	1881	1913
1913	1959	2232
1959	1913	1910
2128	2146	2152
2146	2128	2145
2146	2134	2152
2096	2097	2094
2132	2097	1977
1977	1978	2132
1978	2223	2132
2223	1978	2225
2225	2213	2223
2213	2225	2204
2204	2215	2213
2215	2204	2199
2196	2134	2135
1960	2209	1963
2227	2216	2233
2233	2228	2227
2228	2233	2234
2234	2210	2228
2120	2008	2009
2008	2120	2235
2211	2233	2216
2044	2237	2236
2237	2044	2043
2237	2238	2236
2238	2237	2239
2241	2243	2242
2243	2241	2240
2217	2240	2241
2211	2234	2233
2234	2211	2212
2212	2210	2234
2210	2212	2217
2216	2140	2205
1963	2216	2227
2216	1963	2209
1962	2244	1961
2244	1962	2245
2105	2245	1962
2245	2105	2246
2245	2041	2244
2041	2245	1786
2246	1786	2245
1786	2246	1785
2105	2247	2246
2247	2105	2102
2247	1785	2246
1818	2013	1832
2021	2022	2012
1818	2012	2013
2012	1818	1819
2143	2248	2208
2208	2249	2130
2249	2208	2248
2142	2141	2143
2141	2248	2143
2248	2141	2100
2100	2249	2248
2249	2100	2250
2100	2099	2250
1961	2251	2099
2251	1961	2244
2099	2252	2250
2252	2099	2251
2244	2253	2251
2253	2244	2041
2251	2254	2252
2254	2251	2253
2041	2256	2253
2256	2041	2255
2042	2255	2041
1763	1764	1762
1830	1878	2257
1878	1830	1758
2214	2206	2137
2258	2260	2259
2260	2258	2161
2261	2260	2262
2260	2261	2259
2262	2263	2261
2263	2262	2264
2264	2265	2263
2265	2264	2266
2197	2199	2200
2199	2197	2195
2202	2214	2215
2214	2202	2206
2200	2266	2197
2266	2200	2265
2195	2215	2199
2215	2195	2202
1863	2269	2268
2269	1863	2267
1861	2270	1860
2270	1861	2271
2129	2271	1861
2271	2129	2272
1860	2273	2267
2273	1860	2270
2271	2274	2270
2274	2271	2275
2272	2275	2271
2275	2272	2276
2270	2277	2273
2277	2270	2274
2275	2278	2274
2278	2275	2279
2276	2279	2275
2279	2276	2280
2274	2281	2277
2281	2274	2278
2130	2282	2129
2282	2130	2249
2129	2282	2272
2272	2282	2276
2282	2280	2276
2280	2282	2283
2249	2283	2282
2283	2249	2250
2284	2280	2283
2285	2252	2254
2250	2284	2283
2284	2250	2252
2286	2284	2285
2269	2287	2268
2287	2269	2288
2287	2290	2289
2290	2287	2288
2289	2290	2291
2040	2292	1848
2292	2040	2268
2289	2291	2293
1986	1939	2005
1939	1986	1938
2116	1768	1769
1768	2116	2117
2115	1769	2294
1769	2115	2116
1940	2295	1939
2295	1940	2296
1769	2292	2294
2292	1769	1848
2289	2297	2292
1863	2268	2040
2123	2021	2036
2021	2123	2124
2123	2050	2112
2050	2123	2036
2162	2186	2194
2083	2185	2086
2185	2083	2221
2185	2298	2184
2298	2185	2221
1905	2298	2221
2298	1905	2173
2194	2187	2193
2187	2194	2186
2181	2190	2182
2190	2181	2189
1727	1803	1730
1803	1850	1730
2299	1850	2008
1850	2299	1730
2299	2235	2300
2235	2299	2008
2300	2253	2301
2253	2300	2254
2253	2256	2301
2299	1949	1730
1939	2302	2005
2302	1939	2295
2004	2303	1789
2303	2004	2304
1789	2305	1788
2305	1789	2303
1788	2306	2120
2306	1788	2305
2285	2254	2307
2235	2306	2308
2306	2235	2120
2307	2300	2308
2302	2295	2309
2303	2310	2311
2310	2303	2304
2303	2312	2305
2312	2303	2311
2306	2312	2313
2312	2306	2305
2315	2285	2307
2285	2315	2314
2306	2315	2308
2315	2306	2313
2308	2315	2307
2316	2309	2295
2311	2317	2318
2317	2311	2310
2312	2318	2319
2318	2312	2311
2320	2322	2321
2315	2324	2323
2279	2325	2278
2325	2279	2326
2280	2326	2279
2326	2280	2327
2278	2328	2281
2328	2278	2329
2329	2278	2325
2281	2328	2291
2291	2328	2293
2330	2293	2328
2326	2331	2325
2327	2322	2326
2329	2332	2328
2333	2325	2331
2334	2335	2332
2322	2320	2336
2334	2331	2336
2331	2334	2333
2326	2322	2331
2285	2321	2286
2321	2322	2327
2285	2284	2252
2316	2289	2293
2289	2316	2297
2338	2330	2339
2330	2338	2337
2340	2337	2338
2340	2304	2302
2304	2340	2310
2304	2005	2302
2005	2304	2004
2319	2313	2312
2313	2319	2341
2331	2322	2336
2343	2345	2344
2345	2343	2342
2318	2342	2319
2342	2318	2346
2319	2343	2341
2343	2319	2342
2343	2323	2324
2323	2343	2347
2320	2344	2336
2344	2320	2347
2336	2345	2334
2345	2336	2344
2334	2348	2335
2348	2334	2345
2335	2346	2317
2346	2335	2348
2346	2318	2317
1726	2121	2020
1726	1887	2121
1887	1726	2230
2230	1886	1887
1886	2230	2231
2231	2117	1886
2117	2231	2232
2232	1768	2117
1768	2232	1959
1768	1377	1356
1377	1768	1959
1840	2035	1990
2035	1840	1965
1966	2349	7925
2349	1966	2019
1738	1739	1915
99	2350	1822
2350	99	1048
1747	1748	1847
1889	2039	1945
2014	1823	1824
1823	2014	1951
1951	1847	1823
1847	1951	1747
2046	1889	1890
1889	2046	2039
2003	1983	1982
1983	2003	2000
2049	1890	1996
1890	2049	2046
1824	1982	2014
1982	1824	2003
2048	1996	2045
1996	2048	2049
2058	2045	2057
2045	2058	2048
2068	2057	2067
2057	2068	2058
2000	2072	1983
2072	2000	2073
2073	2067	2072
2067	2073	2068
99	1822	98
1798	2062	1974
2062	1798	1796
2076	7926	2349
7926	2076	2070
2351	2352	7927
2352	2002	2353
2351	2002	2352
2062	2019	1974
2019	2062	2059
1822	2350	1821
2350	2002	1821
2002	2350	2353
7927	2070	2351
2070	7927	7926
2349	2059	2076
2059	2349	2019
1965	1841	1964
1841	1965	1840
1841	1753	1798
1753	1841	1752
2114	2062	1796
2062	2114	2061
2113	1796	1797
1796	2113	2114
1759	1797	1761
1797	1759	2113
1792	2354	304
2350	7916	2355
7916	2350	1048
2355	2353	2350
2353	2355	7928
1863	1020	1862
1020	1863	1376
2284	2286	2327
2286	2321	2327
2323	2314	2315
2343	2324	2341
2315	2341	2324
2341	2315	2313
2285	2314	2321
2314	2320	2321
2320	2314	2323
2323	2347	2320
2280	2284	2327
2240	2196	2135
2196	2240	2217
2135	2243	2240
2243	2135	2136
2210	2104	2228
1797	1750	1761
1750	1797	1753
2325	2332	2329
2332	2325	2333
2333	2334	2332
2332	2339	2330
2317	2340	2338
2340	2317	2310
2317	2339	2335
2339	2317	2338
2339	2332	2335
2307	2254	2300
2308	2300	2235
2300	2301	2299
2301	1949	2299
1949	2301	2256
2256	2255	1949
2255	1816	1949
1816	2255	2042
1816	1787	1999
1787	1816	2042
1787	2150	1999
2150	1787	1784
1998	1937	1859
1937	1998	1894
1998	1739	1740
1739	1998	1859
1837	2077	1858
1857	1856	1853
1914	1857	1853
1857	1914	1915
2206	2140	2137
2140	2216	2209
1831	1972	1902
1902	2108	1901
2108	1902	1972
1986	1987	1938
1987	1908	1938
1908	1987	2118
2118	1907	1908
1907	2118	1973
1971	1907	1973
1907	1971	2010
2292	2296	2294
2296	2115	2294
2115	2296	1940
1940	1867	2115
2012	2022	2011
2022	2121	2109
1726	2020	1725
2020	2021	2124
2112	2155	2110
2110	2154	2092
2154	2110	2155
2092	1992	2089
1992	2092	2154
1992	1903	2089
1903	1992	1906
2093	1844	1845
1844	2093	2094
2032	2122	1981
1875	2017	2018
2017	1875	1876
1931	2091	2090
2091	1931	1932
1994	2090	2088
2090	1994	1931
1845	2018	2093
2018	1845	1875
1876	2163	2017
2163	1876	2026
2033	2088	2087
2088	2033	1994
2056	2087	2084
2087	2056	2033
2066	2084	2085
2084	2066	2056
2026	2085	2163
2085	2026	2066
2111	1932	2122
1932	2111	2091
2111	2032	2112
2032	2111	2122
1921	2038	2160
2151	2197	2266
1936	1933	2161
2200	2159	2265
1780	2259	2261
2259	1780	1781
1781	2258	2259
2258	1781	2119
2126	2264	2262
2264	2126	2127
1933	2260	2161
2260	1933	2148
2148	2262	2260
2262	2148	2126
2127	2266	2264
2266	2127	2151
2156	2261	2263
2261	2156	1780
2159	2263	2265
2263	2159	2156
1922	2153	2037
1993	2164	2173
2178	2356	2181
2192	2188	2218
2188	2229	2220
1922	1991	2153
1991	1922	1923
2357	1921	2119
1921	2357	1924
2165	2357	2358
2357	2165	1924
1923	1993	1991
1993	1923	2164
2170	2358	2359
2358	2170	2165
2164	2298	2173
2298	2164	2169
2178	2359	2356
2359	2178	2170
2169	2184	2298
2184	2169	2177
2177	2187	2184
2187	2177	2182
2356	2189	2181
2189	2356	2360
2188	2360	2229
2360	2188	2189
2190	2192	2193
2192	2190	2188
2193	2182	2190
2182	2193	2187
2119	2167	2357
1895	1761	1750
1761	1895	1950
1958	1985	1984
1985	1958	2030
1800	1801	1985
2119	1782	2167
2167	2358	2357
2358	2167	2168
2168	2359	2358
2359	2168	2171
2171	2356	2359
2356	2171	2179
2179	2360	2356
2360	2179	2183
2183	2229	2360
2161	2258	2160
2258	1921	2160
1921	2258	2119
2302	2309	2340
2309	2337	2340
2337	2309	2316
2293	2337	2316
2337	2293	2330
2346	2345	2342
2345	2346	2348
2343	2344	2347
2175	2361	2174
2144	2174	2361
2174	2144	2145
2176	1728	1892
1728	2176	2107
1892	2175	2176
2175	1892	2028
2028	2361	2175
2361	2028	2044
2361	2044	2144
2044	2236	2144
2236	2147	2144
2147	2236	2238
2103	2217	2362
2217	2103	2210
2362	2102	2103
2102	2362	2239
2102	2237	2247
2237	2102	2239
2237	1785	2247
1785	2237	2043
2043	1784	1785
2043	2150	1784
2043	2029	2150
2029	1839	2150
2238	2242	2243
2243	2147	2238
2147	2136	2146
2136	2147	2243
2136	2134	2146
2217	2241	2362
2362	2242	2239
2242	2362	2241
2242	2238	2239
1761	1950	1760
1760	1948	1872
1948	1760	1950
1872	1947	1871
1947	1872	1948
1947	2025	1871
2025	1807	1871
1807	2025	2023
2023	1806	1807
1806	2023	1855
1927	1855	2023
1855	1927	1854
1855	1856	2077
2077	1857	1858
1857	2077	1856
1795	1792	304
1970	2354	1792
2354	1970	2257
1998	1740	1997
1740	2007	1997
2007	1740	1737
1737	1811	2007
1811	1737	1827
1827	1810	1811
1810	1827	1828
1828	1829	1810
1810	1830	1809
1830	1810	1829
2257	1809	1830
1809	2257	1970
2330	2328	2332
2277	2291	2290
2291	2277	2281
2277	2288	2273
2288	2277	2290
2288	2267	2273
2267	2288	2269
2292	2287	2289
2267	1863	1860
2296	2297	2295
2297	2296	2292
2297	2316	2295
2287	2292	2268
1848	881	2040
2115	1885	2116
1885	2115	1868
1885	1869	1884
1869	1885	1868
1869	2109	1884
2002	2351	2001
2071	2001	2351
2001	2071	2074
2351	2070	2071
2069	2070	2076
2074	2071	2075
2071	2069	2075
2078	2075	2069
7928	2352	2353
2352	7928	7927
7926	7925	2349
1878	151	2257
151	152	2257
304	2354	152
2354	2257	152
164	1355	677
2363	4677	2364
4677	2363	4676
2367	2365	2368
2365	2367	2366
2367	4675	2369
4675	2367	4674
2370	2372	2371
2372	2370	2373
2374	2367	2369
2367	2374	2366
2363	2374	2369
2374	2363	2370
2370	2364	2373
2364	2370	2363
2377	2375	2378
2375	2377	2376
2379	20	2380
20	2379	19
2375	2368	2365
2368	2375	2376
2383	2381	2384
2381	2383	2382
2382	27	2381
27	2382	26
27	2385	2381
2385	27	4671
2378	2384	2377
2384	2378	2383
4672	2384	2386
2384	4672	2377
2366	2374	2387
2387	2370	2388
2370	2387	2374
2391	2389	2392
2389	2391	2390
2395	2393	2396
2393	2395	2394
2399	2397	2400
2397	2399	2398
2403	2401	2404
2401	2403	2402
2407	2405	2408
2405	2407	2406
2411	2409	2412
2409	2411	2410
2415	2413	2416
2413	2415	2414
2419	2417	2420
2417	2419	2418
2421	3137	2422
3137	2421	3449
2425	2423	2426
2423	2425	2424
2429	2427	2430
2427	2429	2428
2431	2433	2432
2436	2434	2437
2434	2436	2435
2438	2440	2439
2443	2441	2444
2441	2443	2442
2447	2445	2448
2445	2447	2446
2449	2451	2450
2453	2452	2454
2452	2453	2392
2457	2455	2458
2455	2457	2456
2461	2459	2462
2459	2461	2460
2465	2463	2466
2463	2465	2464
2420	2467	2419
2467	2420	2468
2469	2471	2470
2474	2472	2475
2472	2474	2473
2476	2478	2477
120	2480	2479
2480	120	121
2483	2481	2484
2481	2483	2482
2487	2485	2488
2485	2487	2486
2491	2489	2492
2489	2491	2490
2493	137	2494
137	2493	136
2497	2495	2498
2495	2497	2496
2501	2499	2502
2499	2501	2500
2505	2503	2506
2503	2505	2504
2508	2417	2509
2417	2508	2507
2512	2510	2513
2510	2512	2511
2516	2514	2517
2514	2516	2515
2520	2518	2521
2518	2520	2519
2522	2524	2523
2524	2522	2525
2527	2481	2528
2481	2527	2526
2531	2529	2532
2529	2531	2530
2535	2533	2536
2533	2535	2534
2539	2537	2540
2537	2539	2538
2543	2541	2544
2541	2543	2542
2547	2545	2548
2545	2547	2546
2387	2549	2550
2549	2387	2388
2551	195	196
195	2551	2552
2553	2555	2554
2440	2556	2557
2556	2440	2438
2558	2560	2559
2480	2561	2563
2561	2480	2562
2564	2566	2565
2569	2567	2570
2567	2569	2568
2572	2571	2573
2571	2572	2540
219	2575	2574
2575	219	220
2578	2576	2579
2576	2578	2577
2582	2580	2583
2580	2582	2581
2586	2584	2587
2584	2586	2585
2590	2588	2591
2588	2590	2589
2594	2592	2595
2592	2594	2593
2598	2596	2599
2596	2598	2597
2600	2602	2601
2605	2603	2606
2603	2605	2604
2609	2607	2610
2607	2609	2608
2613	2611	2614
2611	2613	2612
2617	2615	2618
2615	2617	2616
2621	2619	2622
2619	2621	2620
2625	2623	2626
2623	2625	2624
2365	2628	2627
2518	2629	2630
2629	2518	2519
2431	2413	2414
2633	2631	2634
2631	2633	2632
2635	2637	2636
2640	2638	2641
2638	2640	2639
2559	2642	2643
2642	2559	2560
2646	2644	2647
2644	2646	2645
2650	2648	2651
2648	2650	2649
2654	2652	2655
2652	2654	2653
2658	2656	2659
2656	2658	2657
2660	2516	2661
2516	2660	2515
2663	2408	2405
2408	2663	2662
2664	2666	2665
2667	2669	2668
2669	2667	2670
2673	2671	2674
2671	2673	2672
2531	2675	2530
2675	2531	2676
2677	2679	2678
2682	2680	2683
2680	2682	2681
2684	2686	2685
2688	2389	2390
2389	2688	2687
2691	2689	2692
2689	2691	2690
2694	2550	2549
2550	2694	2693
2697	2695	2698
2695	2697	2696
2701	2699	2702
2699	2701	2700
2598	2703	2705
2703	2598	2704
2708	2706	2709
2706	2708	2707
2710	2712	2711
2715	2713	2716
2713	2715	2714
2719	2717	2720
2717	2719	2718
2721	2723	2722
2726	2724	2727
2724	2726	2725
2730	2728	2731
2728	2730	2729
2732	2425	2426
2556	2438	2733
2735	2634	2631
2634	2735	2734
2596	2736	2737
2736	2596	2597
2739	2738	2740
2738	2739	2687
2743	2741	2744
2741	2743	2742
2745	2747	2746
2686	2748	2685
2748	2686	2749
2372	2503	2750
2751	2752	400
2752	2751	2753
2756	2754	2757
2754	2756	2755
2467	2758	2759
2758	2467	2468
2762	2760	2763
2760	2762	2761
2765	2490	2766
2490	2765	2764
2768	2648	2649
2648	2768	2767
2771	2769	2772
2769	2771	2770
2411	2773	2774
2773	2411	2412
2777	2775	2558
2775	2777	2776
2558	2559	2778
2780	2504	2505
2504	2780	2779
2779	2782	2781
2782	2779	2780
2785	2783	2786
2783	2785	2784
2787	2388	2371
2788	2531	2789
2790	2453	2454
2793	2791	2794
2791	2793	2792
2796	2432	2433
2432	2796	2795
2792	2798	2797
2798	2792	2793
2798	2799	2801
2799	2798	2800
2804	2802	2805
2802	2804	2803
2808	2806	2809
2806	2808	2807
2812	2810	2813
2810	2812	2811
2816	2814	2817
2814	2816	2815
2819	2818	2820
2818	2819	2677
2745	2821	2747
2822	2824	2823
2815	2825	2814
2825	2815	2826
2829	2827	2830
2827	2829	2828
2833	2831	2834
2831	2833	2832
2837	2835	2838
2835	2837	2836
2495	2496	2839
2842	2840	2843
2840	2842	2841
2562	491	2844
491	2562	490
2572	2573	2845
2848	2846	2849
2846	2848	2847
2850	2658	2659
2534	2383	2851
2854	2852	2851
2852	2854	2853
2751	400	503
2855	2857	2856
2858	2567	2859
2567	2858	2570
2860	2862	2861
2863	2865	2864
2868	2866	2646
2866	2868	2867
2732	2642	2560
2642	2732	2426
2869	2871	2870
2874	2872	2869
2872	2874	2873
2876	2862	2877
2862	2876	2875
2879	2637	2635
2637	2879	2878
2880	2593	2881
2593	2880	2592
2884	2882	2885
2882	2884	2883
2690	2797	2886
2797	2690	2792
2888	2650	2651
2650	2888	2887
2665	2889	2890
2889	2665	2666
2891	2893	2892
2894	2581	2895
2581	2894	2580
2898	2896	2899
2896	2898	2897
2902	2900	2903
2900	2902	2901
2904	2906	2905
2909	2907	2910
2907	2909	2908
2913	2911	2914
2911	2913	2912
2917	2915	2918
2915	2917	2916
2722	2726	2727
2726	2722	2919
2919	2920	2726
2921	2923	2922
2868	2646	2647
2717	2633	2634
2633	2717	2924
2927	2925	2928
2925	2927	2926
2930	2501	2931
2501	2930	2929
2741	2583	2744
2583	2741	2582
2933	2932	2934
2932	2933	2788
2935	2676	2936
2676	2935	2675
2937	2939	2938
2941	2940	2424
2940	2941	2672
2693	2942	2550
2942	2693	2943
2945	2714	2715
2714	2945	2944
2700	2514	2515
2514	2700	2946
2670	2636	2637
2947	2873	2948
2873	2947	2872
2951	2949	2952
2949	2951	2950
2555	2953	2554
2953	2555	2954
2957	2955	2958
2955	2957	2956
2955	2547	2548
2960	2736	2597
2736	2960	2959
2963	2961	2753
2961	2963	2962
2964	2962	2965
2962	2964	2961
2574	2966	2494
2969	2967	2970
2967	2969	2968
2457	2799	2971
2799	2457	2458
2974	2972	2975
2972	2974	2973
2703	2976	2978
2976	2703	2977
2979	2981	2980
2702	2982	2701
2982	2702	2442
2939	2843	2611
2985	2983	2986
2983	2985	2984
2988	2710	2711
2710	2988	2987
2935	2674	2675
2674	2935	2989
2990	2992	2991
2994	2626	2995
2626	2994	2993
2837	2996	2836
2996	2837	2997
2999	2559	2643
2559	2999	2998
3002	3000	3003
3000	3002	3001
2725	2758	2724
3004	3006	3005
3006	3007	3009
3007	3006	3008
3011	2527	2528
2527	3011	3010
2528	2748	3012
3015	3013	3016
3013	3015	3014
2684	3017	3018
3017	2684	2685
3019	3021	3020
3021	3019	3022
3024	3023	3025
3023	3024	2602
3028	3026	3029
3026	3028	3027
2453	2391	2392
2391	2453	2497
2520	3030	3031
3030	2520	2521
2839	3032	3033
3032	2839	2496
3032	2790	3034
2790	3032	2496
2853	3035	2852
3035	2853	3036
3037	685	3038
685	3037	684
3039	2620	2986
2620	3039	2619
2697	3040	2696
3040	2697	3041
2429	3042	2428
3042	2429	3043
3044	3047	3046
3047	3044	3048
3051	3049	3052
3049	3051	3050
2577	3053	3054
3053	2577	2578
2492	3055	2491
3055	2492	3056
3057	2694	2549
2796	3058	2795
3058	2796	3059
3062	3060	3063
3060	3062	3061
2820	2818	3064
3067	3065	3068
3065	3067	3066
3071	3069	3072
3069	3071	3070
2628	2365	3073
2965	2760	3074
2760	2965	2441
3075	2802	3076
2802	3075	2805
2863	2864	3077
3078	3080	3079
3081	2723	2653
3082	2653	2721
2653	3082	2652
3085	3083	3086
3083	3085	3084
2371	2876	2787
3088	2565	2566
2565	3088	3087
3089	2902	2903
2366	2465	2466
3091	2992	3092
2992	3091	3090
3093	2824	3094
3093	2823	2824
3093	3095	2823
3098	3096	3099
3096	3098	3097
3101	3100	3102
3100	3101	2940
3103	2465	2943
2465	3103	2464
2463	2467	2759
2467	2463	2464
2608	2382	2607
2608	26	2382
2608	751	26
2461	3104	3105
3104	2461	2462
2997	3106	3107
3106	2997	2837
2671	2529	2530
2529	2671	3108
2515	2699	2700
2699	2515	2660
2527	3109	2526
3109	2527	3110
3113	3111	3114
3111	3113	3112
2645	3116	3115
2561	2844	2811
2844	2561	2562
3117	2778	2559
3118	2594	3119
2594	3118	2593
2605	2754	2755
2754	2605	3120
3122	3056	2492
3056	3122	3121
3123	2879	2635
2891	3124	3126
3124	2891	3125
3127	3129	3128
2874	2869	2870
3130	2516	3131
2670	2872	2947
2872	2670	2667
2711	3132	2988
3132	2711	3133
2501	3132	3133
3136	3134	2398
3134	3136	3135
3137	3139	3138
2630	2629	3140
3142	3141	3143
3141	3142	3015
3144	3101	3145
2726	3146	2725
3146	2726	3147
3148	2684	3149
2684	3148	2686
2745	3148	2586
3148	2745	2746
2491	3150	2490
2602	2491	2601
2750	2371	2372
2371	2750	2478
3151	3153	3152
3154	3065	3155
3065	3154	3068
2862	3156	2877
3156	2862	2860
2924	2717	2718
3159	3157	3160
3157	3159	3158
2763	2442	2702
2442	2763	2441
2742	810	2741
810	2742	809
3003	3161	3162
3161	3003	3000
2867	2584	2866
2584	2867	2587
3075	2769	3164
2769	3075	3163
3166	2609	2610
2609	3166	3165
2578	3167	2555
3167	2578	2579
3169	3092	2992
3092	3169	3168
2707	3170	2706
3170	2707	3171
3174	3172	3175
3172	3174	3173
3177	3176	3178
3176	3177	3139
3181	3179	3182
3179	3181	3180
3182	3183	3181
3183	3182	3184
2366	2942	2465
2942	2366	2387
3187	3185	3188
3185	3187	3186
3190	3189	3191
3189	3190	3140
2560	2775	2732
2775	2560	2558
2922	3193	3192
3192	3145	3194
3145	3192	3193
2714	3195	3036
3195	2714	2944
3197	2928	2925
2928	3197	3196
2794	3198	2793
3198	2794	3199
3200	2574	2575
2574	3200	2966
2424	2644	2423
3203	3201	2545
3201	3203	3202
3204	2520	3205
2520	3204	2519
2864	3206	3207
3206	2864	2865
3210	3208	3211
3208	3210	3209
3213	2716	2713
2716	3213	3212
2809	3214	3216
3214	2809	3215
3177	2431	2414
2431	3177	3178
3217	2438	3218
2438	3217	2733
3219	3221	3220
3205	3223	3222
3077	3224	3124
3147	3073	3146
3073	3147	2628
2851	2383	2854
2496	2453	2790
2453	2496	2497
3225	2506	3226
3229	3227	3230
3227	3229	3228
3223	3231	3222
3231	3223	3232
2531	2532	2789
3235	3233	3236
3233	3235	3234
3239	3237	3240
3237	3239	3238
2817	3241	2816
3241	2817	3242
3243	3108	2425
3108	3243	2529
2627	2375	2365
2375	2627	3244
2978	2705	2703
2705	2978	3245
2868	3193	3246
3193	2868	2647
3012	2822	3011
3247	2418	3248
2527	3249	3110
3249	2527	3010
3250	2583	2580
2583	3250	2764
3251	3253	3252
3253	3251	2768
3005	3006	3009
2699	2763	2702
2763	2699	2762
2739	2737	3255
2737	2739	3254
2442	2812	2982
2812	2442	2443
2754	907	2757
907	2754	906
2591	2690	2886
2690	2591	2689
3257	2834	3258
2834	3257	3256
2879	3259	2878
3259	2879	3260
2919	3261	2920
3060	2698	2695
2698	3060	3061
2680	3262	2683
3262	2680	3263
2563	2962	2963
2962	2563	2444
3006	3221	3008
3221	3006	3264
3265	2885	3266
2885	3265	2884
3137	3267	2422
3267	3137	3138
3270	3268	2460
3268	3270	3269
2568	3271	3272
3271	2568	2569
3165	923	2609
923	3165	922
3103	2467	2464
2467	3103	2419
3274	2461	3105
2461	3274	3273
2845	2573	2473
2896	2990	2991
2744	3275	2743
3275	2744	2765
3277	2743	3278
2743	3277	3276
3106	3279	3107
3279	3106	3280
3150	2602	3024
2906	3044	2905
3044	2906	3048
3196	3081	3281
3081	3196	2924
2748	3017	2685
3017	2748	2917
3284	3282	3285
3282	3284	3283
3285	3286	3287
3286	3285	3282
3290	3288	3291
3288	3290	3289
3054	3292	2577
2481	2748	2528
2748	2481	2482
3168	2907	3293
2907	3168	2910
3296	3294	3297
3294	3296	3295
3298	3261	3299
3261	3298	2920
3180	3300	3301
3300	3180	3181
2881	3302	2880
3302	2881	3303
3305	3118	3306
3118	3305	3304
3256	3307	2834
3307	3256	3308
2834	3309	2833
3309	2834	3307
3312	3310	3313
3310	3312	3311
3316	3314	3225
3314	3316	3315
3319	3317	3320
3317	3319	3318
2674	2511	2673
2674	2510	2511
2674	2989	2510
3321	2904	3322
2904	3321	3323
2418	2419	3248
3324	2419	3103
2801	2886	2797
2886	2801	3325
3040	978	2696
978	3040	977
3326	2415	2416
2723	2721	2653
2611	2840	2614
2840	2611	2843
2975	3327	3095
3327	2975	2972
3328	3236	3329
3236	3328	3235
2720	2634	2734
2634	2720	2717
3332	3330	3333
3330	3332	3331
3334	2956	2957
2611	3335	2939
3335	2611	2612
3049	2817	2814
2817	3049	3336
2791	2690	2691
2690	2791	2792
2738	2688	3338
2688	2738	2687
2410	3339	2409
3339	2410	3340
3341	2586	2587
2586	3341	2745
2759	3146	2463
3146	2759	2725
3344	3342	3345
3342	3344	3343
3346	3348	3347
2698	3349	2697
3349	2698	3350
3351	2899	3352
2899	3351	2898
3138	2860	2861
2860	3138	3139
2657	3353	2656
3353	2657	3354
2947	2948	3125
3357	3355	3358
3355	3357	3356
2901	2564	3360
2564	2901	3359
3361	3700	3362
3700	3361	2861
2554	2889	2553
2889	2554	2890
3301	3363	3180
3363	3301	3364
3365	2699	2660
2699	3365	2762
2440	2557	2423
2644	3101	3144
2969	2513	2968
2513	2969	2512
3367	2540	2572
2540	3367	3366
2428	3368	2427
3368	2428	3369
3198	3199	3370
2809	3371	2808
3371	2809	3216
3372	809	2742
809	3372	1023
2752	3373	3375
3373	2752	3374
3376	2554	2448
2554	3376	2890
2694	3058	3377
3058	2694	3057
2788	3378	2932
3378	2788	2789
3235	3379	3234
3379	3235	3380
2999	2983	2998
2983	2999	3381
2418	2509	2417
2509	2418	3247
3382	2587	2867
2587	3382	3341
2993	1034	1035
1034	2993	2994
2954	2555	3167
3383	2621	3384
2621	3383	2620
2726	2920	3147
3387	3385	3388
3385	3387	3386
2819	2596	3389
2596	2819	2599
3392	3390	3393
3390	3392	3391
3246	2922	3394
2922	3246	3193
3395	3396	2455
2973	2976	2977
2976	2973	2974
3397	3092	3398
3092	3397	3091
2692	3189	2691
3189	2692	3191
3400	2828	2829
2828	3400	3399
2769	3401	2772
2535	2383	2534
2383	2535	2382
2732	3243	2425
2584	3402	2866
2664	3403	2778
3403	2664	3404
2629	3189	3140
3189	2629	3405
2577	2897	2576
2897	2577	3292
2986	3381	3039
3381	2986	2983
3300	3406	2537
2876	2415	2787
2415	2876	2877
3407	2569	3408
2569	3407	3271
2403	1061	2402
2847	2848	3409
3095	3411	3410
3383	2986	2620
2986	3383	2985
3246	2867	2868
2867	3246	3382
3414	3412	3415
3412	3414	3413
3203	3266	3417
3266	3203	3416
2387	2550	2942
2398	2908	3136
2908	2398	2907
3418	3420	3419
3420	3418	3421
2974	3390	2976
3390	2974	3422
3423	2536	2533
2661	3365	2660
3365	2661	2883
3425	3198	3370
3198	3425	3424
3426	3089	3427
3089	3426	2902
2470	2537	2538
2537	2470	2471
2738	2430	2740
2430	2738	2429
3003	3083	3002
3196	2654	2928
2654	3196	3281
2786	3428	3005
3428	2786	3429
2671	2675	2674
2675	2671	2530
3319	3430	3431
3430	3319	3320
2919	3432	3261
3432	2919	2722
3435	3433	3436
3433	3435	3434
2941	2424	2425
3437	3284	3438
3284	3437	3283
3064	3439	3440
3439	3064	2818
3058	3324	3377
3324	3058	3059
2564	3091	3397
3091	2564	3359
3441	3442	3102
2750	2504	3443
2504	2750	2503
2573	3444	3445
3444	2573	2571
3446	3374	3447
3374	3446	3373
3204	2629	2519
2629	3204	3405
2547	3448	2546
3448	2547	2956
3176	3137	3449
3137	3176	3139
3427	3352	2899
3352	3427	3089
3450	1105	3451
1105	3450	1104
3166	2536	3452
2536	3166	2610
2378	2854	2383
2854	2378	3213
3392	3453	3454
3453	3392	3393
2842	3236	2841
3236	2842	3329
3455	2785	3456
2785	3455	2784
2808	3457	3458
3457	2808	3371
3454	3459	3460
3459	3454	3453
3242	3461	3463
3461	3242	3462
2884	3365	2883
2434	3206	3464
3206	2434	2435
2664	2778	3117
3432	3465	3261
3466	2600	3467
2600	3466	3023
2830	3468	2829
3468	2830	2679
3468	2677	3469
2677	3468	2679
2677	3389	3469
3389	2677	2819
3470	3400	3368
3400	3470	3399
3400	2427	3368
2427	3400	3471
2430	3471	3472
3471	2430	2427
3472	2740	2430
2740	3472	3473
2740	3254	2739
3254	2740	3473
2492	3474	3122
3474	2492	2489
2604	2755	3475
2755	2604	2605
2604	3476	3477
3476	2604	3475
2955	3478	2958
3478	2955	3479
2490	3250	2489
3250	2490	2764
3150	2491	2602
3064	3480	3481
3480	3064	3440
3203	2929	3202
2930	2830	2827
2830	2930	3482
2599	2820	3483
2820	2599	2819
3483	2598	2599
2598	3483	2704
2960	2597	2705
3043	3484	3486
3484	3043	3485
2687	3255	2389
3255	2687	2739
3043	2738	3338
2738	3043	2429
2603	2604	3477
3479	3487	3478
3487	3479	3488
3479	3489	3488
3489	3479	3490
3474	2603	3487
2603	3474	3491
3488	3474	3487
3474	3488	3122
3122	3489	3121
3489	3122	3488
3493	3492	3494
3492	3493	3369
3495	2742	3276
2742	3495	3372
3495	3276	3277
3277	2459	3495
2459	3277	2462
2462	3496	3104
3496	2462	3277
3277	3497	3496
3497	3277	3278
3498	3275	3499
2472	3500	2475
3500	2472	3501
3502	3504	3503
3505	3502	3506
3502	3505	3504
3458	2807	2808
2807	3458	3507
3238	2538	2539
2538	3238	3239
3508	2538	3239
2538	3508	2470
3406	3300	3509
3430	3506	3502
3506	3430	3320
3503	2475	3500
3510	2475	3503
2475	3510	2474
2474	3510	2845
2845	3511	2572
2572	3512	3367
3514	3240	3237
3240	3514	3513
3515	3517	3516
3518	3290	3519
3290	3518	3289
3521	3328	3329
3328	3521	3520
3521	3522	3520
3522	3521	3523
3521	3524	3523
3524	3521	2937
3523	3525	3526
3525	3523	3524
3221	3174	3008
3174	3221	3219
3174	3007	3008
3007	3174	3527
3529	3455	3456
3455	3529	3528
2547	2955	2956
3078	3079	3530
3531	2828	3399
3400	2829	3471
2829	3472	3471
3472	2829	3468
3468	3473	3472
3473	3468	3469
3469	3254	3473
3254	3469	3389
3389	2737	3254
2737	3389	2596
3264	3006	3004
3534	3532	3535
3532	3534	3533
2773	3536	2774
3536	2773	3537
2498	2391	2497
2391	2498	3538
3528	2391	3538
2391	3528	2390
2537	3301	3300
3301	2537	2471
3269	1195	3268
1195	3269	1194
3276	2742	2743
3250	3474	2489
3474	3250	3491
3540	2409	3339
2409	3540	3539
2409	3539	3541
2761	3074	2760
3074	2761	3542
3543	2957	3530
2957	3543	3334
3334	3543	3544
3447	3545	3446
3545	3447	3546
3317	3547	3548
3547	3317	3025
3547	3550	3549
3491	2606	2603
2606	3491	2894
3250	2894	3491
2894	3250	2580
3543	3079	3545
3079	3543	3530
3080	3545	3079
3545	3080	3446
2756	3446	3080
3446	2756	3373
2756	3375	3373
3375	2756	2757
2757	1208	3375
1208	2757	907
2964	3447	2961
3447	2964	3546
3447	3374	2961
3552	2806	2807
2806	3552	3551
3505	3553	3555
3553	3505	3554
3556	3554	3557
3554	3556	3553
3557	3558	3559
3558	3557	3554
3559	3558	3549
3560	3552	3561
3552	3560	3551
2455	3562	2887
3562	2455	3563
2649	3019	3564
2887	3021	3022
3021	2887	3562
2888	2455	2887
2455	2888	2458
3325	2591	2886
2591	3325	2590
3084	3085	3565
2588	3566	3567
3566	2588	2589
3526	3522	3523
3522	3526	2689
2893	2891	3126
2767	3568	3570
3568	2767	3569
3571	2767	3570
2767	3571	2648
3521	2842	2937
2842	3521	3329
3032	2614	2840
2614	3032	3034
2937	2843	2939
2843	2937	2842
2858	3572	3460
3572	2858	2859
3572	3014	3573
3014	3572	2859
3573	3015	3142
3015	3573	3014
3576	3574	3063
3574	3576	3575
3579	3577	3580
3577	3579	3578
3060	3576	3063
2542	2949	2541
2949	2542	2952
3131	2517	3581
2517	3131	2516
3582	2499	3583
2499	3582	2502
2885	2499	2500
2499	2885	2882
3266	2500	3417
2500	3266	2885
3448	3416	2546
3416	3448	3584
2546	3203	2545
3203	2546	3416
2982	2979	2701
2979	2982	2981
2460	3273	3270
3273	2460	2461
2820	3050	3483
3050	2820	3585
3483	3051	2704
3051	3483	3050
3051	2703	2704
2703	3051	2977
3095	3410	2975
3588	3586	3589
3586	3588	3587
3592	3590	3593
3590	3592	3591
3590	2683	3262
3596	3594	3037
3594	3596	3595
3597	3088	3598
3088	3597	3087
3151	2994	2995
2994	3151	3152
3336	3242	2817
3242	3336	3462
2825	3049	2814
3049	2825	3052
3585	3049	3050
3049	3585	3336
2973	2825	2972
2825	2973	3052
2972	2826	3327
2826	2972	2825
3528	3529	3599
3533	3600	3601
3600	3533	3534
3000	3602	3603
3602	3000	3001
3606	3604	3607
3604	3606	3605
3610	3608	3611
3608	3610	3609
3608	3609	3515
3179	2494	3182
2494	3179	2493
2982	2812	2813
2981	2401	2980
2401	2981	2404
2561	2444	2563
2444	2561	2443
2561	2812	2443
2812	2561	2811
3613	3484	3485
3484	3613	3612
2495	2784	2498
2784	2495	2783
3455	2498	2784
2498	3455	3538
3538	3455	3528
2960	3245	3157
3245	2960	2705
3614	3157	3245
3157	3614	3160
3617	3615	3618
3615	3617	3616
3618	3619	3620
3619	3618	3615
3619	3573	3620
3573	3619	3572
3003	3162	3083
3220	3535	3219
3535	3515	3621
3621	3516	3622
3516	3621	3515
3623	3516	3624
3516	3623	3622
3623	3625	3626
3625	3623	3624
3629	3627	3630
3627	3629	3628
3631	3630	3536
3630	3631	3629
2410	3127	3340
3127	2410	2411
2912	3288	2911
3288	2912	3291
3288	3457	3371
3457	3288	3289
3518	3457	3289
3457	3518	3632
3632	3458	3457
3458	3632	3633
3607	3519	3634
3519	3607	3518
3604	3518	3607
3518	3604	3632
3604	3633	3632
3633	3604	3635
3207	3206	2435
3600	3603	3602
3603	3600	3636
3636	3637	3603
3637	3636	3220
3638	3601	3639
3601	3638	3533
3605	3639	3640
3639	3605	3638
3557	3215	3556
3215	3557	2487
3557	2486	2487
2486	3557	3559
3559	3641	2486
3641	3559	3549
2913	3413	3414
3413	2913	2914
2488	3215	2487
3215	2488	3214
3288	3216	2911
3216	3288	3371
3216	2914	2911
2914	3216	3214
2914	2488	3413
2488	2914	3214
2485	3413	2488
3413	2485	3412
3507	3633	3642
3633	3507	3458
3642	3635	3643
3635	3642	3633
2437	3639	2436
3639	2437	3640
3639	3644	2436
3644	3639	3601
3628	3626	3625
3626	3628	3629
3631	3358	3355
3358	3631	3645
3516	3517	3646
3641	3647	2639
3647	3641	3549
2638	3467	3540
3467	2638	3466
3540	3467	3539
2412	3541	3648
3541	2412	2409
2412	3649	2773
3649	2412	3648
3484	3358	3645
3358	3484	3612
3358	3612	3357
3209	3340	3650
3340	3209	3339
2786	3651	3429
3651	2786	2783
2495	3651	2783
3651	2495	2839
3233	2839	3033
2839	3233	3651
3033	3236	3233
3236	3033	2841
3429	3379	3428
3379	3429	3234
3429	3233	3234
3233	3429	3651
2938	3525	3524
3525	2938	3652
3143	3652	2938
3652	3143	3141
2630	3111	2518
3111	2630	3114
3111	3311	3653
3311	3654	3653
3654	3311	3312
2689	2588	3522
2588	2689	2591
3522	3567	3520
3567	3522	2588
3328	3380	3235
3380	3328	3655
3520	3655	3328
3655	3520	3567
3524	2937	2938
3656	3251	2893
3251	3656	3569
3569	2768	3251
2768	3569	2767
2892	3251	3252
3251	2892	2893
2892	3252	3657
3657	3658	3660
3658	3657	3659
3077	3662	3661
3077	3661	3224
3664	3224	3661
3224	3664	3663
3606	3607	3634
2774	3630	3129
3630	2774	3536
3629	3355	3626
3355	3629	3631
3626	3356	3623
3356	3626	3355
3623	3172	3622
3172	3623	3356
3622	3173	3621
3173	3622	3172
3535	3608	3515
3219	3173	3174
3219	3621	3173
3621	3219	3535
3493	3368	3369
3368	3493	3470
3460	3619	3454
3619	3460	3572
3454	3615	3392
3615	3454	3619
3453	3665	3459
3665	3453	3026
3422	3393	3390
3393	3422	3029
3393	3026	3453
3026	3393	3029
2938	2939	3143
3143	3335	3142
3335	3143	2939
2689	3526	2692
3666	3015	3016
3015	3666	3141
2797	2798	2801
2648	3325	2651
3325	2648	3571
3325	2888	2651
2888	3325	2801
2801	2458	2888
2458	2801	2799
2793	3198	3424
3313	3667	3312
3667	3313	3668
3667	3669	3670
3669	3667	3668
3669	2847	3670
2847	3669	2846
3113	3272	3112
3272	3113	2568
3112	2926	3671
2926	3112	3272
2927	3671	2926
3671	2927	3310
3310	3672	3313
3672	3310	2927
3672	3668	3313
3668	3672	2655
3111	3671	3311
3671	3111	3112
3671	3310	3311
3354	3031	3030
3031	3354	3673
3674	3494	3539
3494	3674	3056
3494	3056	3493
3644	3600	3675
3600	3644	3601
3675	3600	3602
3602	3662	3675
3662	3602	3001
3662	3002	3661
3002	3662	3001
3661	3002	3676
3661	3677	3664
3677	3661	3676
3568	3656	3678
3656	3568	3569
3539	3494	3541
3541	3492	3648
3492	3541	3494
3492	3649	3648
3649	3492	3042
3679	3174	3175
3174	3679	3527
3679	3612	3599
3612	3679	3357
3599	3612	3528
3528	3612	3613
2688	3528	3613
3528	2688	2390
3220	3264	3637
3264	3220	3221
3161	3004	3162
3004	3083	3162
3083	3004	3086
3004	3428	3086
3428	3004	3005
3379	3086	3428
3086	3379	3085
3565	3379	3380
3379	3565	3085
3655	3566	3680
3566	3655	3567
3561	3681	3560
3681	3561	3682
3682	3683	3684
3683	3682	3561
2662	3229	3685
3229	2662	2663
2960	3158	2959
3158	2960	3157
2452	2959	2454
2959	2452	2736
2959	2790	2454
2790	2959	3158
2392	3255	2452
3255	2392	2389
3255	2736	2452
2736	3255	2737
3172	3357	3175
3357	3172	3356
3175	3357	3679
3264	3161	3637
3161	3264	3004
3161	3603	3637
3603	3161	3000
3002	3084	3676
3084	3002	3083
3676	3565	3677
3565	3676	3084
3680	3568	3678
3568	3680	3566
3570	3566	2589
3566	3570	3568
3570	2590	3571
2590	3570	2589
3571	2590	3325
2971	2800	3686
2800	2971	2799
3190	2630	3140
2630	3190	3666
3016	2630	3666
2630	3016	3114
2468	3409	2848
3409	2468	2420
2758	2848	2849
2848	2758	2468
2721	2724	3082
2724	2721	2727
2727	2721	2722
3689	3687	3690
3687	3689	3688
3689	2722	2723
2722	3689	3432
3324	3248	2419
3248	3324	3059
2433	3691	3692
3691	2433	2431
2433	3693	2796
3693	2433	3692
3693	3059	2796
3059	3693	3248
3691	3694	3692
3692	3694	3693
3693	3694	3695
3695	3248	3693
3248	3695	3247
2795	3057	3696
3057	2795	3058
3177	2414	3156
2414	2877	3156
2877	2414	2415
2875	2876	2476
3139	3156	2860
3156	3139	3177
3138	3361	3267
3361	3138	2861
3700	3697	3362
3697	3700	3928
3927	3699	3698
3699	3927	3924
2861	2875	3700
2875	2861	2862
3205	3701	3223
3701	3205	2520
3232	3701	3702
3701	3232	3223
3033	2840	2841
2840	3033	3032
3438	3703	3704
3703	3438	3284
3705	3707	3706
3706	3707	3708
3711	3709	3712
3709	3711	3710
3704	3713	3438
3713	3704	3714
3163	3716	3715
3163	3401	2769
3401	3163	3715
3051	2973	2977
2973	3051	3052
2893	3664	3656
3664	2893	3663
3664	3678	3656
3678	3664	3677
3678	3565	3680
3565	3678	3677
3380	3680	3565
3680	3380	3655
2435	3644	3207
3644	2435	2436
3675	3207	3644
3207	3675	2864
3675	3077	2864
3077	3675	3662
2865	2863	3717
3077	3717	2863
3717	3077	3124
3718	3643	3719
3643	3718	3642
2490	3150	2766
2766	3024	3318
3024	2766	3150
3319	3499	3318
3499	3319	3498
3501	3104	3496
3104	3501	2472
2472	3105	3104
3105	2472	2473
3105	3445	3274
3445	3105	2473
3274	3444	3720
3444	3274	3445
3183	3300	3181
3300	3183	3509
2494	3184	3182
3184	2494	2966
3631	3537	3645
3537	3631	3536
3537	3484	3645
3484	3537	3486
3537	3649	3486
3649	3537	2773
3042	3486	3649
3486	3042	3043
3419	2871	3418
2871	3419	3230
3418	2869	3721
2869	3418	2871
2872	3721	2869
3721	2872	2667
2670	2947	2636
2947	2635	2636
2635	2947	3125
3199	3231	3722
3231	3199	3222
2794	3222	3199
3222	2794	3205
2794	3204	3205
3204	2794	2791
3204	2791	3405
2691	3405	2791
3405	2691	3189
3723	3031	3673
3031	3723	3701
3614	2978	3724
2978	3614	3245
2978	3390	3724
3390	2978	2976
3141	3190	3652
3190	3141	3666
3652	3191	3525
3191	3652	3190
3525	2692	3526
2692	3525	3191
2858	2857	2855
2857	2858	3460
2855	2856	3725
2967	3726	3728
3726	2967	3727
2927	2928	3672
2928	2655	3672
2655	2928	2654
2652	2846	3669
2846	2652	3082
2846	3082	2849
3082	2758	2849
2758	3082	2724
3272	2925	2926
2925	3272	3271
3312	3353	3654
3353	3312	3667
2936	2788	2933
2788	2936	2676
3729	3689	3690
3689	3729	3432
3378	2945	2932
2945	3378	2944
2945	2934	2932
2934	2945	3730
3432	3729	3465
3346	2776	3348
2776	3346	3731
3732	3135	3136
3149	3733	3734
3733	3149	2684
3735	2584	2585
2584	3735	3402
3736	2918	3343
2918	3736	2917
3343	3344	3736
2749	2747	3737
2747	2749	2746
3737	3012	2749
2821	3738	3093
3738	2821	3739
3740	3410	3411
3410	3740	3028
3740	3741	2923
2974	3410	3422
3410	2974	2975
3410	3029	3422
3029	3410	3028
3336	3481	3462
3481	3336	3585
3481	3461	3462
3461	3481	3480
3461	2712	3742
2712	3461	3480
2991	2992	3090
2990	3169	2992
3169	2990	3743
3743	2617	3169
2617	3743	2616
3359	2902	3426
2902	3359	2901
3398	3296	3397
3296	3398	3295
3398	2399	3295
2399	3398	3293
3293	2398	2399
2398	3293	2907
2615	3744	2618
3744	2615	3745
2909	3332	2908
3332	2909	3746
3136	3332	3333
3332	3136	2908
3039	3745	2615
3330	3747	3748
3747	3330	3331
2440	3116	2439
3116	2440	3115
3749	3116	2645
3116	3749	3748
3748	2439	3116
2439	3748	3747
3144	3193	2647
3193	3144	3145
3144	2647	2644
2923	2921	3750
3728	3751	3750
3751	3728	3726
3460	3459	2857
2857	3665	2856
3665	2857	3459
2850	2508	2658
2508	2850	2507
3616	3392	3615
3392	3616	3391
2921	3194	3752
3194	2921	3192
2921	3728	3750
3728	2921	3752
3317	3548	3558
3505	3558	3554
3558	3505	3506
3445	2473	2573
3754	3321	2669
3321	3754	3753
3492	2428	3042
2428	3492	3369
3034	2613	2614
2613	3034	3159
3159	3617	2613
3617	3159	3160
3617	3614	3616
3614	3617	3160
2635	2891	3123
2891	2635	3125
3123	2891	2892
2637	2669	2670
2669	2637	3754
3754	2637	2878
3719	2437	2434
2437	3719	3643
3643	3640	2437
3640	3643	3635
3635	3605	3640
3605	3635	3604
3220	3636	3534
3534	3636	3600
3230	2870	2871
2870	3230	3227
3679	3529	3527
3529	3679	3599
3527	3456	3007
3456	3527	3529
3456	3009	3007
3009	3456	2785
3005	2785	2786
2785	3005	3009
3339	2638	3540
2638	3339	2641
2638	3647	3466
3647	2638	2639
3318	3499	2766
2744	2764	2765
2764	2744	2583
2766	3275	2765
3275	2766	3499
3552	3507	3755
3507	3552	2807
3507	3718	3755
3718	3507	3642
3683	3718	3756
3718	3683	3755
3719	3756	3718
3756	3719	3757
3719	3464	3757
3464	3719	2434
3046	3513	3045
3513	3046	2522
3758	3513	3514
3513	3758	3045
3759	3514	3760
3514	3759	3758
3759	3760	3761
3762	3685	3229
3684	3229	2663
3229	3684	3228
3237	3760	3514
3760	3237	3763
3765	3367	3512
3367	3765	3764
3510	2406	2407
2406	3510	3766
3767	3560	3681
3560	3767	3555
3510	3503	3766
3576	1422	1423
1422	3576	3060
3118	3768	3306
3768	3118	3119
3711	3577	3710
3577	3711	3580
3578	2592	3577
2592	3578	2595
2595	1425	1426
1425	2595	3578
3708	3063	3574
3063	3708	3707
3171	3742	3170
3742	3171	3769
3170	2712	2710
2712	3170	3742
3770	2711	2712
2679	3482	2678
3482	2679	2830
3770	3439	3771
3439	3770	3440
3440	2712	3480
2712	3440	3770
3613	3338	2688
3338	3613	3485
3338	3485	3043
3158	3034	2790
3034	3158	3159
3772	3725	3773
3725	3772	2855
2859	3013	3014
3013	2859	2567
3774	2915	3775
2915	3774	2918
3777	3775	3778
3775	3777	3776
3780	3779	3781
3779	3780	3776
3779	3782	3784
3782	3779	3783
3776	3777	3785
2543	3769	2542
3769	2543	3786
3786	3463	3769
3463	3786	3787
3742	3463	3461
3463	3742	3769
3305	3788	3304
3788	3305	3789
3242	3787	3241
3787	3242	3463
3388	3063	3707
3063	3388	3062
3705	3388	3707
3388	3705	3387
3705	2950	3387
2950	3705	2949
2945	2715	3730
2715	3465	3730
3465	2715	3299
3465	3299	3261
3035	3195	3347
3195	3035	3036
3224	3126	3124
3126	3224	3663
3126	3663	2893
2406	3682	2405
3682	2406	3681
3682	2663	2405
2663	3682	3684
3551	3555	3553
3555	3551	3560
3561	3755	3683
3755	3561	3552
3128	3630	3627
3630	3128	3129
2806	3215	2809
3215	2806	3556
3553	2806	3551
2806	3553	3556
3555	3504	3505
3504	3555	3767
3127	2774	3129
2774	3127	2411
2880	3577	2592
3577	2880	3710
3790	3438	3713
3438	3790	3437
3132	3582	2988
3582	3132	2502
2987	3170	2710
3170	2987	2706
3584	3266	3416
3266	3584	3265
3791	3448	3792
3448	3791	3584
3791	3793	3542
3793	3791	3792
3542	3793	3074
3543	3546	3544
3546	3543	3545
2964	3544	3546
3544	2964	3074
3074	2964	2965
3530	2958	3078
2958	3530	2957
3476	3478	3477
3478	3476	2958
3477	3487	2603
3487	3477	3478
2895	2606	2894
2606	2895	3794
3751	3026	3027
3026	3751	3665
3751	2856	3665
2856	3751	3726
2613	3618	2612
3618	2613	3617
3618	3335	2612
3335	3618	3620
3335	3573	3142
3573	3335	3620
3354	3654	3353
3654	3354	3030
3030	3653	3654
3653	3030	2521
2521	3111	3653
3111	2521	2518
3353	3667	2656
3670	2656	3667
2656	3670	2659
2659	2847	2850
2847	2659	3670
2850	3409	2507
3409	2850	2847
3409	2417	2507
2417	3409	2420
3287	3795	3285
3795	3287	3796
3285	3703	3284
3703	3285	3795
3777	3797	3099
3797	3777	3778
3798	3595	3799
3799	3800	3798
3800	3799	3589
3801	3589	3586
3586	3592	3188
3802	3593	3784
3593	3802	3592
3779	3593	3781
3593	3779	3784
3774	3776	3780
3776	3774	3775
3928	3698	3697
3698	3928	3927
2858	3772	2570
3772	2858	2855
3772	2569	2570
2569	3772	3408
3739	3246	3394
3246	3739	3382
2950	3386	3387
3386	2950	3803
2951	3803	2950
3803	2951	3804
2707	2542	3171
2542	2707	2952
3508	3240	2523
3240	3508	3239
2523	3513	2522
3513	2523	3240
3532	3608	3535
3534	3535	3220
3669	2655	2652
2655	3669	3668
3081	2653	3281
2654	3281	2653
3113	3016	3013
3016	3113	3114
3113	2567	2568
2567	3113	3013
2758	2725	2759
2463	3073	2466
3073	2463	3146
3073	2366	2466
2366	3073	2365
2465	2942	2943
3493	3489	3470
3805	2883	2661
2883	3805	2882
2755	3080	3475
3080	2755	2756
3080	3476	3475
3476	3080	3078
3476	3078	2958
2961	2752	2753
2752	2961	3374
2963	2751	2479
2751	2963	2753
2480	2963	2479
2963	2480	2563
3792	3544	3793
3544	3792	3334
3470	3531	3399
3408	3806	3407
2633	3196	3197
3196	2633	2924
3585	3064	3481
3064	3585	2820
3011	2528	3012
2529	3807	2532
3807	2529	3243
3807	2789	2532
2789	3807	3731
3731	3378	2789
3378	3731	3346
3378	3195	2944
3195	3378	3346
3807	2732	2775
2732	3807	3243
2775	3731	3807
3731	2775	2776
2777	2450	2451
2777	3348	2776
3348	2777	2451
3347	2451	2449
2451	3347	3348
2440	2423	2644
3383	2666	2985
2666	3383	2889
2985	2666	2984
2984	2664	3117
2664	2984	2666
3809	3166	3452
3166	3809	3808
3810	2953	2551
2953	3810	2447
2448	2953	2447
2953	2448	2554
3811	1471	3594
1471	3811	1470
3594	684	3037
684	3594	1471
3164	2770	3812
2770	3164	2769
3813	3436	3814
3436	3813	3435
3817	3815	3818
3815	3817	3816
3017	3344	3018
3344	3017	3736
3819	2397	3134
2397	3819	3345
3134	2397	2398
3151	3820	3821
3820	3151	2995
3388	3822	3062
3822	3388	3385
3062	3350	3061
3350	3062	3822
3061	3350	2698
3025	3550	3547
3550	3025	3023
2644	2424	3101
3101	2424	2940
2686	3148	2749
3741	3740	3738
2821	3382	3739
2440	2644	3115
3115	2644	2645
3100	2940	2672
2425	3108	2941
2941	2671	2672
2671	2941	3108
2615	2619	3039
2619	2615	2616
3040	2401	2402
2401	3040	3041
3067	3823	3066
3823	3067	3824
3068	3280	3825
3280	3068	3154
3106	2838	3826
2838	3106	2837
3825	3106	3826
3106	3825	3280
2730	2804	2805
2804	2730	2731
3827	3151	3821
3151	3827	3153
3757	2870	3227
2870	3757	3464
3206	2870	3464
2870	3206	2874
3206	2873	2874
2873	3206	2865
2865	2948	2873
2948	2865	3717
2948	3124	3125
3124	2948	3717
3320	3558	3506
3558	3320	3317
3503	3767	3766
3767	3503	3504
3767	2406	3766
2406	3767	3681
2540	3406	2571
3406	2540	2537
3793	3544	3074
3828	2884	3265
2884	3828	3365
2761	3791	3542
3791	2761	3828
3828	3584	3791
3584	3828	3265
2441	2763	2760
3684	3756	3228
3756	3684	3683
3228	3757	3227
3757	3228	3756
3130	2661	2516
2661	3130	3805
2499	3805	3583
3805	2499	2882
3130	3830	3829
2810	2844	1491
2844	2810	2811
2813	2403	2404
2403	2813	2810
2404	2982	2813
2982	2404	2981
3391	3614	3724
3614	3391	3616
3391	3724	3390
2531	2788	2676
2715	2716	3299
2566	3831	3088
3831	2566	3296
2566	3397	3296
3397	2566	2564
3833	3297	3294
3297	3833	3832
3091	3426	3090
3426	3091	3359
3426	2991	3090
2991	3426	3427
3427	2896	2991
2896	3427	2899
2621	3053	3384
3053	2621	3054
3383	2553	2889
2553	3383	3384
2553	3053	2555
3053	2553	3384
2665	3376	3834
3376	2665	2890
2983	3117	2998
3117	2983	2984
2998	3117	2559
3835	3280	3154
3280	3835	3279
3836	3450	3451
3450	3836	2625
3365	2761	2762
2761	3365	3828
3448	3334	3792
3334	3448	2956
2441	2962	2444
2962	2441	2965
3171	2542	3769
2987	3582	3837
3582	2987	2988
3582	3829	3837
3829	3582	3583
3829	3805	3130
3805	3829	3583
3837	2706	2987
2706	3837	2709
3837	3830	2709
3830	3837	3829
2502	3132	2501
3133	2711	3770
2500	2929	3417
2929	2500	2501
3417	2929	3203
2697	3838	3041
3838	2697	3349
2401	3838	2980
3838	2401	3041
2979	2700	2701
2700	2979	2946
2952	2708	2951
2708	2952	2707
2709	3830	2708
3830	2951	2708
2951	3830	3804
3581	3804	3131
3804	3581	3803
3804	3130	3131
3130	3804	3830
3822	3839	3840
3839	3822	3385
3385	3841	3839
3841	3385	3386
3386	3842	3841
3842	3386	3803
3803	3843	3842
3843	3803	3581
3581	3844	3843
3844	3581	2517
2517	3845	3844
3845	2517	2514
2514	3846	3845
3846	2514	2946
2946	3847	3846
3847	2946	2979
2979	3848	3847
3848	2979	2980
2980	3849	3848
3849	2980	3838
3838	3850	3849
3850	3838	3349
3349	3851	3850
3851	3349	3350
3350	3840	3851
3840	3350	3822
3854	3852	3855
3852	3854	3853
3839	3856	3852
3856	3839	3841
3841	3857	3856
3857	3841	3842
3857	3843	3858
3843	3857	3842
3843	3859	3858
3859	3843	3844
3844	3860	3859
3860	3844	3845
3845	3861	3860
3861	3845	3846
3846	3862	3861
3862	3846	3847
3847	3863	3862
3863	3847	3848
3848	3864	3863
3864	3848	3849
3864	3865	3867
3865	3864	3866
3866	3854	3865
3854	3866	3853
3852	3868	3855
3868	3852	3856
3856	3869	3868
3869	3856	3857
3857	3870	3869
3870	3857	3858
3858	3871	3870
3871	3858	3859
3859	3872	3871
3872	3859	3860
3860	3873	3872
3873	3860	3861
3861	3874	3873
3874	3861	3862
3862	3867	3874
3867	3862	3863
3863	3864	3867
2501	3133	2931
3133	3771	2931
3771	3133	3770
2930	3771	3482
3771	2930	2931
3771	2678	3482
2678	3771	3439
2677	3439	2818
3439	2677	2678
3705	2541	2949
2541	3705	3706
2541	3706	2544
3714	3709	3713
3709	3714	3712
3715	3302	3303
3302	3715	3790
3401	3789	2772
3789	3401	3788
2772	3875	2771
3875	2772	3789
3878	3876	3879
3876	3878	3877
3879	3876	3434
2624	3434	2623
3434	2624	3433
2682	3590	3833
3590	2682	2683
3294	2682	3833
2682	3294	2400
3294	2399	2400
2399	3294	3295
3092	3293	3398
3293	3092	3168
3743	3292	2622
3292	3743	2990
3054	2622	3292
2622	3054	2621
2556	2426	2557
2557	2426	2423
2426	2733	2642
2733	2426	2556
2642	3217	2643
3217	2642	2733
2999	3217	3880
3217	2999	2643
2999	3880	3381
3381	3880	3745
3381	3745	3039
2896	3292	2990
3292	2896	2897
2897	3881	2576
3881	2897	2898
2576	3881	3882
3884	3167	2579
3167	3884	3883
3167	3885	2954
3885	3167	3883
3884	1548	3883
1548	3884	1547
3883	1549	3885
1549	3883	1548
2552	2954	3885
2394	3423	2533
3588	3799	3597
3799	3588	3589
3886	3256	3887
3256	3886	3308
3307	2835	3309
2835	3307	2838
3307	3826	2838
3826	3307	3308
3825	3308	3886
3308	3825	3826
3154	3888	3835
3888	3154	3155
3889	3891	3890
3889	3892	3891
3433	3893	3894
3893	3433	2624
3038	1559	3895
1559	3038	685
3895	1561	2900
1561	3895	1559
2900	3360	3895
3360	2900	2901
3896	2735	2631
2746	2749	3148
3732	3733	3135
3733	3732	3734
3749	2646	2866
2646	3749	2645
2898	3351	3881
2578	2555	3053
2954	2551	2953
2551	2954	2552
3897	2447	3810
2447	3897	2446
3898	922	3165
922	3898	1565
2910	3169	2617
3169	2910	3168
2618	2910	2617
2910	2618	2909
3746	2618	3744
2618	3746	2909
3218	2438	3899
3332	3900	3331
3900	3332	3746
3899	3331	3900
3331	3899	3747
3747	2438	2439
2438	3747	3899
2625	3893	2624
3893	2625	3836
3901	3433	3894
3433	3901	3436
3901	3814	3436
3814	3901	3902
3891	3815	3816
3903	3434	3435
3434	3903	3879
3799	3596	3597
3596	3799	3595
3597	3596	3087
3087	3904	2565
3904	3087	3596
2564	3904	3360
3904	2564	2565
3596	3038	3904
3038	3596	3037
3360	3038	3895
3038	3360	3904
2831	3258	2834
2593	3304	2881
3304	2593	3118
3827	3789	3305
3789	3827	3875
3877	3820	3876
3820	3877	3821
3876	2623	3434
2623	3876	3820
3706	3714	2544
3714	3706	3712
3714	2543	2544
2543	3714	3704
3704	3786	2543
3786	3704	3703
3703	3787	3786
3787	3703	3795
3241	3795	3796
3795	3241	3787
3249	2816	3241
2816	3249	3010
3010	2815	2816
2815	3010	3011
3011	2826	2815
2826	3011	2822
2822	3327	2826
3327	2822	2823
3327	2823	3095
2597	2598	2705
3834	3376	3905
3376	2445	3905
2445	3376	2448
2396	3906	3907
3906	2396	2450
2394	3908	3423
3908	2394	3909
3423	3452	2536
3452	3423	3908
3898	3166	3808
3166	3898	3165
2535	2607	2382
2535	2610	2607
2610	2535	2536
2609	751	2608
751	2609	923
3910	3098	3911
3098	3910	3097
3911	3912	3913
3912	3911	3098
2483	3914	2482
2482	2917	2748
3065	3889	3155
3889	3065	3892
3889	3888	3155
3888	3889	3890
3916	3814	3902
3814	3916	3915
3813	3915	3917
3915	3813	3814
2881	3788	3303
3788	2881	3304
3715	3788	3401
3788	3715	3303
3709	3790	3713
3790	3709	3302
3709	2880	3302
2880	3709	3710
3263	3781	3262
3781	3263	3780
3262	3593	3590
3593	3262	3781
3918	3088	3831
3088	3918	3598
2917	3736	3017
3743	2619	2616
2619	3743	2622
3028	2923	3027
2923	3028	3740
2923	3751	3027
3751	2923	3750
3716	3163	3919
3163	3075	3076
2484	2804	3920
2804	2484	2803
3575	3580	3574
3580	3575	3579
3574	3711	3708
3711	3574	3580
3708	3712	3706
3712	3708	3711
2929	2827	3202
2827	2929	2930
2828	3202	2827
3202	2828	3201
2828	2548	3201
2548	2828	3531
2548	3531	2955
2545	3201	2548
3490	2955	3531
2955	3490	3479
3531	3470	3490
3490	3470	3489
3674	3055	3056
3489	3493	3121
3121	3493	3056
3467	3674	3539
3674	3467	2600
3497	3319	3431
3319	3497	3498
2743	3275	3278
3278	3498	3497
3498	3278	3275
3430	3501	3431
3501	3430	3500
3431	3496	3497
3496	3431	3501
2639	2640	3641
2486	2640	2485
2640	2486	3641
3647	3023	3466
3023	3647	3550
3550	3647	3549
3425	3921	3424
2456	3395	2455
3921	3922	3424
3922	3686	2800
3922	2800	3424
3723	3702	3701
3366	3764	3923
3764	3366	3367
3923	3763	3237
3763	3923	3764
2431	2432	2413
2795	2413	2432
2413	2795	3696
2413	3696	2416
3057	2416	3696
2416	3057	3326
3326	3057	2549
3326	2549	2388
2415	3326	2787
2477	2750	3443
2750	2477	2478
2476	2371	2478
2371	2476	2876
2372	2506	2503
2506	2372	3226
3924	2504	2779
2504	3924	3443
3925	2782	2780
2782	3925	3337
3926	3925	3929
3925	3926	3337
2505	3225	3314
3225	2505	2506
3924	2477	3443
2477	3924	3927
3928	2477	3927
2477	3928	2476
2476	3700	2875
3700	2476	3928
3924	2781	3699
2781	3924	2779
3316	1595	1596
3547	3549	3548
3548	3549	3558
2460	3930	2459
3930	2460	3268
3930	3495	2459
3495	3930	3372
3274	3931	3273
3931	3274	3720
3200	3273	3931
3273	3200	3270
3270	2575	3269
2575	3270	3200
2572	3511	3512
3511	3765	3512
3765	3511	3932
2540	3366	2539
2539	3923	3238
3923	2539	3366
3238	3923	3237
2966	3931	3184
3931	2966	3200
3184	3720	3183
3720	3184	3931
3183	3444	3509
3444	3183	3720
2571	3509	3444
3509	2571	3406
3044	3421	2905
3421	3044	3420
3321	2668	2669
2668	3321	3322
3933	3760	3763
3760	3933	3761
3764	3933	3763
3933	3764	3765
3932	3933	3765
3933	3932	3934
3934	3761	3933
3761	3934	3685
3761	3685	3762
3762	3229	3230
2473	2474	2845
2845	3510	3935
3935	2407	3936
2407	3935	3510
3936	2407	2408
2408	3934	3936
3934	2408	2662
3934	2662	3685
3761	3762	3759
2845	3935	3511
3511	3936	3932
3936	3511	3935
3932	3936	3934
3502	3500	3430
3500	3502	3503
3377	3324	2693
3103	2693	3324
2693	3103	2943
2694	3377	2693
2778	3403	2777
3907	3403	3404
3403	3907	3906
3905	3937	3938
3937	3905	2445
3937	2445	3809
3809	2446	3808
3808	3897	3898
3897	3808	2446
3897	1565	3898
1565	3897	1607
3938	3908	3909
3908	3938	3937
2393	2394	3939
3939	2394	2533
3347	3939	3035
3939	3347	2449
3939	2533	2852
2852	2534	2851
2534	2852	2533
3036	2713	2714
2713	3036	2853
2713	2854	3213
2854	2713	2853
2920	3244	2627
3244	2920	3298
2716	3298	3299
3298	2716	3212
3298	3212	3244
3212	2378	2375
2378	3212	3213
3244	3212	2375
2920	2628	3147
2628	2920	2627
3452	3937	3809
3937	3452	3908
3809	2445	2446
3352	1610	3351
1610	3352	1609
3881	1612	3882
1612	3881	1611
2576	3884	2579
3884	2576	3882
3351	1611	3881
1611	3351	1610
2903	1614	3089
1614	2903	1613
3258	3798	3800
3798	3258	2831
2748	2749	3012
3012	3737	2822
3768	1615	1616
1615	3768	3119
2993	2625	2626
2625	2993	3450
3820	2626	2623
2626	3820	2995
3153	3305	3306
3305	3153	3827
3152	3306	3768
3306	3152	3153
3875	3821	3877
3821	3875	3827
3794	2605	2606
2605	3794	3120
3794	1618	3120
1618	3794	1617
2771	3877	3878
3877	2771	3875
2771	3878	2770
3903	3878	3879
3878	3903	2770
2770	3903	3812
3812	3435	3813
3435	3812	3903
3940	3813	3917
3813	3940	3812
2729	3940	2728
3850	3864	3849
3864	3850	3866
3866	3850	3851
3853	3851	3840
3851	3853	3866
3840	3852	3853
3852	3840	3839
3818	2728	3817
2728	3818	3910
3941	3815	3942
3815	3941	3818
3818	3097	3910
3097	3818	3941
3815	3071	3942
3071	3815	3891
3725	3726	3727
3726	3725	2856
3784	3943	3802
3943	3784	3782
3071	3944	3942
3944	3071	3072
3942	3944	3941
3891	3070	3071
3070	3891	3892
3783	3944	3072
3783	3069	3782
3069	3783	3072
3886	3068	3825
3068	3886	3067
3824	3886	3887
3886	3824	3067
3185	3801	3586
3887	3257	3186
3257	3887	3256
3801	3186	3257
3186	3801	3185
3187	3887	3186
3887	3187	3824
3800	3257	3258
3257	3800	3801
3801	3800	3589
3943	3824	3187
3824	3943	3823
3802	3187	3188
3187	3802	3943
3802	3188	3592
3592	3587	3591
3587	3592	3586
3832	3831	3297
3831	3832	3918
3297	3831	3296
3065	3070	3892
3070	3065	3066
3823	3070	3066
3070	3823	3069
3823	3782	3069
3782	3823	3943
2831	3811	3798
3811	2831	2832
3595	3811	3594
3811	3595	3798
3188	3185	3586
3591	3833	3590
3833	3591	3832
3918	3591	3587
3591	3918	3832
3598	3587	3588
3587	3598	3918
3598	3588	3597
2728	3940	3817
3817	3940	3917
3915	3817	3917
3817	3915	3816
3891	3915	3916
3915	3891	3816
3096	3777	3099
3777	3096	3785
3944	3097	3941
3097	3944	3096
3785	3944	3783
3944	3785	3096
3776	3783	3779
3783	3776	3785
3775	2915	3778
2916	3778	2915
3778	2916	3797
3912	2483	3913
2483	3912	3914
3912	3099	3797
3099	3912	3098
3914	3797	2916
3797	3914	3912
3914	2917	2482
2917	3914	2916
3911	2728	3910
2728	3911	2731
2804	3911	3920
3911	2804	2731
3911	3913	3920
3920	2483	2484
2483	3920	3913
2484	3109	2803
3109	2484	2526
2526	2484	2481
2802	3109	3286
3109	2802	2803
2802	3282	3076
3282	2802	3286
3076	3919	3163
3164	3940	2729
3940	3164	3812
3164	2729	2730
2730	3075	3164
3075	2730	2805
3110	3286	3109
3286	3110	3287
3796	3110	3249
3110	3796	3287
3796	3249	3241
3283	3076	3282
3076	3283	3919
3919	3437	3716
3437	3919	3283
3715	3437	3790
3437	3715	3716
3945	3780	3263
3780	3945	3774
3342	3263	2680
3263	3342	3945
3345	2680	2681
2680	3345	3342
3343	3774	3945
3774	3343	2918
3343	3945	3342
3344	3819	3018
3819	3344	3345
2397	2682	2400
2682	2397	2681
2681	2397	3345
3819	2684	3018
2684	3819	3733
3733	3134	3135
3134	3733	3819
3741	3739	3394
3739	3741	3738
2922	3741	3394
3741	2922	2923
3382	2821	3341
3341	2821	2745
2821	3093	3094
2822	2747	2824
2824	2747	3094
3094	2747	2821
2822	3737	2747
3095	3738	3411
3738	3095	3093
3411	3738	3740
2922	3192	2921
3442	3752	3194
3752	3442	2970
3145	3442	3194
3752	2967	3728
2967	3752	2970
3442	3145	3102
3102	3145	3101
3946	2672	2673
2672	3946	3100
3102	3946	3441
3946	3102	3100
2513	2735	2968
2735	2513	2734
2510	2734	2513
2734	2510	2720
2720	2989	2719
2989	2720	2510
3690	2935	2936
2935	3690	3687
2933	3690	2936
3690	2933	3729
3729	2933	2934
3465	2934	3730
2934	3465	3729
3687	2989	2935
2989	3687	2719
3688	2719	3687
2719	3688	2718
2777	2558	2778
3906	2777	3403
2777	3906	2450
2664	2665	3404
2665	3834	3404
3947	3404	3834
3404	3947	3907
2396	3947	2395
3947	2396	3907
3938	3834	3905
3834	3938	3947
2395	3938	3909
3938	2395	3947
2395	3909	2394
2852	3035	3939
3939	2449	2393
2393	2449	2396
2450	2396	2449
3347	3195	3346
3916	3890	3891
3451	2997	3836
2997	3451	2996
3836	3107	3893
3107	3836	2997
3451	1627	2996
1627	3451	1105
3893	3279	3894
3279	3893	3107
3894	3835	3901
3835	3894	3279
3901	3888	3902
3888	3901	3835
3902	3890	3916
3890	3902	3888
3896	3727	2735
2735	3727	2968
2969	3442	3441
3442	2969	2970
2967	2968	3727
3946	2969	3441
2969	3946	2512
2511	3946	2673
3946	2511	2512
3408	3773	3806
3896	3725	3727
3725	3896	3773
2632	3896	2631
3896	2632	3773
3806	3773	2632
3408	3772	3773
3948	3217	3218
3217	3948	3880
3900	3218	3899
3218	3900	3948
3948	3745	3880
3745	3948	3744
3746	3948	3900
3948	3746	3744
2866	3949	3749
3949	2866	3402
3748	3949	3330
3949	3748	3749
3402	3950	3949
3950	3402	3735
3330	3950	3333
3950	3330	3949
3950	3136	3333
3136	3950	3732
3735	3732	3950
3732	3735	3734
3149	3735	2585
3735	3149	3734
3148	2585	2586
2585	3148	3149
3646	3624	3516
3211	2640	3210
2640	3211	2485
3210	2640	2641
3339	3210	2641
3210	3339	3209
3025	3318	3024
3318	3025	3317
2602	2600	3023
2491	3055	2601
3674	2601	3055
2601	3674	2600
3610	3611	3606
3606	3611	3605
3610	3634	3951
3634	3610	3606
3517	3610	3951
3610	3517	3609
3609	3517	3515
3638	3532	3533
3532	3638	3952
3952	3638	3605
3611	3532	3952
3532	3611	3608
3611	3952	3605
3954	2912	2913
2912	3954	3953
3955	2913	3414
2913	3955	3954
3956	3414	3415
3414	3956	3955
3957	3415	3208
3415	3957	3956
3958	3960	3959
3961	3958	3128
3958	3961	3960
3962	3128	3627
3128	3962	3961
3963	3627	3628
3627	3963	3962
3964	3628	3625
3628	3964	3963
3965	3625	3624
3625	3965	3964
3966	3624	3646
3624	3966	3965
3967	3646	3517
3646	3967	3966
3968	3517	3951
3517	3968	3967
3969	3951	3634
3951	3969	3968
3970	3634	3519
3634	3970	3969
3971	3519	3290
3519	3971	3970
3972	3290	3291
3290	3972	3971
3953	3291	2912
3291	3953	3972
3960	3974	3973
3975	3960	3961
3960	3975	3974
3976	3961	3962
3961	3976	3975
3977	3962	3963
3962	3977	3976
3978	3963	3964
3963	3978	3977
3979	3964	3965
3964	3979	3978
3980	3965	3966
3965	3980	3979
3981	3966	3967
3966	3981	3980
3973	3974	3982
3974	3975	3982
3975	3976	3983
3984	3976	3977
3976	3984	3983
3985	3977	3978
3977	3985	3984
3986	3978	3979
3978	3986	3985
3987	3979	3980
3979	3987	3986
3988	3980	3981
3980	3988	3987
3990	3953	3954
3953	3990	3989
3991	3954	3955
3954	3991	3990
3992	3955	3956
3955	3992	3991
3993	3956	3957
3956	3993	3992
3994	3967	3968
3967	3994	3981
3995	3968	3969
3968	3995	3994
3996	3969	3970
3969	3996	3995
3997	3970	3971
3970	3997	3996
3998	3971	3972
3971	3998	3997
3989	3972	3953
3972	3989	3998
4000	3989	3990
3989	4000	3999
4001	3990	3991
3990	4001	4000
4002	3991	3992
3991	4002	4001
4003	3992	3993
3992	4003	4002
4004	3981	3994
3981	4004	3988
4005	3994	3995
3994	4005	4004
4006	3995	3996
3995	4006	4005
4007	3996	3997
3996	4007	4006
4008	3997	3998
3997	4008	4007
3999	3998	3989
3998	3999	4008
3650	3208	3209
3208	3650	4009
3959	3208	4009
3208	3959	3957
3993	3982	4003
3982	3993	3973
3973	3957	3959
3957	3973	3993
3412	3208	3415
3208	3412	3211
3211	3412	2485
3959	4009	3958
3650	3340	3127
3128	3958	3127
3127	3958	4009
3127	4009	3650
3973	3959	3960
4011	4002	4003
4002	4011	4010
4012	4003	3982
4003	4012	4011
4012	3982	3975
4002	4010	4001
4014	4010	4011
4010	4014	4013
4015	4011	4012
4011	4015	4014
4016	4012	3975
4012	4016	4015
4013	4001	4010
4001	4013	4017
4016	3975	3983
4018	4001	4017
4001	4018	4000
2879	3123	2892
2924	3688	3081
3688	2924	2718
2723	3688	3689
3688	2723	3081
2632	3197	3806
3197	2632	2633
3806	3197	3407
2925	3407	3197
3407	2925	3271
2582	810	1699
810	2582	2741
2594	1426	1700
1426	2594	2595
2751	120	2479
120	2751	503
3060	1701	1422
1701	3060	2695
3152	1616	1702
1616	3152	3768
3926	1703	1704
1703	3926	3929
2480	490	2562
490	2480	121
2836	1627	1705
1627	2836	2996
3119	1700	1615
1700	3119	2594
3930	1195	1706
1195	3930	3268
2835	1705	1707
1705	2835	2836
3810	1607	3897
1607	3810	1708
3309	1707	1709
1707	3309	2835
3579	1710	1711
1710	3579	3575
3882	1547	3884
1547	3882	1612
3811	1712	1470
1712	3811	2832
2994	1702	1034
1702	2994	3152
3450	1035	1104
1035	3450	2993
2525	3046	3047
3046	2525	2522
3563	2455	3396
2523	4019	3508
4019	2523	2524
3658	3019	3020
3019	3658	3659
3364	2471	2469
2471	3364	3301
3260	3657	3660
3753	2878	3259
2878	3753	3754
3323	3321	3753
3260	2879	3657
3045	3420	3044
3420	3045	3758
3420	3759	3419
3759	3420	3758
3419	3762	3230
3762	3419	3759
3418	4020	3421
4020	3418	3721
3421	4020	2905
3322	2905	2668
4020	2667	2668
2667	4020	3721
3180	4021	3179
4021	3180	3363
4021	2493	3179
2493	4021	4022
2469	3508	4019
3508	2469	2470
3424	2798	2793
2798	3424	2800
3199	3722	3370
3657	3252	3564
3253	2768	2649
2649	3022	3019
3022	2649	2650
3022	2650	2887
2879	2892	3657
3657	3564	3659
3659	3564	3019
2649	3564	3253
3253	3564	3252
2905	4020	2668
2905	3322	2904
2379	2373	2364
2373	2379	2380
2380	2372	2373
2372	2380	3226
2370	2371	2388
2787	3326	2388
2376	2377	4672
4673	2376	4672
2376	4673	2368
2386	2381	2385
2381	2386	2384
4674	2368	4673
2368	4674	2367
4676	2369	4675
2369	4676	2363
2364	5279	2379
5279	2364	4677
2780	3314	3925
3314	2780	2505
3925	3315	3929
3315	3925	3314
3929	1714	1703
1714	3929	3315
1595	2380	20
2380	1595	3226
977	2402	1061
2402	977	3040
3315	1596	1714
1596	3315	3316
2832	1715	1712
1715	2832	2833
2833	1709	1715
1709	2833	3309
2574	137	219
137	2574	2494
3575	1423	1710
1423	3575	3576
3578	1711	1425
1711	3578	3579
2552	1549	195
1549	2552	3885
2403	1491	1061
1491	2403	2810
2581	1699	1716
1699	2581	2582
2895	1716	1717
1716	2895	2581
3794	1717	1617
1717	3794	2895
1701	2696	978
2696	1701	2695
1609	3089	1614
3089	1609	3352
136	4022	1718
4022	136	2493
400	3375	1208
3375	400	2752
1708	2551	196
2551	1708	3810
1491	2844	491
1023	3930	1706
3930	1023	3372
1613	2900	1561
2900	1613	2903
1194	2575	220
2575	1194	3269
906	3120	1618
3120	906	2754
19	5279	1719
5279	19	2379
3865	3874	3867
3874	3872	3873
3865	3872	3874
3872	3870	3871
3870	3868	3869
3872	3868	3870
3865	3868	3872
3854	3868	3865
3855	3868	3854
4025	4023	4026
4023	4025	4024
4027	4029	4028
4032	4030	4033
4030	4032	4031
4036	4034	4037
4034	4036	4035
4038	3694	4039
4040	4042	4041
4042	4040	4043
4046	4044	4047
4044	4046	4045
4048	4027	4028
4051	4049	4052
4049	4051	4050
4056	4054	4053
4054	4056	4055
4047	4057	4059
4057	4047	4058
4060	4061	4038
4062	4064	4063
4066	2431	3178
2431	4066	4065
4069	4067	4070
4067	4069	4068
3232	4071	4072
4071	3232	3702
4075	4073	4076
4073	4075	4074
4079	4077	4080
4077	4079	4078
4068	4081	4082
4081	4068	4069
4085	4083	4086
4083	4085	4084
4087	4089	4088
4089	4087	4090
4093	4091	4094
4091	4093	4092
4097	4095	4098
4095	4097	4096
4054	4099	4101
4099	4054	4100
4102	4104	4103
4105	4030	4106
4109	4107	4110
4107	4109	4108
4113	4111	4114
4111	4113	4112
4117	4115	4118
4115	4117	4116
4031	4032	4119
4122	4120	4123
4120	4122	4121
4126	4124	4127
4124	4126	4125
4131	4129	4128
4129	4131	4130
4133	4061	4060
4061	4133	4132
4136	4134	4137
4134	4136	4135
4138	4140	4139
4059	4046	4047
4046	4059	4141
4142	4032	4033
4055	4143	4145
4143	4055	4144
4146	4148	4147
4148	4146	4149
2457	4150	4126
4126	4127	2457
3232	4151	3231
4151	3232	4072
4106	4152	4105
4152	4106	4153
4154	4074	4155
4074	4154	4073
4156	4158	4157
4158	4156	4159
4161	4042	4162
4042	4161	4160
4165	4163	4166
4163	4165	4164
4167	4082	4168
4082	4167	4068
4169	4065	4167
4173	4171	4170
4171	4173	4172
4154	4174	4176
4174	4154	4175
4179	4177	4180
4177	4179	4178
2509	3247	4181
4102	4182	4144
4182	4102	4103
4038	4181	3695
4181	4038	4061
4185	4183	4186
4183	4185	4184
4189	4187	4190
4187	4189	4188
4193	4191	4194
4191	4193	4192
4033	4195	4142
4026	4196	4025
4196	4026	4197
4037	4198	4036
4198	4037	4199
4029	4057	4201
4057	4029	4200
4138	4057	4200
4057	4138	4059
4204	4202	4205
4202	4204	4203
4097	4023	4024
4023	4097	4098
4208	4206	4209
4206	4208	4207
4171	4210	4212
4210	4171	4211
4215	4213	4216
4213	4215	4214
4102	4055	4056
4055	4102	4144
4218	4081	4219
4081	4218	4217
4220	4093	4221
4093	4220	4092
3354	4222	3673
4222	3354	4223
4224	4226	4225
4226	4224	4227
4229	4159	4230
4159	4229	4228
4110	4138	4139
4138	4110	4141
4232	4140	4233
4140	4232	4231
4155	4079	4080
4079	4155	4074
4191	4234	4235
4234	4191	4192
4236	4238	4237
4238	4236	4239
4240	4140	4231
4140	4240	4139
4243	4170	4241
4170	4243	4242
4097	4244	4245
4244	4097	4024
4046	4175	4045
4175	4046	4107
4246	4081	4217
4081	4246	4082
4109	4110	4139
4044	4077	4247
4247	4248	4249
4248	4247	4077
4035	4251	4250
4251	4035	4036
4218	4162	4042
4252	4031	4119
4253	4036	4198
4036	4253	4251
4146	4052	4049
4052	4146	4254
4215	4255	4185
4255	4215	4244
4025	4196	4255
4256	4258	4257
4260	4259	4261
4259	4260	4034
4213	3723	4222
3723	4213	4262
4265	4263	4266
4263	4265	4264
4256	4267	4269
4267	4256	4268
4075	4115	4271
4115	4075	4270
4051	2457	2971
2457	4051	4150
4272	4051	2971
2971	3686	4272
4038	3695	3694
4111	4273	4114
4273	4111	4098
4223	2658	4096
4245	4222	4223
4222	4245	4216
4274	4276	4275
4100	4267	4277
4267	4100	4145
4043	4217	4218
4217	4043	4131
4278	4050	4279
4050	4278	4049
4282	4280	4283
4280	4282	4281
4248	4191	4284
4191	4248	4194
4178	4285	4177
4285	4178	4286
4260	4066	4287
4066	4260	4261
3176	4103	4288
4103	3176	3449
4182	4103	3449
4291	4289	4292
4289	4291	4290
3449	4293	4182
4293	3449	2421
4207	4294	4296
4294	4207	4295
4174	4107	4108
4107	4174	4175
4175	4155	4045
4155	4175	4154
4192	4297	4234
4297	4192	4298
4193	4298	4192
4298	4193	4299
4070	4066	4261
4066	4070	4067
4301	4197	4026
4197	4301	4300
4129	4060	4128
4060	4129	4133
4200	4027	4233
4027	4200	4029
4302	4032	4142
4032	4302	4119
4305	4303	4306
4303	4305	4304
4307	4290	4308
4290	4307	4289
4220	4204	4205
4204	4220	4221
4025	4244	4024
4244	4025	4255
4237	4238	4309
4105	4205	4202
4310	4301	4026
4217	4128	4246
4128	4217	4131
3354	2657	4223
4312	4152	4153
4152	4312	4311
4075	4079	4074
4079	4075	4271
4180	4147	4148
4147	4180	4177
4245	4096	4097
4096	4245	4223
4315	4313	4316
4313	4315	4314
4147	4254	4146
4254	4147	4317
4320	4318	4321
4318	4320	4319
2658	4223	2657
4138	4233	4140
4233	4138	4200
4268	4277	4267
4277	4268	4322
4323	4325	4324
4288	3178	3176
3178	4288	4287
4098	4111	4023
4326	4328	4327
4328	4326	4228
4330	4178	4179
4178	4330	4329
4142	4332	4331
4332	4142	4195
4233	4048	4232
4048	4233	4027
4260	4037	4034
4037	4260	4333
4245	4215	4216
4215	4245	4244
4069	4219	4081
4219	4069	4230
4334	4128	4060
4128	4334	4246
4284	4249	4248
4249	4284	4335
4229	4261	4259
4261	4229	4070
4298	4336	4297
4336	4298	4337
4308	4093	4094
4093	4308	4290
4338	4256	4269
4256	4338	4258
2431	4169	3691
4169	2431	4065
4325	4122	4315
4122	4325	4339
4104	4333	4288
4095	4273	4098
4212	4170	4171
4170	4212	4241
4227	4341	4340
4341	4227	4224
4248	4078	4342
4078	4248	4077
4068	4065	4067
4065	4068	4167
4059	4138	4141
4215	4186	4214
4186	4215	4185
4110	4046	4141
4046	4110	4107
4313	4211	4316
4211	4313	4210
4105	4220	4205
4220	4105	4152
4181	3247	3695
4240	4160	4161
4169	3694	3691
3694	4169	4039
4343	3722	3231
3722	4343	4164
4222	3723	3673
4222	4216	4213
4177	4317	4147
4317	4177	4285
4124	4304	4305
4304	4124	4125
4293	2421	4338
2421	4258	4338
4258	2421	2422
4258	2422	4257
4278	4146	4049
4146	4278	4149
4089	4344	4088
4344	4089	4345
4346	4332	4347
4332	4346	4331
4348	4298	4299
4298	4348	4337
4078	4349	4342
4349	4078	4350
4352	4116	4117
4116	4352	4351
4271	4116	4350
4116	4271	4115
4078	4271	4350
4271	4078	4079
4351	4350	4116
4350	4351	4349
4144	4293	4143
4293	4144	4182
4037	4104	4199
4104	4037	4333
4228	4259	4328
4259	4228	4229
4034	4328	4259
4328	4034	4035
4328	4250	4327
4250	4328	4035
4199	4053	4198
4053	4199	4056
4073	4176	4064
4176	4073	4154
4077	4044	4080
4155	4044	4045
4044	4155	4080
4341	4121	4353
4121	4341	4237
4354	4057	4058
4057	4354	4201
4137	4274	4314
4274	4137	4134
4102	4199	4104
4199	4102	4056
4270	4076	4355
4076	4270	4075
4117	4356	4357
4356	4117	4118
4336	4358	4359
4358	4336	4337
4337	4360	4358
4360	4337	4348
4352	4357	4361
4357	4352	4117
4364	4362	4365
4362	4364	4363
4357	4366	4367
4366	4357	4356
4359	4368	4369
4368	4359	4358
4358	4370	4368
4370	4358	4360
4361	4367	4371
4367	4361	4357
4372	4374	4373
4286	4329	4375
4329	4286	4178
4377	4306	4303
4306	4377	4376
4378	4367	4366
4367	4378	4376
4375	4368	4370
4368	4375	4329
4376	4371	4367
4371	4376	4377
4372	4362	4379
4362	4372	4365
4329	4369	4368
4369	4329	4330
4158	4139	4380
4139	4158	4109
4219	4159	4156
4159	4219	4230
4070	4230	4069
4230	4070	4229
4039	4060	4038
4060	4039	4334
4334	4039	4168
4039	4167	4168
4167	4039	4169
4066	3178	4287
4255	4184	4185
4184	4255	4196
4381	4365	4372
4381	4382	4365
4382	4381	4383
4383	4384	4382
4384	4383	4385
4385	4355	4384
4355	4385	4270
4388	4386	4389
4386	4388	4387
4389	4209	4390
4209	4389	4386
4209	4391	4390
4391	4209	4206
4391	4392	4393
4392	4391	4206
4392	4394	4393
4394	4392	4395
4366	4381	4378
4366	4383	4381
4383	4366	4356
4356	4385	4383
4385	4356	4118
4385	4115	4270
4115	4385	4118
4396	4398	4397
4399	4280	4281
4280	4399	4400
4051	4401	4050
4401	4051	4272
4263	4402	4266
4402	4263	4403
4279	4401	4404
4401	4279	4050
4407	4405	4408
4405	4407	4406
4168	4246	4334
4246	4168	4082
4274	4134	4276
4135	4105	4202
4203	4135	4202
4135	4203	4134
4410	4033	4136
4033	4410	4409
4311	4220	4152
4220	4311	4092
4105	4135	4030
4135	4033	4030
4033	4135	4136
4221	4290	4291
4290	4221	4093
4204	4291	4411
4291	4204	4221
4324	4211	4412
4211	4324	4316
4394	4413	4414
4413	4394	4395
4414	4413	4415
4171	4412	4211
4412	4171	4172
4073	4062	4076
4062	4073	4064
4062	4355	4076
4355	4062	4416
4417	4355	4416
4355	4417	4384
4417	4382	4384
4382	4417	4364
4382	4364	4365
4130	4043	4040
4043	4130	4131
4112	4310	4111
4023	4310	4026
4310	4023	4111
4173	4170	4418
4420	4189	4190
4189	4420	4419
4411	4292	4421
4292	4411	4291
4276	4421	4275
4421	4276	4411
4085	4086	4422
4256	4423	4268
4423	4256	4257
4161	4139	4240
4311	4091	4092
4091	4311	4424
4188	4412	4187
4412	4188	4425
4048	4184	4232
4184	4048	4183
4184	4231	4232
4231	4184	4196
4231	4197	4240
4197	4231	4196
4191	4426	4284
4426	4191	4235
4428	4201	4354
4201	4428	4427
4427	4029	4201
4029	4427	4323
4425	4323	4324
4431	4429	4432
4429	4431	4430
4433	4435	4434
4433	4165	4166
4165	4433	4434
4436	4400	4437
4438	4440	4439
4443	4441	4444
4441	4443	4442
4444	4445	4443
4445	4444	4446
4447	4446	3922
4450	4448	4451
4448	4450	4449
3425	3370	4165
4165	4434	3425
4434	4435	3921
3921	3425	4434
4239	4452	4453
4452	4239	4236
4453	4432	4429
4432	4453	4452
4454	4302	4142
4430	4455	4456
4455	4430	4431
4122	4353	4121
4353	4122	4339
4415	4354	4335
4354	4415	4428
4335	4058	4249
4058	4335	4354
4249	4047	4247
4047	4249	4058
4247	4047	4044
4136	4137	4410
4121	4309	4120
4309	4121	4237
4294	4457	4296
4457	4294	4458
4274	4313	4314
4340	4415	4459
4415	4340	4353
4457	4340	4459
4340	4457	4458
4084	4460	4083
4460	4084	4461
4460	4462	4463
4462	4460	4461
4237	4465	4464
4465	4237	4341
4353	4340	4341
4388	4466	4387
4466	4388	4467
4225	4468	4469
4468	4225	4226
4472	4470	4085
4470	4472	4471
4470	4084	4085
4469	4473	4474
4473	4469	4468
4475	4470	4471
4470	4475	4476
4208	4295	4207
4295	4208	4477
4084	4476	4461
4476	4084	4470
4430	4451	4429
4429	4478	4453
4478	4429	4451
4453	4479	4239
4479	4453	4478
4239	4480	4238
4480	4239	4479
4409	4238	4480
4238	4409	4309
4409	4120	4309
4120	4409	4410
4410	4123	4120
4123	4410	4137
4474	4481	4482
4481	4474	4473
4476	4484	4483
4484	4476	4475
4476	4483	4461
4486	4482	4481
4482	4486	4485
4487	4483	4484
4490	4488	4491
4488	4490	4489
4492	4494	4493
4497	4495	4498
4495	4497	4496
4438	4499	4501
4499	4438	4500
4504	4502	4505
4502	4504	4503
4501	4506	4507
4506	4501	4499
4505	4502	4508
4509	4510	4442
4404	4437	4279
4437	4404	4511
4279	4400	4278
4400	4279	4437
3921	4435	4512
4512	4447	3922
3922	3921	4512
4403	4443	4445
4443	4403	4263
4263	4442	4443
4442	4263	4513
4514	4407	4408
4507	4515	4516
4515	4507	4509
4519	4517	4511
4517	4519	4518
4509	4506	4510
4506	4509	4507
4520	4515	4509
4521	4507	4516
4507	4521	4501
4399	4522	4523
4522	4399	4281
4281	4524	4522
4524	4281	4282
4278	4398	4149
4398	4278	4400
4524	4492	4522
4523	4498	4495
4498	4523	4522
4208	4386	4525
4386	4208	4209
4318	4396	4397
4396	4318	4319
4398	4523	4397
4523	4398	4399
4397	4495	4318
4495	4397	4523
4318	4495	4321
4496	4321	4495
4321	4496	4466
4490	4387	4466
4387	4490	4491
4320	4466	4467
4466	4320	4321
4461	4526	4462
4526	4461	4483
4511	4517	4527
4508	4528	4529
4528	4508	4502
4502	4530	4528
4530	4502	4503
4530	4462	4526
4462	4530	4503
4463	4503	4504
4503	4463	4462
4456	4500	4438
4500	4456	4455
4531	4264	4532
4532	4264	4407
4265	4407	4264
4407	4265	4406
4483	4533	4526
4533	4483	4487
4524	4526	4533
4526	4524	4530
4530	4282	4528
4282	4530	4524
4282	4529	4528
4529	4282	4283
4527	4437	4511
4437	4527	4436
4519	4404	4441
4404	4519	4511
4404	4444	4441
4444	4404	4401
4444	4272	4446
4272	4444	4401
4272	3922	4446
3922	4272	3686
4028	4183	4048
4183	4028	4534
4183	4535	4186
4535	4183	4534
4186	4536	4214
4536	4186	4535
4214	4262	4213
4262	4214	4536
4430	4450	4451
4450	4430	4456
4450	4456	4438
4399	4398	4400
4436	4280	4400
4280	4436	4283
4283	4527	4529
4527	4283	4436
4529	4517	4508
4517	4529	4527
4508	4518	4505
4518	4508	4517
4501	4440	4438
4263	4264	4513
4531	4537	4520
4537	4532	4538
4532	4537	4531
4538	4532	4514
4424	4312	4539
4312	4424	4311
4515	4520	4537
4347	4540	4346
4540	4347	4541
4540	4543	4542
4543	4540	4541
4547	4545	4544
4545	4547	4546
4521	4547	4544
4515	4538	4516
4538	4515	4537
4516	4514	4521
4514	4516	4538
4520	4509	4442
4264	4520	4513
4520	4264	4531
4265	4548	4549
4548	4265	4266
4406	4549	4550
4549	4406	4265
4549	4345	4089
4345	4549	4548
4550	4089	4090
4089	4550	4549
4406	4551	4405
4551	4406	4550
4551	4550	4090
4123	4137	4314
4325	4315	4324
4123	4315	4122
4315	4123	4314
4447	4512	4552
4512	4553	4552
4553	4512	4435
4446	4447	4445
4445	4552	4403
4552	4445	4447
4403	4553	4554
4553	4403	4552
4403	4554	4402
4266	4555	4548
4555	4266	4402
4402	4556	4555
4556	4402	4554
4548	4557	4345
4557	4548	4555
4555	4558	4557
4558	4555	4556
4345	4560	4559
4560	4345	4557
4344	4345	4559
4065	4066	4067
4132	4181	4061
4181	4132	4561
4519	4441	4510
4562	4563	4464
4563	4562	4564
4566	4563	4564
4563	4566	4565
4565	4567	4568
4567	4565	4566
4568	4569	4570
4569	4568	4567
4500	4505	4499
4505	4500	4504
4506	4519	4510
4519	4506	4518
4504	4570	4569
4570	4504	4500
4499	4518	4506
4518	4499	4505
4164	4572	4571
4572	4164	4573
4166	4574	4575
4574	4166	4163
4433	4575	4576
4575	4433	4166
4163	4577	4574
4577	4163	4571
4575	4578	4579
4578	4575	4574
4576	4579	4580
4579	4576	4575
4574	4581	4578
4581	4574	4577
4579	4582	4583
4582	4579	4578
4580	4583	4584
4583	4580	4579
4578	4585	4582
4585	4578	4581
4435	4586	4553
4586	4435	4433
4433	4576	4586
4576	4580	4586
4586	4584	4587
4584	4586	4580
4553	4587	4554
4587	4553	4586
4588	4587	4584
4589	4558	4556
4554	4587	4588
4588	4556	4554
4590	4589	4588
4572	4592	4591
4592	4572	4573
4592	4593	4591
4593	4592	4594
4594	4595	4593
4343	4596	4573
4596	4343	4151
4594	4597	4595
4289	4243	4241
4243	4289	4307
4420	4071	4419
4071	4420	4072
4418	4072	4420
4072	4418	4598
4242	4600	4599
4600	4242	4243
4072	4596	4151
4596	4072	4598
4594	4596	4601
4164	4343	4573
4428	4325	4427
4325	4428	4339
4428	4353	4339
4353	4428	4415
4466	4496	4490
4386	4491	4525
4491	4386	4387
4491	4602	4525
4602	4491	4488
4208	4602	4477
4602	4208	4525
4496	4489	4490
4489	4496	4497
4485	4493	4494
4493	4485	4486
4030	4031	4106
4106	4031	4153
4603	4153	4031
4153	4603	4312
4603	4539	4312
4539	4603	4604
4604	4557	4558
4557	4604	4605
4557	4605	4560
4603	4031	4252
4243	4606	4600
4606	4243	4307
4308	4607	4608
4607	4308	4094
4094	4609	4607
4609	4094	4091
4091	4610	4609
4610	4091	4424
4589	4611	4558
4539	4610	4424
4610	4539	4612
4611	4612	4604
4606	4613	4600
4607	4614	4608
4614	4607	4615
4607	4616	4615
4616	4607	4609
4610	4616	4609
4616	4610	4617
4619	4589	4618
4589	4619	4611
4610	4619	4617
4619	4610	4612
4612	4611	4619
4620	4600	4613
4615	4621	4614
4621	4615	4622
4616	4622	4615
4622	4616	4623
4624	4626	4625
4619	4628	4627
4583	4629	4630
4629	4583	4582
4584	4630	4631
4630	4584	4583
4582	4632	4633
4632	4582	4585
4633	4629	4582
4585	4595	4632
4595	4597	4632
4634	4632	4597
4630	4629	4635
4631	4630	4625
4633	4632	4636
4637	4635	4629
4638	4636	4639
4625	4640	4624
4638	4635	4637
4635	4638	4640
4630	4635	4625
4589	4590	4626
4626	4631	4625
4589	4556	4588
4620	4594	4601
4594	4620	4597
4643	4634	4641
4634	4643	4642
4644	4643	4641
4644	4608	4614
4608	4644	4606
4608	4307	4308
4307	4608	4606
4623	4617	4645
4617	4623	4616
4635	4640	4625
4649	4647	4646
4647	4649	4648
4622	4646	4650
4646	4622	4623
4623	4649	4646
4649	4623	4645
4649	4628	4651
4628	4649	4627
4624	4648	4651
4648	4624	4640
4640	4647	4648
4647	4640	4638
4638	4652	4647
4652	4638	4639
4639	4650	4652
4650	4639	4621
4650	4621	4622
4028	4323	4425
4028	4188	4534
4188	4028	4425
4534	4189	4535
4189	4534	4188
4535	4419	4536
4419	4535	4189
4536	4071	4262
4071	4536	4419
4071	3723	4262
3723	4071	3702
4143	4338	4269
4338	4143	4293
4268	4653	4322
4653	4268	4423
4043	4218	4042
2456	4654	3395
4654	2456	4127
4052	4150	4051
4194	4248	4342
4317	4126	4254
4126	4317	4125
4254	4150	4052
4150	4254	4126
4349	4194	4342
4194	4349	4193
4304	4286	4303
4286	4304	4285
4351	4193	4349
4193	4351	4299
4125	4285	4304
4285	4125	4317
4352	4299	4351
4299	4352	4348
4361	4348	4352
4348	4361	4360
4371	4360	4361
4360	4371	4370
4303	4375	4377
4375	4303	4286
4377	4370	4371
4370	4377	4375
2456	2457	4127
4100	4363	4099
4363	4100	4277
4379	4655	4374
4655	4379	4653
4305	4658	4657
4656	4658	4305
4656	4659	4658
4363	4322	4362
4322	4363	4277
4127	4124	4654
4654	4305	4657
4305	4654	4124
4659	4374	4655
4374	4659	4656
4653	4362	4322
4362	4653	4379
4269	4145	4143
4145	4269	4267
4145	4054	4055
4054	4145	4100
4417	4363	4364
4363	4417	4099
4416	4099	4417
4099	4416	4101
4062	4101	4416
4101	4062	4063
4095	2658	4660
4654	3396	3395
3396	4654	4661
4661	4657	4662
4657	4661	4654
4164	3370	3722
3370	4164	4165
4588	4631	4590
4590	4631	4626
4628	4619	4618
4649	4645	4627
4619	4645	4617
4645	4619	4627
4589	4626	4618
4618	4624	4628
4624	4618	4626
4628	4624	4651
4584	4631	4588
4544	4501	4521
4501	4544	4440
4440	4545	4439
4545	4440	4544
4514	4532	4407
4101	4053	4054
4053	4101	4063
4629	4636	4637
4636	4629	4633
4637	4636	4638
4636	4634	4642
4621	4644	4614
4644	4621	4643
4621	4642	4643
4642	4621	4639
4642	4639	4636
4611	4604	4558
4612	4539	4604
4604	4603	4605
4605	4252	4560
4252	4605	4603
4560	4252	4559
4559	4119	4344
4119	4559	4252
4119	4088	4344
4088	4119	4302
4088	4454	4087
4454	4088	4302
4300	4240	4197
4240	4300	4160
4300	4042	4160
4042	4300	4041
4139	4161	4380
4162	4156	4157
4219	4162	4218
4162	4219	4156
4510	4441	4442
4442	4513	4520
4134	4203	4276
4203	4411	4276
4411	4203	4204
4289	4241	4292
4292	4212	4421
4212	4292	4241
4421	4210	4275
4210	4421	4212
4274	4210	4313
4210	4274	4275
4596	4598	4599
4599	4418	4242
4418	4599	4598
4242	4418	4170
4315	4316	4324
4324	4412	4425
4028	4029	4323
4323	4427	4325
4415	4413	4459
4413	4457	4459
4457	4413	4395
4395	4296	4457
4296	4395	4392
4296	4206	4207
4206	4296	4392
4396	4149	4398
4149	4396	4148
4335	4284	4426
4180	4320	4179
4320	4180	4319
4234	4394	4235
4394	4234	4393
4297	4393	4234
4393	4297	4391
4148	4319	4180
4319	4148	4396
4179	4467	4330
4467	4179	4320
4336	4391	4297
4391	4336	4390
4359	4390	4336
4390	4359	4389
4369	4389	4359
4389	4369	4388
4330	4388	4369
4388	4330	4467
4414	4235	4394
4235	4414	4426
4414	4335	4426
4335	4414	4415
4224	4465	4341
4455	4570	4500
4237	4464	4236
4504	4569	4463
4083	4564	4086
4564	4083	4566
4086	4562	4422
4562	4086	4564
4432	4568	4431
4568	4432	4565
4236	4563	4452
4563	4236	4464
4452	4565	4432
4565	4452	4563
4431	4570	4455
4570	4431	4568
4460	4566	4083
4566	4460	4567
4463	4567	4460
4567	4463	4569
4227	4340	4458
4295	4477	4468
4482	4485	4663
4498	4522	4492
4492	4524	4533
4227	4294	4226
4294	4227	4458
4664	4224	4225
4224	4664	4422
4469	4664	4225
4664	4469	4665
4226	4295	4468
4295	4226	4294
4474	4665	4469
4665	4474	4666
4468	4602	4473
4602	4468	4477
4482	4666	4474
4666	4482	4663
4473	4488	4481
4488	4473	4602
4481	4489	4486
4489	4481	4488
4663	4494	4667
4494	4663	4485
4492	4667	4494
4667	4492	4533
4493	4498	4492
4498	4493	4497
4497	4486	4489
4486	4497	4493
4422	4664	4472
4198	4063	4253
4063	4198	4053
4260	4288	4333
4288	4260	4287
4104	4288	4103
4422	4472	4085
4472	4665	4471
4665	4472	4664
4471	4666	4475
4666	4471	4665
4475	4663	4484
4663	4475	4666
4484	4667	4487
4667	4484	4663
4487	4667	4533
4464	4465	4562
4562	4224	4422
4224	4562	4465
4606	4644	4613
4613	4641	4620
4641	4613	4644
4597	4641	4634
4641	4597	4620
4650	4647	4652
4647	4650	4646
4649	4651	4648
4479	4478	4668
4448	4478	4451
4478	4448	4668
4480	4033	4409
4033	4480	4195
4195	4479	4332
4479	4195	4480
4332	4668	4347
4668	4332	4479
4668	4448	4347
4347	4448	4541
4541	4449	4543
4449	4541	4448
4408	4521	4514
4521	4408	4669
4669	4405	4542
4405	4669	4408
4405	4540	4542
4540	4405	4551
4540	4090	4346
4090	4540	4551
4346	4090	4087
4346	4087	4454
4346	4454	4331
4331	4454	4142
4543	4545	4546
4545	4543	4449
4449	4439	4545
4439	4449	4450
4439	4450	4438
4521	4669	4547
4669	4546	4547
4546	4669	4542
4546	4542	4543
4063	4064	4253
4064	4251	4253
4251	4064	4176
4176	4250	4251
4250	4176	4174
4250	4174	4327
4327	4108	4326
4108	4327	4174
4326	4109	4158
4109	4326	4108
4228	4158	4159
4158	4228	4326
4158	4380	4157
4380	4162	4157
4162	4380	4161
4096	2658	4095
4273	4660	4561
4660	4273	4095
4300	4301	4041
4041	4310	4040
4310	4041	4301
4040	4112	4130
4112	4040	4310
4130	4113	4129
4113	4130	4112
4129	4113	4133
4113	4132	4133
4132	4113	4114
4561	4114	4273
4114	4561	4132
4634	4636	4632
4581	4595	4585
4595	4581	4593
4581	4591	4593
4591	4581	4577
4591	4571	4572
4571	4591	4577
4596	4594	4592
4571	4163	4164
4599	4601	4596
4601	4599	4600
4601	4600	4620
4592	4573	4596
4151	4343	3231
4418	4190	4173
4190	4418	4420
4190	4172	4173
4172	4190	4187
4172	4187	4412
4305	4306	4656
4373	4306	4376
4306	4373	4656
4656	4373	4374
4372	4379	4374
4376	4378	4373
4373	4378	4372
4381	4372	4378
4662	4658	4659
4658	4662	4657
4655	4653	4423
4181	4561	2509
2509	4561	2508
2658	2508	4660
4660	2508	4561
2520	3031	3701
692	693	7909
693	692	694
3044	3046	3045
966	876	875
876	966	1595
3226	3316	3225
3316	3226	1595
11257	11264	11258
11264	11257	11263
11350	11342	11337
11342	11350	11343
4681	11367	11366
11367	4681	4682
11382	11356	11358
11197	11211	11196
11211	11197	11209
11169	11182	11168
11182	11169	11183
11270	11277	11269
11277	11270	11276
11362	11348	11364
11348	11362	11347
11249	11235	11262
11235	11249	11239
11251	11275	11250
11275	11251	11268
11306	11322	11305
11322	11306	11321
11204	11183	11203
11183	11204	11182
11319	11277	11300
11277	11319	11318
11185	11178	11184
11178	11185	11177
11223	11216	11210
11225	11218	11224
11218	11225	11214
11336	11325	11332
11334	11346	11378
11310	11323	11377
11323	11310	11309
11236	11232	11233
11232	11236	11237
11373	11355	11374
11355	11373	11361
11344	11342	11343
11342	11344	11341
11291	11304	11309
11304	11291	11292
11217	11226	11233
11226	11217	11215
11228	11213	11227
11213	11228	11212
11190	11170	11173
11170	11190	11186
11172	11166	11171
11166	11172	11165
11207	11191	11201
11191	11207	11184
11349	11356	11351
11356	11349	11358
11335	9673	11340
11244	11252	11251
11252	11244	11245
11302	11329	11324
11329	11302	11320
11279	11298	11284
11298	11279	11297
11359	11370	11358
11370	11359	11369
11211	11226	11215
11226	11211	11230
11203	11210	11204
11210	11203	11212
11199	11211	11215
11211	11199	11196
11359	11349	11345
11349	11359	11358
11290	11304	11292
11304	11290	11303
11318	11275	11268
11275	11318	11317
11197	11214	11209
11214	11197	11208
11227	11245	11244
11245	11227	11231
11203	11186	11202
11186	11203	11183
11269	11249	11270
11249	11269	11252
11243	11223	11228
11223	11243	11315
9666	11356	11383
11348	11376	11354
11376	11348	11339
11390	11370	4686
11370	11390	11382
11285	11270	11266
11270	11285	11276
11223	11218	11216
11218	11223	11224
11201	11187	11200
11187	11201	11191
11167	11172	11178
11172	11167	11165
11334	11353	11346
11353	11334	11338
11329	11307	11330
11307	11329	11320
11306	11296	11308
11296	11306	11297
11261	11238	11242
11238	11261	11254
11312	11327	11326
11327	11312	11311
11389	11375	11385
11375	11389	11372
9667	11155	9670
11155	9667	11154
11222	11246	11247
11175	11159	11168
11159	11175	11160
11188	11205	11208
11205	11188	11189
11205	11182	11204
11182	11205	11189
11177	9671	11178
9671	11161	11162
11177	11161	9671
11353	11338	11352
11258	11273	11259
11273	11258	11264
11347	11355	11352
11355	11347	11362
11260	9672	11261
9672	11260	11274
11299	11303	11290
11303	11299	11314
11241	11258	11246
11258	11241	11257
11220	11202	11206
11202	11220	11219
11177	11190	11173
11190	11177	11185
11206	11185	11198
11185	11206	11190
9676	11156	11157
11156	9676	9675
11156	9670	11155
9670	11156	9675
11218	11205	11216
11205	11218	11208
9678	11158	11164
11158	9678	9677
11372	11387	11371
11387	11372	11389
9664	11333	11340
11333	9664	9663
9674	11331	9673
11331	9674	11328
9679	11159	11160
9680	9681	9682
9685	9683	9684
9683	9685	9686
9687	9682	9681
9682	9687	9688
9687	9681	9689
9690	9681	9686
9681	9690	9689
9690	9685	9691
9685	9690	9686
9694	9692	9693
9692	9694	9695
9697	9687	9696
9687	9697	9688
9696	9689	9698
9689	9696	9687
9698	9690	9699
9690	9698	9689
9700	9690	9691
9690	9700	9699
9702	9692	9701
9692	9702	9693
9704	9696	9703
9696	9704	9697
9703	9698	9705
9698	9703	9696
9705	9699	9706
9699	9705	9698
9707	9699	9700
9699	9707	9706
9708	9702	9701
9702	9708	9709
9712	9710	9711
9710	9712	9713
9715	9710	9714
9710	9715	9711
9716	9714	9704
9714	9716	9715
9716	9703	9717
9703	9716	9704
9717	9705	9718
9705	9717	9703
9718	9706	9719
9706	9718	9705
9720	9707	9721
9722	9709	9708
9709	9722	9723
9724	9712	9711
9712	9724	9725
9726	9715	9716
9715	9726	9727
9728	9716	9717
9716	9728	9726
9729	9718	9719
9718	9729	9730
9731	9719	9720
9719	9731	9729
9731	9721	9732
9721	9731	9720
9735	9733	9734
9733	9735	9732
9737	9724	9736
9724	9737	9725
9736	9727	9738
9727	9736	9724
9738	9726	9739
9726	9738	9727
9739	9728	9740
9728	9739	9726
9740	9730	9741
9730	9740	9728
9741	9729	9742
9729	9741	9730
9742	9731	9743
9731	9742	9729
9744	9731	9732
9731	9744	9743
9744	9735	9745
9735	9744	9732
9747	9736	9746
9736	9747	9737
9746	9738	9748
9738	9746	9736
9749	9739	9740
9739	9749	9750
9751	9740	9741
9740	9751	9749
9752	9741	9742
9741	9752	9751
9752	9743	9753
9743	9752	9742
9754	9743	9744
9743	9754	9753
9754	9745	9755
9745	9754	9744
9756	9747	9746
9747	9756	9757
9760	9758	9759
9758	9760	9748
9761	9754	9755
9754	9761	9762
9756	9748	9760
9748	9756	9746
9759	9750	9763
9750	9759	9758
9749	9763	9750
9763	9749	9764
9755	9765	9761
9766	9756	9760
9756	9766	9767
9768	9759	9763
9759	9768	9769
9770	9763	9764
9763	9770	9768
9771	9761	9765
9761	9771	9772
9773	9756	9767
9756	9773	9757
9769	9760	9759
9760	9769	9766
9774	9770	9764
9770	9774	9775
9778	9776	9777
9776	9778	9779
9780	9778	9762
9778	9780	9779
9761	9780	9762
9780	9761	9772
9781	9773	9767
9773	9781	9782
9784	9769	9783
9769	9784	9766
9785	9770	9775
9770	9785	9786
9787	9776	9779
9776	9787	9788
9787	9780	9789
9780	9787	9779
9789	9772	9790
9772	9789	9780
9771	9791	9792
9784	9767	9766
9767	9784	9781
9793	9769	9768
9769	9793	9783
9788	9775	9776
9775	9788	9785
9794	9782	9781
9782	9794	9795
9794	9784	9796
9784	9794	9781
9797	9784	9783
9784	9797	9796
9798	9783	9793
9783	9798	9797
9798	9786	9799
9786	9798	9793
9799	9785	9800
9785	9799	9786
9801	9785	9788
9785	9801	9800
9802	9788	9787
9788	9802	9801
9804	9792	9803
9792	9804	9790
9805	9792	9791
9792	9805	9803
9806	9795	9794
9795	9806	9807
9794	9808	9806
9808	9794	9796
9808	9797	9809
9797	9808	9796
9809	9798	9810
9798	9809	9797
9811	9799	9800
9799	9811	9812
9811	9801	9813
9801	9811	9800
9814	9801	9802
9801	9814	9813
9816	9803	9815
9803	9816	9804
9817	9803	9805
9803	9817	9815
9818	9807	9806
9807	9818	9819
9821	9809	9820
9809	9821	9808
9820	9810	9822
9810	9820	9809
9823	9816	9815
9816	9823	9824
9810	9825	9822
9825	9810	9812
9811	9826	9827
9828	9813	9814
9813	9828	9829
9830	9819	9818
9819	9830	9831
9832	9818	9821
9818	9832	9830
9820	9833	9834
9833	9820	9822
9836	9835	9824
9835	9836	9837
9839	9823	9838
9823	9839	9840
9834	9821	9820
9821	9834	9841
9842	9822	9825
9822	9842	9833
9843	9825	9827
9825	9843	9842
9837	9828	9835
9828	9837	9844
9845	9841	9834
9841	9845	9846
9834	9847	9845
9848	9834	9833
9834	9848	9847
9851	9849	9850
9849	9851	9852
9853	9840	9839
9840	9853	9854
9855	9831	9830
9831	9855	9856
9846	9832	9841
9832	9846	9857
9858	9833	9842
9833	9858	9848
9859	9842	9843
9842	9859	9858
9852	9843	9849
9843	9852	9859
9861	9860	9844
9860	9861	9862
9863	9844	9837
9844	9863	9861
9864	9837	9836
9837	9864	9863
9865	9856	9855
9856	9865	9866
9868	9846	9867
9846	9868	9857
9867	9845	9869
9845	9867	9846
9847	9870	9869
9872	9858	9871
9858	9872	9848
9873	9851	9862
9851	9873	9874
9873	9861	9875
9861	9873	9862
9876	9861	9863
9861	9876	9875
9877	9863	9864
9863	9877	9876
9878	9865	9868
9865	9878	9879
9880	9868	9867
9868	9880	9878
9880	9869	9881
9869	9880	9867
9869	9870	9881
9882	9859	9852
9859	9882	9883
9852	9874	9882
9874	9852	9851
9878	9884	9879
9884	9878	9885
9886	9878	9880
9878	9886	9885
9887	9880	9881
9880	9887	9886
9888	9881	9870
9881	9888	9887
9890	9874	9889
9874	9890	9882
9892	9877	9891
9877	9892	9893
9895	9886	9894
9886	9895	9885
9894	9887	9896
9887	9894	9886
9897	9887	9888
9887	9897	9896
9900	9898	9899
9898	9900	9901
9904	9902	9903
9902	9904	9905
9907	9902	9906
9902	9907	9903
9895	9908	9909
9908	9895	9894
9908	9896	9910
9896	9908	9894
9897	9910	9896
9910	9897	9911
9914	9912	9913
9912	9914	9915
9893	9916	9917
9916	9893	9892
9918	9919	9920
9923	9921	9922
9921	9923	9898
9898	9901	9921
9924	9904	9903
9904	9924	9925
9926	9903	9907
9903	9926	9924
9926	9909	9927
9909	9926	9907
9908	9928	9929
9928	9908	9910
9930	9890	9889
9890	9930	9931
9932	9933	9934
9935	9936	9937
9939	9921	9938
9921	9939	9922
9938	9940	9941
9940	9938	9921
9943	9924	9942
9924	9943	9925
9944	9926	9927
9926	9944	9945
9946	9947	9948
9951	9949	9950
9949	9951	9952
9955	9953	9954
9953	9955	9956
9959	9957	9958
9957	9959	9960
9962	9913	9961
9913	9962	9914
9916	9961	9917
9961	9916	9963
9966	9964	9965
9964	9966	9934
9969	9967	9968
9967	9969	9970
9919	9937	9965
9945	9924	9926
9924	9945	9942
9971	9931	9930
9931	9971	9972
9974	9966	9973
9966	9974	9934
9977	9975	9976
9975	9977	9978
9980	9944	9979
9944	9980	9981
9983	9947	9982
9947	9983	9984
9986	9971	9985
9971	9986	9972
9961	9987	9962
9976	9988	9989
9988	9976	9975
9991	9938	9990
9938	9991	9939
9992	9945	9981
9945	9992	9942
9993	9994	9948
9956	9955	9995
9997	9970	9996
9970	9997	9967
9958	9998	9959
9998	9958	9999
10001	9966	10000
9966	10001	9973
10002	9966	9965
9966	10002	10000
10003	9965	9937
9965	10003	10002
10006	10004	10005
10004	10006	10007
9992	9943	9942
9943	9992	10008
9994	10009	9948
10009	9994	10010
10011	9952	9951
9952	10011	10012
9985	10013	10014
10013	9985	9971
9961	9963	9987
9936	10003	9937
10003	9936	9977
10016	9989	10015
9989	10016	9976
10018	9984	10017
9984	10018	9993
10017	9984	9983
10019	9997	9996
9997	10019	10020
10022	9999	10021
9999	10022	9998
9987	10023	10024
10023	9987	10001
10000	10025	10026
10025	10000	10002
10002	10027	10025
10027	10002	10003
10027	9977	10028
9977	10027	10003
9977	10016	10028
10016	9977	9976
9990	10029	9991
10029	9990	10030
9992	9981	10031
10031	9980	10032
9980	10031	9981
9986	9985	10033
9987	10034	10014
10034	9987	10024
10035	10007	10006
10007	10035	10036
10010	10037	10038
10037	10010	9994
9993	10037	9994
10037	9993	10018
10039	10012	10011
10012	10039	10040
9997	10041	9995
10041	9997	10020
10034	9985	10014
9985	10034	10033
10000	10023	10001
10023	10000	10026
10043	10035	10042
10035	10043	10036
10044	10031	10045
10046	10018	10017
10018	10046	10047
10039	10048	10049
10048	10039	10041
10050	10033	10034
10033	10050	10051
10050	10024	10052
10024	10050	10034
10027	10053	10054
10053	10027	10028
10048	10020	10055
10020	10048	10041
10051	10021	10033
10021	10051	10056
10053	10016	10057
10016	10053	10028
10029	10058	10059
10058	10029	10030
10030	10060	10058
10060	10030	10061
10062	10031	10032
10031	10062	10045
10064	10037	10063
10037	10064	10038
10046	10040	10065
10040	10046	10017
10066	10021	10056
10021	10066	10022
10027	10067	10025
10067	10027	10054
10015	10057	10016
10057	10015	10068
10047	10037	10018
10037	10047	10063
10055	10019	10066
10019	10055	10020
10023	10052	10024
10052	10023	10069
10070	10023	10026
10023	10070	10069
10070	10025	10067
10025	10070	10026
10071	10043	10042
10043	10071	10072
10073	10062	10064
10062	10073	10074
10073	10063	10075
10063	10073	10064
10075	10047	10076
10047	10075	10063
10077	10046	10065
10046	10077	10078
10080	10051	10079
10051	10080	10056
10081	10070	10067
10070	10081	10082
10067	10083	10081
10083	10067	10054
10054	10084	10083
10084	10054	10053
10076	10046	10078
10046	10076	10047
10085	10065	10049
10065	10085	10077
10086	10056	10080
10056	10086	10066
10087	10051	10050
10051	10087	10079
10088	10070	10082
10070	10088	10069
10058	10089	10090
10089	10058	10060
10074	10045	10062
10045	10074	10089
10091	10069	10088
10069	10091	10052
10084	10057	10092
10057	10084	10053
10092	10068	10093
10068	10092	10057
10090	10059	10058
10059	10090	10094
10055	10095	10048
10095	10055	10096
10086	10055	10066
10055	10086	10096
10052	10087	10050
10087	10052	10091
10098	10089	10097
10089	10098	10090
10099	10089	10074
10089	10099	10097
10075	10100	10073
10102	10078	10101
10078	10102	10076
10104	10096	10103
10096	10104	10095
10103	10086	10105
10086	10103	10096
10086	10106	10105
10106	10086	10080
10108	10091	10107
10091	10108	10087
10091	10109	10107
10109	10091	10088
10111	10081	10110
10081	10111	10082
10113	10084	10112
10084	10113	10083
10098	10094	10090
10094	10098	10114
10074	10100	10099
10100	10074	10073
10077	10085	10115
10084	10116	10112
10116	10084	10092
10093	10072	10117
10117	10071	10114
10071	10117	10072
10076	10100	10075
10100	10076	10102
10077	10101	10078
10101	10077	10115
10087	10118	10079
10118	10087	10108
10081	10113	10110
10113	10081	10083
10080	10118	10106
10118	10080	10079
10109	10082	10111
10082	10109	10088
10120	10097	10119
10097	10120	10098
10100	10121	10122
10121	10100	10102
10102	10123	10121
10123	10102	10101
10124	10105	10106
10105	10124	10125
10124	10118	10126
10118	10124	10106
10126	10108	10127
10108	10126	10118
10107	10128	10129
10128	10107	10109
10128	10111	10130
10111	10128	10109
10132	10113	10131
10113	10132	10110
10134	10116	10133
10116	10134	10112
10122	10099	10100
10099	10122	10135
10136	10115	10104
10115	10136	10137
10129	10108	10107
10108	10129	10127
10117	10133	10116
10133	10117	10138
10114	10120	10139
10120	10114	10098
10119	10099	10135
10099	10119	10097
10130	10110	10132
10110	10130	10111
10117	10139	10138
10139	10117	10114
10115	10123	10101
10123	10115	10137
10140	10104	10103
10104	10140	10136
10105	10140	10103
10140	10105	10125
10112	10131	10113
10131	10112	10134
10142	10120	10141
10120	10142	10139
10144	10135	10143
10135	10144	10119
10145	10135	10122
10135	10145	10143
10145	10121	10146
10121	10145	10122
10147	10123	10137
10123	10147	10148
10147	10136	10149
10136	10147	10137
10150	10140	10125
10140	10150	10151
10126	10152	10153
10152	10126	10127
10155	10128	10154
10128	10155	10129
10156	10128	10130
10128	10156	10154
10130	10157	10156
10157	10130	10132
10159	10133	10158
10133	10159	10134
10160	10133	10138
10133	10160	10158
10138	10142	10160
10142	10138	10139
10144	10120	10119
10120	10144	10141
10123	10146	10121
10146	10123	10148
10151	10136	10140
10136	10151	10149
10124	10150	10125
10150	10124	10161
10153	10124	10126
10124	10153	10161
10129	10152	10127
10152	10129	10155
10157	10131	10162
10131	10157	10132
10162	10134	10159
10134	10162	10131
10145	11135	10143
10145	11136	11135
11136	10145	10146
10146	11137	11136
11137	10146	10148
10163	11137	11138
11137	11162	11161
10163	11162	11137
10151	11147	10149
11147	10151	11146
10153	11143	10161
11143	10153	11142
10162	10164	10157
10159	10158	10165
10141	11139	11140
11139	10141	10144
10156	10167	10154
10167	10156	10166
11140	11153	9677
10164	10159	10165
10159	10164	10162
10165	11151	11150
10144	11135	11139
11135	10144	10143
11138	11147	11141
10147	11147	11138
10147	10149	11147
10150	11143	11146
11143	10150	10161
11142	10155	11145
10155	11142	10152
10167	11144	11145
11151	9678	11150
9678	11151	9677
11148	9678	9679
9678	11148	11150
9676	11145	9675
11145	9676	11142
10167	11149	11144
11149	10167	10166
9671	11162	11163
9947	10171	9982
10171	9947	9946
9984	9948	9947
9948	9984	9993
9928	9979	9929
9979	9928	10009
9817	9823	9815
9823	9817	9838
9812	9827	9825
9827	9812	9811
9798	9812	9810
9812	9798	9799
9752	9778	9777
9778	9752	9753
9753	9762	9778
9762	9753	9754
9770	9793	9768
9793	9770	9786
9818	9808	9821
9808	9818	9806
9845	9847	9869
9872	9847	9848
9847	9872	9870
10172	10173	9974
9963	9974	9973
9974	9963	9916
10001	9963	9973
9963	10001	9987
10013	9987	10014
9987	10013	9962
9914	10013	10174
10013	9914	9962
10175	9914	10174
9914	10175	9915
9873	9915	10175
9915	9873	9875
9876	9915	9875
9915	9876	9912
10178	10176	10177
10176	10178	10179
10182	10180	10181
10180	10182	10183
10183	10184	10180
10184	10183	10185
10188	10186	10187
10186	10188	10189
10192	10190	10191
10190	10192	10193
10194	10193	10192
10193	10194	10195
9956	9950	9953
9950	9956	9951
9995	9951	9956
9951	9995	10011
10041	10011	9995
10011	10041	10039
10040	10049	10065
10049	10040	10039
10095	10049	10048
10049	10095	10085
10104	10085	10095
10085	10104	10115
10179	10181	10176
10181	10179	10182
10021	9999	9986
10033	10021	9986
9989	10004	10007
10004	9989	9988
10015	10007	10036
10007	10015	9989
10068	10036	10043
10036	10068	10015
10093	10043	10072
10043	10093	10068
10117	10092	10093
10092	10117	10116
10196	9934	9933
9934	10196	9964
9911	10197	9928
10197	9911	10198
10032	9980	10010
9929	9944	9927
9944	9929	9979
9908	9927	9909
9927	9908	9929
10032	10064	10062
10064	10032	10038
10038	10032	10010
9979	10010	9980
10010	9979	10009
10009	9928	10197
9895	9884	9885
9750	9758	9739
9711	9727	9724
9727	9711	9715
9857	9830	9832
9830	9857	9855
9868	9855	9857
9855	9868	9865
9849	9843	9827
9823	9836	9824
9836	9823	9840
9890	9883	9882
9858	9883	9871
9883	9858	9859
9873	9889	9874
9889	9873	10175
9826	9849	9827
9849	9826	9850
9826	9811	9813
10201	10199	10200
10199	10201	10202
10178	10203	10204
10203	10178	10205
10207	10182	10206
10182	10207	10183
10210	10208	10209
10208	10210	10211
10188	10212	10213
10212	10188	10187
10215	10192	10214
10192	10215	10194
10206	10179	10216
10179	10206	10182
10213	10217	10218
10217	10213	10219
10189	10220	10221
10220	10189	10188
9970	10222	10223
10222	9970	9969
9996	10223	10224
10223	9996	9970
10022	9996	10224
9996	10022	10019
10019	10022	10066
10225	10199	10202
10204	10203	10226
10214	10227	10228
10219	10229	10217
10229	10219	10230
10230	10219	10231
10232	10225	10202
10225	10232	10233
10234	10202	10201
10202	10234	10232
10235	10203	10215
10203	10235	10226
9829	9844	9860
9844	9829	9828
10236	9824	9835
9824	10236	9816
9804	10236	10237
10236	9804	9816
9790	10237	9789
10237	9790	9804
10236	9828	9814
9828	10236	9835
9802	10236	9814
10236	9802	10237
9789	9802	9787
9802	9789	10237
9854	9877	9864
9877	9854	9891
9840	9864	9836
9864	9840	9854
9771	9790	9772
9790	9771	9792
9851	9860	9862
9860	9851	9850
9930	10175	10174
10175	9930	9889
10013	9930	10174
9930	10013	9971
10238	9958	9957
9958	10238	10239
9749	9774	9764
9774	9749	9751
9717	9730	9728
9730	9717	9718
9680	9686	9681
9686	9680	9683
9738	9758	9748
9758	9738	9739
9841	9832	9821
9866	9879	10240
9879	9866	9865
9707	9719	9706
9719	9707	9720
10241	9831	9856
9831	10241	10242
10243	9782	9795
9782	10243	10244
9807	10243	9795
10243	9807	10245
10242	9819	9831
9819	10242	10246
10246	9807	9819
9807	10246	10245
10242	9853	9839
9853	10242	10241
10246	9839	9838
9839	10246	10242
10245	9838	9817
9838	10245	10246
10243	9817	9805
9817	10243	10245
10244	9805	9791
9805	10244	10243
10249	10247	10248
10247	10249	10250
10253	10251	10252
10251	10253	10254
10252	10250	10253
10250	10252	10247
10257	10255	10256
10255	10257	10258
10260	10254	10259
10254	10260	10251
10263	10261	10262
10261	10263	10258
10266	10264	10265
10264	10266	10267
10268	9684	9683
9684	10268	10269
10270	9680	9682
9680	10270	10271
10272	10271	10270
10271	10272	10273
10275	10272	10274
10272	10275	10276
10255	10277	9713
10277	10255	10278
10256	9713	9712
9713	10256	10255
10251	9725	9737
9725	10251	10260
10252	9737	9747
9737	10252	10251
10247	9747	9757
9747	10247	10252
10248	9757	9773
9757	10248	10247
10244	9773	9782
9773	10244	10248
9791	10248	10244
10248	9791	10249
9791	9771	10249
10250	9771	9765
9771	10250	10249
10253	9765	9755
9765	10253	10250
10254	9755	9745
9755	10254	10253
10259	9745	9735
9745	10259	10254
10257	10261	10258
10261	10257	9734
10271	9683	9680
9683	10271	10268
10267	10276	10275
10276	10267	10266
10258	10278	10255
10278	10258	10263
10266	10279	10280
10279	10266	10265
10276	10273	10272
10279	10268	10280
10268	10279	10269
10273	10268	10271
10268	10273	10280
10273	10266	10280
10266	10273	10276
10267	10262	10264
10262	10267	10263
10275	10263	10267
10263	10275	10278
10274	10278	10275
10278	10274	10277
10281	10282	10283
10282	10274	10283
10274	10282	10277
10281	9688	9697
9688	10281	10283
9714	9697	9704
9697	9714	10281
10281	9710	10282
9710	10281	9714
10277	9710	9713
9710	10277	10282
10270	10274	10272
10274	10270	10283
9682	10283	10270
10283	9682	9688
10260	9712	9725
9712	10260	10256
10259	10256	10260
10256	10259	10257
9735	10257	10259
10257	9735	9734
9732	10284	9733
9734	9733	10261
9732	9721	10284
10286	9723	10285
9723	10286	10287
10288	10287	10286
10287	10288	10289
10290	10289	10288
10289	10290	10291
10292	10291	10290
10291	10292	9694
9774	9776	9775
9776	9774	9777
9752	9774	9751
9774	9752	9777
9685	9684	10293
10294	9684	10269
9684	10294	10293
10295	10269	10279
10269	10295	10294
10279	10265	10295
10296	10265	10264
10265	10296	10295
10297	10264	10262
10264	10297	10296
10298	10262	10261
10262	10298	10297
10299	10261	9733
10261	10299	10298
10300	9733	10284
9733	10300	10299
10301	10284	9721
10284	10301	10300
10302	9721	9707
9721	10302	10301
10303	9707	9700
9707	10303	10302
10304	9700	9691
9700	10304	10303
10293	9691	9685
9691	10293	10304
9692	10295	10296
10295	9692	9695
9701	10296	10297
10296	9701	9692
9708	10297	10298
10297	9708	9701
9722	10298	10299
10298	9722	9708
9723	10299	10300
10299	9723	9722
10285	10300	10301
10300	10285	9723
10286	10301	10302
10301	10286	10285
10288	10302	10303
10302	10288	10286
10290	10303	10304
10303	10290	10288
10292	10304	10293
10304	10292	10290
9694	10293	10294
10293	9694	10292
10294	9695	9694
9695	10294	10295
9709	9723	10287
10291	9694	9693
10289	9709	10287
9709	10289	9702
10291	9702	10289
9702	10291	9693
9961	9913	9917
9913	9893	9917
9893	9913	9912
9877	9912	9876
9912	9877	9893
10305	10306	10307
10310	10308	10309
10308	10310	10311
10312	10307	10306
10307	10312	10313
10312	10306	10314
10315	10306	10311
10306	10315	10314
10315	10310	10316
10310	10315	10311
10319	10317	10318
10317	10319	10320
10322	10312	10321
10312	10322	10313
10321	10314	10323
10314	10321	10312
10323	10315	10324
10315	10323	10314
10325	10315	10316
10315	10325	10324
10327	10317	10326
10317	10327	10318
10329	10321	10328
10321	10329	10322
10328	10323	10330
10323	10328	10321
10330	10324	10331
10324	10330	10323
10332	10324	10325
10324	10332	10331
10333	10327	10326
10327	10333	10334
10337	10335	10336
10335	10337	10338
10340	10335	10339
10335	10340	10336
10341	10339	10329
10339	10341	10340
10341	10328	10342
10328	10341	10329
10342	10330	10343
10330	10342	10328
10343	10331	10344
10331	10343	10330
10345	10332	10346
10347	10334	10333
10334	10347	10348
10349	10337	10336
10337	10349	10350
10351	10340	10341
10340	10351	10352
10353	10341	10342
10341	10353	10351
10354	10343	10344
10343	10354	10355
10356	10344	10345
10344	10356	10354
10356	10346	10357
10346	10356	10345
10360	10358	10359
10358	10360	10357
10362	10349	10361
10349	10362	10350
10361	10352	10363
10352	10361	10349
10363	10351	10364
10351	10363	10352
10364	10353	10365
10353	10364	10351
10365	10355	10366
10355	10365	10353
10366	10354	10367
10354	10366	10355
10367	10356	10368
10356	10367	10354
10369	10356	10357
10356	10369	10368
10369	10360	10370
10360	10369	10357
10372	10361	10371
10361	10372	10362
10371	10363	10373
10363	10371	10361
10374	10364	10365
10364	10374	10375
10376	10365	10366
10365	10376	10374
10377	10366	10367
10366	10377	10376
10377	10368	10378
10368	10377	10367
10379	10368	10369
10368	10379	10378
10379	10370	10380
10370	10379	10369
10381	10372	10371
10372	10381	10382
10384	10375	10383
10375	10384	10373
10385	10379	10380
10379	10385	10386
10381	10373	10384
10373	10381	10371
10374	10383	10375
10383	10374	10387
10380	10388	10385
10389	10381	10384
10381	10389	10390
10391	10383	10387
10383	10391	10392
10393	10385	10388
10385	10393	10394
10395	10381	10390
10381	10395	10382
10392	10384	10383
10384	10392	10389
10396	10391	10387
10391	10396	10397
10400	10398	10399
10398	10400	10401
10402	10400	10386
10400	10402	10401
10385	10402	10386
10402	10385	10394
10403	10395	10390
10395	10403	10404
10406	10392	10405
10392	10406	10389
10407	10391	10397
10391	10407	10408
10409	10398	10401
10398	10409	10410
10409	10402	10411
10402	10409	10401
10411	10394	10412
10394	10411	10402
10414	10393	10413
10393	10414	10415
10406	10390	10389
10390	10406	10403
10410	10397	10398
10397	10410	10407
10416	10404	10403
10404	10416	10417
10416	10406	10418
10406	10416	10403
10419	10406	10405
10406	10419	10418
10419	10408	10420
10408	10419	10405
10420	10407	10421
10407	10420	10408
10422	10407	10410
10407	10422	10421
10423	10410	10409
10410	10423	10422
10425	10415	10424
10415	10425	10412
10426	10415	10414
10415	10426	10424
10427	10417	10416
10417	10427	10428
10416	10429	10427
10429	10416	10418
10429	10419	10430
10419	10429	10418
10431	10420	10421
10420	10431	10432
10431	10422	10433
10422	10431	10421
10434	10422	10423
10422	10434	10433
10436	10424	10435
10424	10436	10425
10437	10424	10426
10424	10437	10435
10427	10438	10428
10438	10427	10439
10440	10429	10430
10429	10440	10441
10442	10438	10439
10438	10442	10443
10444	10436	10435
10436	10444	10445
10431	10446	10447
10433	10446	10431
10446	10433	10448
10449	10433	10434
10433	10449	10448
10450	10443	10442
10443	10450	10451
10453	10442	10452
10442	10453	10450
10455	10454	10445
10454	10455	10456
10458	10444	10457
10444	10458	10459
10452	10460	10453
10460	10452	10461
10464	10462	10463
10462	10464	10465
10466	10463	10447
10463	10466	10464
10456	10449	10454
10449	10456	10467
10468	10460	10465
10460	10468	10469
10470	10471	10472
10473	10459	10458
10459	10473	10474
10475	10451	10450
10451	10475	10476
10469	10453	10460
10453	10469	10477
10478	10465	10464
10465	10478	10468
10479	10464	10466
10464	10479	10478
10481	10480	10467
10480	10481	10482
10483	10467	10456
10467	10483	10481
10484	10456	10455
10456	10484	10483
10485	10476	10475
10476	10485	10486
10488	10469	10487
10469	10488	10477
10487	10468	10489
10468	10487	10469
10490	10478	10240
10478	10490	10468
10491	10472	10482
10472	10491	10492
10491	10481	10493
10481	10491	10482
10494	10481	10483
10481	10494	10493
10495	10483	10484
10483	10495	10494
10496	10485	10488
10485	10496	10497
10498	10488	10487
10488	10498	10496
10498	10489	10499
10489	10498	10487
10496	10500	10497
10500	10496	10501
10502	10496	10498
10496	10502	10501
10503	10498	10499
10498	10503	10502
9884	9895	10503
10495	9933	9932
9933	10495	10504
9902	10502	9906
10502	9902	10501
9906	10503	9895
10503	9906	10502
10437	10444	10435
10444	10437	10457
10441	10427	10429
10427	10441	10439
10432	10447	10463
10447	10432	10431
10440	10463	10462
10463	10440	10432
10419	10432	10430
10432	10419	10420
10377	10400	10399
10400	10377	10378
10378	10386	10400
10386	10378	10379
10391	10405	10392
10405	10391	10408
10452	10441	10461
10441	10452	10439
10468	10490	10489
9892	10493	10172
10493	9892	10491
10494	10172	10493
10172	10494	10173
10501	9905	10500
9905	10501	9902
10336	10352	10349
10352	10336	10340
10477	10450	10453
10450	10477	10475
10488	10475	10477
10475	10488	10485
10470	10466	10447
10446	10480	10471
10480	10446	10448
10444	10455	10445
10455	10444	10459
10504	10196	9933
10196	10504	10505
10474	10505	10504
10505	10474	10473
10478	10506	10240
10506	10478	10479
10446	10470	10447
10470	10446	10471
10448	10467	10480
10467	10448	10449
10507	10445	10454
10445	10507	10436
10425	10507	10508
10507	10425	10436
10412	10508	10411
10508	10412	10425
10507	10449	10434
10449	10507	10454
10423	10507	10434
10507	10423	10508
10411	10423	10409
10423	10411	10508
10474	10495	10484
10495	10474	10504
10459	10484	10455
10484	10459	10474
10393	10412	10394
10412	10393	10415
10472	10480	10482
10480	10472	10471
10470	10479	10466
10479	10470	10472
10374	10396	10387
10396	10374	10376
10342	10355	10353
10355	10342	10343
10305	10311	10306
10311	10305	10308
10363	10375	10373
10375	10363	10364
10497	10486	10485
10332	10344	10331
10344	10332	10345
10509	10451	10476
10451	10509	10510
10511	10404	10417
10404	10511	10512
10428	10511	10417
10511	10428	10513
10510	10443	10451
10443	10510	10514
10438	10443	10514
10515	10476	10486
10476	10515	10509
10432	10440	10430
10473	10515	10505
10515	10473	10509
10510	10473	10458
10473	10510	10509
10514	10458	10457
10458	10514	10510
10513	10457	10437
10457	10513	10514
10511	10437	10426
10437	10511	10513
10512	10426	10414
10426	10512	10511
10514	10428	10438
10428	10514	10513
10413	10516	10517
10516	10413	10518
10521	10519	10520
10519	10521	10522
10520	10518	10521
10518	10520	10516
10525	10523	10524
10523	10525	10526
10528	10522	10527
10522	10528	10519
10531	10529	10530
10529	10531	10526
10534	10532	10533
10532	10534	10535
10536	10309	10308
10309	10536	10537
10538	10305	10307
10305	10538	10539
10540	10539	10538
10539	10540	10541
10543	10540	10542
10540	10543	10544
10523	10545	10338
10545	10523	10546
10524	10338	10337
10338	10524	10523
10519	10350	10362
10350	10519	10528
10520	10362	10372
10362	10520	10519
10516	10372	10382
10372	10516	10520
10517	10382	10395
10382	10517	10516
10512	10395	10404
10395	10512	10517
10414	10517	10512
10517	10414	10413
10518	10393	10388
10393	10518	10413
10521	10388	10380
10388	10521	10518
10522	10380	10370
10380	10522	10521
10527	10370	10360
10370	10527	10522
10525	10529	10526
10529	10525	10359
10539	10308	10305
10308	10539	10536
10535	10544	10543
10544	10535	10534
10526	10546	10523
10546	10526	10531
10534	10547	10548
10547	10534	10533
10544	10541	10540
10547	10536	10548
10536	10547	10537
10541	10536	10539
10536	10541	10548
10541	10534	10548
10534	10541	10544
10535	10530	10532
10530	10535	10531
10543	10531	10535
10531	10543	10546
10542	10546	10543
10546	10542	10545
10549	10550	10551
10550	10542	10551
10542	10550	10545
10313	10549	10551
10339	10322	10329
10322	10339	10549
10549	10335	10550
10335	10549	10339
10545	10335	10338
10335	10545	10550
10538	10542	10540
10542	10538	10551
10307	10551	10538
10551	10307	10313
10528	10337	10350
10337	10528	10524
10527	10524	10528
10524	10527	10525
10360	10525	10527
10525	10360	10359
10357	10552	10358
10359	10358	10529
10357	10346	10552
10554	10348	10553
10348	10554	10555
10556	10555	10554
10555	10556	10557
10558	10557	10556
10557	10558	10559
10560	10559	10558
10559	10560	10319
10396	10398	10397
10398	10396	10399
10377	10396	10376
10396	10377	10399
10310	10309	10561
10562	10309	10537
10309	10562	10561
10563	10537	10547
10537	10563	10562
10547	10533	10563
10564	10533	10532
10533	10564	10563
10565	10532	10530
10532	10565	10564
10566	10530	10529
10530	10566	10565
10567	10529	10358
10529	10567	10566
10568	10358	10552
10358	10568	10567
10569	10552	10346
10552	10569	10568
10570	10346	10332
10346	10570	10569
10571	10332	10325
10332	10571	10570
10572	10325	10316
10325	10572	10571
10561	10316	10310
10316	10561	10572
10317	10563	10564
10563	10317	10320
10326	10564	10565
10564	10326	10317
10333	10565	10566
10565	10333	10326
10347	10566	10567
10566	10347	10333
10348	10567	10568
10567	10348	10347
10553	10568	10569
10568	10553	10348
10554	10569	10570
10569	10554	10553
10556	10570	10571
10570	10556	10554
10558	10571	10572
10571	10558	10556
10560	10572	10561
10572	10560	10558
10319	10561	10562
10561	10319	10560
10562	10320	10319
10320	10562	10563
10334	10348	10555
10559	10319	10318
10557	10334	10555
10334	10557	10327
10559	10327	10557
10327	10559	10318
10495	10173	10494
10173	10495	9932
10465	10461	10462
10461	10465	10460
10440	10461	10441
10461	10440	10462
10452	10442	10439
10313	10322	10549
9879	10489	10490
10489	9879	10499
9884	10499	9879
10499	9884	10503
9974	9892	10172
9892	9974	9916
9932	9974	10173
9974	9932	9934
9906	9909	9907
9909	9906	9895
10492	10479	10472
10479	10492	10506
9813	9829	9826
9860	9826	9829
9826	9860	9850
9879	10490	10240
9999	9972	9986
9972	9999	9958
10573	9854	9853
9854	10573	9891
10574	9853	10241
9853	10574	10573
9866	10241	9856
10241	9866	10574
10573	10574	10575
10575	9891	10573
9891	10575	10576
9892	9891	10576
10506	10492	10575
10576	10492	10491
10492	10576	10575
10576	10491	9892
10515	10196	10505
10196	10515	10577
10486	10577	10515
10577	10486	10578
10578	10486	10497
10579	10580	10581
10584	10582	10583
10582	10584	10585
10587	10580	10586
10580	10587	10581
10587	10588	10581
10589	10581	10588
10581	10589	10583
10589	10584	10583
10584	10589	10590
10593	10591	10592
10591	10593	10594
10595	10587	10586
10587	10595	10596
10596	10588	10587
10588	10596	10597
10597	10589	10588
10589	10597	10598
10599	10589	10598
10589	10599	10590
10600	10591	10594
10591	10600	10601
10602	10596	10595
10596	10602	10603
10603	10597	10596
10597	10603	10604
10604	10598	10597
10598	10604	10605
10606	10598	10605
10598	10606	10599
10608	10600	10607
10600	10608	10601
10611	10609	10610
10609	10611	10612
10613	10609	10612
10609	10613	10614
10615	10614	10613
10614	10615	10602
10615	10603	10602
10603	10615	10616
10616	10604	10603
10604	10616	10617
10617	10605	10604
10605	10617	10618
10619	10620	10606
10622	10607	10621
10607	10622	10608
10624	10611	10623
10611	10624	10612
10626	10613	10625
10613	10626	10615
10627	10615	10626
10615	10627	10616
10629	10617	10628
10617	10629	10618
10630	10618	10629
10618	10630	10619
10630	10620	10619
10620	10630	10631
10633	10632	10631
10632	10633	10634
10635	10624	10623
10624	10635	10636
10636	10625	10624
10625	10636	10637
10637	10626	10625
10626	10637	10638
10638	10627	10626
10627	10638	10639
10639	10628	10627
10628	10639	10640
10640	10629	10628
10629	10640	10641
10641	10630	10629
10630	10641	10642
10643	10630	10642
10630	10643	10631
10643	10633	10631
10633	10643	10644
10645	10636	10635
10636	10645	10646
10646	10637	10636
10637	10646	10647
10638	10648	10639
10649	10639	10648
10639	10649	10640
10650	10640	10649
10640	10650	10641
10650	10642	10641
10642	10650	10651
10652	10642	10651
10642	10652	10643
10652	10644	10643
10644	10652	10653
10655	10645	10654
10645	10655	10646
10657	10652	10656
10652	10657	10653
10655	10647	10646
10647	10655	10658
10658	10648	10647
10648	10658	10659
10653	10657	10660
10662	10655	10661
10655	10662	10658
10663	10658	10662
10658	10663	10659
10665	10657	10664
10657	10665	10660
10666	10655	10654
10655	10666	10661
10668	10663	10667
10663	10668	10659
10671	10669	10670
10669	10671	10672
10673	10671	10670
10671	10673	10656
10657	10673	10664
10673	10657	10656
10675	10666	10674
10666	10675	10661
10677	10663	10676
10663	10677	10667
10679	10669	10678
10669	10679	10670
10679	10673	10670
10673	10679	10680
10680	10664	10673
10664	10680	10681
10665	10682	10683
10684	10661	10675
10661	10684	10662
10676	10662	10684
10662	10676	10663
10678	10667	10677
10667	10678	10669
10686	10674	10685
10674	10686	10675
10686	10684	10675
10684	10686	10687
10688	10684	10687
10684	10688	10676
10688	10677	10676
10677	10688	10689
10690	10677	10689
10677	10690	10678
10691	10678	10690
10678	10691	10679
10692	10682	10681
10682	10692	10693
10694	10682	10693
10682	10694	10683
10696	10685	10695
10685	10696	10686
10686	10697	10687
10697	10686	10696
10697	10688	10687
10688	10697	10698
10699	10688	10698
10688	10699	10689
10699	10690	10689
10690	10699	10700
10701	10690	10700
10690	10701	10691
10702	10693	10692
10693	10702	10703
10704	10693	10703
10693	10704	10694
10706	10695	10705
10695	10706	10696
10708	10697	10707
10697	10708	10698
10710	10702	10709
10702	10710	10703
10699	10711	10712
10700	10712	10713
10714	10700	10713
10700	10714	10701
10716	10705	10715
10705	10716	10706
10707	10716	10717
10716	10707	10706
10707	10718	10708
10718	10707	10717
10721	10719	10720
10719	10721	10709
10723	10710	10722
10710	10723	10724
10725	10708	10718
10708	10725	10711
10720	10714	10726
10714	10720	10719
10727	10717	10716
10717	10727	10728
10729	10717	10728
10717	10729	10718
10731	10725	10730
10725	10731	10732
10734	10722	10733
10722	10734	10723
10736	10715	10735
10715	10736	10716
10730	10718	10729
10718	10730	10725
10739	10737	10738
10737	10739	10726
10740	10726	10739
10726	10740	10720
10741	10720	10740
10720	10741	10721
10743	10735	10742
10735	10743	10736
10745	10727	10744
10727	10745	10728
10747	10731	10746
10731	10747	10738
10747	10739	10738
10739	10747	10748
10749	10739	10748
10739	10749	10740
10750	10740	10749
10740	10750	10741
10730	10746	10731
10746	10751	10752
10754	10753	9935
10753	10754	10755
10704	10710	10724
10710	10704	10703
10698	10711	10699
10711	10698	10708
10650	10671	10651
10671	10650	10672
10651	10656	10652
10656	10651	10671
10707	10696	10706
10696	10707	10697
10729	10745	10756
10745	10729	10728
10747	10757	10748
10757	10747	10758
10749	10757	10759
10757	10749	10748
10648	10638	10647
10612	10625	10613
10625	10612	10624
10727	10743	10744
10743	10727	10736
10712	10737	10713
10737	10712	10732
10710	10721	10722
10721	10710	10709
10754	10733	10755
10733	10754	10734
10729	10760	10730
10760	10729	10756
10747	10752	10758
10752	10747	10746
10712	10725	10732
10725	10712	10711
10712	10700	10699
10713	10726	10714
10726	10713	10737
10761	10709	10702
10709	10761	10719
10692	10761	10702
10761	10692	10762
10681	10762	10692
10762	10681	10680
10761	10714	10719
10714	10761	10701
10691	10761	10762
10761	10691	10701
10680	10691	10762
10691	10680	10679
10722	10741	10733
10741	10722	10721
10665	10681	10682
10681	10665	10664
10731	10737	10732
10737	10731	10738
10648	10668	10649
10668	10648	10659
10616	10628	10617
10628	10616	10627
10579	10583	10582
10583	10579	10581
10647	10638	10637
10730	10760	10746
10606	10618	10619
10618	10606	10605
10764	10715	10763
10715	10764	10735
10766	10674	10765
10674	10766	10685
10695	10766	10767
10766	10695	10685
10763	10705	10768
10705	10763	10715
10768	10695	10767
10695	10768	10705
10769	10735	10764
10735	10769	10742
10734	10769	10764
10769	10734	10754
10763	10734	10764
10734	10763	10723
10768	10723	10763
10723	10768	10724
10767	10724	10768
10724	10767	10704
10766	10704	10767
10704	10766	10694
10765	10694	10766
10694	10765	10683
10772	10770	10771
10770	10772	10773
10776	10774	10775
10774	10776	10777
10777	10771	10770
10771	10777	10776
10780	10778	10779
10778	10780	10781
10782	10775	10774
10775	10782	10783
10785	10784	10779
10784	10785	10786
10789	10787	10788
10787	10789	10790
10792	10585	10791
10585	10792	10582
10794	10579	10793
10579	10794	10580
10796	10793	10795
10793	10796	10794
10798	10796	10797
10796	10798	10799
10778	10800	10801
10800	10778	10610
10781	10610	10778
10610	10781	10611
10774	10623	10782
10623	10774	10635
10777	10635	10774
10635	10777	10645
10770	10645	10777
10645	10770	10654
10773	10654	10770
10654	10773	10666
10765	10666	10773
10666	10765	10674
10683	10773	10772
10773	10683	10765
10683	10772	10665
10771	10665	10772
10665	10771	10660
10776	10660	10771
10660	10776	10653
10775	10653	10776
10653	10775	10644
10783	10644	10775
10644	10783	10633
10780	10784	10634
10784	10780	10779
10793	10582	10792
10582	10793	10579
10788	10797	10789
10797	10788	10798
10779	10801	10785
10801	10779	10778
10789	10802	10790
10802	10789	10803
10797	10796	10795
10802	10792	10791
10792	10802	10803
10795	10792	10803
10792	10795	10793
10795	10789	10797
10789	10795	10803
10788	10786	10785
10786	10788	10787
10798	10785	10801
10785	10798	10788
10799	10801	10800
10801	10799	10798
10804	10805	10806
10806	10799	10800
10799	10806	10805
10804	10586	10805
10586	10804	10595
10614	10595	10804
10595	10614	10602
10804	10609	10614
10609	10804	10806
10800	10609	10806
10609	10800	10610
10794	10799	10805
10799	10794	10796
10580	10805	10586
10805	10580	10794
10782	10611	10781
10611	10782	10623
10783	10781	10780
10781	10783	10782
10633	10780	10634
10780	10633	10783
10631	10632	10807
10634	10784	10632
10631	10807	10620
10809	10621	10808
10621	10809	10810
10812	10808	10811
10808	10812	10809
10814	10811	10813
10811	10814	10812
10815	10813	10593
10813	10815	10814
10668	10669	10672
10669	10668	10667
10650	10668	10672
10668	10650	10649
10584	10816	10585
10817	10585	10816
10585	10817	10791
10818	10791	10817
10791	10818	10802
10802	10818	10790
10819	10790	10818
10790	10819	10787
10820	10787	10819
10787	10820	10786
10821	10786	10820
10786	10821	10784
10822	10784	10821
10784	10822	10632
10823	10632	10822
10632	10823	10807
10824	10807	10823
10807	10824	10620
10825	10620	10824
10620	10825	10606
10826	10606	10825
10606	10826	10599
10827	10599	10826
10599	10827	10590
10816	10590	10827
10590	10816	10584
10591	10818	10592
10818	10591	10819
10601	10819	10591
10819	10601	10820
10608	10820	10601
10820	10608	10821
10622	10821	10608
10821	10622	10822
10621	10822	10622
10822	10621	10823
10810	10823	10621
10823	10810	10824
10809	10824	10810
10824	10809	10825
10812	10825	10809
10825	10812	10826
10814	10826	10812
10826	10814	10827
10815	10827	10814
10827	10815	10816
10593	10816	10815
10816	10593	10817
10817	10592	10818
10592	10817	10593
10607	10808	10621
10813	10594	10593
10811	10607	10600
10607	10811	10808
10813	10600	10594
10600	10813	10811
10750	10759	10828
10759	10750	10749
10829	9898	9923
9898	10829	9899
10114	10071	10094
10042	10094	10071
10094	10042	10059
10035	10059	10042
10059	10035	10029
9991	10035	10006
10035	9991	10029
9939	10006	10005
10006	9939	9991
10830	9939	10005
9939	10830	9922
9923	10830	10831
10830	9923	9922
10831	10829	9923
10829	10831	10832
10004	10830	10005
10830	10004	10833
10834	10832	10831
10832	10834	10751
10833	10831	10830
10831	10833	10834
10752	10751	10834
9936	9935	10753
10834	10835	10752
10835	10834	10833
10758	10752	10835
9975	10759	10757
10759	9975	9978
9975	10757	10758
9977	9936	9978
10759	9936	10828
9936	10759	9978
9988	10833	10004
10833	9988	10835
10835	9975	10758
10835	9988	9975
10836	10837	10838
10841	10839	10840
10839	10841	10842
10844	10837	10843
10837	10844	10838
10844	10845	10838
10846	10838	10845
10838	10846	10840
10846	10841	10840
10841	10846	10847
10850	10848	10849
10848	10850	10851
10852	10844	10843
10844	10852	10853
10853	10845	10844
10845	10853	10854
10854	10846	10845
10846	10854	10855
10856	10846	10855
10846	10856	10847
10857	10848	10851
10848	10857	10858
10859	10853	10852
10853	10859	10860
10860	10854	10853
10854	10860	10861
10861	10855	10854
10855	10861	10862
10863	10855	10862
10855	10863	10856
10865	10857	10864
10857	10865	10858
10868	10866	10867
10866	10868	10869
10870	10866	10869
10866	10870	10871
10872	10871	10870
10871	10872	10859
10872	10860	10859
10860	10872	10873
10873	10861	10860
10861	10873	10874
10874	10862	10861
10862	10874	10875
10876	10877	10863
10879	10864	10878
10864	10879	10865
10881	10868	10880
10868	10881	10869
10883	10870	10882
10870	10883	10872
10884	10872	10883
10872	10884	10873
10886	10874	10885
10874	10886	10875
10887	10875	10886
10875	10887	10876
10887	10877	10876
10877	10887	10888
10890	10889	10888
10889	10890	10891
10892	10881	10880
10881	10892	10893
10893	10882	10881
10882	10893	10894
10894	10883	10882
10883	10894	10895
10895	10884	10883
10884	10895	10896
10896	10885	10884
10885	10896	10897
10897	10886	10885
10886	10897	10898
10898	10887	10886
10887	10898	10899
10900	10887	10899
10887	10900	10888
10900	10890	10888
10890	10900	10901
10902	10893	10892
10893	10902	10903
10903	10894	10893
10894	10903	10904
10906	10895	10905
10895	10906	10896
10907	10896	10906
10896	10907	10897
10908	10897	10907
10897	10908	10898
10898	10908	10899
10909	10899	10908
10899	10909	10900
10910	10901	10900
10901	10910	10911
10913	10902	10912
10902	10913	10903
10914	10905	10904
10905	10914	10915
10911	10916	10917
10916	10911	10910
10913	10904	10903
10904	10913	10914
10906	10915	10918
10915	10906	10905
10920	10913	10919
10913	10920	10914
10922	10915	10921
10915	10922	10918
10924	10916	10923
10916	10924	10917
10925	10913	10912
10913	10925	10919
10921	10914	10920
10914	10921	10915
10927	10922	10926
10922	10927	10918
10930	10928	10929
10928	10930	10931
10916	10929	10923
10929	10916	10930
10933	10925	10932
10925	10933	10919
10934	10921	10920
10921	10934	10935
10937	10922	10936
10922	10937	10926
10939	10928	10938
10928	10939	10929
10939	10923	10929
10923	10939	10940
10934	10919	10933
10919	10934	10920
10938	10926	10937
10926	10938	10928
10942	10932	10941
10932	10942	10933
10933	10942	10943
10944	10936	10935
10936	10944	10945
10945	10937	10936
10937	10945	10946
10947	10937	10946
10937	10947	10938
10948	10938	10947
10938	10948	10939
10950	10949	10940
10949	10950	10951
10953	10941	10952
10941	10953	10942
10942	10954	10943
10954	10942	10953
10954	10955	10943
10955	10954	10956
10956	10944	10955
10944	10956	10957
10959	10945	10958
10945	10959	10946
10959	10947	10946
10947	10959	10960
10961	10947	10960
10947	10961	10948
10962	10951	10950
10951	10962	10963
10965	10952	10964
10952	10965	10953
10966	10956	10954
10956	10966	10967
10967	10957	10956
10957	10967	10968
10970	10962	10969
10962	10970	10963
10972	10960	10971
10960	10972	10961
10974	10964	10973
10964	10974	10965
10975	10965	10974
10965	10975	10966
10967	10976	10968
10976	10967	10977
10979	10972	10978
10972	10979	10969
10977	10966	10975
10966	10977	10967
10980	10968	10976
10968	10980	10981
10982	10981	10980
10981	10982	10983
10985	10975	10984
10975	10985	10977
10986	10977	10985
10977	10986	10976
10988	10982	10987
10982	10988	10989
10991	10973	10990
10973	10991	10974
10992	10976	10986
10976	10992	10980
10987	10980	10992
10980	10987	10982
10993	10989	10988
10989	10993	10978
10994	10978	10993
10978	10994	10979
10996	10990	10995
10990	10996	10991
10997	10985	10984
10985	10997	10998
10999	10992	10986
10992	10999	11000
11001	10993	10988
10993	11001	11002
9918	10993	11002
10993	9918	10994
10987	11001	10988
11001	10987	11003
10958	10983	10959
10983	10958	10981
10957	10981	10958
10981	10957	10968
10944	10958	10945
10958	10944	10957
10908	10930	10909
10930	10908	10931
10910	10930	10916
10930	10910	10909
10922	10935	10936
10935	10922	10921
10965	10954	10953
10954	10965	10966
10999	10985	10998
10985	10999	10986
10869	10882	10870
10882	10869	10881
10984	10974	10991
10974	10984	10975
10997	10991	10996
10991	10997	10984
10970	10979	11004
10979	10970	10969
10992	11003	10987
11003	10992	11000
10971	10982	10989
10982	10971	10983
10959	10971	10960
10971	10959	10983
10971	10978	10972
10978	10971	10989
10961	10969	10962
10969	10961	10972
10950	10961	10962
10961	10950	10948
10940	10948	10950
10948	10940	10939
11006	9918	11005
9918	11006	10994
11004	10994	11006
10994	11004	10979
10924	10940	10949
10940	10924	10923
10906	10927	10907
10927	10906	10918
10873	10885	10874
10885	10873	10884
10836	10840	10839
10840	10836	10838
10894	10905	10895
10905	10894	10904
10863	10875	10876
10875	10863	10862
11008	10973	11007
10973	11008	10990
11010	10932	11009
10932	11010	10941
10952	11010	11011
11010	10952	10941
11007	10964	11012
10964	11007	10973
11012	10952	11011
10952	11012	10964
11013	10990	11008
10990	11013	10995
11006	11013	11008
11013	11006	11005
11007	11006	11008
11006	11007	11004
11012	11004	11007
11004	11012	10970
11011	10970	11012
10970	11011	10963
11010	10963	11011
10963	11010	10951
11009	10951	11010
10951	11009	10949
10924	11014	11015
11014	10924	11016
11019	11017	11018
11017	11019	11020
11020	11015	11014
11015	11020	11019
11023	11021	11022
11021	11023	11024
11025	11018	11017
11018	11025	11026
11028	11027	11022
11027	11028	11029
11032	11030	11031
11030	11032	11033
11035	10842	11034
10842	11035	10839
11037	10836	11036
10836	11037	10837
11039	11036	11038
11036	11039	11037
11041	11039	11040
11039	11041	11042
11021	11043	11044
11043	11021	10867
11024	10867	11021
10867	11024	10868
11017	10880	11025
10880	11017	10892
11020	10892	11017
10892	11020	10902
11014	10902	11020
10902	11014	10912
11016	10912	11014
10912	11016	10925
11009	10925	11016
10925	11009	10932
10949	11016	10924
11016	10949	11009
11015	10917	10924
11019	10917	11015
10917	11019	10911
11018	10911	11019
10911	11018	10901
11026	10901	11018
10901	11026	10890
11023	11027	10891
11027	11023	11022
11036	10839	11035
10839	11036	10836
11031	11040	11032
11040	11031	11041
11022	11044	11028
11044	11022	11021
11032	11045	11033
11045	11032	11046
11040	11039	11038
11045	11035	11034
11035	11045	11046
11038	11035	11046
11035	11038	11036
11038	11032	11040
11032	11038	11046
11031	11029	11028
11029	11031	11030
11041	11028	11044
11028	11041	11031
11042	11044	11043
11044	11042	11041
11047	11048	11049
11049	11042	11043
11042	11049	11048
11047	10843	11048
10843	11047	10852
10871	10852	11047
10852	10871	10859
11047	10866	10871
10866	11047	11049
11043	10866	11049
10866	11043	10867
11037	11042	11048
11042	11037	11039
10837	11048	10843
11048	10837	11037
11025	10868	11024
10868	11025	10880
11026	11024	11023
11024	11026	11025
10890	11023	10891
11023	10890	11026
10888	10889	11050
10891	11027	10889
10888	11050	10877
11052	10878	11051
10878	11052	11053
11055	11051	11054
11051	11055	11052
11057	11054	11056
11054	11057	11055
11058	11056	10850
11056	11058	11057
10927	10928	10931
10928	10927	10926
10908	10927	10931
10927	10908	10907
10841	11059	10842
11060	10842	11059
10842	11060	11034
11061	11034	11060
11034	11061	11045
11045	11061	11033
11062	11033	11061
11033	11062	11030
11063	11030	11062
11030	11063	11029
11064	11029	11063
11029	11064	11027
11065	11027	11064
11027	11065	10889
11066	10889	11065
10889	11066	11050
11067	11050	11066
11050	11067	10877
11068	10877	11067
10877	11068	10863
11069	10863	11068
10863	11069	10856
11070	10856	11069
10856	11070	10847
11059	10847	11070
10847	11059	10841
10848	11061	10849
11061	10848	11062
10858	11062	10848
11062	10858	11063
10865	11063	10858
11063	10865	11064
10879	11064	10865
11064	10879	11065
10878	11065	10879
11065	10878	11066
11053	11066	10878
11066	11053	11067
11052	11067	11053
11067	11052	11068
11055	11068	11052
11068	11055	11069
11057	11069	11055
11069	11057	11070
11058	11070	11057
11070	11058	11059
10850	11059	11058
11059	10850	11060
11060	10849	11061
10849	11060	10850
10864	11051	10878
11056	10851	10850
11054	10864	10857
10864	11054	11051
11056	10857	10851
10857	11056	11054
10933	10943	10934
10955	10934	10943
9918	11002	9919
11002	11071	9919
11072	11002	11001
11002	11072	11071
10769	10754	9935
11073	10742	10769
10742	11073	11000
10743	11000	10999
11000	10743	10742
10999	11074	10743
10998	11075	11074
11077	10996	11076
10996	11077	10997
11076	10995	11078
10995	11076	10996
11079	10995	11013
10995	11079	11078
11080	11013	11005
11013	11080	11079
11081	11005	9918
11005	11081	11080
9965	9964	9920
9920	11081	9918
9964	10196	11081
10577	11081	10196
11081	10577	11080
11079	10577	10578
10577	11079	11080
11078	10578	10497
10578	11078	11079
11076	10497	10500
10497	11076	11078
9866	10506	10574
10506	9866	10240
10500	9905	11076
11077	9905	11082
9905	11077	11076
9900	9899	11074
11074	9899	10743
10743	9899	10744
10829	10744	9899
10744	10829	10745
10756	10829	10832
10829	10756	10745
10760	10832	10751
10832	10760	10756
10760	10751	10746
11077	10998	10997
10998	11077	11075
11083	11077	11082
11077	11083	11075
9904	11082	9905
11082	9904	11084
9925	11084	9904
11084	9925	11085
9943	11085	9925
11085	9943	11086
9919	11071	9937
10909	10910	10900
10955	10935	10934
10935	10955	10944
9920	9964	11081
11073	11001	11003
11001	11073	11072
11073	11003	11000
9937	11071	9935
10999	10998	11074
11074	11083	9900
11083	11074	11075
9901	11083	11087
11083	9901	9900
9921	11087	9940
11087	9921	9901
10575	10574	10506
10750	10733	10741
10733	10750	10755
10828	10755	10750
10755	10828	10753
10753	10828	9936
9965	9920	9919
11085	9941	9940
9941	11085	11086
11084	9940	11087
9940	11084	11085
11087	11082	11084
11082	11087	11083
11073	9935	11072
11072	9935	11071
11073	10769	9935
10716	10736	10727
10044	9992	10031
9992	10044	10008
9990	10061	10030
10061	9990	11088
9938	11088	9990
11088	9938	9941
10008	9941	11086
9941	10008	11088
10044	11088	10008
11088	10044	10061
10045	10061	10044
10061	10045	10060
10060	10045	10089
11086	9943	10008
9981	9945	9944
10012	9982	9952
9982	10012	9983
9982	9949	9952
9949	9982	10171
10205	10177	11089
10177	10205	10178
10204	10200	10216
10040	9983	10012
9983	10040	10017
10195	10205	11089
10205	10195	10194
11091	11090	10198
11090	11091	11092
11093	9911	9897
9911	11093	10198
9928	9910	9911
10197	11090	9946
11090	10197	10198
9946	9948	10197
10239	9972	9958
9972	10239	11094
9888	9870	9872
9931	9883	9890
9883	9931	11095
11093	9888	11096
9888	11093	9897
11095	9972	11094
9972	11095	9931
11096	9883	11097
9883	11096	9871
11098	11096	11097
11096	11098	11093
11091	11093	11098
11093	11091	10198
9872	11096	9888
11096	9872	9871
10191	10221	10220
10221	10191	10190
10227	10220	10218
10220	10227	10191
10229	10227	10217
10227	10229	10228
10226	10234	10201
10234	10226	10235
10201	10204	10226
10204	10201	10200
10235	10214	10228
10214	10235	10215
10234	10228	10229
10228	10234	10235
10230	10234	10229
10234	10230	10232
10233	10230	10231
10230	10233	10232
10209	11099	11100
11099	10209	11101
10186	10185	10187
10185	10186	10184
9967	9954	9968
9954	9967	9955
9955	9997	9995
9955	9967	9997
11102	11103	11104
11107	11105	11106
11105	11107	11108
11109	11104	11103
11104	11109	11110
10223	9960	9959
9960	10223	10222
10224	9959	9998
9959	10224	10223
10224	9998	10022
11102	11111	11103
11111	11102	11112
11112	11106	11111
11106	11112	11107
11108	11113	11105
11113	11108	11114
11114	11115	11113
11115	11114	11116
11116	11117	11115
11117	11116	11118
11117	11119	11120
11119	11117	11118
11120	11121	11122
11121	11120	11123
11122	11124	11125
11124	11122	11126
11124	11127	11125
11127	11124	11128
11127	11110	11109
11110	11127	11128
10197	9948	10009
9968	11104	9969
11104	9968	11102
11106	10176	10181
10176	11106	11105
11108	9953	9950
9953	11108	11107
10186	11103	10184
11103	10186	11109
9969	11110	10222
11110	9969	11104
11103	10180	10184
10180	11103	11111
11112	9968	9954
9968	11112	11102
10180	11106	10181
11106	10180	11111
11107	9954	9953
9954	11107	11112
11105	10177	10176
10177	11105	11113
11114	9950	9949
9950	11114	11108
11113	11089	10177
11089	11113	11115
11116	9949	10171
9949	11116	11114
11115	10195	11089
10195	11115	11117
11118	10171	9946
10171	11118	11116
10195	11120	10193
11120	10195	11117
11090	11118	9946
11118	11090	11119
10193	11122	10190
11122	10193	11120
10190	11125	10221
11125	10190	11122
11126	9957	11124
9957	11126	10238
11125	10189	10221
10189	11125	11127
9960	11124	9957
11124	9960	11128
11127	10186	10189
10186	11127	11109
10222	11128	9960
11128	10222	11110
11101	10225	10233
10225	11101	11129
11099	10233	10231
10233	11099	11101
11100	10231	10212
10231	11100	11099
10210	10187	10185
10187	10210	11130
10211	10185	10183
10185	10211	10210
10211	10207	10208
10207	10211	10183
11131	10239	10238
10239	11131	11132
11121	10238	11126
10238	11121	11131
11092	11121	11123
11121	11092	11131
11132	11092	11091
11092	11132	11131
11133	11091	11098
11091	11133	11132
11134	11098	11097
11098	11134	11133
11097	9883	11134
9883	11095	11134
11133	11095	11094
11095	11133	11134
11132	11094	10239
11094	11132	11133
11122	11121	11126
11120	11119	11123
11092	11119	11090
11119	11092	11123
10207	10199	10225
10199	10207	10206
10209	11129	11101
11129	10209	10208
10219	10212	10231
10212	10219	10213
10191	10214	10192
10214	10191	10227
10206	10200	10199
10200	10206	10216
10188	10218	10220
10218	10188	10213
10204	10179	10178
10179	10204	10216
10215	10205	10194
10205	10215	10203
10218	10217	10227
10209	11130	10210
11130	10209	11100
11130	10212	10187
10212	11130	11100
10208	10225	11129
10225	10208	10207
9678	11159	9679
11159	9678	11164
11166	9676	11157
9676	11166	10168
10166	10157	10164
10157	10166	10156
10166	11148	11149
11148	10166	10164
11154	9679	11160
9679	11154	9667
11388	11373	11374
11373	11388	4687
11385	11368	5410
11368	11385	11375
11152	11136	11161
11136	11152	11135
11136	11137	11161
11138	10148	10147
10148	11138	11137
11140	11152	11153
11152	11140	11139
10142	11151	10160
11151	10142	11140
11140	10142	10141
11139	11135	11152
11138	11141	10163
10168	11142	9676
11142	10168	11143
9675	11144	9670
11144	9675	11145
10170	11146	10169
11146	10170	11147
10165	11148	10164
11148	10165	11150
9670	11149	9667
11149	9670	11144
10169	11143	10168
11143	10169	11146
9667	11148	9679
11148	9667	11149
11155	11174	11180
11155	9668	11174
11155	11154	9668
11152	11177	11173
11177	11152	11161
11181	11156	11176
11156	11181	11157
11176	11155	11180
11155	11176	11156
11164	11158	11169
11147	10163	11141
10170	10163	11147
10170	11162	10163
11163	11162	10170
10168	11165	10169
11165	10168	11166
10169	11167	10170
11167	10169	11165
11167	11163	10170
11171	11157	11181
11157	11171	11166
9668	11175	11179
11154	11175	9668
11154	11160	11175
11164	11168	11159
11168	11164	11169
11173	11153	11152
11153	11173	11170
11172	11187	11191
11187	11172	11171
11178	11191	11184
11191	11178	11172
11189	11168	11182
11188	11168	11189
11175	11168	11188
11179	11174	9668
11187	11181	11193
11181	11187	11171
11188	11179	11175
11195	11179	11188
9669	11179	11195
9669	11174	11179
11180	11174	9669
11181	11192	11193
11192	11181	11176
11192	9669	11194
11176	9669	11192
11176	11180	9669
11170	11183	11169
11183	11170	11186
11195	11194	9669
11195	11196	11194
11196	11195	11197
11198	11207	11221
11196	11192	11194
11192	11196	11199
11208	11195	11188
11195	11208	11197
11201	11221	11207
11199	11193	11192
11193	11199	11200
11206	11186	11190
11186	11206	11202
11209	11222	11234
11204	11216	11205
11216	11204	11210
11230	11209	11234
11209	11230	11211
11202	11212	11203
11212	11202	11213
11210	11228	11223
11228	11210	11212
11222	11214	11225
11214	11222	11209
11215	11200	11199
11200	11215	11217
11232	11217	11233
11217	11232	11221
11229	11221	11232
11221	11229	11220
11225	11240	11241
11240	11225	11224
11236	11226	11238
11226	11236	11233
11228	11244	11243
11244	11228	11227
11229	11219	11220
11219	11229	11231
11238	11230	11242
11230	11238	11226
11231	11213	11219
11213	11231	11227
11235	11232	11237
11232	11235	11229
11230	11248	11242
11248	11230	11234
11231	11239	11245
11237	11253	11262
11253	11237	11236
11257	11240	11256
11240	11257	11241
11259	11246	11258
11246	11259	11247
11248	11259	11260
11259	11248	11247
11225	11246	11222
11246	11225	11241
11253	11238	11254
11238	11253	11236
11261	11248	11260
11248	11261	11242
11270	11262	11266
11262	11270	11249
11244	11250	11243
11250	11244	11251
11268	11252	11269
11252	11268	11251
11265	11254	11267
11254	11265	11253
11239	11252	11245
11252	11239	11249
11243	11255	11315
11255	11243	11250
11254	11261	11272
11256	11255	11271
11274	11259	11273
11259	11274	11260
11262	11265	11266
11265	11262	11253
11279	11263	11278
11263	11279	11264
11266	11280	11285
11280	11266	11265
11250	11316	11255
11316	11250	11275
9672	11286	11288
11286	9672	11274
11278	11271	11283
11271	11278	11263
11286	11273	11284
11273	11286	11274
11267	11287	11281
11287	11267	11272
11287	9672	11288
9672	11287	11272
11277	11289	11300
11289	11277	11276
11297	11278	11296
11278	11297	11279
11267	11280	11265
11280	11267	11281
11294	11283	11282
11283	11294	11296
11264	11284	11273
11284	11264	11279
11276	11295	11289
11295	11276	11285
11299	11284	11298
11284	11299	11286
11291	11280	11281
11280	11291	11301
11292	11281	11287
11281	11292	11291
11294	11302	11313
11302	11294	11293
11288	11292	11287
11292	11288	11290
11299	11288	11286
11288	11299	11290
11301	11285	11280
11285	11301	11295
11314	11298	11305
11298	11314	11299
11300	11312	11307
11312	11300	11289
11312	11295	11311
11295	11312	11289
11304	11328	11323
11328	11304	11303
11306	11298	11297
11298	11306	11305
11300	11320	11319
11320	11300	11307
11310	11295	11301
11295	11310	11311
11307	11326	11330
11326	11307	11312
11294	11308	11296
11308	11294	11313
11331	11305	11322
11305	11331	11314
11313	11324	11332
11324	11313	11302
11310	11291	11309
11291	11310	11301
11283	11296	11278
11277	11268	11269
11268	11277	11318
11262	11235	11237
11254	11272	11267
11272	11261	9672
11239	11229	11235
11229	11239	11231
11207	11185	11184
11185	11207	11198
11223	11240	11224
11240	11223	11315
11315	11256	11240
11256	11315	11255
11255	11316	11271
11271	11282	11283
11282	11271	11316
11257	11271	11263
11271	11257	11256
11234	11247	11248
11247	11234	11222
11213	11202	11219
11208	11218	11214
11200	11187	11193
11198	11220	11206
11220	11198	11221
11217	11201	11200
11201	11217	11221
11167	9671	11163
9671	11167	11178
11169	11153	11170
11153	11169	11158
10158	11151	10165
11151	10158	10160
10167	10155	10154
10155	10167	11145
11146	10151	10150
11142	10153	10152
9677	11153	11158
11140	9677	11151
11275	11282	11316
11282	11275	11317
11282	11293	11294
11293	11282	11317
11318	11293	11317
11293	11318	11319
11293	11320	11302
11320	11293	11319
9664	11321	9663
11321	9664	11322
11325	11306	11308
11306	11325	11321
11341	9665	11342
9665	11328	9674
11328	9665	11323
11313	11325	11308
11325	11313	11332
11314	11328	11303
11328	11314	11331
9673	11322	9664
11322	9673	11331
11349	11336	11345
11336	11349	11333
11329	11378	11324
11378	11329	11334
9666	11340	11351
11340	9666	11335
11337	9665	9674
9665	11337	11342
11326	11338	11330
11338	11326	11339
11376	11326	11327
11326	11376	11339
11338	11329	11330
11329	11338	11334
11341	11327	11377
11327	11341	11376
9673	11337	9674
11337	9673	11335
11357	11350	11360
11350	11357	11343
11344	11357	11365
11357	11344	11343
9666	11337	11335
11337	9666	11350
11353	11355	11361
11355	11353	11352
11341	11354	11376
11354	11341	11344
11349	11340	11333
11340	11349	11351
11373	11379	11361
11379	11373	11380
11374	11362	11371
11362	11374	11355
11344	11363	11354
11363	11344	11365
11354	11364	11348
11364	11354	11363
11368	11357	11367
11357	11368	11365
11360	11367	11357
11367	11360	11366
4684	11382	4685
11382	4684	11381
4686	11369	11386
11369	4686	11370
11364	11371	11362
11371	11364	11372
11375	11364	11363
11364	11375	11372
11388	11371	11387
11371	11388	11374
11365	11375	11363
11375	11365	11368
11368	4682	5410
4682	11368	11367
11386	11373	4687
11373	11386	11380
11310	11327	11311
11327	11310	11377
11332	11378	11336
11378	11332	11324
11378	11345	11336
11345	11378	11346
11346	11359	11345
11359	11346	11379
11379	11369	11359
11369	11379	11380
11383	11381	11384
11381	11383	11356
11381	4683	11384
4683	11381	4684
11356	11382	11381
11382	11358	11370
11346	11361	11379
11361	11346	11353
11347	11338	11339
11338	11347	11352
11325	11336	9663
11304	11323	11309
9664	11340	9673
11356	9666	11351
9666	11360	11350
9663	11336	11333
11325	9663	11321
11339	11348	11347
9665	11377	11323
11377	9665	11341
4685	11382	11390
9666	11383	11360
11360	11384	11366
11384	11360	11383
11366	4683	4681
4683	11366	11384
11380	11386	11369
11391	11393	11394
11393	11391	11392
11396	11398	11395
11398	11396	11397
11399	11401	5027
11401	11399	11400
11402	11403	11404
11405	11407	11408
11407	11405	11406
11409	11411	11412
11411	11409	11410
11413	11415	11416
11415	11413	11414
11417	11419	11420
11419	11417	11418
11421	11423	11424
11423	11421	11422
11425	11427	11428
11427	11425	11426
11429	11431	11432
11431	11429	11430
11433	11412	11411
11412	11433	11434
11435	11415	11437
11415	11435	11436
11438	11440	11441
11440	11438	11439
11442	11443	11444
11445	11447	11448
11447	11445	11446
11449	11450	11451
11452	11453	11454
11456	11458	11455
11458	11456	11457
11460	11462	11459
11462	11460	11461
11463	11465	11466
11465	11463	11464
11467	11398	11468
11398	11467	11395
11470	11471	11469
11471	11470	11455
11473	11474	11472
11474	11473	11461
11475	11477	11478
11477	11475	11476
11480	11482	11479
11482	11480	11481
11483	11485	11486
11485	11483	11484
11487	11489	11439
11489	11487	11488
11490	11404	11403
11404	11490	11491
11492	11493	11494
11496	11497	11495
11497	11496	11425
11499	11501	11498
11501	11499	11500
11502	11504	11505
11504	11502	11503
11506	11507	11508
11507	11506	11403
11407	11474	11509
11474	11407	11472
11434	11443	11478
11443	11434	11433
11510	11407	11406
11407	11510	11472
11506	11490	11403
11490	11506	11511
11512	11471	11513
11471	11512	11469
11437	11427	11514
11427	11437	11428
11405	11448	11515
11448	11405	11408
11476	11495	11516
11495	11476	11496
11434	11479	11412
11479	11434	11517
11414	11421	11497
11421	11414	11413
11519	11442	11518
11442	11519	11475
11520	11521	11404
11419	11523	11524
11523	11419	11522
5033	11507	11402
11507	5033	11525
11526	11413	11416
11413	11526	11527
11442	11447	11446
11447	11442	11444
11488	11529	11489
11529	11488	11528
11530	11483	11486
11483	11530	11440
11452	11532	11531
11532	11452	11454
11501	11534	11498
11534	11501	11533
11429	11536	11505
11536	11429	11535
11538	11540	11537
11540	11538	11539
11542	11544	11541
11544	11542	11543
4678	11545	11546
11545	4678	5030
11547	11549	11550
11549	11547	11548
11551	11552	11553
11554	11555	11556
11555	11554	11410
11558	11559	11557
11559	11558	11515
11559	11411	11557
11411	11559	11433
11562	11560	11561
11441	11560	11562
11441	11440	11560
11532	11563	11531
11392	11565	11393
11565	11392	11564
11420	11465	11417
11465	11420	11563
11567	11568	11566
11568	11567	11538
11570	11513	11569
11513	11570	11512
11571	11392	11391
11392	11571	11553
11573	11517	11572
11517	11573	11574
11441	11480	11438
11480	11441	11481
11574	11438	11480
11438	11574	11575
11577	11579	11576
11579	11577	11578
11579	11548	11576
11548	11579	11549
11447	11559	11515
11559	11447	11444
11581	11583	11580
11583	11581	11582
11546	11585	4678
11585	11546	11584
11587	11588	11586
11588	11587	11493
11589	11590	11591
11590	11589	11494
11592	11556	11555
11593	11594	11595
11598	11596	11597
11596	11598	11599
11601	11594	11600
11594	11601	11595
11601	11602	11595
11603	11595	11602
11595	11603	11597
11603	11598	11597
11598	11603	11604
11607	11605	11606
11605	11607	11608
11609	11601	11600
11601	11609	11610
11610	11602	11601
11602	11610	11611
11611	11603	11602
11603	11611	11612
11613	11603	11612
11603	11613	11604
11614	11605	11608
11605	11614	11615
11616	11610	11609
11610	11616	11617
11617	11611	11610
11611	11617	11618
11618	11612	11611
11612	11618	11619
11620	11612	11619
11612	11620	11613
11622	11614	11621
11614	11622	11615
11625	11623	11624
11623	11625	11626
11627	11623	11626
11623	11627	11628
11629	11628	11627
11628	11629	11616
11629	11617	11616
11617	11629	11630
11630	11618	11617
11618	11630	11631
11631	11619	11618
11619	11631	11632
11633	11634	11620
11636	11621	11635
11621	11636	11622
11638	11625	11637
11625	11638	11626
11640	11627	11639
11627	11640	11629
11641	11629	11640
11629	11641	11630
11643	11631	11642
11631	11643	11632
11644	11632	11643
11632	11644	11633
11644	11634	11633
11634	11644	11645
11647	11646	11645
11646	11647	11648
11649	11638	11637
11638	11649	11650
11650	11639	11638
11639	11650	11651
11651	11640	11639
11640	11651	11652
11652	11641	11640
11641	11652	11653
11653	11642	11641
11642	11653	11654
11654	11643	11642
11643	11654	11655
11655	11644	11643
11644	11655	11656
11657	11644	11656
11644	11657	11645
11657	11647	11645
11647	11657	11658
11659	11650	11649
11650	11659	11660
11660	11651	11650
11651	11660	11661
11663	11652	11662
11652	11663	11653
11664	11653	11663
11653	11664	11654
11665	11654	11664
11654	11665	11655
11665	11656	11655
11656	11665	11666
11667	11656	11666
11656	11667	11657
11667	11658	11657
11658	11667	11668
11670	11659	11669
11659	11670	11660
11672	11671	11661
11671	11672	11673
11675	11667	11674
11667	11675	11668
11670	11661	11660
11661	11670	11672
11673	11662	11671
11662	11673	11676
11663	11676	11677
11676	11663	11662
11668	11675	11678
11680	11670	11679
11670	11680	11672
11682	11673	11681
11673	11682	11676
11683	11676	11682
11676	11683	11677
11685	11675	11684
11675	11685	11678
11686	11670	11669
11670	11686	11679
11681	11672	11680
11672	11681	11673
11688	11683	11687
11683	11688	11677
11691	11689	11690
11689	11691	11692
11693	11691	11690
11691	11693	11674
11675	11693	11684
11693	11675	11674
11695	11686	11694
11686	11695	11679
11696	11681	11680
11681	11696	11697
11699	11683	11698
11683	11699	11687
11701	11689	11700
11689	11701	11690
11701	11693	11690
11693	11701	11702
11702	11684	11693
11684	11702	11703
11685	11704	11705
11696	11679	11695
11679	11696	11680
11706	11681	11697
11681	11706	11682
11700	11687	11699
11687	11700	11689
11708	11694	11707
11694	11708	11695
11708	11696	11695
11696	11708	11709
11710	11696	11709
11696	11710	11697
11711	11697	11710
11697	11711	11706
11711	11698	11706
11698	11711	11712
11712	11699	11698
11699	11712	11713
11714	11699	11713
11699	11714	11700
11715	11700	11714
11700	11715	11701
11716	11704	11703
11704	11716	11717
11718	11704	11717
11704	11718	11705
11720	11707	11719
11707	11720	11708
11708	11721	11709
11721	11708	11720
11721	11710	11709
11710	11721	11722
11722	11711	11710
11711	11722	11723
11725	11712	11724
11712	11725	11713
11725	11714	11713
11714	11725	11726
11727	11714	11726
11714	11727	11715
11728	11717	11716
11717	11728	11729
11730	11717	11729
11717	11730	11718
11732	11719	11731
11719	11732	11720
11733	11722	11721
11722	11733	11734
11734	11723	11722
11723	11734	11735
11737	11728	11736
11728	11737	11729
11723	11738	11724
11738	11723	11735
11725	11739	11740
11742	11726	11741
11726	11742	11727
11744	11731	11743
11731	11744	11732
11745	11732	11744
11732	11745	11733
11734	11746	11735
11746	11734	11747
11750	11748	11749
11748	11750	11736
11752	11737	11751
11737	11752	11753
11747	11733	11754
11733	11747	11734
11755	11735	11746
11735	11755	11738
11756	11738	11755
11738	11756	11739
11749	11742	11757
11742	11749	11748
11759	11754	11758
11754	11759	11747
11747	11759	11760
11761	11747	11760
11747	11761	11746
11764	11762	11763
11762	11764	11765
11767	11751	11766
11751	11767	11752
11769	11743	11768
11743	11769	11744
11758	11745	11770
11745	11758	11754
11771	11746	11761
11746	11771	11755
11772	11755	11771
11755	11772	11756
11763	11756	11772
11756	11763	11762
11775	11773	11774
11773	11775	11757
11776	11757	11775
11757	11776	11749
11777	11749	11776
11749	11777	11750
11779	11768	11778
11768	11779	11769
11780	11758	11770
11758	11780	11781
11781	11759	11758
11759	11781	11782
11760	11782	11783
11784	11771	11761
11771	11784	11785
11787	11764	11786
11764	11787	11774
11787	11775	11774
11775	11787	11788
11789	11775	11788
11775	11789	11776
11790	11776	11789
11776	11790	11777
11792	11779	11791
11779	11792	11780
11793	11780	11792
11780	11793	11781
11793	11782	11781
11782	11793	11794
11782	11794	11783
11796	11772	11795
11772	11796	11763
11763	11786	11764
11786	11763	11796
11792	11797	11798
11797	11792	11791
11799	11792	11798
11792	11799	11793
11800	11793	11799
11793	11800	11794
11801	11794	11800
11794	11801	11783
11802	11786	11796
11786	11802	11803
11805	11790	11804
11790	11805	11806
11807	11799	11798
11799	11807	11808
11808	11800	11799
11800	11808	11809
11810	11800	11809
11800	11810	11801
11813	11811	11812
11811	11813	11814
11817	11815	11816
11815	11817	11818
11819	11815	11818
11815	11819	11820
11807	11821	11808
11821	11807	11822
11821	11809	11808
11809	11821	11823
11810	11823	11824
11823	11810	11809
11827	11825	11826
11825	11827	11828
11804	11829	11805
11829	11804	11830
11831	11832	11833
11835	11834	11811
11834	11835	11836
11811	11834	11812
11838	11817	11837
11817	11838	11818
11839	11818	11838
11818	11839	11819
11839	11822	11819
11822	11839	11840
11821	11841	11823
11841	11821	11842
11844	11802	11843
11802	11844	11803
11845	11846	11847
11848	11849	11850
11851	11834	11836
11834	11851	11852
11852	11853	11834
11853	11852	11854
11855	11838	11837
11838	11855	11856
11858	11839	11857
11839	11858	11840
11859	11860	11861
11864	11862	11863
11862	11864	11865
11868	11866	11867
11866	11868	11869
11872	11870	11871
11870	11872	11873
11874	11828	11827
11828	11874	11875
11829	11875	11876
11875	11829	11830
11878	11877	11846
11877	11878	11879
11882	11880	11881
11880	11882	11883
11833	11879	11849
11857	11838	11856
11838	11857	11839
11885	11843	11884
11843	11885	11844
11886	11878	11846
11878	11886	11887
11890	11888	11889
11888	11890	11891
11893	11858	11892
11858	11893	11894
11896	11861	11895
11861	11896	11897
11898	11885	11884
11885	11898	11899
11875	11874	11900
11891	11901	11888
11901	11891	11902
11903	11852	11851
11852	11903	11904
11905	11857	11856
11857	11905	11892
11906	11860	11907
11867	11908	11868
11909	11881	11880
11881	11909	11910
11873	11911	11912
11911	11873	11872
11913	11878	11887
11878	11913	11914
11915	11878	11914
11878	11915	11879
11916	11879	11915
11879	11916	11849
11919	11917	11918
11917	11919	11920
11905	11855	11921
11855	11905	11856
11907	11922	11923
11922	11907	11860
11925	11863	11924
11863	11925	11864
11899	11926	11885
11926	11899	11927
11875	11900	11876
11850	11916	11890
11916	11850	11849
11928	11902	11891
11902	11928	11929
11930	11895	11906
11895	11930	11931
11931	11896	11895
11933	11909	11932
11909	11933	11910
11934	11912	11911
11912	11934	11935
11900	11936	11913
11936	11900	11937
11914	11938	11915
11938	11914	11939
11915	11940	11916
11940	11915	11938
11940	11890	11916
11890	11940	11941
11890	11928	11891
11928	11890	11941
11904	11942	11943
11942	11904	11903
11905	11944	11892
11944	11893	11892
11893	11944	11945
11898	11946	11899
11900	11947	11937
11947	11900	11927
11949	11918	11948
11918	11949	11919
11923	11950	11907
11950	11923	11951
11906	11950	11930
11950	11906	11907
11953	11924	11952
11924	11953	11925
11909	11954	11932
11954	11909	11908
11947	11899	11946
11899	11947	11927
11914	11936	11939
11936	11914	11913
11955	11949	11948
11949	11955	11956
11957	11958	11944
11960	11930	11959
11930	11960	11931
11953	11961	11954
11961	11953	11962
11964	11946	11963
11946	11964	11947
11964	11937	11947
11937	11964	11965
11940	11966	11941
11966	11940	11967
11961	11932	11954
11932	11961	11968
11963	11935	11969
11935	11963	11946
11966	11928	11941
11928	11966	11970
11942	11971	11943
11971	11942	11972
11943	11973	11974
11973	11943	11971
11975	11944	11958
11944	11975	11945
11976	11950	11951
11950	11976	11977
11960	11952	11931
11952	11960	11978
11979	11935	11934
11935	11979	11969
11940	11980	11967
11980	11940	11938
11929	11970	11981
11970	11929	11928
11959	11950	11977
11950	11959	11930
11968	11933	11932
11933	11968	11979
11936	11965	11982
11965	11936	11937
11983	11936	11982
11936	11983	11939
11983	11938	11939
11938	11983	11980
11985	11955	11984
11955	11985	11956
11987	11975	11986
11975	11987	11976
11987	11977	11976
11977	11987	11988
11988	11959	11977
11959	11988	11989
11991	11960	11990
11960	11991	11978
11992	11963	11969
11963	11992	11993
11995	11983	11994
11983	11995	11980
11980	11996	11967
11996	11980	11995
11967	11997	11966
11997	11967	11996
11989	11960	11959
11960	11989	11990
11998	11978	11991
11978	11998	11962
11999	11969	11979
11969	11999	11992
12000	11963	11993
11963	12000	11964
12001	11983	11982
11983	12001	11994
11971	12002	11973
12002	11971	12003
11986	11958	12002
11958	11986	11975
12004	11982	11965
11982	12004	12001
11997	11970	11966
11970	11997	12005
12005	11981	11970
11981	12005	12006
12003	11972	12007
11972	12003	11971
11968	12008	12009
12008	11968	11961
11999	11968	12009
11968	11999	11979
11965	12000	12004
12000	11965	11964
12010	12002	12003
12002	12010	12011
12012	12002	12011
12002	12012	11986
11988	11987	12013
12014	11990	11989
11990	12014	12015
12016	12009	12008
12009	12016	12017
12017	11999	12009
11999	12017	12018
11999	12019	11992
12019	11999	12018
12020	12004	12000
12004	12020	12021
12004	12022	12001
12022	12004	12021
12023	11995	11994
11995	12023	12024
12025	11997	11996
11997	12025	12026
12010	12007	12027
12007	12010	12003
11986	12013	11987
12013	11986	12012
11991	12028	11998
11997	12029	12005
12029	11997	12026
12006	12030	11984
12030	11985	11984
11985	12030	12027
11989	12013	12014
12013	11989	11988
11991	12015	12028
12015	11991	11990
12000	12031	12020
12031	12000	11993
11995	12025	11996
12025	11995	12024
11992	12031	11993
12031	11992	12019
12022	11994	12001
11994	12022	12023
12032	12011	12010
12011	12032	12033
12013	12034	12014
12034	12013	12035
12014	12036	12015
12036	12014	12034
12038	12018	12037
12018	12038	12019
12038	12031	12019
12031	12038	12039
12039	12020	12031
12020	12039	12040
12021	12041	12022
12041	12021	12042
12041	12023	12022
12023	12041	12043
12044	12025	12024
12025	12044	12045
12046	12029	12026
12029	12046	12047
12035	12012	12048
12012	12035	12013
12050	12028	12049
12028	12050	12016
12042	12020	12040
12020	12042	12021
12030	12047	12051
12047	12030	12029
12027	12032	12010
12032	12027	12052
12033	12012	12011
12012	12033	12048
12043	12024	12023
12024	12043	12044
12030	12052	12027
12052	12030	12051
12028	12036	12049
12036	12028	12015
12053	12016	12050
12016	12053	12017
12018	12053	12037
12053	12018	12017
12026	12045	12046
12045	12026	12025
12054	12032	12052
12032	12054	12055
12056	12048	12033
12048	12056	12057
12058	12048	12057
12048	12058	12035
12058	12034	12035
12034	12058	12059
12061	12036	12060
12036	12061	12049
12061	12050	12049
12050	12061	12062
12063	12053	12064
12053	12063	12037
12039	12066	12040
12066	12039	12065
12067	12041	12042
12041	12067	12068
12069	12041	12068
12041	12069	12043
12043	12070	12044
12070	12043	12069
12071	12047	12046
12047	12071	12072
12073	12047	12072
12047	12073	12051
12051	12054	12052
12054	12051	12073
12056	12032	12055
12032	12056	12033
12036	12059	12060
12059	12036	12034
12064	12050	12062
12050	12064	12053
12038	12063	12074
12063	12038	12037
12065	12038	12074
12038	12065	12039
12042	12066	12067
12066	12042	12040
12070	12045	12044
12045	12070	12075
12075	12046	12045
12046	12075	12071
12058	12057	12076
12058	12077	12059
12077	12058	12076
12059	12078	12060
12078	12059	12077
11561	12078	11562
12079	12078	11561
12079	12080	12078
12064	12081	12082
12081	12064	12062
12065	12083	12084
12083	12065	12074
12075	12070	12085
12071	12086	12072
12055	12088	12056
12088	12055	12087
12069	12089	12090
12089	12069	12068
12087	11580	12091
12085	12071	12075
12071	12085	12086
12086	12092	12093
12056	12076	12057
12076	12056	12088
12061	12081	12062
12081	12080	12094
12061	12080	12081
12063	12083	12074
12083	12063	12082
12084	12067	12066
12067	12084	12095
12089	12095	12096
12093	11581	11580
11581	12093	12092
12097	11581	12092
11581	12097	11592
11577	12095	12084
12095	11577	11576
12089	12098	12090
12098	12089	12096
11560	12099	11561
11861	12100	11859
12100	11861	11897
11895	11860	11906
11860	11895	11861
11841	11894	11922
11894	11841	11842
11730	11737	11753
11737	11730	11729
11724	11739	11725
11739	11724	11738
11711	11724	11712
11724	11711	11723
11665	11691	11666
11691	11665	11692
11666	11674	11667
11674	11666	11691
11683	11706	11698
11706	11683	11682
11732	11721	11720
11721	11732	11733
11759	11782	11760
11784	11760	11783
11760	11784	11761
12101	11886	12102
11876	11886	11829
11886	11876	11887
11913	11876	11900
11876	11913	11887
11926	11900	11874
11900	11926	11927
11827	11926	11874
11926	11827	12103
12104	11827	11826
11827	12104	12103
11787	11826	11788
11826	11787	12104
11789	11826	11825
11826	11789	11788
12107	12105	12106
12105	12107	12108
12111	12109	12110
12109	12111	12112
12110	12113	12114
12113	12110	12109
12117	12115	12116
12115	12117	12118
12121	12119	12120
12119	12121	12122
12124	12120	12123
12120	12124	12121
11867	11865	11864
11865	11867	11866
11908	11864	11925
11864	11908	11867
11954	11925	11953
11925	11954	11908
11952	11962	11953
11962	11952	11978
12008	11962	11998
11962	12008	11961
12016	11998	12028
11998	12016	12008
12106	12112	12111
12112	12106	12105
11935	11898	11912
11946	11898	11935
11902	11917	11901
11917	11902	11918
11929	11918	11902
11918	11929	11948
11981	11948	11929
11948	11981	11955
12006	11955	11981
11955	12006	11984
12030	12005	12029
12005	12030	12006
12125	11846	11877
11846	12125	11847
11824	12126	12127
12126	11824	11841
11945	11923	11893
11842	11858	11894
11858	11842	11840
11821	11840	11842
11840	11821	11822
11945	11976	11951
11976	11945	11975
11951	11923	11945
11894	11923	11922
11923	11894	11893
11922	12126	11841
11807	11798	11797
11662	11652	11671
11626	11639	11627
11639	11626	11638
11770	11744	11769
11744	11770	11745
11780	11769	11779
11769	11780	11770
11762	11739	11756
11737	11750	11751
11750	11737	11736
11802	11796	11795
11771	11795	11772
11795	11771	11785
11787	11803	12104
11803	11787	11786
11740	11762	11765
11762	11740	11739
11740	11726	11725
12130	12128	12129
12128	12130	12131
12107	12132	12133
12132	12107	12134
12135	12111	12110
12111	12135	12136
12139	12137	12138
12137	12139	12140
12117	12141	12118
12141	12117	12142
12143	12121	12124
12121	12143	12144
12136	12106	12111
12106	12136	12145
12142	12146	12147
12146	12142	12148
12116	12149	12117
12149	12116	12150
11881	12151	11882
12151	11881	12152
11910	12152	11881
12152	11910	12153
11934	11910	11933
11910	11934	12153
11933	11979	11934
12154	12129	12128
12134	12155	12132
12144	12156	12157
12147	12158	12159
12158	12147	12146
12159	12160	12147
12162	12154	12161
12154	12162	12129
12163	12129	12162
12129	12163	12130
12164	12132	12155
12132	12164	12143
11741	11757	11742
11757	11741	11773
12165	11736	11728
11736	12165	11748
11716	12165	11728
12165	11716	12166
11703	12166	11716
12166	11703	11702
12165	11742	11748
11742	12165	11727
11715	12165	12166
12165	11715	11727
11702	11715	12166
11715	11702	11701
11766	11790	11806
11790	11766	11777
11751	11777	11766
11777	11751	11750
11685	11703	11704
11703	11685	11684
11764	11773	11765
11773	11764	11774
11844	12104	11803
12104	11844	12103
11926	11844	11885
11844	11926	12103
12168	11873	12167
11873	12168	11870
11663	11688	11664
11688	11663	11677
11630	11642	11631
11642	11630	11641
11593	11597	11596
11597	11593	11595
11651	11671	11652
11671	11651	11661
11754	11733	11745
11778	11791	11779
11791	11778	12169
11620	11632	11633
11632	11620	11619
12171	11743	12170
11743	12171	11768
12173	11694	12172
11694	12173	11707
11719	12173	12174
12173	11719	11707
12170	11731	12175
11731	12170	11743
12175	11719	12174
11719	12175	11731
12170	11767	12171
11767	12170	11752
12175	11752	12170
11752	12175	11753
12174	11753	12175
11753	12174	11730
12173	11730	12174
11730	12173	11718
12172	11718	12173
11718	12172	11705
12178	12176	12177
12176	12178	12179
12182	12180	12181
12180	12182	12183
12183	12177	12176
12177	12183	12182
12186	12184	12185
12184	12186	12187
12188	12181	12180
12181	12188	12189
12191	12190	12185
12190	12191	12192
12195	12193	12194
12193	12195	12196
12198	11599	12197
11599	12198	11596
12200	11593	12199
11593	12200	11594
12202	12199	12201
12199	12202	12200
12204	12202	12203
12202	12204	12205
12184	12206	12207
12206	12184	11624
12187	11624	12184
11624	12187	11625
12180	11637	12188
11637	12180	11649
12183	11649	12180
11649	12183	11659
12176	11659	12183
11659	12176	11669
12179	11669	12176
11669	12179	11686
12172	11686	12179
11686	12172	11694
11705	12179	12178
12179	11705	12172
11705	12178	11685
12177	11685	12178
11685	12177	11678
12182	11678	12177
11678	12182	11668
12181	11668	12182
11668	12181	11658
12189	11658	12181
11658	12189	11647
12186	12190	11648
12190	12186	12185
12199	11596	12198
11596	12199	11593
12194	12203	12195
12203	12194	12204
12185	12207	12191
12207	12185	12184
12195	12208	12196
12208	12195	12209
12203	12202	12201
12208	12198	12197
12198	12208	12209
12201	12198	12209
12198	12201	12199
12201	12195	12203
12195	12201	12209
12194	12192	12191
12192	12194	12193
12204	12191	12207
12191	12204	12194
12205	12207	12206
12207	12205	12204
12210	12211	12212
12212	12205	12206
12205	12212	12211
12210	11600	12211
11600	12210	11609
11628	11609	12210
11609	11628	11616
12210	11623	11628
11623	12210	12212
12206	11623	12212
11623	12206	11624
12200	12205	12211
12205	12200	12202
11594	12211	11600
12211	11594	12200
12188	11625	12187
11625	12188	11637
12189	12187	12186
12187	12189	12188
11647	12186	11648
12186	11647	12189
11645	11646	12213
11648	12190	11646
11645	12213	11634
12215	11635	12214
11635	12215	12216
12218	12214	12217
12214	12218	12215
12220	12217	12219
12217	12220	12218
12221	12219	11607
12219	12221	12220
11688	11689	11692
11689	11688	11687
11665	11688	11692
11688	11665	11664
11598	12222	11599
12223	11599	12222
11599	12223	12197
12224	12197	12223
12197	12224	12208
12208	12224	12196
12225	12196	12224
12196	12225	12193
12226	12193	12225
12193	12226	12192
12227	12192	12226
12192	12227	12190
12228	12190	12227
12190	12228	11646
12229	11646	12228
11646	12229	12213
12230	12213	12229
12213	12230	11634
12231	11634	12230
11634	12231	11620
12232	11620	12231
11620	12232	11613
12233	11613	12232
11613	12233	11604
12222	11604	12233
11604	12222	11598
11605	12224	11606
12224	11605	12225
11615	12225	11605
12225	11615	12226
11622	12226	11615
12226	11622	12227
11636	12227	11622
12227	11636	12228
11635	12228	11636
12228	11635	12229
12216	12229	11635
12229	12216	12230
12215	12230	12216
12230	12215	12231
12218	12231	12215
12231	12218	12232
12220	12232	12218
12232	12220	12233
12221	12233	12220
12233	12221	12222
11607	12222	12221
12222	11607	12223
12223	11606	12224
11606	12223	11607
11621	12214	11635
12219	11608	11607
12217	11621	11614
11621	12217	12214
12219	11614	11608
11614	12219	12217
11875	11830	11828
11828	11804	11825
11804	11828	11830
11790	11825	11804
11825	11790	11789
12234	12235	12236
12239	12237	12238
12237	12239	12240
12242	12235	12241
12235	12242	12236
12242	12243	12236
12244	12236	12243
12236	12244	12238
12244	12239	12238
12239	12244	12245
12248	12246	12247
12246	12248	12249
12250	12242	12241
12242	12250	12251
12251	12243	12242
12243	12251	12252
12252	12244	12243
12244	12252	12253
12254	12244	12253
12244	12254	12245
12255	12246	12249
12246	12255	12256
12257	12251	12250
12251	12257	12258
12258	12252	12251
12252	12258	12259
12259	12253	12252
12253	12259	12260
12261	12253	12260
12253	12261	12254
12263	12255	12262
12255	12263	12256
12266	12264	12265
12264	12266	12267
12268	12264	12267
12264	12268	12269
12270	12269	12268
12269	12270	12257
12270	12258	12257
12258	12270	12271
12271	12259	12258
12259	12271	12272
12272	12260	12259
12260	12272	12273
12274	12275	12261
12277	12262	12276
12262	12277	12263
12279	12266	12278
12266	12279	12267
12281	12268	12280
12268	12281	12270
12282	12270	12281
12270	12282	12271
12284	12272	12283
12272	12284	12273
12285	12273	12284
12273	12285	12274
12285	12275	12274
12275	12285	12286
12288	12287	12286
12287	12288	12289
12290	12279	12278
12279	12290	12291
12291	12280	12279
12280	12291	12292
12292	12281	12280
12281	12292	12293
12293	12282	12281
12282	12293	12294
12294	12283	12282
12283	12294	12295
12295	12284	12283
12284	12295	12296
12296	12285	12284
12285	12296	12297
12298	12285	12297
12285	12298	12286
12298	12288	12286
12288	12298	12299
12300	12291	12290
12291	12300	12301
12301	12292	12291
12292	12301	12302
12304	12293	12303
12293	12304	12294
12305	12294	12304
12294	12305	12295
12306	12295	12305
12295	12306	12296
12306	12297	12296
12297	12306	12307
12308	12297	12307
12297	12308	12298
12308	12299	12298
12299	12308	12309
12311	12300	12310
12300	12311	12301
12312	12303	12302
12303	12312	12313
12315	12308	12314
12308	12315	12309
12311	12302	12301
12302	12311	12312
12304	12313	12316
12313	12304	12303
12309	12315	12317
12319	12311	12318
12311	12319	12312
12321	12313	12320
12313	12321	12316
12323	12315	12322
12315	12323	12317
12324	12311	12310
12311	12324	12318
12320	12312	12319
12312	12320	12313
12326	12321	12325
12321	12326	12316
12329	12327	12328
12327	12329	12330
12331	12329	12328
12329	12331	12314
12315	12331	12322
12331	12315	12314
12333	12324	12332
12324	12333	12318
12334	12320	12319
12320	12334	12335
12337	12321	12336
12321	12337	12325
12339	12327	12338
12327	12339	12328
12339	12331	12328
12331	12339	12340
12340	12322	12331
12322	12340	12341
12343	12323	12342
12323	12343	12344
12334	12318	12333
12318	12334	12319
12338	12325	12337
12325	12338	12327
12346	12332	12345
12332	12346	12333
12346	12334	12333
12334	12346	12347
12348	12334	12347
12334	12348	12335
12348	12336	12335
12336	12348	12349
12349	12337	12336
12337	12349	12350
12351	12337	12350
12337	12351	12338
12352	12338	12351
12338	12352	12339
12353	12342	12341
12342	12353	12354
12355	12342	12354
12342	12355	12343
12357	12345	12356
12345	12357	12346
12346	12358	12347
12358	12346	12357
12358	12348	12347
12348	12358	12359
12361	12349	12360
12349	12361	12350
12361	12351	12350
12351	12361	12362
12363	12351	12362
12351	12363	12352
12364	12354	12353
12354	12364	12365
12366	12354	12365
12354	12366	12355
12357	12367	12368
12367	12357	12356
12370	12358	12369
12358	12370	12359
12372	12367	12371
12367	12372	12368
12374	12364	12373
12364	12374	12365
12361	12375	12376
12362	12376	12377
12376	12362	12361
12378	12362	12377
12362	12378	12363
12380	12371	12379
12371	12380	12372
12381	12372	12380
12372	12381	12382
12385	12383	12384
12383	12385	12373
12387	12374	12386
12374	12387	12388
12382	12389	12390
12389	12382	12381
12393	12391	12392
12391	12393	12394
12395	12394	12393
12394	12395	12375
12384	12378	12396
12378	12384	12383
12398	12389	12397
12389	12398	12392
12399	12400	12401
12403	12386	12402
12386	12403	12387
12405	12379	12404
12379	12405	12380
12397	12381	12406
12381	12397	12389
12407	12392	12398
12392	12407	12393
12408	12393	12407
12393	12408	12395
12411	12409	12410
12409	12411	12396
12412	12396	12411
12396	12412	12384
12413	12384	12412
12384	12413	12385
12415	12404	12414
12404	12415	12405
12416	12397	12406
12397	12416	12417
12417	12398	12397
12398	12417	12418
12419	12407	12398
12407	12419	12169
12421	12400	12420
12400	12421	12410
12421	12411	12410
12411	12421	12422
12423	12411	12422
12411	12423	12412
12424	12412	12423
12412	12424	12413
12426	12415	12425
12415	12426	12416
12427	12416	12426
12416	12427	12417
12427	12418	12417
12418	12427	12428
12426	12429	12430
12429	12426	12425
12431	12426	12430
12426	12431	12427
12432	12427	12431
12427	12432	12428
11797	12432	11807
12424	11847	12433
11847	12424	11845
11815	12431	12430
12431	11815	11820
11820	12432	12431
12432	11820	11807
12366	12374	12388
12374	12366	12365
12369	12357	12368
12357	12369	12358
12360	12375	12361
12375	12360	12394
12370	12394	12360
12394	12370	12391
12348	12360	12349
12360	12348	12359
12306	12329	12307
12329	12306	12330
12307	12314	12308
12314	12307	12329
12321	12335	12336
12335	12321	12320
12382	12369	12368
12369	12382	12390
12398	12418	12419
11805	12422	12421
12422	11805	12101
12423	12101	12102
12101	12423	12422
12430	11816	11815
11816	12430	12429
12267	12280	12268
12280	12267	12279
12406	12380	12405
12380	12406	12381
12416	12405	12415
12405	12416	12406
12399	12375	12395
12376	12409	12377
12409	12376	12401
12374	12385	12386
12385	12374	12373
12433	12125	12434
12125	12433	11847
12402	12434	12403
12434	12402	12433
12407	12435	12408
12435	12407	12169
12376	12399	12401
12399	12376	12375
12377	12396	12378
12396	12377	12409
12436	12373	12364
12373	12436	12383
12353	12436	12364
12436	12353	12437
12341	12437	12353
12437	12341	12340
12436	12378	12383
12378	12436	12363
12352	12436	12437
12436	12352	12363
12340	12352	12437
12352	12340	12339
12402	12424	12433
12424	12402	12413
12386	12413	12402
12413	12386	12385
12323	12341	12342
12341	12323	12322
12400	12409	12401
12409	12400	12410
12399	12408	12400
12408	12399	12395
12304	12326	12305
12326	12304	12316
12271	12283	12272
12283	12271	12282
12234	12238	12237
12238	12234	12236
12292	12303	12293
12303	12292	12302
12425	12415	12414
12261	12273	12274
12273	12261	12260
12439	12379	12438
12379	12439	12404
12441	12332	12440
12332	12441	12345
12356	12441	12442
12441	12356	12345
12438	12371	12443
12371	12438	12379
12367	12443	12371
12444	12404	12439
12404	12444	12414
12360	12359	12370
12403	12444	12439
12444	12403	12434
12438	12403	12439
12403	12438	12387
12443	12387	12438
12387	12443	12388
12442	12388	12443
12388	12442	12366
12441	12366	12442
12366	12441	12355
12440	12355	12441
12355	12440	12343
12443	12356	12442
12356	12443	12367
12344	12445	12446
12445	12344	12447
12450	12448	12449
12448	12450	12451
12451	12446	12445
12446	12451	12450
12454	12452	12453
12452	12454	12455
12456	12449	12448
12449	12456	12457
12459	12458	12453
12458	12459	12460
12463	12461	12462
12461	12463	12464
12466	12240	12465
12240	12466	12237
12468	12234	12467
12234	12468	12235
12470	12467	12469
12467	12470	12468
12472	12470	12471
12470	12472	12473
12452	12474	12475
12474	12452	12265
12455	12265	12452
12265	12455	12266
12448	12278	12456
12278	12448	12290
12451	12290	12448
12290	12451	12300
12445	12300	12451
12300	12445	12310
12447	12310	12445
12310	12447	12324
12440	12324	12447
12324	12440	12332
12343	12447	12344
12447	12343	12440
12446	12323	12344
12323	12446	12317
12450	12317	12446
12317	12450	12309
12449	12309	12450
12309	12449	12299
12457	12299	12449
12299	12457	12288
12454	12458	12289
12458	12454	12453
12467	12237	12466
12237	12467	12234
12462	12471	12463
12471	12462	12472
12453	12475	12459
12475	12453	12452
12463	12476	12464
12476	12463	12477
12471	12470	12469
12476	12466	12465
12466	12476	12477
12469	12466	12477
12466	12469	12467
12469	12463	12471
12463	12469	12477
12462	12460	12459
12460	12462	12461
12472	12459	12475
12459	12472	12462
12473	12475	12474
12475	12473	12472
12478	12479	12480
12480	12473	12474
12473	12480	12479
12241	12479	12478
12269	12250	12478
12250	12269	12257
12478	12264	12269
12264	12478	12480
12474	12264	12480
12264	12474	12265
12468	12473	12479
12473	12468	12470
12235	12479	12241
12479	12235	12468
12456	12266	12455
12266	12456	12278
12457	12455	12454
12455	12457	12456
12288	12454	12289
12454	12288	12457
12286	12287	12481
12289	12458	12287
12286	12481	12275
12483	12276	12482
12276	12483	12484
12486	12482	12485
12482	12486	12483
12488	12485	12487
12485	12488	12486
12489	12487	12248
12487	12489	12488
12326	12327	12330
12327	12326	12325
12306	12326	12330
12326	12306	12305
12239	12490	12240
12491	12240	12490
12240	12491	12465
12492	12465	12491
12465	12492	12476
12476	12492	12464
12493	12464	12492
12464	12493	12461
12494	12461	12493
12461	12494	12460
12495	12460	12494
12460	12495	12458
12496	12458	12495
12458	12496	12287
12497	12287	12496
12287	12497	12481
12498	12481	12497
12481	12498	12275
12499	12275	12498
12275	12499	12261
12500	12261	12499
12261	12500	12254
12501	12254	12500
12254	12501	12245
12490	12245	12501
12245	12490	12239
12246	12492	12247
12492	12246	12493
12256	12493	12246
12493	12256	12494
12263	12494	12256
12494	12263	12495
12277	12495	12263
12495	12277	12496
12276	12496	12277
12496	12276	12497
12484	12497	12276
12497	12484	12498
12483	12498	12484
12498	12483	12499
12486	12499	12483
12499	12486	12500
12488	12500	12486
12500	12488	12501
12489	12501	12488
12501	12489	12490
12248	12490	12489
12490	12248	12491
12491	12247	12492
12247	12491	12248
12262	12482	12276
12487	12249	12248
12485	12262	12255
12262	12485	12482
12487	12255	12249
12255	12487	12485
12424	12102	11845
12102	12424	12423
12392	12390	12389
12390	12392	12391
12370	12390	12391
12390	12370	12369
12382	12368	12372
12241	12478	12250
11791	12418	12428
12418	11791	12419
11797	12428	12432
12428	11797	11791
11886	11805	11829
11805	11886	12101
11845	11886	11846
11886	11845	12102
11820	11822	11807
11822	11820	11819
12420	12408	12435
12408	12420	12400
11726	11740	11741
11773	11740	11765
11740	11773	11741
11791	12169	12419
11912	11884	11873
11884	11912	11898
12502	11766	11806
11766	12502	11767
12503	11767	12502
11767	12503	12171
11778	12171	12503
12171	11778	11768
12502	12504	12503
12504	11806	12505
11806	12504	12502
11805	12505	11806
12435	12504	12420
12505	12420	12504
12420	12505	12421
12505	11805	12421
12444	12125	12506
12125	12444	12434
12414	12506	12507
12506	12414	12444
12507	12425	12414
12508	12509	12510
12513	12511	12512
12511	12513	12514
12515	12510	12509
12510	12515	12516
12515	12509	12517
12518	12509	12514
12509	12518	12517
12518	12513	12519
12513	12518	12514
12522	12520	12521
12520	12522	12523
12525	12515	12524
12515	12525	12516
12524	12517	12526
12517	12524	12515
12526	12518	12527
12518	12526	12517
12528	12518	12519
12518	12528	12527
12530	12520	12529
12520	12530	12521
12532	12524	12531
12524	12532	12525
12531	12526	12533
12526	12531	12524
12533	12527	12534
12527	12533	12526
12535	12527	12528
12527	12535	12534
12536	12530	12529
12530	12536	12537
12540	12538	12539
12538	12540	12541
12543	12538	12542
12538	12543	12539
12544	12542	12532
12542	12544	12543
12544	12531	12545
12531	12544	12532
12545	12533	12546
12533	12545	12531
12546	12534	12547
12534	12546	12533
12548	12535	12549
12550	12537	12536
12537	12550	12551
12552	12540	12539
12540	12552	12553
12554	12543	12544
12543	12554	12555
12556	12544	12545
12544	12556	12554
12557	12546	12547
12546	12557	12558
12559	12547	12548
12547	12559	12557
12559	12549	12560
12549	12559	12548
12563	12561	12562
12561	12563	12560
12565	12552	12564
12552	12565	12553
12564	12555	12566
12555	12564	12552
12566	12554	12567
12554	12566	12555
12567	12556	12568
12556	12567	12554
12568	12558	12569
12558	12568	12556
12569	12557	12570
12557	12569	12558
12570	12559	12571
12559	12570	12557
12572	12559	12560
12559	12572	12571
12572	12563	12573
12563	12572	12560
12575	12564	12574
12564	12575	12565
12574	12566	12576
12566	12574	12564
12567	12568	12577
12578	12568	12569
12568	12578	12577
12579	12569	12570
12569	12579	12578
12579	12571	12580
12571	12579	12570
12581	12571	12572
12571	12581	12580
12581	12573	12582
12573	12581	12572
12583	12575	12574
12575	12583	12584
12585	12581	12582
12581	12585	12586
12583	12576	12587
12576	12583	12574
12587	12577	12588
12577	12587	12576
12582	12589	12585
12590	12583	12587
12583	12590	12591
12592	12587	12588
12587	12592	12590
12593	12585	12589
12585	12593	12594
12595	12583	12591
12583	12595	12584
12596	12592	12588
12592	12596	12597
12600	12598	12599
12598	12600	12601
12602	12600	12586
12600	12602	12601
12585	12602	12586
12602	12585	12594
12603	12595	12591
12595	12603	12604
12605	12592	12597
12592	12605	12606
12607	12598	12601
12598	12607	12608
12607	12602	12609
12602	12607	12601
12609	12594	12610
12594	12609	12602
12593	12611	12612
12613	12591	12590
12591	12613	12603
12606	12590	12592
12590	12606	12613
12608	12597	12598
12597	12608	12605
12614	12604	12603
12604	12614	12615
12614	12613	12616
12613	12614	12603
12617	12613	12606
12613	12617	12616
12617	12605	12618
12605	12617	12606
12619	12605	12608
12605	12619	12618
12620	12608	12607
12608	12620	12619
12622	12612	12621
12612	12622	12610
12623	12612	12611
12612	12623	12621
12624	12615	12614
12615	12624	12625
12614	12626	12624
12626	12614	12616
12626	12617	12627
12617	12626	12616
12628	12617	12618
12617	12628	12627
12628	12619	12629
12619	12628	12618
12630	12619	12620
12619	12630	12629
12632	12621	12631
12621	12632	12622
12633	12621	12623
12621	12633	12631
12634	12625	12624
12625	12634	12635
12636	12626	12627
12626	12636	12637
12638	12632	12631
12632	12638	12639
12628	12640	12641
12629	12642	12640
12643	12629	12630
12629	12643	12642
12644	12635	12634
12635	12644	12645
12637	12644	12634
12644	12637	12646
12637	12647	12646
12647	12637	12636
12649	12648	12639
12648	12649	12650
12652	12638	12651
12638	12652	12653
12654	12636	12641
12636	12654	12647
12650	12643	12648
12643	12650	12655
12657	12646	12656
12646	12657	12644
12658	12646	12647
12646	12658	12656
12660	12654	12659
12654	12660	12661
12662	12653	12652
12653	12662	12663
12664	12645	12644
12645	12664	12665
12661	12647	12654
12647	12661	12658
12667	12666	12655
12666	12667	12668
12669	12655	12650
12655	12669	12667
12670	12650	12649
12650	12670	12669
12671	12665	12664
12665	12671	12672
12673	12657	12656
12657	12673	12674
12675	12660	12668
12660	12675	12676
12675	12667	12677
12667	12675	12668
12678	12667	12669
12667	12678	12677
12679	12669	12670
12669	12679	12678
12661	12660	12676
12676	12680	12681
12684	12682	12683
12682	12684	11848
12633	12638	12631
12638	12633	12651
12627	12641	12636
12641	12627	12628
12579	12600	12599
12600	12579	12580
12580	12586	12600
12586	12580	12581
12637	12624	12626
12624	12637	12634
12658	12673	12656
12673	12658	12685
12675	12686	12687
12686	12675	12677
12678	12686	12677
12686	12678	12688
12577	12576	12567
12539	12555	12552
12555	12539	12543
12657	12671	12664
12671	12657	12674
12640	12666	12659
12666	12640	12642
12638	12649	12639
12649	12638	12653
12684	12663	12662
12663	12684	12683
12658	12689	12685
12689	12658	12661
12675	12680	12676
12680	12675	12687
12640	12654	12641
12654	12640	12659
12640	12628	12629
12642	12655	12666
12655	12642	12643
12690	12639	12648
12639	12690	12632
12622	12690	12691
12690	12622	12632
12610	12691	12609
12691	12610	12622
12690	12643	12630
12643	12690	12648
12620	12690	12630
12690	12620	12691
12609	12620	12607
12620	12609	12691
12653	12670	12649
12670	12653	12663
12593	12610	12594
12610	12593	12612
12660	12666	12668
12666	12660	12659
12577	12596	12588
12596	12577	12578
12545	12558	12556
12558	12545	12546
12508	12514	12509
12514	12508	12511
12576	12566	12567
12661	12676	12689
12535	12547	12534
12547	12535	12548
12692	12645	12665
12645	12692	12693
12694	12604	12615
12604	12694	12695
12625	12694	12615
12694	12625	12696
12693	12635	12645
12635	12693	12697
12697	12625	12635
12625	12697	12696
12698	12665	12672
12665	12698	12692
12662	12698	12684
12698	12662	12692
12693	12662	12652
12662	12693	12692
12697	12652	12651
12652	12697	12693
12696	12651	12633
12651	12696	12697
12694	12633	12623
12633	12694	12696
12695	12623	12611
12623	12695	12694
12701	12699	12700
12699	12701	12702
12705	12703	12704
12703	12705	12706
12704	12702	12705
12702	12704	12699
12709	12707	12708
12707	12709	12710
12712	12706	12711
12706	12712	12703
12715	12713	12714
12713	12715	12710
12718	12716	12717
12716	12718	12719
12720	12512	12511
12512	12720	12721
12722	12508	12510
12508	12722	12723
12724	12723	12722
12723	12724	12725
12727	12724	12726
12724	12727	12728
12707	12729	12541
12729	12707	12730
12708	12541	12540
12541	12708	12707
12703	12553	12565
12553	12703	12712
12704	12565	12575
12565	12704	12703
12699	12575	12584
12575	12699	12704
12700	12584	12595
12584	12700	12699
12695	12595	12604
12595	12695	12700
12611	12700	12695
12700	12611	12701
12611	12593	12701
12702	12593	12589
12593	12702	12701
12705	12589	12582
12589	12705	12702
12706	12582	12573
12582	12706	12705
12711	12573	12563
12573	12711	12706
12709	12713	12710
12713	12709	12562
12723	12511	12508
12511	12723	12720
12719	12728	12727
12728	12719	12718
12710	12730	12707
12730	12710	12715
12718	12731	12732
12731	12718	12717
12728	12725	12724
12731	12720	12732
12720	12731	12721
12725	12720	12723
12720	12725	12732
12725	12718	12732
12718	12725	12728
12719	12714	12716
12714	12719	12715
12727	12715	12719
12715	12727	12730
12726	12730	12727
12730	12726	12729
12733	12734	12735
12734	12726	12735
12726	12734	12729
12733	12516	12525
12516	12733	12735
12542	12525	12532
12525	12542	12733
12733	12538	12734
12538	12733	12542
12729	12538	12541
12538	12729	12734
12722	12726	12724
12726	12722	12735
12510	12735	12722
12735	12510	12516
12712	12540	12553
12540	12712	12708
12711	12708	12712
12708	12711	12709
12563	12709	12711
12709	12563	12562
12560	12736	12561
12562	12561	12713
12560	12549	12736
12738	12551	12737
12551	12738	12739
12740	12739	12738
12739	12740	12741
12742	12741	12740
12741	12742	12743
12744	12743	12742
12743	12744	12522
12596	12598	12597
12598	12596	12599
12579	12596	12578
12596	12579	12599
12513	12512	12745
12746	12512	12721
12512	12746	12745
12747	12721	12731
12721	12747	12746
12731	12717	12747
12748	12717	12716
12717	12748	12747
12749	12716	12714
12716	12749	12748
12750	12714	12713
12714	12750	12749
12751	12713	12561
12713	12751	12750
12752	12561	12736
12561	12752	12751
12753	12736	12549
12736	12753	12752
12754	12549	12535
12549	12754	12753
12755	12535	12528
12535	12755	12754
12756	12528	12519
12528	12756	12755
12745	12519	12513
12519	12745	12756
12520	12747	12748
12747	12520	12523
12529	12748	12749
12748	12529	12520
12536	12749	12750
12749	12536	12529
12550	12750	12751
12750	12550	12536
12551	12751	12752
12751	12551	12550
12737	12752	12753
12752	12737	12551
12738	12753	12754
12753	12738	12737
12740	12754	12755
12754	12740	12738
12742	12755	12756
12755	12742	12740
12744	12756	12745
12756	12744	12742
12522	12745	12746
12745	12522	12744
12746	12523	12522
12523	12746	12747
12537	12551	12739
12743	12522	12521
12741	12537	12739
12537	12741	12530
12743	12530	12741
12530	12743	12521
12679	12688	12678
12688	12679	12757
12758	11811	11814
11811	12758	11835
12027	12007	11985
11956	12007	11972
12007	11956	11985
11949	11972	11942
11972	11949	11956
11903	11949	11942
11949	11903	11919
11851	11919	11903
11919	11851	11920
12759	11851	11836
11851	12759	11920
11835	12759	11836
12759	11835	12760
12760	12758	12761
12758	12760	11835
11917	12759	12762
12759	11917	11920
12763	12761	12681
12761	12763	12760
12762	12760	12763
12760	12762	12759
12680	12763	12681
11850	12682	11848
12763	12764	12762
12764	12763	12680
12687	12764	12680
11888	12688	11889
12688	11888	12686
11888	12687	12686
11890	11889	11850
12688	11850	11889
11850	12688	12757
11901	12762	12764
12762	11901	11917
12764	12687	11888
12764	11888	11901
12765	12766	12767
12770	12768	12769
12768	12770	12771
12772	12767	12766
12767	12772	12773
12772	12766	12774
12775	12766	12771
12766	12775	12774
12775	12770	12776
12770	12775	12771
12779	12777	12778
12777	12779	12780
12782	12772	12781
12772	12782	12773
12781	12774	12783
12774	12781	12772
12783	12775	12784
12775	12783	12774
12785	12775	12776
12775	12785	12784
12787	12777	12786
12777	12787	12778
12789	12781	12788
12781	12789	12782
12788	12783	12790
12783	12788	12781
12790	12784	12791
12784	12790	12783
12792	12784	12785
12784	12792	12791
12793	12787	12786
12787	12793	12794
12797	12795	12796
12795	12797	12798
12800	12795	12799
12795	12800	12796
12801	12799	12789
12799	12801	12800
12801	12788	12802
12788	12801	12789
12802	12790	12803
12790	12802	12788
12803	12791	12804
12791	12803	12790
12805	12792	12806
12807	12794	12793
12794	12807	12808
12809	12797	12796
12797	12809	12810
12811	12800	12801
12800	12811	12812
12813	12801	12802
12801	12813	12811
12814	12803	12804
12803	12814	12815
12816	12804	12805
12804	12816	12814
12816	12806	12817
12806	12816	12805
12820	12818	12819
12818	12820	12817
12822	12809	12821
12809	12822	12810
12821	12812	12823
12812	12821	12809
12823	12811	12824
12811	12823	12812
12824	12813	12825
12813	12824	12811
12825	12815	12826
12815	12825	12813
12826	12814	12827
12814	12826	12815
12827	12816	12828
12816	12827	12814
12829	12816	12817
12816	12829	12828
12829	12820	12830
12820	12829	12817
12832	12821	12831
12821	12832	12822
12831	12823	12833
12823	12831	12821
12834	12824	12825
12824	12834	12835
12836	12825	12826
12825	12836	12834
12837	12826	12827
12826	12837	12836
12827	12828	12837
12838	12828	12829
12828	12838	12837
12840	12830	12839
12830	12840	12829
12841	12832	12831
12832	12841	12842
12844	12835	12843
12835	12844	12833
12839	12845	12840
12845	12839	12846
12841	12833	12844
12833	12841	12831
12834	12843	12835
12843	12834	12847
12848	12841	12844
12841	12848	12849
12850	12843	12847
12843	12850	12851
12852	12845	12846
12845	12852	12853
12854	12841	12849
12841	12854	12842
12851	12844	12843
12844	12851	12848
12855	12850	12847
12850	12855	12856
12859	12857	12858
12857	12859	12860
12845	12860	12859
12860	12845	12853
12861	12854	12849
12854	12861	12862
12864	12851	12863
12851	12864	12848
12865	12850	12856
12850	12865	12866
12867	12857	12860
12857	12867	12868
12867	12853	12869
12853	12867	12860
12864	12849	12848
12849	12864	12861
12868	12856	12857
12856	12868	12865
12870	12862	12861
12862	12870	12871
12861	12872	12870
12874	12866	12873
12866	12874	12863
12873	12865	12875
12865	12873	12866
12876	12865	12868
12865	12876	12875
12877	12868	12867
12868	12877	12876
12880	12878	12879
12878	12880	12869
12881	12871	12870
12871	12881	12882
12870	12883	12881
12883	12870	12872
12883	12884	12885
12884	12883	12872
12885	12874	12886
12874	12885	12884
12887	12873	12875
12873	12887	12888
12887	12876	12889
12876	12887	12875
12890	12876	12877
12876	12890	12889
12892	12879	12891
12879	12892	12880
12893	12882	12881
12882	12893	12894
12896	12885	12895
12885	12896	12883
12895	12886	12897
12886	12895	12885
12898	12892	12891
12892	12898	12899
12900	12889	12890
12889	12900	12901
12902	12894	12893
12894	12902	12903
12904	12893	12896
12893	12904	12902
12895	12905	12906
12905	12895	12897
12907	12900	12899
12900	12907	12908
12906	12896	12895
12896	12906	12904
12910	12897	12909
12897	12910	12905
12912	12909	12911
12909	12912	12910
12913	12904	12906
12904	12913	12914
12915	12906	12905
12906	12915	12913
12917	12912	12916
12912	12917	12918
12919	12903	12902
12903	12919	12920
12921	12905	12910
12905	12921	12915
12918	12910	12912
12910	12918	12921
12922	12916	12908
12916	12922	12917
12923	12908	12907
12908	12923	12922
12924	12920	12919
12920	12924	12925
12927	12913	12926
12913	12927	12914
12929	12921	12928
12921	12929	12915
12931	12922	12930
12922	12931	12917
11831	12922	12923
12922	11831	12930
12918	12931	12932
12931	12918	12917
12888	12911	12909
12911	12888	12887
12886	12909	12897
12909	12886	12888
12874	12888	12886
12888	12874	12873
12837	12859	12858
12859	12837	12838
12840	12859	12838
12859	12840	12845
12850	12863	12851
12863	12850	12866
12893	12883	12896
12883	12893	12881
12929	12913	12915
12913	12929	12926
12796	12812	12809
12812	12796	12800
12914	12902	12904
12902	12914	12919
12927	12919	12914
12919	12927	12924
12898	12907	12899
12907	12898	12933
12921	12932	12928
12932	12921	12918
12901	12912	12911
12912	12901	12916
12887	12901	12911
12901	12887	12889
12901	12908	12916
12908	12901	12900
12890	12899	12900
12899	12890	12892
12880	12890	12877
12890	12880	12892
12869	12877	12867
12877	12869	12880
12934	11831	12923
11831	12934	12935
12933	12923	12907
12923	12933	12934
12852	12869	12853
12869	12852	12878
12834	12855	12847
12855	12834	12836
12802	12815	12813
12815	12802	12803
12765	12771	12766
12771	12765	12768
12823	12835	12833
12835	12823	12824
12792	12804	12791
12804	12792	12805
12936	12903	12920
12903	12936	12937
12938	12862	12871
12862	12938	12939
12882	12938	12871
12938	12882	12940
12937	12894	12903
12894	12937	12941
12941	12882	12894
12882	12941	12940
12942	12920	12925
12920	12942	12936
12934	12942	12935
12942	12934	12936
12937	12934	12933
12934	12937	12936
12941	12933	12898
12933	12941	12937
12940	12898	12891
12898	12940	12941
12938	12891	12879
12891	12938	12940
12939	12879	12878
12879	12939	12938
12852	12943	12944
12943	12852	12945
12948	12946	12947
12946	12948	12949
12947	12945	12948
12945	12947	12943
12952	12950	12951
12950	12952	12953
12955	12949	12954
12949	12955	12946
12958	12956	12957
12956	12958	12953
12961	12959	12960
12959	12961	12962
12963	12769	12768
12769	12963	12964
12965	12765	12767
12765	12965	12966
12967	12966	12965
12966	12967	12968
12970	12967	12969
12967	12970	12971
12950	12972	12798
12972	12950	12973
12951	12798	12797
12798	12951	12950
12946	12810	12822
12810	12946	12955
12947	12822	12832
12822	12947	12946
12943	12832	12842
12832	12943	12947
12944	12842	12854
12842	12944	12943
12939	12854	12862
12854	12939	12944
12878	12944	12939
12944	12878	12852
12945	12852	12846
12948	12846	12839
12846	12948	12945
12949	12839	12830
12839	12949	12948
12954	12830	12820
12830	12954	12949
12952	12956	12953
12956	12952	12819
12966	12768	12765
12768	12966	12963
12962	12971	12970
12971	12962	12961
12953	12973	12950
12973	12953	12958
12961	12974	12975
12974	12961	12960
12971	12968	12967
12974	12963	12975
12963	12974	12964
12968	12963	12966
12963	12968	12975
12968	12961	12975
12961	12968	12971
12962	12957	12959
12957	12962	12958
12970	12958	12962
12958	12970	12973
12969	12973	12970
12973	12969	12972
12976	12977	12978
12977	12969	12978
12969	12977	12972
12976	12773	12782
12773	12976	12978
12799	12782	12789
12782	12799	12976
12976	12795	12977
12795	12976	12799
12972	12795	12798
12795	12972	12977
12965	12969	12967
12969	12965	12978
12767	12978	12965
12978	12767	12773
12955	12797	12810
12797	12955	12951
12954	12951	12955
12951	12954	12952
12820	12952	12954
12952	12820	12819
12817	12979	12818
12819	12818	12956
12817	12806	12979
12981	12808	12980
12808	12981	12982
12983	12982	12981
12982	12983	12984
12985	12984	12983
12984	12985	12986
12987	12986	12985
12986	12987	12779
12855	12857	12856
12857	12855	12858
12837	12855	12836
12855	12837	12858
12770	12769	12988
12989	12769	12964
12769	12989	12988
12990	12964	12974
12964	12990	12989
12974	12960	12990
12991	12960	12959
12960	12991	12990
12992	12959	12957
12959	12992	12991
12993	12957	12956
12957	12993	12992
12994	12956	12818
12956	12994	12993
12995	12818	12979
12818	12995	12994
12996	12979	12806
12979	12996	12995
12997	12806	12792
12806	12997	12996
12998	12792	12785
12792	12998	12997
12999	12785	12776
12785	12999	12998
12988	12776	12770
12776	12988	12999
12777	12990	12991
12990	12777	12780
12786	12991	12992
12991	12786	12777
12793	12992	12993
12992	12793	12786
12807	12993	12994
12993	12807	12793
12808	12994	12995
12994	12808	12807
12980	12995	12996
12995	12980	12808
12981	12996	12997
12996	12981	12980
12983	12997	12998
12997	12983	12981
12985	12998	12999
12998	12985	12983
12987	12999	12988
12999	12987	12985
12779	12988	12989
12988	12779	12987
12989	12780	12779
12780	12989	12990
12794	12808	12982
12986	12779	12778
12984	12794	12982
12794	12984	12787
12986	12787	12984
12787	12986	12778
12861	12864	12872
12884	12872	12864
11831	11833	12930
12930	11833	13000
13001	12930	13000
12930	13001	12931
12698	11848	12684
13002	12672	12928
12672	13002	12698
12671	12928	12672
12928	12671	12929
12929	12671	13003
12926	13003	13004
13005	12924	12927
12924	13005	13006
13006	12925	12924
12925	13006	13007
13008	12925	13007
12925	13008	12942
13009	12942	13008
12942	13009	12935
13010	12935	13009
12935	13010	11831
11879	11832	11877
11832	11831	13010
11877	13010	12125
12506	13010	13009
13010	12506	12125
13008	12506	13009
12506	13008	12507
13007	12507	13008
12507	13007	12425
13006	12425	13007
12425	13006	12429
11778	12435	12169
12435	11778	12503
12429	13006	11816
13005	11816	13006
11816	13005	13011
11813	13003	11814
13003	12671	11814
12671	12674	11814
12758	12674	12673
12674	12758	11814
12685	12758	12673
12758	12685	12761
12689	12761	12685
12761	12689	12681
12689	12676	12681
13005	12926	13004
12926	13005	12927
13012	13005	13004
13005	13012	13011
11817	13011	13013
13011	11817	11816
11837	13013	13014
13013	11837	11817
11855	13014	13015
13014	11855	11837
11833	11849	13000
12838	12829	12840
12884	12863	12874
12863	12884	12864
11832	13010	11877
13002	12931	13001
12931	13002	12932
13002	12928	12932
11849	11848	13000
12929	13003	12926
13003	13012	13004
13012	13003	11813
11812	13012	11813
13012	11812	13016
11834	13016	11812
13016	11834	11853
12504	12435	12503
12679	12663	12683
12663	12679	12670
12757	12683	12682
12683	12757	12679
12682	11850	12757
11879	11833	11832
13014	11854	13015
11854	13014	11853
13013	11853	13014
11853	13013	13016
13016	13011	13012
13011	13016	13013
13002	13001	11848
13001	13000	11848
13002	11848	12698
12644	12657	12664
11957	11905	11921
11905	11957	11944
11904	11974	13017
11974	11904	11943
11852	13017	11854
13017	11852	11904
11921	11854	13017
11854	11921	13015
11957	13017	11974
13017	11957	11921
11958	11974	11973
11974	11958	11957
11973	12002	11958
13015	11921	11855
11892	11858	11857
11924	11897	11896
11897	11924	11863
11897	11862	12100
11862	11897	11863
12133	12108	12107
12108	12133	13018
12134	12145	12131
11952	11896	11931
11896	11952	11924
12123	12133	12124
12133	12123	13018
13021	13019	13020
13019	13021	12127
13022	11824	12127
11824	13022	11810
11841	11824	11823
12126	13019	12127
13019	12126	11859
11859	12126	11860
12167	11884	13023
11884	12167	11873
11801	11784	11783
11843	11795	13024
11795	11843	11802
13022	11801	11810
11801	13022	13025
13024	11884	11843
11884	13024	13023
13025	11795	11785
11795	13025	13026
13027	13025	13022
13025	13027	13026
13021	13022	12127
13022	13021	13027
11784	13025	11785
13025	11784	11801
12122	12150	12119
12150	12122	12149
12157	12149	12122
12149	12157	12148
12158	12157	12156
12157	12158	12146
12155	12163	12164
12163	12155	12130
12130	12134	12131
12134	12130	12155
12164	12144	12143
12144	12164	12156
12163	12156	12164
12156	12163	12158
12159	12163	12162
12163	12159	12158
12161	12159	12162
12159	12161	12160
12140	13028	13029
13028	12140	13030
12115	12114	12113
12114	12115	12118
11880	11869	11868
11869	11880	11883
11868	11908	11909
11868	11909	11880
13031	13032	13033
13036	13034	13035
13034	13036	13037
13039	13032	13038
13032	13039	13033
12152	11871	12151
11871	12152	11872
12153	11872	12152
11872	12153	11911
12153	11934	11911
13031	13040	13041
13040	13031	13033
13041	13037	13036
13037	13041	13040
13035	13042	13043
13042	13035	13034
13043	13044	13045
13044	13043	13042
13045	13046	13047
13046	13045	13044
13046	13048	13047
13048	13046	13049
13049	13050	13051
13050	13049	13052
13052	13053	13054
13053	13052	13055
13053	13056	13057
13056	13053	13055
13056	13038	13057
13038	13056	13039
12126	11922	11860
11883	13032	13031
13032	11883	11882
13037	12105	13034
12105	13037	12112
13035	11866	13036
11866	13035	11865
12115	13033	13039
13033	12115	12113
11882	13038	13032
13038	11882	12151
13033	12109	13040
12109	13033	12113
13041	11883	13031
11883	13041	11869
12109	13037	13040
13037	12109	12112
13036	11869	13041
11869	13036	11866
13034	12108	13042
12108	13034	12105
13043	11865	13035
11865	13043	11862
13042	13018	13044
13018	13042	12108
13045	11862	13043
11862	13045	12100
13044	12123	13046
12123	13044	13018
13047	12100	13045
12100	13047	11859
12123	13049	13046
13049	12123	12120
13019	13047	13048
13047	13019	11859
12120	13052	13049
13052	12120	12119
12119	13055	13052
13055	12119	12150
13054	11870	12168
11870	13054	13053
13055	12116	13056
12116	13055	12150
11871	13053	13057
13053	11871	11870
13056	12115	13039
12115	13056	12116
12151	13057	13038
13057	12151	11871
13029	12154	13058
12154	13029	12161
13028	12161	13029
12161	13028	12160
13030	12160	13028
12160	13030	12141
12139	12118	13059
12118	12139	12114
12138	12114	12139
12114	12138	12110
12138	12135	12110
12135	12138	12137
13061	12167	13060
12167	13061	12168
13050	12168	13061
12168	13050	13054
13020	13050	13061
13050	13020	13051
13060	13020	13061
13020	13060	13021
13062	13021	13060
13021	13062	13027
13063	13027	13062
13027	13063	13026
13026	13063	11795
11795	13063	13024
13062	13024	13063
13024	13062	13023
13060	13023	13062
13023	13060	12167
13052	13054	13050
13049	13051	13048
13020	13048	13051
13048	13020	13019
12135	12128	12136
12128	12135	12154
12140	13058	12137
13058	12140	13029
12147	12141	12142
12141	12147	12160
12122	12144	12157
12144	12122	12121
12136	12131	12145
12131	12136	12128
12117	12148	12142
12148	12117	12149
12134	12106	12145
12106	12134	12107
12143	12133	12132
12133	12143	12124
12148	12157	12146
12140	13059	13030
13059	12140	12139
13059	12141	13030
12141	13059	12118
12137	12154	12135
12154	12137	13058
11581	11555	11582
11555	11581	11592
11485	11577	13064
11577	11485	11578
12090	12070	12069
12070	12090	12085
12090	12097	12085
12097	12090	12098
11550	11592	11547
11592	11550	11556
4994	11463	4993
11463	4994	11464
5030	13065	11545
13065	5030	5029
13066	12077	12076
12077	13066	11562
12077	11562	12078
12080	12060	12078
12060	12080	12061
12087	13066	12088
13066	12087	12091
12054	12093	12087
12093	12054	12073
12087	12055	12054
12088	13066	12076
12080	12079	12094
13064	12084	12083
12084	13064	11577
11576	12096	12095
12096	11576	11548
13067	12082	12081
12082	13067	13068
12086	12097	12092
12097	12086	12085
11548	12098	12096
12098	11548	11547
13068	12083	12082
12083	13068	13064
11547	12097	12098
12097	11547	11592
11549	13071	11550
11549	13070	13071
11549	13069	13070
13066	11441	11562
11441	13066	11481
13072	11579	11578
11579	13072	13073
13073	11549	11579
11549	13073	13069
11582	11409	11583
12079	12081	12094
12079	13067	12081
11561	13067	12079
12099	13067	11561
13064	11486	11485
11486	13064	13068
13068	11530	11486
11530	13068	13067
11530	13067	12099
11484	11578	11485
11578	11484	13072
11550	11554	11556
11554	13071	13074
11550	13071	11554
11582	11410	11409
11410	11582	11555
11481	12091	11482
12091	11481	13066
11483	11529	11484
11529	11483	11489
11440	11489	11483
11489	11440	11439
11410	11557	11411
11410	11558	11557
11554	11558	11410
13074	13071	13070
11529	13072	11484
13072	11529	13075
13074	11558	11554
13074	13077	11558
13074	13076	13077
13070	13076	13074
13069	13076	13070
13072	13078	13073
13078	13072	13075
13073	13076	13069
13076	13078	13079
13073	13078	13076
11482	11412	11479
11412	11482	11409
13077	13076	13079
13077	11406	11405
11406	13077	13079
11575	13080	11487
11406	13078	11510
13078	11406	13079
11515	13077	11405
13077	11515	11558
11488	11487	13080
11510	13075	11528
13075	11510	13078
11574	11479	11517
11479	11574	11480
11408	13081	11551
11433	11444	11443
11444	11433	11559
11509	11408	11407
11408	11509	13081
11517	11478	11477
11478	11517	11434
11443	11475	11478
11475	11443	11442
11551	11448	11408
11448	11551	11445
11472	11528	11473
11528	11472	11510
11462	11473	13080
11473	11462	11461
13082	13080	11573
13080	13082	11462
11445	13083	11446
13083	11445	11571
11460	11474	11461
11474	11460	11540
11475	11496	11476
11496	11475	11519
13082	11572	11516
11572	13082	11573
11540	11509	11474
11509	11540	11539
11516	11477	11476
11477	11516	11572
11423	11462	13082
11462	11423	11459
11509	13084	13081
13084	11509	11539
11516	11495	11424
11459	13085	11460
13085	11459	11422
11391	13083	11571
13083	11391	13086
11564	11553	11552
11553	11564	11392
13084	11564	11552
11564	13084	11567
11445	11553	11571
11553	11445	11551
13085	11540	11460
11540	13085	11537
11538	13084	11539
13084	11538	11567
11413	11422	11421
11422	11413	11527
11496	11426	11425
11426	11496	11519
11428	11497	11425
11497	11428	11414
13087	11537	13085
11537	13087	13088
11424	11497	11421
11497	11424	11495
11519	13089	11426
13089	11519	11518
11537	13090	11538
13086	13091	13089
11566	11564	11567
11564	11566	11565
11422	13087	13085
13087	11422	11527
11502	11394	11393
11394	11502	13092
11527	13093	13087
13093	11527	11526
11426	13094	11427
13094	11426	13089
11568	13096	11566
13096	11568	13095
13092	13091	11394
13091	13092	13097
13096	11565	11566
11565	13096	11503
13088	13099	13090
13099	13088	13098
11568	13099	13095
13099	11568	13090
11415	13100	11416
13100	11415	11436
11505	13092	11502
13092	11505	11536
13088	13093	13098
13093	13088	13087
13101	13097	11536
13097	13101	13102
11393	11503	11502
11503	11393	11565
11416	13103	11526
13103	11416	13100
11570	11503	13096
11503	11570	11504
11470	13093	13104
13093	11470	13098
11469	13098	11470
13098	11469	13099
13101	11499	13106
11499	13101	13105
13095	11469	11512
11469	13095	13099
11570	13095	11512
13095	11570	13096
13104	11526	13103
11526	13104	13093
11569	11504	11570
11504	11569	11430
11436	11542	13100
11542	11436	11534
11542	13103	13100
13103	11542	11541
11471	11591	11513
11591	11471	11458
11429	11504	11430
11504	11429	11505
11436	11498	11534
11498	11436	11435
11456	13103	11541
13103	11456	13104
11534	11543	11542
11543	11534	11533
13101	11535	13105
11535	13101	11536
11590	11430	11569
11430	11590	11431
13105	11500	11499
11500	13105	11450
11456	11470	13104
11470	11456	11455
13097	13092	11536
11415	11428	11437
11428	11415	11414
11422	11459	11423
11537	13088	13090
13090	11568	11538
11424	13082	11516
13082	11424	11423
11487	11438	11575
11438	11487	11439
11442	13083	11518
13083	11442	11446
11518	13086	13089
13086	11518	13083
13089	13091	13094
13091	13102	13094
13102	13091	13097
11391	13091	13086
13091	11391	11394
13081	11552	11551
11552	13081	13084
11477	11572	11517
11515	11448	11447
11528	13075	11529
11575	11573	13080
11573	11575	11574
11473	11488	13080
11488	11473	11528
11530	11560	11440
11560	11530	12099
11409	12091	11583
12091	11409	11482
12072	12093	12073
12093	12072	12086
12089	12067	12095
12067	12089	12068
12082	12063	12064
12084	12066	12065
11580	11583	12091
12087	12093	11580
11427	13102	11514
13102	11427	13094
13102	13106	11514
13106	13102	13101
11437	13106	11435
13106	11437	11514
13106	11498	11435
11498	13106	11499
11587	11432	11431
11432	11587	11586
11451	11429	11432
11429	11451	11535
11468	11398	13107
13107	11591	11458
11591	13107	11589
13105	11451	11450
11451	13105	11535
11569	11591	11590
11591	11569	11513
11494	11431	11590
11431	11494	11587
11490	11449	11588
11449	11490	11511
11501	11453	11452
11453	11501	11500
11520	11493	11492
11493	11520	11491
11397	13107	11398
13107	11397	11589
11543	11531	11524
11531	11543	11533
11523	11543	11524
11543	11523	11544
11531	11501	11452
11501	11531	11533
11468	11544	11523
11544	11468	11457
11494	11397	11492
11397	11494	11589
13108	11396	11395
11396	13108	13109
11467	13108	11395
13108	11467	13110
11520	11397	11396
11397	11520	11492
11532	11465	11563
11465	11532	11466
11468	11522	11467
11522	11468	11523
11490	11493	11491
11493	11490	11588
11463	13112	13111
13112	11463	11466
11464	11417	11465
11417	11464	11584
11467	13113	13110
13113	11467	11522
11522	11418	13113
11418	11522	11419
13065	13108	13110
13108	13065	11401
13109	11401	11400
11401	13109	13108
4680	11402	13114
11402	4680	4983
11508	11525	13115
11525	11508	11507
11418	11584	11546
11584	11418	11417
11545	11418	11546
11418	11545	13113
4994	11584	11464
11584	4994	11585
13110	11545	13065
11545	13110	13113
13065	5027	11401
5027	13065	5029
13115	11463	13111
11463	13115	4993
11456	11544	11457
11544	11456	11541
11450	11453	11500
11453	11450	11449
11453	11511	11454
11511	11453	11449
11454	11506	13112
11506	11454	11511
13112	11508	13111
11508	13112	11506
11521	13114	11404
13114	11521	13116
13114	4679	4680
4679	13114	13116
11404	13114	11402
11402	11507	11403
11454	11466	11532
11466	11454	13112
11420	11531	11563
11531	11420	11524
11451	11586	11449
11471	11455	11458
11587	11494	11493
11404	11491	11520
11520	11396	13109
11586	11588	11449
11451	11432	11586
11524	11420	11419
13107	11457	11468
11457	13107	11458
4983	5033	11402
11520	13109	11521
13109	13116	11521
13116	13109	11400
11400	4679	13116
4679	11400	11399
13111	11508	13115
4690	4688	4691
4688	4690	4689
4692	4694	4693
4694	4692	4695
4696	4698	4697
4699	4701	4700
4701	4699	4702
4699	4700	4703
4706	4704	4707
4704	4706	4705
4708	4709	4707
4710	4712	4711
4712	4710	4713
4716	4714	4717
4714	4716	4715
4720	4718	4721
4718	4720	4719
4724	4722	4725
4722	4724	4723
4726	4728	4727
4728	4726	4729
4732	4730	4733
4730	4732	4731
4735	4704	4705
4704	4735	4734
4736	4738	4737
4738	4736	4739
4740	4741	4700
4744	4742	4745
4742	4744	4743
4730	4746	4748
4746	4730	4747
4749	4751	4750
4752	4754	4753
4754	4752	4755
4757	4720	4758
4720	4757	4756
4761	4759	4762
4759	4761	4760
4765	4763	4766
4763	4765	4764
4768	4770	4769
4770	4768	4767
4772	4774	4773
4774	4772	4771
4776	4775	4777
4775	4776	4731
4779	4765	4780
4765	4779	4778
4781	4783	4782
4784	4740	4785
4781	4787	4786
4788	4790	4789
4791	4793	4792
4793	4791	4794
4795	4797	4796
4800	4798	4801
4798	4800	4799
4721	4802	4804
4802	4721	4803
4805	4807	4806
4810	4808	4811
4808	4810	4809
4812	4814	4813
4814	4812	4815
4816	4795	4817
4819	4748	4689
4748	4819	4818
4821	4723	4724
4723	4821	4820
4822	4723	4823
4723	4822	4722
4824	4825	4813
4825	4824	4826
4828	4830	4829
4830	4828	4827
4812	4833	4832
4833	4812	4831
4750	4834	4749
4835	4837	4836
4790	4838	4789
5044	4839	4717
13130	5059	5066
5059	13130	13124
4754	4842	4841
4842	4754	4843
4802	4751	4844
4751	4802	4845
4848	4846	4849
4846	4848	4847
4850	4744	4851
4852	4719	4853
4719	4852	4718
5056	4855	4854
4699	4857	4856
4857	4699	4703
4704	4708	4707
4708	4704	4789
4858	4859	4768
4860	4861	4693
4863	4862	4864
4862	4863	4839
4866	4863	4864
4863	4866	4865
4867	4698	4696
4868	4870	5045
4871	4873	4872
4849	4838	4848
4838	4849	4708
4765	4874	4764
4874	4765	4778
4824	4814	4875
4814	4824	4813
4835	4876	4837
4876	4835	4877
4878	4738	4879
4738	4878	4737
4869	4746	4747
4746	4869	4880
4881	4882	4880
5435	4884	4883
4884	5435	5434
4886	4885	4887
4885	4886	4877
4888	4887	4889
4887	4888	4886
5057	5064	5061
5064	5057	4855
4811	4890	4891
4890	4811	4808
4892	4829	4893
4829	4892	4828
4860	1719	5278
1719	4860	4670
4813	4831	4812
4831	4813	4825
4781	4894	4787
4894	4781	4782
4895	4728	4896
4728	4895	4727
4724	4898	4897
4898	4724	4899
4900	4801	4901
4801	4900	4800
4904	4902	4905
4902	4904	4903
4721	4758	4720
4856	4766	4763
4766	4856	4857
4908	4906	4909
4906	4908	4907
4904	4910	4903
4910	4904	4706
4878	4879	4911
4912	4784	4913
4822	4886	4888
4886	4822	4823
4749	4844	4751
4844	4749	4914
4915	4716	4916
4716	4915	4715
4755	4863	4865
4863	4755	4916
4854	4917	4919
4917	4854	4918
4919	5056	4854
5056	4919	4920
4918	4921	4851
4921	4918	4855
4701	4921	4700
4892	4922	4828
4922	4744	4745
4873	8277	8955
4839	4923	4862
4923	4839	5044
4799	4924	4807
4927	4925	4928
4925	4927	4926
4929	4925	4926
4913	5058	4930
5058	4913	4840
4931	4710	4932
4901	4739	4933
4934	4769	5323
4815	4832	4935
4832	4815	4812
4780	4857	4936
4857	4780	4766
4709	4778	4937
4778	4709	4874
4731	4868	4730
4868	4731	4776
4776	4870	4868
4870	4776	4938
4852	4872	4718
4872	4852	4871
4734	4789	4704
4789	4734	4939
4788	4789	4940
4909	4846	4847
4846	4909	4906
4743	4760	4742
4760	4743	4759
4901	4795	4816
4902	4933	4905
4933	4902	4901
4941	4802	4844
4802	4941	4804
4805	4806	4942
4712	4943	4711
4943	4712	4944
4836	4697	4885
4697	4836	4945
4830	4947	4946
4947	4830	4827
4810	5045	4870
4948	4880	4869
4880	4948	4881
4951	4949	4952
4949	4951	4950
4953	4954	4892
4918	4922	4917
4922	4918	4851
4939	4956	4955
4820	4823	4723
4823	4820	4877
4788	4791	4896
4791	4788	4940
4910	4797	4903
4797	4910	4957
4817	4795	4796
5346	4770	5347
4841	4803	4958
4803	4841	4842
4959	4870	4938
4769	4858	4768
4858	4769	4934
4797	4957	4858
4929	5434	8956
4960	4961	5436
4853	4962	4963
4962	4853	4719
4701	4851	4921
4851	4701	4850
4729	4788	4728
4778	4964	4937
4964	4778	4779
4702	4908	4850
4909	4759	4743
4759	4909	4847
4737	4939	4734
4939	4737	4956
4784	4785	4913
4840	4785	5057
4785	4840	4913
4796	4965	4817
4965	4796	5323
4757	4885	4697
4885	4757	4887
4866	4819	4966
4819	4866	4864
4878	4710	4931
4710	4878	4713
4769	5356	5323
4784	4952	4741
4784	4967	4952
4967	4784	4968
4806	4970	4969
4970	4806	4807
4820	4798	4799
4717	4863	4716
4863	4717	4839
4844	4914	4941
4902	4795	4901
4903	4795	4902
4795	4903	4797
4954	4922	4892
4917	4922	4954
4752	4960	4915
4960	4752	4961
4908	4744	4850
4703	4971	4857
4900	4901	4816
4688	4882	4691
4940	4939	4972
4790	4762	4838
4762	4790	4761
4828	4922	4827
4959	5058	4809
4810	4959	4809
4770	4861	5347
4861	4770	4767
4781	4919	4783
4919	4781	4786
4937	4910	4706
4858	4796	4797
4796	4858	4934
4954	4919	4917
4919	4954	4783
4841	4753	4754
4753	4841	4973
4724	4911	4821
4911	4724	4897
4974	4890	4786
4890	4974	4891
4786	4920	4919
4831	4975	4833
4975	4831	4976
4865	4754	4755
4754	4865	4843
4748	4733	4730
4733	4748	4818
4819	4690	4966
4690	4819	4689
4877	4835	4885
4835	4836	4885
4944	4977	4894
4977	4944	4898
4978	4898	5067
4898	4978	4979
4697	4945	4696
4872	4958	4718
4958	4872	4973
4958	4973	4841
4739	4901	4801
5436	4883	4960
4883	5436	5435
4910	4772	4957
4942	4876	4805
4876	4942	4837
4923	5044	5055
4981	4726	4982
4726	4981	4729
4680	4793	4983
4793	4680	4792
4854	4855	4918
4914	4749	4725
4837	4984	5370
4984	4837	4942
4756	4719	4720
4719	4756	4962
4688	4746	4880
4746	4688	4689
4880	4882	4688
4807	4985	4970
4985	4807	4986
4924	4986	4807
4799	4800	4924
4751	4845	4966
4987	4925	4988
4746	4689	4748
4959	4810	4870
4989	5375	4775
5375	4989	4990
4991	4945	5376
4945	4991	4696
4956	4878	4931
4878	4956	4737
4850	4701	4702
4967	4951	4952
4783	4953	4782
4953	4783	4954
4820	4876	4877
4876	4820	4799
4868	4747	4730
4934	5323	4796
4893	4993	4992
4993	4893	4994
4823	4877	4886
4767	4693	4861
4693	4767	4692
4955	4931	4932
4734	4736	4737
4736	4734	4735
4995	4837	5370
4837	4995	4836
4914	4722	4822
4816	4817	4996
4997	4816	4996
4961	8957	5436
4998	4912	4913
4959	4930	5058
4999	5000	4988
5000	4999	5001
4959	5002	5003
5002	4959	4938
4826	5385	5384
5385	4826	4951
4826	5004	4825
5004	4826	5384
4967	5385	4951
5385	4967	5005
5006	4935	7
4935	5006	4815
4861	5278	5347
5278	4861	4860
4992	4892	4893
4892	4992	4953
4932	5007	5009
5007	4932	5008
4998	4930	5010
4930	4998	4913
5010	4959	5003
4959	5010	4930
5391	4998	5011
4998	5391	4912
5010	5011	4998
5011	5010	5392
5003	5392	5010
5392	5003	5393
5002	5013	5012
5013	5002	4777
4950	4826	4824
4826	4950	4951
4950	4875	5014
4875	4950	4824
4922	4851	4744
4766	4780	4765
4811	5046	4810
4811	4891	4948
4881	4891	4974
4891	4881	4948
4974	4882	4881
4882	4974	4787
4762	4847	4848
4847	4762	4759
4848	4838	4762
4949	4741	4952
4907	4699	4856
4699	4907	4702
4763	4907	4856
4907	4763	4906
4846	4763	4764
4763	4846	4906
4849	4764	4874
4764	4849	4846
4708	4874	4709
4874	4708	4849
4971	4936	4857
4695	5015	4694
5015	4695	5016
4694	5018	5017
5018	4694	5015
4988	4929	4999
4929	4988	4925
4929	8956	8278
4731	4989	4775
4989	4731	4732
4732	4980	4989
4980	4732	4923
4955	4972	4939
4972	4955	5019
4932	5019	4955
5019	4932	5009
5008	4992	5007
4992	5008	4953
4788	4896	4728
4706	4709	4937
4709	4706	4707
4908	4702	4907
4706	4904	4705
4735	4904	4905
4904	4735	4705
4736	4905	4933
4905	4736	4735
4933	4739	4736
4789	4939	4940
4986	4997	4996
4997	4986	4924
5020	4696	5047
4696	5020	4867
4962	5020	4963
5020	4962	4867
4816	4997	4900
4800	4997	4924
4997	4800	4900
4967	5402	5005
5402	4967	4968
4884	4927	4714
4927	4884	4926
4884	5434	4926
4863	4916	4716
4961	8955	8957
8955	4961	4873
4732	4862	4923
4862	4732	4733
4818	4862	4733
4862	4818	4864
4818	4819	4864
5002	4776	4777
4776	5002	4938
4941	4822	4888
4822	4941	4914
4889	4941	4888
4941	4889	4804
4805	4799	4807
4799	4805	4876
4927	5044	4717
5044	4927	4928
4925	5050	4928
5050	4925	5048
4883	4714	4715
4714	4883	4884
4961	4753	4873
4753	4961	4752
4960	4715	4915
4715	4960	4883
4915	4755	4752
4755	4915	4916
4873	4973	4872
4973	4873	4753
4714	4927	4717
4889	4757	4758
4757	4889	4887
4721	4889	4758
4889	4721	4804
4803	4842	4802
4842	5021	4802
5021	4842	4843
4865	5021	4843
5021	4865	4866
4721	4958	4803
4958	4721	4718
4820	4821	5022
4821	4879	5022
4879	4821	4911
4798	5022	5023
5022	4798	4820
4739	5023	4738
5023	4739	4801
5008	4710	4711
4710	5008	4932
5008	4943	4953
4943	5008	4711
4943	4782	4953
5022	4738	5023
4738	5022	4879
5023	4801	4798
4784	4741	4740
4784	4912	4968
4968	5391	5402
5391	4968	4912
4871	8277	4873
8277	4871	5433
4852	5433	4871
5433	4852	8958
4852	8280	8958
8280	4852	4853
4853	5432	8280
5432	4853	4963
4963	8959	5432
8959	4963	5020
4756	4697	4698
4697	4756	4757
4867	4756	4698
4756	4867	4962
4925	4987	5048
5048	5025	5408
5025	5048	4987
4922	4745	4827
4745	4947	4827
4947	4745	4742
4760	4947	4742
4947	4760	4981
4729	4760	4761
4760	4729	4981
4761	4790	4729
4790	4788	4729
4909	4744	4908
4986	5026	4985
5026	4986	4996
4727	5027	4726
5027	4727	11399
4794	5028	4793
5028	4794	5019
4895	11399	4727
11399	4895	4679
4726	5029	4982
5029	4726	5027
4680	4895	4792
4895	4680	4679
5007	11525	5009
11525	5007	13115
4993	5007	4992
5007	4993	13115
4982	4947	4981
4947	4982	4946
4893	11585	4994
11585	4893	4829
11585	4830	4678
4830	11585	4829
4678	4946	5030
4946	4678	4830
4946	5029	5030
5029	4946	4982
4693	4670	4860
4670	4693	5031
5017	4693	4694
4693	5017	5031
7	5015	5006
5015	7	5018
4815	5032	4814
5032	4815	5006
11525	5019	5009
5019	11525	5028
4793	5033	4983
5033	4793	5028
5028	11525	5033
5019	4794	4972
4791	4972	4794
4972	4791	4940
4789	4838	4708
4977	4787	4894
4782	4944	4894
4944	4782	4943
4898	4712	4897
4712	4898	4944
4897	4713	4911
4713	4897	4712
4713	4878	4911
4931	4955	4956
5034	5036	5035
5036	5034	5037
5037	4771	5036
4771	5037	4774
5006	5016	5032
5016	5006	5015
4875	5032	4936
5032	4875	4814
4936	5034	5035
4768	4859	4767
4859	4692	4767
4692	4773	4774
4773	4692	4859
4780	4936	5035
4780	5036	4779
5036	4780	5035
4999	4929	8278
4896	4792	4895
4792	4896	4791
4769	5346	5356
5346	4769	4770
4991	5047	4696
5047	4991	5024
4836	5376	4945
5376	4836	4995
4988	5025	4987
5025	4988	5000
4825	4976	4831
4976	4825	5004
5002	5393	5003
5393	5002	5012
5375	4777	4775
4777	5375	5013
5040	4990	4989
5047	8959	5020
8959	5047	8962
4817	5026	4996
5026	4817	4965
4969	4942	4806
4942	4969	4984
4976	4671	4975
8279	4999	8278
4999	8279	5001
4744	4909	4743
4774	4695	4692
4695	4774	5037
5037	5016	4695
5016	5037	5034
5034	5032	5016
5032	5034	4936
4936	4971	4875
4875	4971	5014
4971	4703	5014
5014	4949	4950
4949	5014	4703
4949	4700	4741
4700	4949	4703
4700	4921	4740
4740	5057	4785
5057	4740	4921
4921	4855	5057
5056	4920	4890
4920	4786	4890
4786	4787	4974
4964	5039	4937
4937	5039	4910
5039	4772	4910
4772	4773	4957
4957	4773	4859
5036	4964	4779
4964	5036	4771
4964	4772	5039
4772	4964	4771
4859	4858	4957
4979	4977	4898
4977	4882	4787
4882	4977	4979
4979	4978	4882
4834	4690	4691
4690	4834	4750
4690	4751	4966
4751	4690	4750
4866	4845	5021
4845	4866	4966
5021	4845	4802
4691	4978	4834
4978	4691	4882
4749	4978	5067
4978	4749	4834
4899	4724	4725
4914	4725	4722
5418	5043	5042
5043	5418	5041
5418	13142	5041
13142	5418	5423
4990	5040	5038
5040	4989	4980
4923	5055	4980
5055	5044	5052
5051	5044	4928
5044	5051	5052
5051	4928	5050
4869	4868	5045
4868	4869	4747
5045	4810	5046
4869	5046	4948
5046	4869	5045
5046	4811	4948
5434	4929	4926
5446	5047	5024
5047	5446	8962
5041	5048	5043
5048	5041	5050
5043	5408	5042
5408	5043	5048
5423	5049	13142
5049	5423	5425
4980	5054	5040
5054	4980	5055
5040	5053	5038
5053	5040	5054
5425	5054	5049
5054	5425	5053
5049	5055	5052
5055	5049	5054
13132	5062	5063
5062	13132	13126
13124	5065	5059
5065	13124	13129
5060	13131	5064
13131	5060	13128
5061	4840	5057
4840	5061	5063
5058	5063	5062
5063	5058	4840
5064	5056	5060
5056	5064	4855
5059	4890	4808
4890	5059	5065
5060	4890	5065
4890	5060	5056
5062	4809	5058
4809	5062	5066
4808	5066	5059
5066	4808	4809
13128	13127	13131
13131	13127	13125
13125	13127	13132
13132	13127	13126
13130	13127	13124
4749	4899	4725
4899	4749	5067
5067	4898	4899
5070	5068	5069
5068	5070	5071
5072	5074	5075
5074	5072	5073
5076	5077	5078
5079	5081	5082
5081	5079	5080
5079	5083	5080
5086	5084	5085
5084	5086	5087
5088	5087	5089
5090	5092	5093
5092	5090	5091
5096	5094	5095
5094	5096	5097
5100	5098	5099
5098	5100	5101
5104	5102	5103
5102	5104	5105
5106	5108	5109
5108	5106	5107
5112	5110	5111
5110	5112	5113
5115	5084	5114
5084	5115	5085
5116	5118	5119
5118	5116	5117
5120	5080	5121
5124	5122	5123
5122	5124	5125
5110	5126	5127
5126	5110	5128
5129	5130	5131
5132	5134	5135
5134	5132	5133
5137	5100	5136
5100	5137	5138
5141	5139	5140
5139	5141	5142
5145	5143	5144
5143	5145	5146
5148	5150	5147
5150	5148	5149
5152	5154	5151
5154	5152	5153
5156	5155	5111
5155	5156	5157
5159	5145	5158
5145	5159	5160
5161	5162	5163
5164	5165	5120
5161	5166	5167
5168	5169	5170
5171	5173	5174
5173	5171	5172
5175	5176	5177
5180	5178	5179
5178	5180	5181
5101	5182	5183
5182	5101	5184
5185	5186	5187
5190	5188	5189
5188	5190	5191
5192	5194	5195
5194	5192	5193
5196	5197	5175
5199	5128	5198
5128	5199	5069
5201	5103	5200
5103	5201	5104
5202	5103	5102
5103	5202	5203
5204	5205	5206
5205	5204	5193
5208	5210	5207
5210	5208	5209
5192	2386	5211
2386	5192	4672
5130	5129	5212
5213	5214	5215
5170	5169	5216
5217	5097	5218
5134	5221	5222
5221	5134	5220
5182	5131	5224
5131	5182	5223
5227	5225	5226
5225	5227	5228
5229	5230	5124
5231	5099	5098
5099	5231	5232
5233	5234	5235
5079	5237	5083
5237	5079	5236
5084	5088	5169
5088	5084	5087
5238	5148	5239
5240	5073	5241
5243	5242	5218
5242	5243	5244
5246	5243	5245
5243	5246	5244
5247	5076	5078
5248	5249	5250
5251	5252	5253
5228	5216	5088
5216	5228	5227
5145	5254	5158
5254	5145	5144
5204	5194	5193
5194	5204	5255
5213	5256	5257
5256	5213	5215
5258	5118	5117
5118	5258	5259
5261	5126	5260
5126	5261	5127
5262	5260	5263
9325	5265	5442
5265	9325	5264
5267	5266	5257
5266	5267	5268
5269	5268	5267
5268	5269	5270
5271	5273	5235
5273	5271	5272
5191	5274	5188
5274	5191	5275
5276	5209	5208
5209	5276	5277
5240	1719	5279
1719	5240	5278
5193	5211	5205
5211	5193	5192
5161	5280	5162
5280	5161	5167
5281	5108	5107
5108	5281	5282
5104	5284	5285
5284	5104	5283
5286	5181	5180
5181	5286	5287
5290	5288	5289
5288	5290	5291
5101	5100	5138
5236	5146	5237
5146	5236	5143
5294	5292	5293
5292	5294	5295
5290	5296	5086
5296	5290	5289
5258	5297	5259
5298	5299	5164
5202	5267	5203
5267	5202	5269
5129	5223	5300
5223	5129	5131
5301	5096	5095
5096	5301	5302
5135	5243	5302
5243	5135	5245
5234	5303	5304
5303	5234	5305
5305	5233	5306
5233	5305	5234
5304	5307	5235
5307	5304	5230
5081	5080	5307
5276	5208	5308
5308	5125	5124
5253	9436	5440
5218	5309	5217
5309	5218	5242
5179	5187	5310
5313	5311	5312
5311	5313	5314
5315	5312	5311
5299	5316	5317
5316	5299	5318
5319	5320	5090
5287	5321	5119
5322	5323	5149
5195	4672	5192
4672	5195	4673
5160	5237	5146
5237	5160	5324
5089	5158	5254
5158	5089	5325
5111	5248	5156
5248	5111	5110
5156	5250	5326
5250	5156	5248
5231	5252	5251
5252	5231	5098
5114	5169	5327
5169	5114	5084
5168	5328	5169
5295	5225	5292
5225	5295	5226
5123	5140	5139
5140	5123	5122
5287	5196	5175
5288	5321	5287
5321	5288	5291
5329	5182	5184
5182	5329	5223
5185	5330	5186
5092	5331	5332
5331	5092	5091
5214	5077	5333
5077	5214	5266
5210	5335	5207
5335	5210	5334
5190	5250	5249
5336	5260	5262
5260	5336	5261
5339	5337	5338
5337	5339	5340
5341	5276	5342
5304	5308	5230
5308	5304	5303
5327	5343	5344
5200	5203	5257
5203	5200	5103
5168	5171	5328
5171	5168	5282
5296	5177	5345
5177	5296	5289
5197	5176	5175
5346	5347	5150
5220	5183	5221
5183	5220	5348
5349	5326	5250
5149	5238	5322
5238	5149	5148
5177	5238	5345
5315	5441	5442
5350	5444	5351
5232	5352	5099
5352	5232	5353
5081	5230	5229
5230	5081	5307
5109	5108	5168
5158	5354	5159
5354	5158	5325
5082	5229	5294
5295	5139	5226
5139	5295	5123
5117	5327	5344
5327	5117	5114
5164	5299	5165
5317	5165	5299
5165	5317	5271
5176	4965	5323
4965	5176	5197
5137	5266	5268
5266	5137	5077
5246	5199	5244
5199	5246	5355
5258	5090	5093
5090	5258	5319
5149	5323	5356
5164	5121	5340
5164	5357	5358
5357	5164	5340
5186	4970	5187
4970	5186	4969
5200	5179	5178
5097	5243	5218
5243	5097	5096
5223	5329	5300
5288	5287	5175
5289	5175	5177
5175	5289	5288
5342	5276	5308
5303	5342	5308
5132	5350	5351
5350	5132	5301
5294	5229	5124
5083	5237	5359
5286	5196	5287
5068	5071	5263
5328	5360	5327
5170	5142	5141
5142	5170	5216
5208	5207	5308
5349	5189	5316
5190	5189	5349
5150	5241	5147
5241	5150	5347
5161	5305	5166
5305	5161	5163
5325	5086	5296
5238	5176	5322
5176	5238	5177
5342	5305	5163
5305	5342	5303
5220	5133	5361
5133	5220	5134
5104	5297	5283
5297	5104	5201
5362	5274	5275
5274	5362	5166
5166	5305	5306
5211	2385	4976
2385	5211	2386
5245	5134	5222
5134	5245	5135
5128	5113	5198
5113	5128	5110
5199	5070	5069
5070	5199	5355
5257	5266	5213
5213	5266	5214
5332	5363	5284
5363	5332	5280
5364	5284	5366
5284	5364	5365
5077	5076	5333
5252	5348	5361
5348	5252	5098
5348	5220	5361
5119	5181	5287
5444	5264	9325
5264	5444	5350
5296	5345	5152
5330	5256	5215
5256	5330	5185
5309	5367	5217
5368	5106	5109
5106	5368	5369
4684	5173	5172
5173	4684	4685
5234	5304	5235
5300	5105	5129
5215	4984	5330
4984	5215	5370
5136	5099	5352
5099	5136	5100
5068	5126	5069
5126	5068	5260
5260	5068	5263
5187	4985	5371
4985	5187	4970
5310	5187	5371
5179	5310	5180
5131	5355	5224
5372	5373	5311
5126	5128	5069
5349	5250	5190
5374	5375	4990
5375	5374	5155
4991	5333	5076
5333	4991	5376
5344	5258	5117
5258	5344	5319
5229	5082	5081
5357	5340	5339
5163	5341	5342
5341	5163	5162
5200	5256	5179
5256	5200	5257
5248	5110	5127
5322	5176	5323
5277	4687	11388
4687	5277	5377
5203	5267	5257
5147	5073	5072
5073	5147	5241
5343	5320	5319
5114	5116	5115
5116	5114	5117
4995	5215	5214
5215	4995	5370
5300	5202	5102
5196	5378	5197
5379	5378	5196
5351	5444	5443
5380	5299	5298
5349	5316	5318
5381	5000	5001
5000	5381	5373
5349	5382	5326
5382	5349	5383
5206	5385	5339
5385	5206	5384
5206	5004	5384
5004	5206	5205
5357	5385	5005
5385	5357	5339
5386	4673	5195
4673	5386	4674
5241	5278	5240
5278	5241	5347
5377	5276	5341
5276	5377	5277
5320	5387	5388
5387	5320	5389
5380	5318	5299
5318	5380	5390
5390	5349	5318
5349	5390	5383
5391	5380	5298
5380	5391	5011
5390	5011	5392
5011	5390	5380
5383	5392	5393
5392	5383	5390
5382	5013	5157
5013	5382	5012
5338	5206	5339
5206	5338	5204
5338	5255	5204
5255	5338	5394
5308	5124	5230
5146	5145	5160
5191	5190	5395
5191	5336	5275
5262	5275	5336
5275	5262	5362
5362	5263	5167
5263	5362	5262
5142	5226	5139
5226	5142	5227
5227	5142	5216
5337	5340	5121
5293	5079	5082
5079	5293	5236
5143	5293	5292
5293	5143	5236
5225	5143	5292
5143	5225	5144
5228	5144	5225
5144	5228	5254
5088	5254	5228
5254	5088	5089
5359	5237	5324
5075	5396	5397
5396	5075	5074
5074	4675	5396
4675	5074	4676
5373	5315	5311
5315	5373	5381
5315	5445	5441
5111	5374	5112
5374	5111	5155
5112	5398	5309
5398	5112	5374
5343	5360	5399
5360	5343	5327
5320	5399	5389
5399	5320	5343
5388	5377	5341
5377	5388	5387
5168	5108	5282
5086	5089	5087
5089	5086	5325
5294	5293	5082
5086	5085	5290
5115	5290	5085
5290	5115	5291
5116	5291	5115
5291	5116	5321
5321	5116	5119
5169	5328	5327
5371	5379	5310
5379	5371	5378
5400	5076	5247
5076	5400	5401
5352	5400	5247
5400	5352	5353
5196	5286	5379
5180	5379	5286
5379	5180	5310
5357	5402	5358
5402	5357	5005
5265	5313	5312
5313	5265	5094
5265	5312	5442
5243	5096	5302
5351	9436	5253
9436	5351	5443
5112	5242	5113
5242	5112	5309
5198	5242	5244
5242	5198	5113
5198	5244	5199
5382	5156	5326
5156	5382	5157
5329	5202	5300
5202	5329	5269
5270	5329	5184
5329	5270	5269
5185	5179	5256
5179	5185	5187
5313	5217	5314
5217	5313	5097
5311	5403	5404
5403	5311	5314
5264	5094	5265
5094	5264	5095
5351	5133	5132
5133	5351	5253
5350	5095	5264
5095	5350	5301
5301	5135	5302
5135	5301	5132
5253	5361	5133
5361	5253	5252
5094	5097	5313
5270	5137	5268
5137	5270	5138
5101	5270	5184
5270	5101	5138
5183	5182	5221
5221	5405	5222
5405	5221	5182
5245	5405	5246
5405	5245	5222
5101	5348	5098
5348	5101	5183
5200	5406	5201
5201	5259	5297
5259	5201	5406
5178	5406	5200
5406	5178	5407
5119	5407	5181
5407	5119	5118
5388	5090	5320
5090	5388	5091
5388	5331	5091
5331	5388	5341
5331	5341	5162
5406	5118	5259
5118	5406	5407
5407	5178	5181
5164	5120	5121
5164	5358	5298
5358	5391	5298
5391	5358	5402
5251	5440	5439
5440	5251	5253
5231	5439	5437
5439	5231	5251
5231	5438	5232
5438	5231	5437
5232	9427	5353
9427	5232	5438
5353	9426	5400
9426	5353	9427
5136	5077	5137
5077	5136	5078
5247	5136	5352
5136	5247	5078
5311	5404	5372
5404	5025	5372
5025	5404	5408
5308	5207	5125
5125	5335	5122
5335	5125	5207
5140	5335	5368
5335	5140	5122
5109	5140	5368
5140	5109	5141
5141	5109	5170
5170	5109	5168
5295	5294	5124
5371	5026	5378
5026	5371	4985
5107	4682	4681
4682	5107	5106
5174	5409	5399
5409	5174	5173
5281	4681	4683
4681	5281	5107
5106	5410	4682
5410	5106	5369
4684	5281	4683
5281	4684	5172
5387	4686	11386
4686	5387	5389
4687	5387	11386
5387	4687	5377
5369	5335	5334
5335	5369	5368
5277	11387	5209
11387	5277	11388
11387	5210	5209
5210	11387	11389
11389	5334	5210
5334	11389	11385
5334	5410	5369
5410	5334	11385
5073	5279	4677
5279	5073	5240
4676	5073	4677
5073	4676	5074
4674	5396	4675
5396	4674	5386
5195	5411	5386
5411	5195	5194
4686	5399	5409
5399	4686	5389
5173	11390	5409
11390	5173	4685
5409	11390	4686
5399	5360	5174
5171	5360	5328
5360	5171	5174
5169	5088	5216
5363	5280	5167
5162	5332	5331
5332	5162	5280
5284	5092	5332
5092	5284	5283
5283	5093	5092
5093	5283	5297
5093	5297	5258
5319	5344	5343
5412	5414	5415
5414	5412	5413
5415	5151	5154
5151	5415	5414
5386	5397	5396
5397	5386	5411
5255	5411	5194
5411	5255	5324
5324	5413	5412
5148	5147	5239
5239	5147	5072
5072	5153	5239
5153	5072	5154
5160	5413	5324
5160	5414	5413
5414	5160	5159
5381	5445	5315
5282	5172	5171
5172	5282	5281
5149	5346	5150
5346	5149	5356
4991	5401	5024
5401	4991	5076
5214	5376	4995
5376	5214	5333
5373	5025	5000
5025	5373	5372
5205	4976	5004
4976	5205	5211
5382	5393	5012
5393	5382	5383
5375	5157	5013
5157	5375	5155
5416	5374	4990
5401	9426	9657
9426	5401	5400
5197	5026	4965
5026	5197	5378
4969	5330	4984
5330	4969	5186
4976	2385	4671
8279	5381	5001
5381	8279	5445
5124	5123	5295
5154	5075	5415
5075	5154	5072
5415	5397	5412
5397	5415	5075
5412	5411	5324
5411	5412	5397
5324	5255	5359
5255	5394	5359
5359	5394	5083
5394	5337	5083
5337	5394	5338
5337	5080	5083
5080	5337	5121
5080	5120	5307
5120	5271	5307
5271	5120	5165
5307	5271	5235
5233	5274	5306
5306	5274	5166
5166	5362	5167
5354	5325	5417
5325	5296	5417
5417	5296	5152
5152	5345	5153
5345	5239	5153
5414	5354	5151
5354	5414	5159
5354	5152	5151
5152	5354	5417
5239	5345	5238
5366	5284	5363
5363	5263	5366
5263	5363	5167
5366	5263	5364
5212	5070	5130
5070	5212	5071
5070	5131	5130
5131	5070	5355
5246	5224	5355
5224	5246	5405
5405	5182	5224
5071	5364	5263
5364	5071	5212
5129	5364	5212
5364	5129	5365
5285	5105	5104
5300	5102	5105
5421	5418	5042
5418	5421	5422
13143	5418	5422
5418	13143	5423
4990	5038	5416
5416	5398	5374
5309	5398	5367
5367	5419	5217
5420	5314	5217
5217	5419	5420
5420	5403	5314
5261	5248	5127
5248	5261	5249
5249	5395	5190
5261	5395	5249
5395	5261	5336
5395	5336	5191
5442	5312	5315
5446	5401	9657
5401	5446	5024
5422	5404	5403
5404	5422	5421
5421	5408	5404
5408	5421	5042
5423	5424	5425
5424	5423	13143
5398	5426	5367
5426	5398	5416
5416	5053	5426
5053	5416	5038
5425	5426	5053
5426	5425	5424
5424	5367	5426
5367	5424	5419
5429	13139	13133
13139	5429	5428
5430	13141	13135
13141	5430	5273
5273	13134	13141
13134	5273	5272
5427	13137	13140
13137	5427	5431
5272	5317	5427
5317	5272	5271
5316	5427	5317
5427	5316	5431
5273	5233	5235
5233	5273	5430
5429	5274	5428
5274	5429	5188
5430	5274	5233
5274	5430	5428
5431	5189	5219
5189	5431	5316
5188	5219	5189
5219	5188	5429
13136	13135	13141
13136	13140	13137
13136	13138	13133
13136	13133	13139
5129	5285	5365
5285	5129	5105
5365	5285	5284
13124	13127	13129
13131	5061	5064
5061	13131	13125
13126	13127	13130
5060	13129	13128
13129	5060	5065
13129	13127	13128
13126	5066	5062
5066	13126	13130
13125	5063	5061
5063	13125	13132
5219	13133	13138
13133	5219	5429
13136	13134	13140
13140	5272	5427
5272	13140	13134
5428	13135	13139
13135	5428	5430
13136	13137	13138
13138	5431	5219
5431	13138	13137
13136	13139	13135
13136	13141	13134
5050	13142	5051
13142	5050	5041
5049	5051	13142
5051	5049	5052
5424	5420	5419
5420	5424	13143
5420	5422	5403
5422	5420	13143
7588	7586	7589
7586	7588	7587
7592	7590	7593
7590	7592	7591
7595	7589	7586
7589	7595	7594
7597	7599	7598
7599	7597	7596
7600	7602	7601
7602	7600	7603
7605	7604	7606
7604	7605	7593
7609	7607	7610
7607	7609	7608
7612	7814	7613
7814	7612	7813
7614	7898	7615
7898	7614	7882
7618	7616	7590
7616	7618	7617
7621	7619	7622
7619	7621	7620
7623	7625	7624
7626	7628	7627
7629	7603	7630
7633	7631	7634
7631	7633	7632
7635	7896	7636
7896	7635	7897
7637	7638	7610
7640	7642	7641
7643	7992	7991
7992	7643	7644
7646	7648	7647
7648	7646	7645
7651	7649	7652
7649	7651	7650
7655	7653	7656
7653	7655	7654
1220	7658	7657
7661	7659	7662
7659	7661	7660
7665	7663	7666
7663	7665	7664
8017	7668	8018
7668	8017	7667
7671	7669	7672
7669	7671	7670
7675	7673	7635
7673	7675	7674
7622	7676	7663
7676	7622	7677
7678	7679	7925
7682	7680	7683
7680	7682	7681
7648	7685	7684
7687	7901	7859
7901	7687	7686
7713	7768	7688
7689	7816	7690
7816	7689	7819
7680	7691	7693
7691	7680	7692
8018	7694	8051
7694	8018	7668
7696	7695	7697
7695	7696	7667
7667	8056	7695
8056	7667	8017
7700	7698	7618
7698	7700	7699
7632	7701	7702
7701	7632	7633
7705	7703	7706
7703	7705	7704
7617	7708	7707
7685	7672	7684
7672	7685	7671
7709	7710	7685
7710	7709	7689
7692	7711	7712
7711	7692	7680
7913	7714	7914
7714	7913	7713
7717	7715	7718
7715	7717	7716
7608	7609	7719
7721	7650	7651
7650	7721	7720
7613	7814	7796
7704	7694	7703
7694	7704	7722
7652	7677	7651
7677	7652	7676
7664	7723	7621
7637	7610	7607
7696	7724	7726
7724	7696	7725
7712	7727	7692
7727	7712	7728
7653	7621	7723
7621	7653	7620
7839	7691	7639
7691	7839	7693
7729	7925	7679
7925	7729	1955
7622	7619	7730
7732	7730	7619
7730	7732	7731
7735	7733	7736
7733	7735	7734
7671	7710	7737
7710	7671	7685
7736	7738	7735
7738	7736	7739
7740	7601	7741
7647	7742	7646
7744	7632	7702
7632	7744	7743
7745	7607	7746
7607	7745	7637
7747	7631	7748
7631	7747	7634
7605	7592	7593
7592	7605	7749
7752	7750	7753
7750	7752	7751
7756	7754	7757
7754	7756	7755
7759	7737	7760
7737	7759	7758
7761	7626	7627
7626	7761	7717
7726	7667	7696
7667	7726	7668
7597	7762	7764
7762	7597	7763
7688	7765	7661
7765	7688	7768
7766	7714	7767
7714	7766	7846
7654	7657	7658
7657	7654	7655
7912	7713	7913
7713	7912	7768
7621	7663	7664
7663	7621	7622
7769	7588	7589
7771	7606	7665
7606	7771	7770
7746	7608	7772
7608	7746	7607
7598	7774	7773
7774	7598	7599
7672	7775	7684
7775	7672	7776
7646	7613	7796
7613	7646	7777
7625	7778	7600
7779	7648	7684
7648	7779	7647
7779	7742	7647
7656	7723	7616
7723	7656	7653
7591	7780	7781
7780	7591	7592
7705	7806	7890
7806	7705	7897
7782	7784	7783
7784	7782	7785
7626	7718	7786
7763	7598	7787
7598	7763	7597
7696	7788	7725
7788	7696	7697
7651	7789	7721
7789	7651	7677
7707	7657	7655
7657	7707	7678
7778	7603	7600
7674	7675	7790
7660	7699	7700
7600	7791	7625
7733	7662	7659
7662	7733	7734
7792	7592	7749
7592	7792	7780
7692	7793	7691
7638	8157	7610
7617	7656	7616
7795	7797	7796
7797	7795	7794
7706	7726	7724
7726	7706	7703
7845	7799	7844
7799	7845	7798
7740	7802	7803
7802	7740	7741
7804	7799	7805
7799	7804	7844
7594	7807	7589
7807	7594	7808
7811	7809	7615
7809	7811	7810
7604	7665	7606
7665	7604	7664
7800	7691	7793
7691	7800	7639
7724	7813	7812
7813	7724	7725
7626	7786	7628
7813	7788	7814
7788	7813	7725
7772	7782	7783
7782	7772	7815
7618	7708	7617
7708	7618	7698
7790	7613	7777
7613	7790	7612
7817	7819	7818
7819	7817	7816
7709	7819	7689
7819	7709	7785
7681	7779	7775
7777	7646	7742
7742	7681	7682
7681	7742	7779
7792	7820	7595
7820	7792	7821
7778	7822	7627
7642	7810	7641
7737	7670	7671
7670	7737	7758
7804	7893	7844
7756	7753	7750
7753	7756	7757
7823	7605	7824
7605	7823	7749
7601	7791	7600
7717	7718	7626
7675	7635	7636
7820	7594	7595
7594	7820	7825
7810	7823	7824
7823	7810	7642
7818	7785	7782
7785	7818	7819
7676	7666	7663
7666	7676	7826
7693	7683	7680
7683	7693	7827
7828	7859	7860
7859	7828	7687
7829	7743	7744
7743	7829	7830
7919	7831	7918
7831	7919	7801
7703	7668	7726
7668	7703	7694
7832	7635	7673
7635	7832	7838
7674	7827	7673
7827	7674	7683
7708	7833	7834
7833	7708	7698
7699	7833	7698
7833	7699	7765
7765	7660	7661
7660	7765	7699
7680	7681	7711
7684	7775	7779
7728	7776	7835
7776	7728	7712
7612	7790	7675
7789	7622	7730
7622	7789	7677
7619	7836	7732
7836	7619	7620
7620	7654	7836
7654	7620	7653
7834	7679	7837
7679	7834	7729
7834	7837	7708
7707	7837	7678
7837	7707	7708
7692	7727	7793
7840	7721	7841
7721	7840	7720
7842	7721	7789
7721	7842	7841
1955	7843	63
7843	1955	7729
1353	7844	7920
7844	1353	7845
7887	7722	7704
7722	7887	7891
1352	7845	1353
7845	1352	7846
7804	7892	7893
7892	7804	7894
7849	7847	7850
7847	7849	7848
7769	7739	7588
7587	7851	7781
7851	7587	7733
7661	7767	7688
7767	7661	7662
7766	7662	7734
7662	7766	7767
7735	7766	7734
7766	7735	7798
7735	7799	7798
7799	7735	7738
7852	8216	8215
8216	7852	7853
1220	7854	7658
7854	1220	7917
7805	7860	7899
7860	7805	7828
7799	7828	7805
7828	7799	7738
7828	7739	7687
7739	7828	7738
7590	7700	7618
7700	7590	7591
7851	7591	7781
7591	7851	7700
7587	7736	7733
7736	7587	7588
7588	7739	7736
7769	7687	7739
7604	7723	7664
7723	7604	7616
7589	7807	7769
7853	7855	7856
7855	7853	7852
7899	7804	7805
7804	7899	7894
7857	7847	7858
7847	7857	7850
7855	7860	7859
7860	7855	7849
7686	7687	7769
7780	7587	7781
7587	7780	7586
7855	7848	7849
7848	7855	7852
7992	7701	8224
7701	7992	7644
7717	7861	7716
7861	7717	7761
7623	7862	7863
7862	7623	7624
7624	7864	7862
7864	7624	7865
7866	7802	7867
7802	7866	7803
7643	7868	7764
7868	7643	7869
7643	7762	7644
7762	7643	7764
7615	7879	7811
7879	7615	7898
7603	7900	7630
7870	7900	7628
7900	7870	7630
7787	7773	7871
7773	7787	7598
7873	7830	7829
7830	7873	7872
7792	7586	7780
7586	7792	7595
7786	7686	7808
7686	7786	7901
7769	7807	7686
7807	7808	7686
7808	7628	7786
7628	7808	7870
7666	7752	7874
7752	7666	7826
7752	7875	7751
7875	7752	7826
7660	7851	7659
7851	7660	7700
7851	7733	7659
7712	7775	7776
7775	7712	7711
7711	7681	7775
7861	8242	7716
8242	7861	8243
7877	7770	7771
7770	7877	7876
7760	7737	7710
7776	7669	7835
7669	7776	7672
7652	7826	7676
7826	7652	7875
7616	7593	7590
7593	7616	7604
7823	7640	7821
7640	7823	7642
7640	7820	7821
7820	7640	7629
7629	7825	7820
7825	7629	7630
7630	7870	7825
7773	7878	7754
7878	7773	7774
7754	7871	7773
7871	7754	7755
7825	7808	7594
7808	7825	7870
7749	7821	7792
7821	7749	7823
7605	7770	7824
7770	7605	7606
7770	7810	7824
7810	7770	7876
7876	7809	7810
7810	7811	7641
7602	7879	7601
7641	7629	7640
7629	7641	7603
7877	7809	7876
7809	7877	7880
7615	7880	7614
7880	7615	7809
7666	7771	7665
7771	7666	7874
7874	7877	7771
7877	7874	7881
7881	7880	7877
7880	7881	7878
7880	7774	7614
7774	7880	7878
7599	7614	7774
7614	7599	7882
7882	7596	7741
7596	7882	7599
7752	7753	7874
7753	7881	7874
7881	7753	7757
7878	7757	7754
7757	7878	7881
7755	7872	7873
7872	7755	7756
7756	7750	7883
7884	7863	7885
7863	7884	7623
7761	7885	7861
7885	7761	7884
7822	7761	7627
7761	7822	7884
7624	7791	7865
7791	7624	7625
7625	7884	7822
7884	7625	7623
7822	7778	7625
7811	7602	7641
7602	7811	7879
7602	7603	7641
7802	7869	7867
7869	7802	7868
7867	8253	8252
8253	7867	7869
7744	7787	7829
7787	7744	7763
7741	7868	7802
7868	7741	7596
7868	7597	7764
7597	7868	7596
7631	7743	7817
7743	7631	7632
7830	7817	7743
7817	7830	7816
7690	7830	7872
7830	7690	7816
7829	7871	7873
7871	7829	7787
7763	7702	7762
7702	7763	7744
7702	7644	7762
7644	7702	7701
7751	7758	7750
7758	7751	7670
7758	7883	7750
7883	7758	7759
7745	7788	7697
7788	7745	7795
7697	7695	7638
7648	7709	7685
7709	7648	7645
7601	7740	7791
7865	7740	7803
7740	7865	7791
7864	7803	7866
7803	7864	7865
7756	7883	7872
7872	7759	7690
7759	7872	7883
7759	7760	7690
7690	7710	7689
7710	7690	7760
7747	7815	7719
7815	7747	7748
7815	7608	7719
7608	7815	7772
7745	7638	7637
7745	7697	7638
7746	7783	7794
7783	7746	7772
7794	7745	7746
7745	7794	7795
7645	7785	7709
7785	7645	7784
7784	7646	7797
7646	7784	7645
7646	7796	7797
7783	7797	7794
7797	7783	7784
7818	7815	7748
7815	7818	7782
7748	7817	7818
7817	7748	7631
7856	7715	7853
7715	7856	7718
7789	7731	7842
7731	7789	7730
7682	7674	7790
7674	7682	7683
7682	7777	7742
7777	7682	7790
7917	7886	7854
7886	7917	7908
63	7768	7912
7768	63	7843
7842	7886	7895
7886	7842	7731
7841	7895	7831
7895	7841	7842
7831	7840	7841
7840	7831	7801
7793	7801	7800
7801	7793	7840
7720	7793	7727
7793	7720	7840
7727	7650	7720
7728	7650	7727
7650	7728	7649
7728	7835	7649
990	7888	7921
7888	990	7889
7848	8258	7847
8258	7848	8259
7695	8157	7638
8157	7695	8056
7847	8260	7858
8260	7847	8258
7888	8260	8261
8260	7888	7858
7609	8263	8262
8263	7609	7610
8264	7867	8252
7867	8264	7866
7609	8265	7719
8265	7609	8262
7716	8266	7715
8266	7716	8242
7747	8267	7634
8267	7747	8268
7707	7656	7617
7656	7707	7655
7885	8243	7861
8243	7885	8269
7864	8271	7862
8271	7864	8270
7862	8272	7863
8272	7862	8271
7991	7869	7643
7869	7991	8253
7633	8224	7701
8224	7633	8273
7719	8268	7747
8268	7719	8265
7866	8270	7864
8270	7866	8264
7715	8216	7853
8216	7715	8266
8272	7885	7863
7885	8272	8269
7722	8051	7694
8051	7722	8274
8157	8263	7610
7634	8273	7633
8273	7634	8267
7833	7729	7834
7729	7833	7843
7892	990	428
990	7892	7889
7798	7846	7766
7846	7798	7845
7914	7846	1352
7846	7914	7714
7658	7836	7654
7836	7658	7854
7838	7897	7635
7897	7838	7806
7920	7893	7905
7893	7920	7844
7714	7688	7767
7688	7714	7713
7891	8274	7722
8274	7891	8275
7890	7704	7705
7704	7890	7887
7839	7827	7693
7827	7839	7611
7893	428	7905
428	7893	7892
7679	7678	7837
7765	7843	7833
7843	7765	7768
7857	7892	7894
7892	7857	7889
7827	7832	7673
7832	7827	7611
668	7886	7908
7886	668	7895
7918	7895	668
7895	7918	7831
7836	7854	7732
7854	7731	7732
7731	7854	7886
7858	7889	7857
7889	7858	7888
7921	8261	1704
8261	7921	7888
7706	7897	7705
7897	7706	7896
7898	7882	7741
7850	7860	7849
7860	7850	7899
7900	7778	7627
7778	7900	7603
7796	7788	7795
7788	7796	7814
7857	7899	7850
7899	7857	7894
7859	7856	7855
7856	7859	7901
7601	7879	7741
7628	7900	7627
7901	7718	7856
7718	7901	7786
7741	7879	7898
7724	7896	7706
7896	7724	7812
7896	7812	7636
7636	7612	7675
7812	7612	7636
7612	7812	7813
7852	8259	7848
8259	7852	8215
7755	7873	7871
7875	7649	7835
7649	7875	7652
7835	7669	7875
7669	7751	7875
7751	7669	7670
7924	7887	7923
7887	7924	7891
7923	7890	1014
7890	7923	7887
1014	7806	7915
7806	1014	7890
7915	7806	7902
7902	7838	7922
7838	7902	7806
7922	7838	7904
7903	7832	693
693	7611	7909
7611	693	7832
7909	7839	7907
7839	7909	7611
7907	7839	7906
7906	7839	973
973	7639	1408
7639	973	7839
1408	7800	7911
7800	1408	7639
7911	7801	7910
7801	7911	7800
7910	7801	7919
1220	7657	7916
7916	7657	2355
2355	7678	7928
7678	2355	7657
7928	7678	7927
7927	7678	7926
7926	7678	7925
7903	7838	7832
7838	7903	7904
7924	8275	7891
8275	7924	1718
7931	7929	7930
7929	7931	7932
7935	7933	7934
7933	7935	7936
7938	7932	7937
7932	7938	7929
7940	7942	7939
7942	7940	7941
7943	7945	7946
7945	7943	7944
7948	7947	7936
7947	7948	7949
7952	7950	7951
7950	7952	7953
7954	7956	7957
7956	7954	7955
7958	7960	7961
7960	7958	7959
7964	7962	7963
7962	7964	7933
7967	7965	7966
7965	7967	7968
7969	7970	7971
7972	7973	7974
7975	7976	7946
7979	7977	7978
7977	7979	7980
7982	7984	7981
7984	7982	7983
7985	7953	7986
7987	7988	7989
7990	7992	7993
7992	7990	7991
7995	7997	7994
7997	7995	7996
8000	7998	7999
7998	8000	8001
8004	8002	8003
8002	8004	8005
3563	8006	8007
8010	8008	8009
8008	8010	8011
8014	8012	8013
8012	8014	8015
8017	8019	8016
8019	8017	8018
8022	8020	8021
8020	8022	8023
8026	8024	8025
8024	8026	7982
7968	8027	8028
8027	7968	8012
8029	4423	8030
8033	8031	8032
8031	8033	8034
7997	8035	8036
8038	8040	8037
8040	8038	8039
8041	8042	8043
8045	8047	8044
8047	8045	8046
8031	8048	8049
8048	8031	8050
8018	8052	8019
8052	8018	8051
8054	8053	8016
8053	8054	8055
8016	8056	8017
8056	8016	8053
8059	8057	8058
8057	8059	7964
7978	8060	7979
8060	7978	8061
8064	8062	8063
8062	8064	8065
7963	8066	8067
8036	8023	8022
8023	8036	8035
8068	8069	8045
8069	8068	8036
8049	8070	8031
8070	8049	8071
3361	8072	8041
8072	3361	3362
8075	8073	8074
8073	8075	8076
7951	8077	7952
8079	7999	8078
7999	8079	8000
7955	8080	7956
8063	8052	8081
8052	8063	8062
8001	8028	8027
8028	8001	8000
8013	7967	8082
7985	7950	7953
8054	8083	8084
8083	8054	8085
8071	8086	8087
8086	8071	8049
8002	7967	7966
7967	8002	8082
8088	8048	8050
8048	8088	8089
8090	4423	4257
4423	8090	8030
7968	8091	7965
8093	8091	8092
8091	8093	7965
8096	8094	8095
8094	8096	8097
8022	8069	8036
8069	8022	8098
8097	8099	8100
8099	8097	8096
8101	8102	7944
7996	7995	8103
8105	7978	8104
7978	8105	8061
8106	7950	7985
7950	8106	8107
8108	7977	7980
7977	8108	8109
7948	7935	8110
7935	7948	7936
8113	8111	8112
8111	8113	8114
8117	8115	8116
8115	8117	8118
8120	8098	8119
8098	8120	8121
8122	7972	8075
7972	8122	7973
8085	8016	8019
8016	8085	8054
7940	8123	8124
8123	7940	8125
8042	8126	8043
8126	8042	8010
8127	8072	8129
8072	8127	8128
8003	8006	8004
8006	8003	8007
3267	8041	8043
8041	3267	3361
7967	8012	7968
8012	7967	8013
8130	7932	7931
8132	7949	8131
7949	8132	8014
8107	7951	7950
7951	8107	8133
7941	8135	7942
8135	7941	8134
8023	8136	8137
8136	8023	8035
7995	7955	8138
7955	7995	8080
7971	7943	8139
8140	7997	7996
7997	8140	8035
8140	7996	8103
8005	8082	8002
8082	8005	7962
7934	8141	7935
8141	7934	8142
8064	8144	7981
8144	8064	8143
8145	8147	8148
8147	8145	8146
7972	8149	8076
8124	7941	7940
7941	8124	8150
8054	8151	8055
8151	8054	8084
8000	8152	8028
8152	8000	8079
8066	8006	8029
8006	8066	8004
8139	7943	7946
8025	8153	8026
8009	8059	8058
7943	7971	8154
8094	8011	8095
8011	8094	8008
8155	7935	8141
7935	8155	8110
8049	8048	8156
7986	7953	8157
7963	7962	8005
8159	8160	8158
8160	8159	8080
8065	8085	8062
8085	8065	8083
8162	8164	8161
8164	8162	8163
8101	8165	8102
8165	8101	8166
8167	8164	8163
8164	8167	8168
7937	8169	8170
8169	7937	7932
8173	8171	8172
8171	8173	7959
7947	8014	8013
8014	7947	7949
8174	8048	8089
8048	8174	8156
8083	7957	8084
7957	8083	8175
7972	7974	8149
7957	8151	8084
8151	7957	7956
8133	8145	8176
8145	8133	8146
7964	8067	8057
8067	7964	7963
8153	7955	7954
7955	8153	8138
8177	8044	8047
8044	8177	8178
8068	8044	8148
8044	8068	8045
8032	8136	8140
8138	8103	7995
8103	8032	8140
8032	8103	8033
8155	8179	8180
8179	8155	7938
8139	7973	8181
7989	7988	8172
8098	8021	8119
8021	8098	8022
8167	8163	8182
8117	8114	8118
8114	8117	8111
8183	7948	8110
7948	8183	8184
7944	7943	8154
8075	7972	8076
8026	7983	7982
8179	7937	8185
7937	8179	7938
8172	8183	7989
8183	8172	8184
8178	8148	8044
8148	8178	8145
8027	8015	8186
8015	8027	8012
8050	8034	8187
8034	8050	8031
8188	8039	8038
8039	8188	8189
8190	8104	8191
8104	8190	8105
3660	8192	8193
8192	3660	3658
8062	8019	8052
8019	8062	8085
8195	7982	8194
7982	8195	8024
8025	8187	8034
8187	8025	8024
8067	8196	8057
8196	8067	8197
8058	8196	8126
8196	8058	8057
8126	8009	8058
8009	8126	8010
8031	8070	8032
8035	8140	8136
8087	8137	8071
8137	8087	8198
7954	8026	8153
8152	7968	8028
7968	8152	8091
7965	8199	7966
8199	7965	8093
7966	8003	8002
8003	7966	8199
8197	8030	8090
8030	8197	8200
8197	8067	8200
8066	8200	8067
8200	8066	8029
8049	8156	8086
8201	8079	8078
8079	8201	8202
8203	8079	8202
8079	8203	8152
4257	8204	8090
8204	4257	2422
3698	8163	8162
8163	3698	3699
8206	8081	8205
8081	8206	8063
3697	8162	8129
8162	3697	3698
8167	8208	8207
8208	8167	8182
8211	8209	8210
8209	8211	8212
8130	7931	8100
7930	8213	8094
8213	7930	8142
8010	8128	8011
8128	8010	8042
8127	8011	8128
8011	8127	8095
8096	8127	8161
8127	8096	8095
8096	8164	8099
8164	8096	8161
8214	8216	8217
8216	8214	8215
3563	8218	3562
8218	3563	8007
8168	8189	8188
8189	8168	8219
8164	8188	8099
8188	8164	8168
8188	8100	8099
8100	8188	8038
7933	8059	7934
8059	7933	7964
8213	7934	8059
7934	8213	8142
7930	8097	7931
8097	7930	8094
7931	8097	8100
8130	8100	8038
7947	8082	7962
8082	7947	8013
7932	8130	8169
8217	8220	8214
8220	8217	8221
8219	8167	8207
8167	8219	8168
8222	8209	8212
8209	8222	8223
8220	8189	8211
8189	8220	8039
8037	8130	8038
8141	7930	7929
7930	8141	8142
8220	8210	8214
8210	8220	8211
7992	8060	7993
8060	7992	8224
8075	8225	8122
8225	8075	8074
7969	8226	7970
8226	7969	8227
7970	8228	8229
8228	7970	8226
8230	8165	8166
8165	8230	8231
7990	8232	8233
8232	7990	8125
7990	8123	8125
8123	7990	7993
7959	8234	7960
8234	7959	8173
7946	7976	8235
8236	8235	7976
8235	8236	7974
8150	8134	7941
8134	8150	8237
8239	8191	8238
8191	8239	8190
8155	7929	7938
7929	8155	8141
8149	8037	8040
8037	8149	8170
8130	8037	8169
8169	8037	8170
8170	7974	8236
7974	8170	8149
8015	8113	8186
8113	8015	8240
8113	8241	8186
8241	8113	8112
8009	8213	8059
8213	8009	8008
8213	8008	8094
8071	8136	8070
8136	8071	8137
8070	8136	8032
8225	8242	8243
8242	8225	8074
8245	8131	8244
8131	8245	8132
8121	8069	8098
8137	8020	8023
8020	8137	8198
8001	8186	8241
8186	8001	8027
7962	7936	7947
7936	7962	7933
8183	7987	7989
7987	8183	8180
7987	8179	7975
8179	7987	8180
7975	8185	7976
8185	7975	8179
7976	8185	8236
8134	8246	8135
8246	8134	8115
8115	8237	8116
8237	8115	8134
8185	8170	8236
8170	8185	7937
8110	8180	8183
8180	8110	8155
7948	8131	7949
8131	7948	8184
8131	8172	8244
8172	8131	8184
8244	8172	8171
8172	7988	8173
7945	7944	8234
7988	7975	7946
7975	7988	7987
8245	8171	8247
8171	8245	8244
7959	8247	8171
8247	7959	7958
8015	8132	8240
8132	8015	8014
8240	8245	8248
8245	8240	8132
8248	8247	8246
8247	8248	8245
8247	8135	8246
8135	8247	7958
7942	7958	7961
7958	7942	8135
7961	7939	7942
7939	7961	8102
8113	8240	8114
8114	8248	8118
8248	8114	8240
8246	8118	8248
8118	8246	8115
8116	8238	8117
8238	8116	8239
8117	8249	8111
8250	8227	7969
8227	8250	8251
8122	8251	8250
8251	8122	8225
8181	8122	8250
8122	8181	7973
7970	8154	7971
8154	7970	8229
7971	8250	7969
8250	7971	8181
8181	7971	8139
8173	7945	8234
7945	8173	7988
7945	7988	7946
8165	8233	8232
8233	8165	8231
8231	8253	8233
8253	8231	8252
8105	8150	8124
8150	8105	8190
8102	8232	7939
8232	8102	8165
8232	7940	7939
7940	8232	8125
7977	8104	7978
8104	7977	8177
8191	8177	8047
8177	8191	8104
8046	8191	8047
8191	8046	8238
8190	8237	8150
8237	8190	8239
8124	8061	8105
8061	8124	8123
8061	7993	8060
7993	8061	8123
8112	8119	8021
8119	8112	8111
8119	8249	8120
8249	8119	8111
8106	8151	8159
8151	8106	8055
8055	7986	8053
7997	8068	7994
8068	7997	8036
7944	8154	8101
8229	8101	8154
8101	8229	8166
8228	8166	8229
8166	8228	8230
8117	8238	8249
8238	8120	8249
8120	8238	8046
8120	8046	8121
8046	8069	8121
8069	8046	8045
8108	8176	8109
8176	8108	8077
8176	7951	8133
7951	8176	8077
8106	7985	7986
8106	7986	8055
8107	8146	8133
8146	8107	8158
8158	8106	8159
8106	8158	8107
7994	8148	8147
8148	7994	8068
8147	7995	7994
7995	8147	8160
7995	8160	8080
8146	8160	8147
8160	8146	8158
8178	8176	8145
8176	8178	8109
8109	8177	7977
8177	8109	8178
8221	8073	8076
8073	8221	8217
8152	8092	8091
8092	8152	8203
8033	8025	8034
8025	8033	8153
8033	8138	8153
8138	8033	8103
3562	8254	3021
8254	3562	8218
2422	8043	8204
8043	2422	3267
8203	8254	8092
8254	8203	8255
8202	8255	8203
8255	8202	8192
8192	8201	8193
8201	8192	8202
8156	8193	8201
8193	8156	8174
8078	8156	8201
8156	8078	8086
8086	8078	7999
8087	7999	7998
7999	8087	8086
8087	7998	8198
3337	8256	8257
8256	3337	3926
8210	8258	8259
8258	8210	8209
8053	8157	8056
8157	8053	7986
8209	8260	8258
8260	8209	8223
8256	8260	8223
8260	8256	8261
7952	8263	7953
8263	7952	8262
8264	8231	8230
8231	8264	8252
7952	8265	8262
8265	7952	8077
8074	8266	8242
8266	8074	8073
8108	8267	8268
8267	8108	7980
8066	8005	8004
8005	8066	7963
8251	8243	8269
8243	8251	8225
8228	8271	8270
8271	8228	8226
8226	8272	8271
8272	8226	8227
7991	8233	8253
8233	7991	7990
7979	8224	8273
8224	7979	8060
8077	8268	8265
8268	8077	8108
8230	8270	8264
8270	8230	8228
8073	8216	8266
8216	8073	8217
8272	8251	8269
8251	8272	8227
8081	8051	8274
8051	8081	8052
8157	7953	8263
7980	8273	8267
8273	7980	7979
8196	8090	8204
8090	8196	8197
8208	3337	8257
3337	8208	2782
8161	8129	8162
8129	8161	8127
3362	8129	8072
8129	3362	3697
8007	8199	8218
8199	8007	8003
8194	7981	8144
7981	8194	7982
3699	8182	8163
8182	3699	2781
8072	8042	8041
8042	8072	8128
8205	8274	8275
8274	8205	8081
8143	8063	8206
8063	8143	8064
8088	8187	8276
8187	8088	8050
8182	2782	8208
2782	8182	2781
8030	8200	8029
8126	8204	8043
8204	8126	8196
8222	8208	8257
8208	8222	8207
8187	8195	8276
8195	8187	8024
3020	8254	8255
8254	3020	3021
3658	8255	8192
8255	3658	3020
8199	8093	8218
8218	8092	8254
8092	8218	8093
8223	8257	8256
8257	8223	8222
8261	3926	1704
3926	8261	8256
8065	7981	7984
7981	8065	8064
7960	8102	7961
8212	8189	8219
8189	8212	8211
8235	8139	7946
8139	8235	7973
8080	8151	7956
8151	8080	8159
8222	8219	8207
8219	8222	8212
8039	8221	8040
8221	8039	8220
7944	8102	8234
7974	7973	8235
8040	8076	8149
8076	8040	8221
8102	7960	8234
8083	7984	8175
7984	8083	8065
7984	7983	8175
7983	8026	7954
8175	7954	7957
7954	8175	7983
8214	8259	8215
8259	8214	8210
8116	8237	8239
8241	7998	8001
7998	8241	8198
8198	8241	8020
8020	8112	8021
8112	8020	8241
4022	8206	8205
8206	4022	4021
4021	8143	8206
8143	4021	3363
3363	8144	8143
8144	3363	3364
3364	2469	8144
2469	8194	8144
8194	2469	4019
4019	2524	8194
2525	3047	8195
3047	8276	8195
8276	3047	3048
3048	8088	8276
8088	3048	2906
2906	2904	8088
2904	3323	8088
3323	8089	8088
8089	3323	3753
3753	8174	8089
8174	3753	3259
3259	8193	8174
8193	3259	3260
3260	3660	8193
3563	3396	8006
3396	4661	8006
4661	8029	8006
8029	4661	4662
4662	4659	8029
4659	4655	8029
4655	4423	8029
2525	8194	2524
8194	2525	8195
8275	4022	8205
4022	8275	1718
8343	8306	8367
8307	8369	8339
8369	8307	8368
8372	8370	8373
8370	8372	8371
8376	8374	8377
8374	8376	8375
8380	8378	8381
8378	8380	8379
8384	8382	8385
8382	8384	8383
8386	8388	8387
8391	8389	8392
8389	8391	8390
8395	8393	8396
8393	8395	8394
8397	8399	8398
8402	8400	8403
8400	8402	8401
8404	8281	8342
8281	8404	8304
8405	8407	8406
8408	8410	8409
8412	8414	8413
8414	8412	8411
8284	8282	8415
8418	8416	8419
8416	8418	8417
8422	8420	8423
8420	8422	8421
8424	8967	8425
8429	8427	8430
8427	8429	8428
8431	8391	8432
8433	8435	8434
8357	8349	8436
8438	8407	8439
8407	8438	8437
8442	8440	8443
8440	8442	8441
8446	8444	8447
8444	8446	8445
8448	8450	8449
8451	8303	8452
8453	8960	8954
8960	8453	8454
8456	8402	8403
8402	8456	8455
8459	8457	8460
8457	8459	8458
8461	8463	8462
8464	8958	8280
8958	8464	8383
8467	8465	8468
8465	8467	8466
8471	8469	8472
8469	8471	8470
8475	8473	8476
8473	8475	8474
8477	8308	8478
8308	8477	8360
8481	8479	8482
8479	8481	8480
8485	8483	8486
8483	8485	8484
8487	8489	8488
8309	8492	8966
8492	8309	8490
8311	8310	8493
8429	8494	8496
8494	8429	8495
8499	8497	8500
8497	8499	8498
8503	8501	8504
8501	8503	8502
8505	8507	8506
8510	8508	8511
8508	8510	8509
8514	8512	8515
8512	8514	8513
8516	8518	8517
8887	8520	8519
8523	8521	8524
8521	8523	8522
8452	8303	8283
8282	8526	8525
8526	8282	8284
8527	8529	8528
8408	8530	8410
8531	8533	8532
8531	8534	8533
8531	8535	8534
8473	8536	8538
8536	8473	8537
8300	8540	8539
8540	8300	8285
8543	8541	8544
8541	8543	8542
8545	8547	8546
8381	8548	8380
8548	8381	8549
8551	8553	8552
8553	8551	8550
8549	8554	8555
8554	8549	8381
8556	8558	8557
8277	8384	8559
8384	8277	5433
8461	8560	8463
8560	8461	8561
8485	8563	8562
8564	8566	8565
8568	8956	5434
8956	8568	8567
8571	8569	8572
8569	8571	8570
8350	8312	8573
8550	8551	8574
8576	8458	8459
8458	8576	8575
8580	8578	8581
8578	8580	8579
8584	8582	8585
8582	8584	8583
8588	8586	8589
8586	8588	8587
8591	8590	8592
8590	8591	8486
8594	8374	8595
8374	8594	8593
8281	8286	8332
8556	8596	8598
8596	8556	8597
8504	8599	8503
8599	8504	8600
5436	8601	8602
8601	5436	8957
8607	8422	8423
8422	8607	8606
8608	8314	8301
8314	8608	8315
8536	8609	8538
8609	8536	8610
8613	8611	8614
8611	8613	8612
8617	8615	8618
8615	8617	8616
8354	8499	8619
8499	8354	8498
8488	8355	8316
8355	8488	8489
8404	8317	8466
8317	8404	8342
8620	8622	8621
8622	8620	8623
8624	8626	8625
8628	8545	8629
8545	8628	8627
8630	8529	8631
8529	8630	8528
8446	8318	8632
8318	8446	8328
8633	8387	8634
8387	8633	8386
8635	8637	8636
8640	8638	8641
8638	8640	8639
8505	8431	8507
8644	8642	8645
8642	8644	8643
8646	8556	8647
8556	8646	8597
8649	8611	8612
8611	8649	8648
8476	8538	8648
8538	8476	8473
8301	8287	8608
8651	8567	8568
8567	8651	8650
8652	8347	8319
8653	8398	8399
8398	8653	8400
8519	8523	8524
8523	8519	8520
8590	8486	8483
8654	8495	8655
8495	8654	8494
8426	8657	8321
8657	8426	8656
8660	8658	8661
8658	8660	8659
8663	8949	8948
8949	8663	8662
8666	8664	8667
8664	8666	8665
8373	8844	8907
8844	8373	8364
8379	8668	8670
8668	8379	8669
8541	8627	8544
8627	8541	8671
8673	8440	8441
8440	8673	8672
8674	8675	8375
8392	8676	8677
8676	8392	8389
8679	8419	8416
8419	8679	8678
8680	5436	8602
5436	8680	5435
5434	8680	8568
8680	5434	5435
8531	8322	8535
8433	8681	8683
8681	8433	8682
8684	8682	8685
8686	8562	8687
8323	8355	8687
8282	8540	8285
8540	8282	8525
8689	8593	8471
8593	8689	8688
8605	8324	8688
8324	8605	8313
8690	8692	8691
8693	8298	8694
8695	8696	8520
8697	8625	8626
8451	8698	8303
8698	8451	8699
8325	8701	8312
8701	8325	8700
8703	8557	8704
8557	8703	8702
8557	8702	8556
8705	8556	8702
8556	8705	8647
8706	8708	8707
8708	8706	8310
8710	8585	8582
8585	8710	8709
8712	8713	8319
8713	8712	8711
8716	8714	8717
8714	8716	8715
8512	8508	8509
8508	8512	8718
8417	8719	8637
8719	8417	8634
8536	8721	8610
8721	8536	8720
8657	8378	8722
8378	8657	8656
8723	8584	8724
8584	8723	8583
8725	8514	8515
8728	8726	8729
8726	8728	8727
8654	8488	8730
8488	8654	8487
8732	8731	8409
8731	8732	8564
8422	8365	8905
8365	8422	8606
8325	8368	8307
8368	8325	8733
8735	8482	8479
8482	8735	8734
8738	8736	8739
8736	8738	8737
8903	8969	8740
8532	8398	8741
8398	8532	8397
8743	8434	8744
8434	8743	8742
8746	8643	8644
8643	8746	8745
8415	8747	8650
8747	8415	8748
8293	8462	8749
8462	8293	8288
8318	8630	8632
8630	8318	8326
8390	8548	8389
8548	8390	8743
8739	8431	8738
8431	8739	8750
8402	8751	8401
8751	8402	8752
8753	8754	8310
8521	8541	8542
8541	8521	8755
8501	8756	8504
8756	8501	8757
8665	8953	8952
8953	8665	8666
8759	8761	8760
8761	8759	8758
8959	8762	5432
8762	8959	8763
8631	8526	8749
8526	8631	8529
8631	8446	8632
8446	8631	8445
8523	8764	8766
8764	8523	8765
8697	8358	8359
8358	8697	8767
8768	8769	8428
8769	8768	8315
8601	8955	8770
8955	8601	8957
8356	8327	8376
8771	8457	8458
8457	8771	8604
8773	8772	8774
8772	8773	8771
8693	8560	8561
8560	8693	8775
8601	8294	8289
8294	8601	8770
8776	8777	8513
8778	8610	8779
8610	8778	8609
8296	8781	8780
8781	8296	8290
8351	8966	8491
8782	8784	8783
8673	8785	8672
8785	8673	8786
8413	8500	8497
8500	8413	8414
8554	8967	8424
8967	8554	8968
8518	8396	8393
8396	8518	8516
8684	8787	8682
8474	8532	8533
8532	8474	8397
8789	8788	8790
8788	8789	8530
8791	8613	8614
8447	8792	8793
8792	8447	8444
8690	8794	8560
8796	8735	8479
8735	8796	8795
8507	8431	8432
8797	8658	8798
8658	8797	8661
8505	8799	8431
8799	8505	8734
8735	8799	8734
8799	8735	8800
8454	8728	8729
8728	8454	8453
8646	8600	8597
8600	8646	8599
8504	8801	8600
8801	8504	8756
8727	8382	8726
8382	8727	8291
8759	8733	8325
8733	8759	8760
8512	8777	8718
8777	8512	8513
8803	8434	8435
8434	8803	8802
8434	8802	8744
8774	8678	8679
8678	8774	8804
8573	8341	8350
8341	8573	8465
8302	8806	8805
8806	8302	8288
8549	8389	8548
8389	8549	8676
8555	8676	8549
8676	8555	8807
8488	8354	8619
8354	8488	8345
8345	8316	8808
8687	8487	8686
8487	8687	8489
8484	8654	8655
8654	8484	8487
8644	8809	8810
8809	8644	8645
8614	8611	8609
8593	8377	8374
8377	8593	8688
8583	8492	8582
8492	8583	8811
8737	8800	8812
8800	8737	8738
8563	8486	8591
8486	8563	8485
8690	8694	8692
8694	8690	8775
8783	8547	8782
8753	8813	8814
8813	8753	8782
8768	8429	8815
8429	8768	8428
8387	8816	8817
8816	8387	8388
8818	8820	8819
8820	8818	8346
8475	8821	8474
8821	8475	8822
8824	8821	8524
8821	8824	8823
8825	8716	8717
8415	8826	8748
8826	8415	8282
8638	8516	8517
8516	8638	8371
8638	8370	8371
8370	8638	8639
8327	8323	8827
8458	8772	8771
8772	8458	8575
8623	8574	8622
8574	8623	8550
8384	8958	8383
8958	8384	5433
8828	8513	8514
8513	8828	8776
8830	8816	8815
8816	8830	8829
8290	8332	8286
8743	8380	8548
8380	8743	8744
8831	8833	8832
8765	8696	8834
8696	8765	8520
8434	8835	8433
8835	8434	8742
8682	8835	8685
8835	8682	8433
8441	8438	8439
8969	8764	8837
8764	8969	8836
8765	8837	8764
8837	8765	8838
8694	8698	8692
8698	8694	8291
8291	8303	8698
8839	8448	8840
8842	8590	8483
8590	8842	8841
8540	8367	8539
8367	8540	8527
8887	8519	8843
8605	8460	8457
8608	8292	8539
8292	8608	8287
8844	8402	8455
8402	8844	8752
8578	8579	8810
8326	8528	8630
8528	8326	8343
8529	8525	8526
8525	8529	8527
8462	8631	8749
8631	8462	8445
5432	8464	8280
8464	5432	8762
8571	8794	8570
8794	8571	8845
8573	8701	8846
8452	8468	8846
8468	8452	8847
8776	8615	8636
8615	8776	8828
8848	8615	8828
8482	8506	8481
8506	8482	8505
8699	8692	8698
8692	8699	8691
8374	8675	8595
8675	8374	8375
8801	8597	8600
8597	8801	8596
8537	8474	8533
8318	8328	8849
8378	8554	8381
8554	8378	8968
8649	8476	8648
8476	8649	8850
8741	8398	8400
8322	8366	8851
8507	8659	8506
8659	8507	8658
8683	8852	8853
8852	8683	8681
8856	8854	8857
8854	8856	8855
8361	8329	8858
8669	8379	8380
8825	8783	8963
8477	8330	8360
8330	8477	8436
8670	8624	8859
8624	8670	8668
8568	8806	8651
8806	8568	8680
8650	8293	8284
8293	8650	8651
8755	8814	8813
8861	8829	8830
8829	8861	8860
8353	8331	8862
8666	8863	8453
8863	8666	8667
8759	8325	8312
8521	8824	8524
8824	8521	8542
8520	8765	8523
8525	8527	8540
8843	8519	8822
8485	8686	8484
8686	8485	8562
8292	8300	8539
8813	8541	8755
8541	8813	8671
8493	8710	8490
8710	8493	8706
8490	8582	8492
8582	8490	8710
8827	8376	8327
8376	8827	8562
8550	8332	8553
8336	8332	8290
8693	8289	8294
8289	8693	8561
8585	8514	8725
8514	8585	8864
8284	8749	8526
8749	8284	8293
8606	8366	8365
8366	8606	8865
8310	8344	8708
8642	8646	8647
8646	8642	8443
8799	8738	8431
8800	8738	8799
8382	8295	8385
8295	8382	8291
8558	8554	8424
8554	8558	8555
8687	8827	8323
8512	8509	8866
8777	8719	8718
8719	8777	8637
8290	8296	8336
8337	8296	8297
8296	8337	8333
8868	8951	8950
8951	8868	8867
8819	8497	8818
8393	8684	8518
8684	8393	8787
8727	8863	8303
8863	8727	8728
8670	8478	8379
8478	8670	8477
8478	8378	8379
8378	8478	8722
8745	8580	8640
8841	8427	8449
8427	8841	8430
8278	8567	8869
8567	8278	8956
8503	8785	8502
8785	8503	8672
8856	8456	8855
8456	8856	8455
8631	8632	8630
8492	8870	8491
8870	8492	8811
8509	8510	8871
8783	8784	8965
8532	8872	8531
8826	8282	8285
8669	8802	8668
8802	8669	8744
8569	8700	8572
8700	8569	8873
8712	8874	8791
8438	8441	8442
8650	8284	8415
8470	8593	8875
8593	8470	8471
8615	8679	8636
8679	8615	8616
8876	8877	8499
8878	8578	8879
8578	8878	8581
8604	8605	8457
8431	8390	8391
8390	8431	8750
8734	8505	8482
8753	8880	8782
8328	8881	8849
8881	8328	8334
8356	8377	8335
8377	8356	8376
8882	8725	8515
8864	8828	8514
8583	8723	8811
8732	8345	8808
8808	8566	8564
8711	8883	8713
8883	8711	8778
8683	8853	8626
8473	8474	8537
8538	8611	8648
8611	8538	8609
8377	8324	8335
8324	8377	8688
8737	8518	8736
8523	8766	8522
8744	8669	8380
8297	8314	8337
8314	8297	8301
8651	8806	8288
8651	8288	8293
8536	8533	8720
8533	8536	8537
8295	8298	8385
8772	8804	8774
8475	8843	8822
8475	8850	8843
8850	8475	8476
8873	8701	8700
8407	8795	8796
8795	8407	8437
8400	8884	8741
8884	8400	8401
8624	8802	8803
8802	8624	8668
8885	8675	8674
8444	8560	8792
8826	9586	8886
9586	8826	8285
8847	8283	8299
8283	8847	8452
8670	8436	8477
8436	8670	8859
8467	8404	8466
8404	8467	8305
8742	8739	8835
8739	8742	8750
8736	8835	8739
8835	8736	8685
8391	8392	8432
8607	8865	8606
8865	8607	8703
8887	8695	8520
8552	8553	8833
8573	8846	8468
8573	8468	8465
8715	8888	8714
8690	8569	8570
8794	8690	8570
8305	8304	8404
8493	8310	8706
8821	8397	8474
8397	8821	8823
8546	8783	8825
8863	8728	8453
8747	9590	8869
9590	8747	9591
8300	8889	9592
8889	8300	8292
8567	8747	8869
8747	8567	8650
8805	8680	8602
8680	8805	8806
8385	8559	8384
8559	8385	8298
8464	8382	8383
8382	8464	8726
8729	8464	8762
8464	8729	8726
8763	8729	8762
8729	8763	8454
8454	8961	8960
8961	8454	8763
8748	9591	8747
9591	8748	9594
8832	8336	8333
8832	8891	8831
8891	8832	8333
8417	8633	8634
8633	8417	8418
9596	8297	8892
8297	9596	8301
8780	8894	8893
8894	8780	8781
9597	8301	9596
8301	9597	8287
8781	8948	8894
8948	8781	8663
8889	8287	9597
8287	8889	8292
8780	8892	8297
8892	8780	8893
8337	8891	8333
8891	8337	8386
8446	8334	8328
8334	8446	8447
8845	8340	8793
8340	8845	8338
8339	8572	8307
8572	8339	8571
8794	8793	8792
8793	8794	8845
8792	8560	8794
8334	8895	8881
8895	8334	8340
8367	8528	8343
8528	8367	8527
8896	8339	8369
8339	8896	8338
8895	8338	8896
8338	8895	8340
8875	8593	8594
8465	8317	8341
8317	8465	8466
8867	8664	8665
8664	8867	8305
8467	8299	8305
8299	8467	8847
8467	8468	8847
8623	8341	8317
8341	8623	8620
8623	8342	8550
8342	8623	8317
8550	8342	8332
8690	8691	8569
8691	8701	8873
8701	8691	8699
8846	8699	8451
8699	8846	8701
8451	8452	8846
8560	8775	8690
8569	8691	8873
8448	8318	8849
8318	8448	8326
8326	8839	8343
8839	8326	8448
8539	8306	8315
8306	8539	8367
8839	8428	8769
8428	8839	8840
8539	8315	8608
8636	8777	8776
8777	8636	8637
8616	8617	8773
8618	8708	8617
8708	8618	8707
8388	8815	8816
8815	8388	8768
8429	8430	8495
8841	8495	8430
8495	8841	8842
8841	8449	8590
8508	8816	8511
8816	8508	8817
8510	8897	8871
8897	8510	8860
8511	8816	8829
8898	8411	8412
8411	8898	8866
8412	8899	8898
8899	8412	8900
8587	8353	8862
8590	8450	8592
8450	8590	8449
8652	8587	8588
8901	8497	8819
8497	8901	8413
8829	8510	8511
8510	8829	8860
8860	8876	8897
8876	8860	8861
8842	8484	8655
8484	8842	8483
8655	8495	8842
8487	8484	8686
8817	8634	8387
8634	8817	8719
8508	8719	8817
8719	8508	8718
8902	8662	8281
8662	8902	8868
8867	8868	8902
8679	8773	8774
8773	8679	8616
8754	8344	8310
8344	8754	8903
8904	8903	8754
8903	8904	8836
8904	8753	8814
8753	8904	8754
8784	8311	8309
8376	8563	8375
8674	8563	8591
8563	8674	8375
8592	8674	8591
8674	8592	8885
8592	8450	8885
8636	8679	8635
8689	8471	8472
8778	8711	8614
8614	8712	8791
8882	8898	8899
8898	8882	8515
8723	8589	8586
8589	8723	8724
8811	8586	8862
8586	8811	8723
8741	8872	8532
8741	8884	8872
8905	8401	8751
8905	8884	8401
8884	8905	8365
8809	8607	8423
8607	8809	8705
8420	8809	8423
8809	8420	8810
8426	8851	8425
8706	8709	8710
8709	8706	8707
8872	8365	8366
8365	8872	8884
8589	8900	8588
8900	8589	8899
8724	8899	8589
8899	8724	8882
8584	8882	8724
8882	8584	8725
8584	8585	8725
8883	8779	8906
8779	8883	8778
8864	8585	8709
8496	8815	8429
8815	8496	8830
8830	8496	8861
8861	8496	8876
8494	8876	8496
8876	8494	8877
8822	8524	8821
8524	8822	8519
8557	8424	8704
8424	8557	8558
8425	8703	8704
8703	8425	8865
8704	8424	8425
8352	8351	8870
8870	8351	8491
8814	8521	8522
8521	8814	8755
8904	8522	8766
8522	8904	8814
8764	8904	8766
8904	8764	8836
8877	8654	8730
8654	8877	8494
8848	8864	8709
8864	8848	8828
8615	8848	8618
8626	8853	8697
8767	8853	8852
8853	8767	8697
8329	8852	8858
8358	8852	8329
8767	8852	8358
8645	8705	8809
8518	8685	8736
8685	8518	8684
8681	8858	8852
8858	8681	8394
8858	8363	8361
8858	8395	8363
8394	8395	8858
8857	8907	8856
8907	8857	8320
8455	8907	8844
8907	8455	8856
8682	8787	8681
8393	8681	8787
8681	8393	8394
8855	8627	8854
8627	8855	8544
8543	8855	8456
8855	8543	8544
8456	8403	8543
8671	8782	8547
8782	8671	8813
8358	8545	8546
8545	8358	8629
8620	8761	8758
8761	8620	8621
8459	8469	8576
8469	8459	8472
8460	8472	8459
8472	8460	8689
8460	8605	8689
8689	8605	8688
8732	8409	8410
8702	8607	8705
8607	8702	8703
8811	8862	8870
8862	8352	8870
8352	8862	8331
8797	8908	8909
8908	8797	8677
8658	8432	8798
8432	8658	8507
8392	8797	8798
8797	8392	8677
8798	8432	8392
8879	8421	8577
8421	8879	8420
8878	8577	8364
8577	8878	8879
8373	8878	8364
8878	8373	8370
8812	8638	8517
8638	8812	8641
8517	8737	8812
8737	8517	8518
8558	8807	8555
8556	8807	8558
8807	8556	8598
8677	8596	8908
8596	8677	8598
8801	8908	8596
8908	8801	8909
8742	8390	8750
8390	8742	8743
8439	8910	8441
8652	8820	8347
8911	8347	8346
8347	8911	8874
8790	8791	8911
8791	8790	8613
8612	8790	8788
8790	8612	8613
8649	8788	8912
8788	8649	8612
8912	8850	8649
8850	8912	8913
8913	8843	8850
8912	8530	8408
8530	8912	8788
8408	8913	8912
8913	8409	8843
8409	8913	8408
8712	8614	8711
8614	8609	8778
8319	8353	8587
8795	8800	8735
8800	8795	8812
8795	8641	8812
8641	8795	8437
8437	8640	8641
8640	8437	8438
8442	8745	8438
8745	8442	8643
8910	8407	8405
8407	8910	8439
8406	8796	8914
8796	8406	8407
8673	8910	8786
8480	8796	8479
8796	8480	8915
8807	8677	8676
8677	8807	8598
8916	8797	8909
8797	8916	8661
8801	8916	8909
8916	8801	8756
8916	8757	8917
8757	8916	8756
8660	8916	8917
8916	8660	8661
8732	8808	8564
8687	8355	8489
8687	8562	8827
8562	8563	8376
8362	8321	8657
8362	8722	8348
8722	8362	8657
8722	8478	8348
8721	8779	8610
8859	8357	8436
8357	8859	8918
8359	8357	8918
8825	8359	8546
8546	8547	8783
8640	8438	8745
8643	8443	8642
8443	8643	8442
8919	8920	5455
8921	8942	5449
8922	8943	8923
8925	5451	5450
5451	8925	8924
8926	8944	8927
8944	8926	8945
8929	5461	5452
5461	8929	8928
8919	5453	8930
5453	8919	8946
8925	8942	8921
8942	8925	5450
8927	8941	8931
8941	8927	8944
8941	5448	8931
5458	8920	8932
5458	8932	5459
8933	8931	5448
8934	5457	8947
5457	8934	8935
8757	8928	8929
8928	8757	8501
8405	8934	8926
8934	8405	8406
8481	8924	8925
8924	8481	8506
8910	8926	8927
8926	8910	8405
8659	8919	8930
8919	8659	8660
8917	8929	8932
8929	8917	8757
8501	8936	8928
8936	8501	8502
8502	8923	8936
8923	8502	8785
8786	8931	8933
8931	8786	8910
8480	8925	8921
8925	8480	8481
8937	8914	8915
8914	8937	8935
8660	8920	8919
8920	8660	8917
8927	8931	8910
8932	8920	8917
8506	8930	8924
8930	8506	8659
8785	8933	8922
8933	8785	8786
8406	8935	8934
8935	8406	8914
8922	8923	8785
8915	8921	8937
8921	8915	8480
8796	8915	8914
8652	8819	8820
8819	8652	8901
8901	8588	8900
8588	8901	8652
8901	8412	8413
8412	8901	8900
8848	8707	8618
8707	8848	8709
8653	8403	8400
8403	8653	8543
8824	8543	8653
8543	8824	8542
8399	8824	8653
8824	8399	8823
8399	8397	8823
8624	8803	8626
8626	8803	8435
8435	8433	8683
8579	8644	8810
8644	8579	8746
8579	8745	8746
8745	8579	8580
8581	8370	8639
8370	8581	8878
8580	8639	8640
8639	8580	8581
8396	8371	8372
8371	8396	8516
8395	8372	8320
8372	8395	8396
8395	8320	8363
8628	8857	8854
8857	8628	8938
8854	8627	8628
8547	8627	8671
8627	8547	8545
8810	8879	8578
8879	8810	8420
8647	8645	8642
8645	8647	8705
8599	8443	8440
8443	8599	8646
8672	8599	8440
8599	8672	8503
8441	8910	8673
5462	8922	8933
8922	5462	8943
8930	5451	8924
5451	8930	5453
8943	5454	8923
5455	8946	8919
5452	8932	8929
8932	5452	5459
5448	5462	8933
5456	8935	8937
8935	5456	5457
5458	5455	8920
8934	5447	8926
5447	8934	8947
5449	8937	8921
8937	5449	5456
5460	8928	8936
8928	5460	5461
5454	8936	8923
8936	5454	5460
5447	8945	8926
8952	8867	8665
8867	8952	8951
8962	8763	8959
8763	8962	8961
8954	8666	8453
8666	8954	8953
8869	8279	8278
8279	8869	9590
8826	9594	8748
9594	8826	8886
8950	8662	8868
8662	8950	8949
8445	8463	8444
8463	8445	8462
8463	8560	8444
8701	8573	8312
8888	8883	8714
8883	8888	8713
8883	8906	8714
8349	8906	8330
8906	8349	8714
8288	8461	8462
8461	8288	8302
8303	8291	8727
8298	8295	8694
8295	8291	8694
8693	8294	8298
8601	8805	8602
8805	8601	8289
8289	8302	8805
8302	8561	8461
8561	8302	8289
8298	8770	8559
8770	8298	8294
8955	8559	8770
8559	8955	8277
8290	8663	8781
8663	8290	8286
8286	8662	8663
8662	8286	8281
8281	8304	8902
8304	8867	8902
8867	8304	8305
8305	8299	8664
8299	8667	8664
8667	8299	8283
8283	8863	8667
8863	8283	8303
8693	8694	8775
8428	8840	8427
8427	8448	8449
8448	8427	8840
8448	8849	8450
8849	8885	8450
8885	8849	8881
8881	8895	8885
8675	8896	8595
8896	8675	8895
8595	8369	8594
8369	8595	8896
8594	8368	8875
8368	8594	8369
8875	8733	8470
8733	8875	8368
8733	8760	8470
8760	8469	8470
8469	8760	8761
8761	8576	8469
8576	8761	8621
8621	8575	8576
8575	8621	8622
8622	8772	8575
8772	8622	8574
8804	8574	8551
8574	8804	8772
8804	8552	8678
8552	8804	8551
8678	8833	8419
8833	8678	8552
8419	8831	8418
8831	8419	8833
8831	8633	8418
8633	8831	8891
8891	8386	8633
8885	8895	8675
8637	8416	8417
8416	8637	8635
8635	8679	8416
8314	8768	8388
8768	8314	8315
8333	8336	8296
8337	8388	8386
8388	8337	8314
8553	8832	8833
8832	8553	8336
8332	8336	8553
8315	8306	8769
8332	8342	8281
8769	8343	8839
8343	8769	8306
8350	8620	8758
8620	8350	8341
8312	8758	8759
8758	8312	8350
8700	8307	8572
8307	8700	8325
8571	8338	8845
8338	8571	8339
8965	8963	8783
8963	8965	8964
8716	8352	8715
8352	8716	8351
8352	8331	8715
8490	8309	8311
8782	8311	8784
8311	8782	8880
8712	8347	8874
8347	8712	8319
8331	8888	8715
8888	8331	8353
8353	8713	8888
8713	8353	8319
8346	8347	8820
8911	8818	8789
8818	8911	8346
8818	8354	8789
8789	8410	8530
8410	8789	8354
8410	8345	8732
8345	8410	8354
8313	8969	8837
8316	8355	8808
8355	8566	8808
8566	8355	8323
8969	8903	8836
8838	8335	8324
8335	8838	8939
8335	8834	8940
8834	8335	8939
8838	8313	8837
8313	8838	8324
8356	8335	8940
8327	8940	8565
8940	8327	8356
8566	8327	8565
8779	8330	8906
8349	8330	8436
8349	8717	8714
8717	8349	8357
8359	8358	8546
8360	8330	8779
8358	8329	8629
8357	8825	8717
8825	8357	8359
8308	8348	8478
8308	8360	8779
8629	8938	8628
8629	8361	8938
8329	8361	8629
8362	8348	8720
8363	8857	8938
8857	8363	8320
8361	8363	8938
8426	8322	8851
8322	8426	8321
8320	8373	8907
8373	8320	8372
8534	8720	8533
8905	8421	8422
8421	8905	8751
8751	8577	8421
8577	8751	8752
8364	8752	8844
8752	8364	8577
8872	8322	8531
8322	8872	8366
8334	8793	8340
8793	8334	8447
8874	8911	8791
8911	8789	8790
8587	8862	8586
8587	8652	8319
8740	8773	8617
8773	8740	8603
8773	8604	8771
8604	8773	8603
8903	8740	8344
8344	8617	8708
8617	8344	8740
8564	8565	8731
8327	8566	8323
8366	8425	8851
8425	8366	8865
8308	8721	8348
8721	8308	8779
8721	8720	8348
8362	8534	8321
8534	8362	8720
8534	8535	8321
8535	8322	8321
8626	8435	8683
8918	8624	8625
8624	8918	8859
8918	8697	8359
8697	8918	8625
8497	8498	8818
8498	8354	8818
8488	8619	8730
8730	8499	8877
8499	8730	8619
8499	8500	8876
8500	8897	8876
8897	8500	8414
8414	8871	8897
8871	8414	8411
8871	8866	8509
8866	8871	8411
8515	8866	8898
8512	8866	8515
8345	8488	8316
8490	8311	8493
8311	8880	8310
8880	8753	8310
8887	8843	8409
8834	8939	8765
8939	8838	8765
8834	8565	8940
8565	8834	8696
8731	8696	8695
8696	8731	8565
8731	8887	8409
8695	8887	8731
8297	8296	8780
8300	9586	8285
9586	8300	9592
8894	8948	13119
8948	13117	13119
13117	8948	8949
8949	13120	13117
13120	8949	8950
8950	13122	13120
13122	8950	8951
8951	13118	13122
13118	8951	8952
8952	13123	13118
13123	8952	8953
13123	8954	13121
8954	13123	8953
8954	9662	13121
8954	8960	9662
8960	8890	9662
8890	8960	8961
8961	5446	8890
5446	8961	8962
8825	8963	8716
8963	8964	8716
8716	8966	8351
8966	8716	8964
8966	8965	8309
8965	8966	8964
8965	8784	8309
8966	8492	8491
8425	8967	8426
8426	8968	8656
8968	8426	8967
8968	8378	8656
8740	8969	8603
8604	8313	8605
8603	8313	8604
8603	8969	8313
8970	8971	8972
8974	8976	8973
8976	8974	8975
8979	8977	8978
8977	8979	8980
8983	8981	8982
8981	8983	8984
8987	8985	8986
8985	8987	8988
8991	8989	8990
8989	8991	8992
8993	8994	8995
8998	8996	8997
8996	8998	8999
9002	9000	9001
9000	9002	9003
9004	9005	9006
9009	9007	9008
9007	9009	9010
9012	9014	9011
9014	9012	9013
9015	9016	9017
9018	9019	9020
9022	9024	9021
9024	9022	9023
9025	9026	9027
9030	9028	9029
9028	9030	9031
9034	9032	9033
9032	9034	9035
9036	9037	9038
9041	9039	9040
9039	9041	9042
9043	9044	8998
9045	9046	9047
9048	9049	9050
9052	9017	9051
9017	9052	9053
9056	9054	9055
9054	9056	9057
9060	9058	9059
9058	9060	9061
9062	9063	9064
9065	9066	9067
9068	9070	9071
9070	9068	9069
9073	9009	9072
9009	9073	9010
9076	9074	9075
9074	9076	9077
9078	9079	9080
9081	5437	8990
5437	9081	5438
9084	9082	9083
9082	9084	9085
9088	9086	9087
9086	9088	9089
9092	9090	9091
9090	9092	9093
9094	9096	9097
9096	9094	9095
9100	9098	9099
9098	9100	9101
9104	9102	9103
9102	9104	9105
9106	9107	9108
9110	9112	9109
9112	9110	9111
9113	9114	9115
9041	9116	9117
9116	9041	9118
9121	9119	9120
9119	9121	9122
9125	9123	9124
9123	9125	9126
9127	9128	9129
9132	9130	9131
9130	9132	9133
9136	9134	9135
9134	9136	9137
9138	9139	9140
9141	9142	9143
9146	9144	9145
9144	9146	9147
9066	9148	9067
9027	9150	9025
9150	9027	9149
9151	9152	9153
9018	9020	9154
9155	9158	9159
9155	9157	9158
9155	9156	9157
9090	9160	9161
9160	9090	9162
9163	9165	9166
9165	9163	9164
9169	9167	9168
9167	9169	9170
9171	9172	9173
8988	9174	9175
9174	8988	8987
9177	9179	9176
9179	9177	9178
9175	9180	8988
9180	9175	9181
9182	9183	9184
5440	8991	5439
8991	5440	9185
9078	9186	9187
9186	9078	9080
9104	9188	9189
9190	9191	9192
9194	5441	9193
5441	9194	5442
9197	9195	9196
9195	9197	9198
9199	9200	9201
9176	9202	9177
9204	9075	9203
9075	9204	9076
9207	9205	9206
9205	9207	9208
9211	9209	9210
9209	9211	9212
9215	9213	9214
9213	9215	9216
9218	9217	9105
9217	9218	9219
9221	8981	9220
8981	9221	9222
9014	9223	9224
9182	9225	9226
9225	9182	9227
9126	9228	9229
9228	9126	9125
5444	9230	5443
9230	5444	9231
9233	9034	9232
9034	9233	9035
9234	9236	9237
9236	9234	9235
9160	9238	9239
9238	9160	9162
9242	9240	9241
9240	9242	9243
9246	9244	9245
9244	9246	9247
9248	9121	9120
9121	9248	9249
9107	9251	9108
9251	9107	9250
9012	9252	9013
9252	9012	9083
9253	9255	9256
9255	9253	9254
9257	9258	9259
9261	9171	9260
9171	9261	9262
9263	9153	9152
9153	9263	9264
9060	9267	9265
9267	9060	9266
9268	8994	8993
8994	9268	9269
9270	9271	9272
9275	9273	9274
9273	9275	9276
9127	9129	9043
9279	9277	9278
9277	9279	9280
9281	9182	9226
9182	9281	9282
9284	9240	9283
9240	9284	9241
9093	9162	9090
9162	9093	9283
9235	9234	9285
9287	9193	9286
9193	9287	9194
9288	9289	9290
9291	9005	9007
9005	9291	9006
9142	9146	9143
9146	9142	9147
9217	9102	9105
9292	9117	9116
9117	9292	9293
9295	9297	9294
9297	9295	9296
9300	9298	9299
9298	9300	9301
9303	9305	9302
9305	9303	9304
9308	9306	9307
9306	9308	9309
8980	9311	9312
9311	8980	9310
8986	9313	9314
9313	8986	9315
9167	9260	9316
9260	9167	9170
9318	9054	9317
9054	9318	9055
9319	8982	9320
8999	9321	8996
9321	8999	9322
9324	9031	9323
9031	9324	9028
9326	5444	9325
5444	9326	9231
5442	9326	9325
9326	5442	9194
9155	9159	9327
9045	9328	9329
9328	9045	9330
9331	9332	9329
9333	9334	9188
9335	9334	9251
9027	9165	9149
9165	9027	9166
9337	9220	9336
9220	9337	9088
9339	9340	9338
9340	9339	9336
9341	9342	9343
9344	9345	9346
9347	9143	9348
9349	9259	9258
9065	9350	9351
9350	9065	9067
9353	9354	9352
9354	9353	9201
9356	9183	9355
9183	9356	9357
9183	9182	9355
9358	9182	9282
9182	9358	9355
9359	9361	9115
9361	9359	9360
9363	9212	9362
9212	9363	9209
9365	9366	9364
9366	9365	9289
9369	9367	9368
9367	9369	9370
9134	9130	9371
9130	9134	9131
9029	9372	9269
9372	9029	9272
9160	9374	9373
9374	9160	9239
9297	8985	9294
8985	9297	9375
9376	9211	9210
9211	9376	9377
9378	9137	9136
9381	9379	9380
9379	9381	9382
9292	9107	9106
9107	9292	9383
9385	9384	9190
9384	9385	9019
9034	9387	9232
9387	9034	9386
9353	8973	9388
8973	9353	8974
9390	9101	9389
9101	9390	9098
9393	9391	9392
9391	9393	9394
9395	9396	9397
9156	9005	9004
9005	9156	9398
9400	9046	9399
9046	9400	9401
9403	9278	9402
9278	9403	9279
9026	9404	9405
9404	9026	9286
9406	9079	9408
9079	9406	9407
9267	9263	9409
9263	9267	9266
8997	9174	9400
9174	8997	8996
9394	9043	9410
9043	9394	9393
9009	9411	9412
9411	9009	9008
9413	9115	9414
9144	9167	9415
9167	9144	9168
9123	9416	9417
9416	9123	9126
9307	9419	9308
9419	9307	9418
9421	9423	9420
9423	9421	9422
9426	9424	9425
9424	9426	9427
9264	9150	9153
9150	9264	9407
9264	9060	9059
9060	9264	9266
9146	9428	9429
9428	9146	9430
9349	9432	9433
9432	9349	9431
9434	9435	9237
9435	9434	9040
9230	9436	5443
9436	9230	9437
9438	8983	9439
9441	9074	9440
9074	9441	9075
9443	9442	9441
9442	9443	9444
9344	9186	9445
9186	9344	9187
9230	9447	9437
9447	9230	9446
9448	9135	9449
9450	9239	9238
9239	9450	9451
9452	9454	9455
9454	9452	9453
9456	9457	9111
9458	9459	9460
9318	9461	9462
9461	9318	9317
9023	9122	9024
9122	9023	9119
9180	9038	9463
9038	9180	9036
9140	9003	9138
9003	9140	9000
9331	9329	9464
9091	9156	9004
9156	9091	9157
9466	9465	9154
9465	9466	9467
9468	9243	9242
9061	9469	9058
9469	9061	9470
9341	9186	9471
9473	9390	9472
9390	9473	9098
9129	9044	9043
9474	9298	9301
9298	9474	9475
9127	9476	9389
9476	9127	9043
9390	9476	9477
9476	9390	9389
9071	9381	9068
9381	9071	9382
9281	9229	9228
9229	9281	9226
9126	9478	9416
9478	9126	9229
9380	8989	9479
8989	9380	9379
9421	9388	9422
9388	9421	9353
9134	9449	9135
9449	9134	9371
9481	9046	9480
9046	9481	9047
9046	9401	9480
9444	9323	9482
9323	9444	9324
9200	9483	9082
9483	9200	9199
9484	9486	9408
9486	9484	9485
9175	8996	9321
8996	9175	9174
9181	9321	9487
9321	9181	9175
9107	9248	9488
9248	9107	9249
9488	9489	9250
9334	9106	9108
9106	9334	9333
9103	9292	9106
9292	9103	9293
9279	9490	9280
9490	9279	9491
9243	9238	9240
9220	8984	9336
8984	9220	8981
9210	9112	9492
9112	9210	9209
9392	9477	9393
9477	9392	9493
9189	9105	9104
9105	9189	9218
9341	9345	9445
9345	9341	9343
9459	9458	9173
9413	9494	9458
9494	9413	9495
9434	9041	9040
9041	9434	9496
8994	9497	8995
9497	8994	9498
9499	9501	9502
9501	9499	9500
9092	9503	9504
9503	9092	9091
9506	9503	9505
9503	9506	9147
9507	9370	9369
9026	9508	9027
9508	9026	9405
9273	9138	8978
9138	9273	9139
9273	8977	9274
8977	9273	8978
9439	9509	9335
9075	9442	9203
9442	9075	9441
9256	9202	9176
9202	9256	9255
8991	5437	5439
5437	8991	8990
9510	9135	9448
9135	9510	9136
9512	9497	9511
9497	9512	9496
9455	9224	9223
9400	8987	9401
8987	9400	9174
9513	9514	9515
9429	9348	9143
9348	9429	9516
9046	9517	9399
9517	9046	9045
9329	9517	9045
9517	9329	9332
9055	9053	9052
9397	9428	9518
9428	9397	9519
9429	9519	9520
9519	9429	9428
9345	9350	9479
9350	9345	9343
9479	9350	9067
9521	9522	9062
9524	9217	9523
9217	9524	9102
9165	8971	9151
8971	9165	9164
9141	9525	9142
9339	9074	9077
9234	9526	9285
9526	9234	9164
9311	9009	9412
9009	9311	9072
9205	9491	9206
9409	9152	8970
9152	9409	9263
9153	9149	9151
9149	9153	9150
9079	9264	9059
9264	9079	9407
9427	9081	9424
9081	9427	5438
9197	9471	9527
9471	9197	9196
9200	9528	9354
9066	9085	9529
9085	9066	9528
9448	9244	9510
9244	9448	9271
9530	9510	9244
9101	9128	9127
9128	9101	9100
9351	9343	9342
9343	9351	9350
8981	9320	8982
9320	8981	9222
9478	9226	9225
9226	9478	9229
9161	9157	9091
9267	9531	9265
8985	9180	9463
9180	8985	8988
9284	9093	9532
9093	9284	9283
9398	9007	9005
9327	9533	9534
9129	9299	9298
9299	9129	9128
9330	9535	9328
9535	9330	9536
9539	9537	9538
9537	9539	9540
9541	9542	9543
9314	8987	8986
9507	9544	9459
9094	9545	9049
9545	9094	9097
9315	9257	9313
9257	9315	9546
9194	9486	9326
9486	9194	9287
9286	9406	9287
9406	9286	9025
9415	9494	9495
9548	9511	9547
9511	9548	9512
9549	9550	9551
9308	9552	9309
9552	9308	9068
9421	9201	9353
9144	9506	9168
9506	9144	9147
9143	9146	9429
9149	9165	9151
9525	9504	9142
9104	9333	9188
9333	9104	9103
9526	9164	9163
9494	9167	9316
9167	9494	9415
9114	9363	9359
9363	9114	9109
9109	9209	9363
9209	9109	9112
9509	8983	9188
8983	9509	9439
9176	9179	9223
9553	9455	9223
9344	9446	9187
9446	9344	9447
9212	9136	9554
9136	9212	9378
9025	9407	9406
9407	9025	9150
9232	9534	9555
9534	9232	9387
9115	9361	9556
9277	9281	9057
9281	9277	9282
9476	9043	9393
9477	9476	9393
8989	9557	9479
9557	8989	8992
9184	9180	9181
9180	9184	9036
9334	9335	9509
9134	9558	9131
9449	9372	9272
9372	9449	9371
9455	9553	9452
9559	9452	9561
9452	9559	9560
9563	9565	9562
9565	9563	9564
9500	9499	9119
9000	9331	9464
9331	9000	9140
9380	9552	9381
9552	9380	9067
9315	9095	9094
9095	9315	8986
9095	8985	9375
8985	9095	8986
9402	9275	9207
9523	9039	9042
9039	9523	9063
5445	9193	5441
9193	5445	9566
9125	9461	9317
9461	9125	9124
9539	9073	9072
9073	9539	9538
9264	9263	9266
9112	9567	9492
9567	9112	9457
9131	9568	9132
9459	9569	9460
9156	9155	9570
9508	9166	9027
9314	9480	9401
9480	9314	9313
9195	9352	9571
9352	9195	9198
9365	9468	9572
9052	9056	9055
9286	9026	9025
9087	9220	9088
9220	9087	9573
9244	9324	9245
9324	9244	9271
9574	9121	9575
9576	9205	9208
9205	9576	9577
9440	9074	9339
9043	8997	9410
8997	9043	8998
9389	9101	9127
9413	9458	9578
9265	9579	9580
9579	9265	9531
9438	8984	8983
8984	9438	9581
9582	9137	9378
9554	9136	9510
9210	9492	9376
9385	9489	9488
9489	9190	9192
9364	9583	9450
9583	9364	9366
9330	9259	9536
9090	9161	9091
9162	9240	9238
9240	9162	9283
8984	9340	9336
9340	8984	9581
9392	9391	9140
9146	9145	9430
9401	8987	9314
9560	9236	9235
9236	9560	9559
9287	9408	9486
9287	9406	9408
9160	9157	9161
9157	9160	9373
9557	8992	9346
9442	9444	9482
9092	9504	9525
9092	9532	9093
9532	9092	9525
9571	9352	9354
9017	9472	9051
9472	9017	9473
9007	9584	9008
9584	9007	9398
9257	9480	9313
9480	9257	9481
9585	9319	9320
9058	9469	9186
9508	9586	9166
9586	9508	8886
9529	9148	9066
9148	9529	9587
9315	9049	9546
9049	9315	9094
9084	9012	9588
9012	9084	9083
9399	9394	9410
9394	9399	9517
9391	9517	9332
9517	9391	9394
8998	9044	8999
9233	9555	9356
9555	9233	9232
9347	9141	9143
9178	9515	9179
9200	9085	9528
9200	9082	9085
9368	9367	9589
9341	9196	9195
9471	9196	9341
9588	9012	9011
9114	9359	9115
9503	9004	9505
9004	9503	9091
9172	9507	9459
9552	9068	9381
9404	9590	9591
9590	9404	9566
9163	8889	9526
8889	9163	9592
9193	9404	9286
9404	9193	9566
9485	9326	9486
9326	9485	9231
8992	9185	9346
9185	8992	8991
9081	8989	9379
8989	9081	8990
9382	9081	9379
9081	9382	9424
9425	9382	9071
9382	9425	9424
9071	9593	9425
9593	9071	9070
9405	9591	9594
9591	9405	9404
9514	9561	9553
9514	9595	9561
9595	9514	9513
9029	9268	9030
9268	9029	9269
9596	9560	9235
9560	9596	8892
9453	8894	9454
8894	9453	8893
9597	9235	9285
9235	9597	9596
9454	9304	9303
9304	9454	8894
8889	9285	9526
9285	8889	9597
9453	8892	8893
8892	9453	9560
9559	9595	8993
9595	9559	9561
9060	9580	9061
9580	9060	9265
9527	9598	9599
9598	9527	9470
8975	9198	9197
9198	8975	8974
9471	9470	9527
9470	9471	9469
9469	9471	9186
9580	9600	9598
9600	9580	9579
8971	9152	9151
9152	8971	8970
9601	8975	9599
8975	9601	8976
9600	9599	9598
9599	9600	9601
9573	9221	9220
9082	9252	9083
9252	9082	9483
9562	9306	9588
9306	9562	9307
9084	9587	9529
9587	9084	9588
9084	9529	9085
9256	9483	9253
9483	9256	9252
9256	9013	9252
9013	9256	9176
9176	9223	9013
9341	9195	9342
9342	9354	9351
9354	9342	9571
9528	9351	9354
9351	9528	9065
9065	9528	9066
9186	9341	9445
9195	9571	9342
9062	9267	9409
9267	9062	9531
9409	9521	9062
9521	9409	8970
9164	8972	8971
8972	9164	9237
9521	9040	9522
9040	9521	9435
9164	9234	9237
9271	9449	9272
9449	9271	9448
9245	9443	9246
9247	9361	9360
9361	9247	9246
8995	9496	9434
9496	8995	9497
9041	9117	9042
9523	9117	9524
9117	9523	9042
9523	9217	9063
9130	9497	9498
9497	9130	9133
9132	9602	9547
9602	9132	9568
9133	9511	9497
9603	9021	9558
9021	9603	9022
9022	9604	9605
9604	9022	9603
9214	9550	9549
9217	9064	9063
9064	9217	9219
9288	9215	9214
9606	9119	9023
9119	9606	9500
9511	9132	9547
9132	9511	9133
9547	9574	9548
9574	9547	9602
9524	9103	9102
9103	9524	9293
9293	9524	9117
9106	9333	9103
9498	9269	9372
9269	9498	8994
9130	9372	9371
9372	9130	9498
9607	9302	9563
9302	9607	9014
9562	9607	9563
9324	9443	9245
9443	9324	9444
9414	9556	9395
9556	9414	9115
9608	9395	9518
9395	9608	9414
9608	9413	9414
9413	9608	9495
9460	9110	9113
8983	8982	9189
9319	9189	8982
9189	9319	9218
9219	9319	9585
9319	9219	9218
9219	9585	9064
9271	9270	9324
9337	9089	9088
9450	9243	9364
9243	9468	9365
9582	9603	9137
9603	9582	9604
9376	9216	9377
9216	9376	9213
9492	9213	9376
9213	9492	9550
9398	9156	9570
9398	9570	9584
9386	9411	9008
9386	9584	9387
9584	9386	9008
9490	9233	9358
9233	9490	9035
9032	9490	9491
9490	9032	9035
9295	9037	9533
9359	9362	9360
9362	9359	9363
9570	9387	9584
9387	9570	9534
9216	9605	9604
9605	9216	9215
9377	9604	9582
9604	9377	9216
9211	9582	9378
9582	9211	9377
9211	9378	9212
9583	9451	9450
9451	9583	9609
9554	9362	9212
9118	9496	9512
9496	9118	9041
9512	9548	9118
9548	9574	9118
9116	9574	9575
9574	9116	9118
9504	9147	9142
9147	9504	9503
9183	9036	9184
9036	9183	9357
9037	9356	9555
9356	9037	9357
9357	9037	9036
9610	9567	9456
9567	9457	9456
9495	9144	9415
9144	9495	9145
9608	9145	9495
9145	9608	9430
9428	9608	9518
9608	9428	9430
9575	9292	9116
9292	9575	9383
9530	9554	9510
9554	9530	9362
9244	9247	9530
9259	9349	9536
9433	9536	9349
9536	9433	9535
9535	9543	9542
9535	9432	9543
9433	9432	9535
9280	9490	9358
9140	9332	9331
9332	9140	9391
9328	9542	9001
9542	9328	9535
9611	9542	9541
9002	9542	9611
9001	9542	9002
9540	9310	9612
9310	9540	9539
9072	9310	9539
9310	9072	9311
9329	9328	9464
9000	9328	9001
9328	9000	9464
9538	9260	9170
9260	9538	9537
9169	9538	9170
9538	9169	9073
9073	9169	9010
9316	9458	9494
9458	9316	9173
9432	9171	9262
9171	9432	9172
9253	9423	9254
9423	9253	9420
9076	9086	9089
9086	9076	9204
9077	9089	9337
9089	9077	9076
9077	9337	9339
9337	9336	9339
9385	9020	9019
9355	9233	9356
9233	9355	9358
9492	9567	9550
9550	9610	9551
9610	9550	9567
9474	9613	9322
9613	9474	9614
9298	9044	9129
9044	9298	9475
8999	9474	9322
9474	8999	9475
9475	8999	9044
9577	9033	9032
9033	9577	9615
9576	9615	9577
9615	9576	9312
8980	9576	8977
9576	8980	9312
9493	9273	9276
9273	9493	9139
9139	9392	9140
9392	9139	9493
9184	9181	9487
9182	9487	9227
9487	9182	9184
9322	9225	9227
9225	9322	9613
9478	9613	9614
9613	9478	9225
9399	8997	9400
8997	9399	9410
9053	9055	9616
9288	9290	9501
9617	9290	9572
9290	9617	9502
9467	9468	9242
9468	9467	9617
9241	9467	9242
9467	9241	9465
9284	9465	9241
9465	9284	9618
9618	9532	9619
9532	9618	9284
9619	9532	9525
9618	9154	9465
9154	9618	9018
9018	9618	9619
9619	9019	9018
9019	9619	9525
9365	9364	9243
9243	9450	9238
9289	9214	9549
9472	9477	9493
9477	9472	9390
9472	9276	9051
9276	9472	9493
9051	9275	9052
9275	9051	9276
9056	9402	9278
9402	9056	9052
9616	9017	9053
9017	9616	9015
9016	9473	9017
9473	9016	9620
9318	9462	9616
9099	9473	9621
9473	9099	9098
9487	9322	9227
9322	9487	9321
9622	9474	9301
9474	9622	9614
9478	9622	9416
9622	9478	9614
9622	9417	9416
9417	9622	9623
9300	9622	9301
9622	9300	9623
9385	9190	9489
9334	9108	9251
9334	9509	9188
9188	8983	9189
9624	9297	9296
9624	9375	9297
9375	9624	9625
9375	9625	9095
9374	9239	9451
9546	9048	9626
9048	9546	9049
9431	9626	9048
9507	9172	9431
9172	9459	9173
9275	9402	9052
9278	9057	9056
9057	9278	9277
9627	9628	9629
9630	9631	9632
9633	9634	7197
9636	9637	9635
9637	9636	7585
9638	7441	7354
7441	9638	9639
9641	7582	9640
7582	9641	7275
9627	9643	9644
9643	9627	9642
9636	9632	7585
9632	9636	9630
9639	9646	7441
9646	9639	9645
9646	9645	6754
7395	9647	9629
7395	7276	9647
9648	6754	9645
9649	9650	9651
9650	9649	7581
9417	9640	9123
9640	9417	9641
9015	9649	9016
9649	9015	9638
9100	9635	9128
9635	9100	9636
9616	9638	9015
9638	9616	9639
9299	9627	9300
9627	9299	9642
9623	9641	9417
9641	9623	9647
9123	9652	9124
9652	9123	9640
9124	9634	9461
9634	9124	9652
9462	9645	9616
9645	9462	9648
9099	9636	9100
9636	9099	9630
9653	9620	9651
9620	9653	9621
9300	9629	9623
9629	9300	9627
9639	9616	9645
9647	9623	9629
9128	9642	9299
9642	9128	9635
9461	9648	9462
9648	9461	9633
9016	9651	9620
9651	9016	9649
9633	9461	9634
9621	9630	9099
9630	9621	9653
9473	9620	9621
9288	9500	9606
9500	9288	9501
9606	9215	9288
9215	9606	9605
9606	9022	9605
9022	9606	9023
9530	9360	9362
9360	9530	9247
9291	9010	9169
9010	9291	9007
9506	9169	9168
9169	9506	9291
9006	9506	9505
9506	9006	9291
9006	9505	9004
9257	9259	9481
9259	9047	9481
9047	9330	9045
9206	9279	9403
9279	9206	9491
9206	9402	9207
9402	9206	9403
9208	8977	9576
8977	9208	9274
9207	9274	9208
9274	9207	9275
9003	8978	9138
8978	9003	8979
9002	8979	9003
8979	9002	9612
9002	9611	9612
9261	9540	9654
9540	9261	9537
9537	9261	9260
9173	9260	9171
9260	9173	9316
9491	9577	9032
9577	9491	9205
9282	9280	9358
9280	9282	9277
9228	9057	9281
9057	9228	9054
9317	9228	9125
9228	9317	9054
9055	9318	9616
7322	9633	7197
9633	7322	9648
9642	9637	9643
9637	9642	9635
7197	9634	7195
9628	9627	9644
7275	9647	7276
9647	7275	9641
6754	9648	7322
7337	9651	9650
9651	7337	9653
7395	9629	9628
9649	9655	7581
9655	9649	9638
9631	9653	7337
9653	9631	9630
9656	9640	7582
9640	9656	9652
7195	9652	9656
9652	7195	9634
9655	9638	7354
9418	9562	9565
9562	9418	9307
9657	9425	9593
9425	9657	9426
9069	9308	9419
9308	9069	9068
9566	8279	9590
8279	9566	5445
9508	9594	8886
9594	9508	9405
9564	9302	9305
9302	9564	9563
9059	9080	9079
9080	9059	9058
9080	9058	9186
9354	9201	9200
9589	9583	9366
9583	9589	9367
9583	9367	9609
9050	9609	9367
9609	9050	9545
9408	9078	9484
9078	9408	9079
9067	9380	9479
9346	9345	9557
9557	9345	9479
9344	9346	9447
9230	9485	9446
9485	9230	9231
9446	9485	9484
9484	9187	9446
9187	9484	9078
9346	9437	9447
9437	9346	9185
9436	9185	5440
9185	9436	9437
9455	9303	9224
9303	9455	9454
9224	9302	9014
9302	9224	9303
9014	9607	9011
9011	9562	9588
9562	9011	9607
9588	9306	9587
9587	9309	9148
9309	9587	9306
9148	9552	9067
9552	9148	9309
9344	9445	9345
9040	9039	9522
9039	9062	9522
9062	9039	9063
9062	9064	9531
9531	9585	9579
9585	9531	9064
9579	9585	9600
9320	9601	9600
9601	9320	9222
9222	8976	9601
8976	9222	9221
9221	8973	8976
8973	9221	9573
9573	9388	8973
9388	9573	9087
9388	9087	9422
9422	9086	9423
9086	9422	9087
9423	9204	9254
9204	9423	9086
9254	9203	9255
9203	9254	9204
9255	9442	9202
9442	9255	9203
9482	9202	9442
9202	9482	9177
9482	9178	9177
9178	9482	9323
9323	9515	9178
9515	9323	9031
9031	9513	9515
9513	9031	9030
9513	9268	9595
9268	9513	9030
9595	9268	8993
9585	9320	9600
9272	9028	9270
9028	9272	9029
9270	9028	9324
9236	9434	9237
9434	9236	8995
9561	9452	9553
9559	8995	9236
8995	9559	8993
9179	9514	9553
9514	9179	9515
9223	9179	9553
9237	9435	8972
9223	9014	9013
9435	8970	8972
8970	9435	9521
9199	9253	9483
9253	9199	9420
9201	9420	9199
9420	9201	9421
9352	8974	9353
8974	9352	9198
9197	9599	8975
9599	9197	9527
9569	9544	9658
9544	9569	9459
9369	9610	9456
9610	9369	9368
9610	9368	9551
9109	9113	9110
9458	9113	9578
9113	9458	9460
9365	9290	9289
9290	9365	9572
9551	9589	9549
9589	9551	9368
9549	9366	9289
9366	9549	9589
9502	9501	9290
9617	9499	9502
9499	9617	9466
9499	9466	9248
9466	9020	9248
9020	9466	9154
9020	9488	9248
9488	9020	9385
9338	9519	9397
9250	9489	9251
9251	9192	9335
9192	9251	9489
9397	9518	9395
9520	9581	9659
9581	9520	9340
9581	9516	9659
9516	9581	9660
9520	9338	9340
9338	9520	9519
9438	9660	9581
9439	9660	9438
9660	9439	9191
9192	9191	9439
9451	9609	9545
9050	9049	9545
9050	9370	9048
9370	9050	9367
9431	9172	9432
9097	9451	9545
9432	9262	9543
9048	9507	9431
9507	9048	9370
9096	9095	9625
9096	9451	9097
9654	9262	9261
9541	9262	9654
9543	9262	9541
9624	9373	9625
9611	9540	9612
9540	9611	9654
9541	9654	9611
9295	9327	9296
9327	9295	9533
9612	8980	8979
8980	9612	9310
9158	9157	9373
9386	9033	9411
9033	9386	9034
9411	9615	9412
9615	9411	9033
9312	9412	9615
9412	9312	9311
9570	9327	9534
9327	9570	9155
9580	9470	9061
9470	9580	9598
9572	9468	9617
9617	9467	9466
9214	9213	9550
9214	9289	9288
9396	9443	9661
9443	9396	9246
9443	9440	9661
9440	9443	9441
9395	9556	9396
9556	9246	9396
9246	9556	9361
9190	9384	9191
9439	9335	9192
9534	9037	9555
9037	9534	9533
9096	9374	9451
9374	9096	9625
9374	9625	9373
9624	9158	9373
9158	9624	9296
9158	9296	9159
9159	9296	9327
9259	9330	9047
9626	9257	9546
9257	9626	9258
9626	9349	9258
9349	9626	9431
9119	9499	9120
9120	9499	9248
9107	9383	9249
9383	9121	9249
9121	9383	9575
9121	9574	9122
9122	9602	9024
9602	9122	9574
9024	9568	9021
9568	9024	9602
9568	9558	9021
9558	9568	9131
9137	9603	9558
9134	9137	9558
9488	9250	9107
9109	9114	9113
9113	9115	9578
9578	9115	9413
9141	9019	9525
9516	9429	9659
9659	9429	9520
9516	9191	9348
9191	9516	9660
9384	9348	9191
9348	9384	9347
9141	9384	9019
9347	9384	9141
9560	9453	9452
9163	9586	9592
9586	9163	9166
9304	13117	9305
13117	9304	13119
9305	13120	9564
13120	9305	13117
9564	13122	9565
13122	9564	13120
9565	13118	9418
13118	9565	13122
9418	13123	9419
13123	9418	13118
9069	13123	13121
13123	9069	9419
9069	13121	9662
9069	9662	9070
9070	8890	9593
8890	9070	9662
9593	5446	9657
5446	9593	8890
9507	9369	9544
9544	9369	9658
9369	9111	9658
9111	9369	9456
9111	9569	9658
9569	9111	9110
9569	9110	9460
9111	9457	9112
9037	9295	9038
9295	9463	9038
9463	9295	9294
9463	9294	8985
9396	9661	9397
9661	9338	9397
9338	9440	9339
9661	9440	9338
8894	13119	9304
1698	1694	1697
1698	1693	1694
1680	1698	1679
1680	1693	1698
1668	1685	1684
1686	1688	1687
1686	1680	1688
1685	1680	1686
1685	1693	1680
1695	1663	1696
1695	1664	1663
1664	1666	1665
1695	1666	1664
1695	1667	1666
1695	1668	1667
1695	1685	1668
1685	1695	1693
4013	4018	4017
4014	4018	4013
4018	3999	4000
4014	3999	4018
4005	3988	4004
4008	4006	4007
3999	4006	4008
3999	4005	4006
4014	4005	3999
3983	4015	4016
3984	4015	3983
3986	3984	3985
3986	4015	3984
3987	4015	3986
3988	4015	3987
4005	4015	3988
4015	4005	4014