v -0.02752 0.04632 1.42638 
v -0.03968 0.03425 1.43155 
v 0.02339 0.04957 1.42057 
v 0.02024 0.04844 1.39792 
v 0.00262 0.05449 1.41105 
v 0.00909 0.05709 1.43518 
v -0.00337 0.05698 1.39281 
v -0.01392 0.05186 1.42009 
v -0.02518 0.04551 1.44204 
v -0.03807 0.03354 1.44525 
v -0.04662 0.03436 1.46115 
v -0.03467 0.04890 1.46951 
v -0.00870 0.05245 1.43830 
v 0.03926 0.03425 1.40829 
v 0.04746 0.02588 1.40395 
v 0.03856 0.02519 1.38764 
v 0.03300 0.03348 1.38903 
v -0.04981 0.02199 1.43355 
v -0.05318 -0.00033 1.42869 
v -0.05566 -0.00069 1.44244 
v -0.04967 0.02174 1.44347 
v 0.04689 0.00896 1.38567 
v 0.04445 0.01710 1.38632 
v 0.05479 0.01695 1.40133 
v 0.05680 0.00868 1.39848 
v 0.05711 0.00074 1.39668 
v 0.04928 0.00066 1.38549 
v -0.00453 0.05527 1.44685 
v -0.01880 0.05126 1.45898 
v 0.09502 0.04215 1.49374 
v 0.09290 0.04700 1.49162 
v 0.09166 0.04728 1.49592 
v 0.09363 0.04201 1.49729 
v 0.07005 0.02109 1.40795 
v 0.07487 0.02190 1.40964 
v 0.07449 0.01891 1.40791 
v 0.07020 0.01816 1.40629 
v 0.09636 0.02488 1.43932 
v 0.09886 0.02160 1.43967 
v 0.09871 0.02102 1.43496 
v 0.09592 0.02442 1.43401 
v 0.12058 0.00570 1.47974 
v 0.12227 0.00633 1.48070 
v 0.12311 0.00391 1.47985 
v 0.12219 0.00360 1.47898 
v 0.10056 0.02981 1.53384 
v 0.10164 0.02937 1.53562 
v 0.10192 0.02743 1.53533 
v 0.10035 0.02699 1.53316 
v 0.09422 0.01532 1.51434 
v 0.09471 0.01844 1.51119 
v 0.09463 0.01975 1.51169 
v 0.09398 0.01759 1.51411 
v -0.00990 0.06000 1.47505 
v -0.01263 0.05771 1.47175 
v -0.01884 0.05667 1.47393 
v -0.01232 0.06187 1.48075 
v 0.01391 0.06018 1.46200 
v 0.01614 0.05979 1.45757 
v 0.00917 0.05824 1.45643 
v 0.00863 0.05927 1.46530 
v -0.01095 0.07165 1.51255 
v -0.01917 0.07281 1.51709 
v 0.07735 0.03980 1.42593 
v 0.07730 0.03707 1.42261 
v 0.07476 0.03951 1.42349 
v 0.07388 0.04399 1.42899 
v 0.10042 0.02148 1.49614 
v 0.10013 0.02522 1.49425 
v 0.09825 0.02601 1.49843 
v 0.09868 0.02247 1.49966 
v -0.00366 0.06317 1.48211 
v -0.00120 0.06078 1.47478 
v -0.00411 0.06066 1.47383 
v 0.09267 0.04523 1.52828 
v 0.09249 0.04421 1.52626 
v 0.09020 0.04654 1.52531 
v 0.08991 0.04783 1.52714 
v 0.08318 0.03507 1.42567 
v 0.08155 0.03855 1.42909 
v 0.08294 0.03696 1.42874 
v 0.12216 0.01052 1.48695 
v 0.12424 0.00835 1.48800 
v 0.12446 0.00805 1.48579 
v 0.12251 0.00999 1.48520 
v 0.08308 0.01134 1.40656 
v 0.08627 0.01075 1.40732 
v 0.08599 0.00569 1.40622 
v 0.08262 0.00557 1.40518 
v 0.06990 0.02349 1.40927 
v 0.07312 0.02655 1.41222 
v 0.07496 0.02528 1.41186 
v 0.09366 0.04639 1.48888 
v 0.09058 0.05037 1.48804 
v 0.09013 0.05084 1.48966 
v 0.02195 0.07299 1.52558 
v 0.02352 0.07166 1.51865 
v 0.01772 0.07213 1.51835 
v 0.01581 0.07345 1.52226 
v 0.10671 0.00610 1.53452 
v 0.10591 0.00971 1.53413 
v 0.10686 0.01051 1.53677 
v 0.10733 0.00699 1.53710 
v 0.01873 0.05550 1.44258 
v 0.01628 0.05549 1.43893 
v 0.00847 0.05702 1.44818 
v 0.01120 0.05697 1.44997 
v 0.01322 0.05737 1.45118 
v 0.01837 0.05913 1.45390 
v 0.10533 0.02131 1.54801 
v 0.10429 0.02481 1.54764 
v 0.10450 0.01423 1.53347 
v 0.10275 0.01696 1.53259 
v 0.10452 0.01822 1.53540 
v 0.10587 0.01477 1.53615 
v -0.03700 0.05769 1.48627 
v -0.04220 0.05140 1.48060 
v -0.04703 0.05345 1.48867 
v 0.12607 0.00263 1.49227 
v 0.12624 0.00123 1.49231 
v 0.12754 0.00127 1.48942 
v 0.12745 0.00272 1.48940 
v 0.09679 0.03053 1.45501 
v 0.09770 0.02786 1.45624 
v 0.09697 0.02765 1.45401 
v 0.09567 0.03017 1.45275 
v 0.09466 0.01941 1.52099 
v 0.09571 0.02223 1.52279 
v 0.09554 0.02039 1.52316 
v 0.09508 0.01799 1.52238 
v 0.10181 0.00760 1.51588 
v 0.09832 0.01043 1.51251 
v 0.09755 0.00958 1.51625 
v 0.10103 0.00762 1.52002 
v 0.10696 0.00638 1.54942 
v 0.10643 0.00008 1.55074 
v 0.10688 0.00013 1.54792 
v 0.10737 0.00653 1.54659 
v 0.08391 0.05570 1.49642 
v 0.08744 0.05149 1.49837 
v 0.08880 0.05136 1.49460 
v 0.08506 0.05535 1.49212 
v 0.10647 0.01704 1.48234 
v 0.10472 0.01704 1.48162 
v 0.10356 0.01690 1.48382 
v 0.10604 0.01674 1.48439 
v -0.05761 0.03538 1.47485 
v -0.05953 0.02760 1.47033 
v -0.06631 0.02869 1.47938 
v -0.06181 0.04034 1.48551 
v 0.01168 0.06060 1.46919 
v 0.01617 0.06228 1.46770 
v 0.01761 0.06137 1.46281 
v 0.06202 0.05124 1.43347 
v 0.06409 0.05281 1.43759 
v 0.06621 0.05081 1.43538 
v 0.06440 0.04975 1.43207 
v 0.11545 0.01224 1.48108 
v 0.11338 0.01280 1.48043 
v 0.11291 0.01398 1.48086 
v 0.11539 0.01315 1.48157 
v 0.04006 0.06594 1.47521 
v 0.03518 0.06546 1.47352 
v 0.03415 0.06639 1.47838 
v 0.03854 0.06682 1.48005 
v 0.09874 0.03593 1.54676 
v 0.10144 0.03151 1.54706 
v 0.09620 0.03285 1.45494 
v 0.09819 0.02998 1.45782 
v 0.09805 0.02909 1.45703 
v 0.06819 0.04269 1.42380 
v 0.06596 0.04034 1.42082 
v 0.06202 0.04288 1.42275 
v 0.06464 0.04496 1.42540 
v 0.06649 0.01770 1.40442 
v 0.06970 0.01225 1.40262 
v 0.06499 0.01164 1.40188 
v 0.06416 0.01774 1.40306 
v 0.10618 0.02135 1.54426 
v 0.10603 0.02153 1.54250 
v 0.10519 0.02482 1.54313 
v 0.10503 0.02484 1.54490 
v 0.10606 0.01228 1.47439 
v 0.10644 0.01244 1.47287 
v 0.10517 0.01463 1.47213 
v 0.10463 0.01366 1.47515 
v 0.10606 0.01477 1.49094 
v 0.10633 0.01343 1.49640 
v 0.10733 0.01271 1.49587 
v 0.10721 0.01365 1.49094 
v -0.00914 0.05514 1.45811 
v -0.00110 0.05647 1.45188 
v 0.08988 0.00235 1.40710 
v 0.09286 0.00261 1.40825 
v 0.09235 0.00092 1.40800 
v 0.08986 0.00090 1.40720 
v 0.09195 0.01301 1.40987 
v 0.09375 0.01003 1.40934 
v 0.08913 0.01029 1.40788 
v 0.08056 0.03627 1.42466 
v 0.07908 0.03776 1.42526 
v 0.07772 0.03108 1.41716 
v 0.07934 0.03273 1.41930 
v 0.08385 0.02881 1.41810 
v 0.12705 0.00499 1.48603 
v 0.12644 0.00554 1.48933 
v 0.12778 0.00259 1.48554 
v 0.10487 0.00877 1.43380 
v 0.10466 0.01074 1.43756 
v 0.10538 0.00838 1.43790 
v 0.05615 0.06157 1.46191 
v 0.05824 0.05971 1.45447 
v 0.05502 0.06025 1.45280 
v 0.05162 0.06227 1.45996 
v 0.10690 0.01805 1.54192 
v 0.10627 0.01654 1.53807 
v 0.10547 0.02184 1.53964 
v 0.10750 0.00382 1.54292 
v 0.10744 0.00021 1.54348 
v 0.10752 0.00027 1.54031 
v 0.10752 0.00310 1.54030 
v 0.10215 0.00837 1.41408 
v 0.09915 0.00739 1.41165 
v 0.09782 0.00965 1.41113 
v 0.10006 0.01182 1.41347 
v 0.10657 0.00351 1.51901 
v 0.10525 0.00453 1.52307 
v 0.10630 0.00209 1.52360 
v 0.10720 0.00176 1.51930 
v 0.08764 0.03872 1.44014 
v 0.08797 0.04046 1.44388 
v 0.09027 0.03849 1.44549 
v 0.08995 0.03621 1.44156 
v 0.05659 0.06655 1.50960 
v 0.04846 0.06846 1.51010 
v 0.04758 0.06828 1.51451 
v 0.05530 0.06636 1.51442 
v 0.11134 0.00565 1.46544 
v 0.11161 0.00258 1.46544 
v 0.11256 0.00290 1.46262 
v 0.11181 0.00575 1.46358 
v 0.09865 0.03963 1.48139 
v 0.09919 0.03887 1.47939 
v 0.09720 0.04237 1.47833 
v 0.09667 0.04303 1.48008 
v 0.09557 0.01127 1.51905 
v 0.09697 0.00985 1.51950 
v 0.09683 0.01013 1.51723 
v 0.10797 0.00633 1.51148 
v 0.10952 0.00356 1.51371 
v 0.11225 0.00415 1.50960 
v 0.11046 0.00651 1.50769 
v 0.06558 0.00814 1.40056 
v 0.07031 0.00825 1.40125 
v 0.07126 0.00315 1.40053 
v 0.06661 0.00328 1.40011 
v 0.07542 0.06087 1.48628 
v 0.08035 0.05840 1.48643 
v 0.08004 0.05771 1.48036 
v 0.07662 0.05906 1.47974 
v 0.09511 0.02292 1.41971 
v 0.09551 0.02397 1.42354 
v 0.09803 0.02160 1.42338 
v 0.09781 0.02037 1.41917 
v 0.09695 0.01954 1.41673 
v 0.09893 0.01704 1.41639 
v 0.09714 0.01600 1.41383 
v 0.09508 0.01878 1.41443 
v 0.10832 0.01099 1.45637 
v 0.11001 0.00745 1.45674 
v 0.10851 0.00823 1.45504 
v 0.10743 0.01090 1.45486 
v 0.02835 0.05053 1.42903 
v 0.03465 0.04575 1.42275 
v 0.04268 0.06643 1.48166 
v 0.04677 0.06526 1.47794 
v 0.05856 0.05671 1.44398 
v 0.05582 0.05553 1.43980 
v 0.05299 0.05686 1.44195 
v 0.05675 0.05774 1.44532 
v 0.07759 0.05579 1.53332 
v 0.08049 0.05406 1.53614 
v 0.08153 0.05385 1.53441 
v 0.09438 0.01367 1.51912 
v 0.09376 0.01560 1.51777 
v 0.09394 0.01609 1.51942 
v 0.09457 0.01442 1.52083 
v 0.08128 0.03338 1.42136 
v 0.08524 0.02959 1.42032 
v 0.07748 0.04285 1.43125 
v 0.07869 0.04490 1.43680 
v 0.08247 0.04212 1.43718 
v 0.08222 0.04026 1.43366 
v 0.04630 0.06795 1.52086 
v 0.03942 0.06888 1.52012 
v 0.03996 0.06865 1.52677 
v 0.04472 0.06735 1.52687 
v 0.03344 0.05985 1.44925 
v 0.03598 0.06091 1.45125 
v 0.04293 0.05847 1.44464 
v 0.03992 0.05684 1.44159 
v 0.02587 0.06387 1.46492 
v 0.02278 0.06317 1.46393 
v 0.02043 0.06402 1.46718 
v 0.02339 0.06473 1.46766 
v 0.11284 0.01561 1.48195 
v 0.11569 0.01415 1.48305 
v 0.10013 0.03372 1.53468 
v 0.10085 0.03338 1.53656 
v 0.08354 0.02542 1.41476 
v 0.08753 0.02066 1.41246 
v 0.08302 0.02050 1.41097 
v 0.08712 0.05093 1.53585 
v 0.08474 0.05234 1.53535 
v 0.08431 0.05109 1.54062 
v 0.08694 0.04950 1.54076 
v 0.06633 0.04591 1.42740 
v 0.06441 0.04740 1.42854 
v 0.06674 0.04822 1.43075 
v 0.06886 0.04650 1.42884 
v 0.06184 0.04632 1.42700 
v 0.05980 0.04431 1.42414 
v 0.10149 0.02892 1.48413 
v 0.10206 0.02388 1.48581 
v 0.10205 0.02387 1.48477 
v 0.09679 0.02465 1.44294 
v 0.09895 0.02203 1.44320 
v 0.09895 0.02187 1.44184 
v 0.09662 0.02474 1.44159 
v 0.09279 0.03208 1.44441 
v 0.09260 0.03495 1.44737 
v 0.09332 0.03225 1.44761 
v 0.09568 0.03597 1.49834 
v 0.09662 0.03609 1.49556 
v 0.04941 0.06815 1.50439 
v 0.05043 0.06764 1.49804 
v 0.04208 0.06863 1.49737 
v 0.04115 0.06920 1.50440 
v -0.00222 0.05748 1.45808 
v 0.00291 0.05783 1.45473 
v 0.11357 0.00131 1.47552 
v 0.11338 0.00284 1.47571 
v 0.11602 0.00332 1.47711 
v 0.11713 0.00215 1.47660 
v 0.11803 0.01272 1.48371 
v 0.11991 0.01177 1.48435 
v 0.11984 0.01032 1.48248 
v 0.11760 0.01173 1.48229 
v 0.09382 0.04547 1.47263 
v 0.09332 0.04727 1.47782 
v 0.09745 0.04069 1.47393 
v 0.10422 0.01569 1.47756 
v 0.10630 0.01556 1.47826 
v 0.10696 0.01486 1.47763 
v 0.10495 0.01495 1.47681 
v 0.10310 0.01667 1.47811 
v 0.10164 0.02024 1.47673 
v 0.10258 0.01712 1.47978 
v 0.05538 0.03148 1.41191 
v 0.04934 0.03805 1.41754 
v 0.05032 0.03909 1.41863 
v 0.05695 0.03398 1.41434 
v 0.05408 0.05472 1.43793 
v 0.05747 0.05328 1.43603 
v 0.05641 0.05246 1.43450 
v 0.05320 0.05428 1.43718 
v 0.03855 0.05603 1.44024 
v 0.04357 0.05459 1.43736 
v 0.03856 0.05217 1.43490 
v 0.02758 0.05644 1.44366 
v 0.03502 0.05379 1.43730 
v 0.03238 0.05216 1.43510 
v 0.02581 0.05542 1.44169 
v 0.09881 0.02333 1.45490 
v 0.09884 0.02385 1.45536 
v 0.10242 0.02158 1.45709 
v 0.10233 0.02117 1.45655 
v 0.07603 0.03641 1.42088 
v 0.08239 0.03434 1.42395 
v 0.06047 0.05581 1.44250 
v 0.05898 0.05448 1.43895 
v 0.09525 0.04497 1.48467 
v 0.09778 0.04078 1.48524 
v 0.09776 0.03030 1.49741 
v 0.09950 0.02968 1.49228 
v 0.09834 0.03670 1.48971 
v 0.10619 0.00244 1.52540 
v 0.10520 0.00479 1.52451 
v 0.10551 0.00463 1.52747 
v 0.10631 0.00215 1.52913 
v 0.09073 0.03956 1.44890 
v 0.09167 0.03952 1.45174 
v 0.09158 0.03848 1.44948 
v 0.09473 0.03288 1.45146 
v 0.09322 0.03640 1.45059 
v -0.04966 0.04491 1.47794 
v 0.12445 0.00219 1.49471 
v 0.12384 0.00439 1.49456 
v 0.12160 0.00307 1.49785 
v 0.12186 0.00103 1.49811 
v 0.11444 0.00224 1.50844 
v 0.11629 0.00187 1.50521 
v 0.11599 0.00388 1.50459 
v 0.11410 0.00402 1.50721 
v 0.02419 0.05726 1.44689 
v 0.02031 0.05586 1.44413 
v 0.11851 0.01214 1.48763 
v 0.11933 0.01205 1.48624 
v 0.11753 0.01307 1.48581 
v 0.11603 0.01303 1.48780 
v 0.10084 0.00802 1.52183 
v 0.10347 0.00650 1.52337 
v 0.10328 0.00622 1.52158 
v 0.05222 0.06560 1.52670 
v 0.05365 0.06596 1.52066 
v 0.10682 0.01676 1.45889 
v 0.10871 0.01377 1.45958 
v 0.10855 0.01379 1.45911 
v 0.10674 0.01636 1.45845 
v 0.09554 0.02356 1.50775 
v 0.09520 0.02372 1.50984 
v 0.07398 0.03393 1.41784 
v 0.07569 0.02906 1.41492 
v 0.07233 0.03204 1.41594 
v 0.08168 0.02715 1.41553 
v -0.07561 0.02963 1.49308 
v -0.06785 0.04070 1.49351 
v -0.07813 0.03048 1.49911 
v 0.08272 0.05525 1.50101 
v 0.08064 0.05430 1.50626 
v 0.08358 0.05101 1.50600 
v 0.08569 0.05156 1.50210 
v -0.02288 0.05433 1.46990 
v 0.05829 0.04255 1.42227 
v 0.06406 0.03869 1.41895 
v 0.08599 0.05472 1.48661 
v 0.03745 0.06868 1.49647 
v 0.03399 0.06843 1.49578 
v 0.03330 0.06900 1.50422 
v 0.03649 0.06920 1.50427 
v -0.00013 0.05957 1.47010 
v -0.00391 0.05934 1.47001 
v 0.03201 0.06958 1.50999 
v 0.03575 0.06953 1.50958 
v 0.02426 0.07088 1.51525 
v 0.03404 0.06967 1.51547 
v 0.02493 0.07002 1.50989 
v 0.10223 0.02253 1.45862 
v 0.10242 0.02210 1.45789 
v 0.09897 0.02491 1.45619 
v 0.09943 0.02585 1.45735 
v 0.09726 0.02597 1.52712 
v 0.09677 0.02638 1.52557 
v 0.09730 0.03014 1.52599 
v 0.09787 0.03033 1.52787 
v 0.12524 0.00419 1.48143 
v 0.12352 0.00696 1.48199 
v 0.12416 0.00729 1.48284 
v 0.12615 0.00432 1.48261 
v 0.09735 0.03525 1.46443 
v 0.09943 0.03168 1.46741 
v 0.09901 0.03148 1.46446 
v 0.09687 0.03500 1.46175 
v 0.10136 0.02871 1.47856 
v 0.10011 0.03439 1.47600 
v 0.10012 0.03593 1.48060 
v 0.08813 0.04247 1.44894 
v 0.09360 0.03832 1.45592 
v 0.09182 0.03992 1.45362 
v 0.09201 0.04033 1.45561 
v 0.09521 0.03802 1.46216 
v 0.09438 0.03819 1.45905 
v 0.10368 0.01718 1.48820 
v 0.10255 0.02017 1.48710 
v 0.10257 0.01960 1.49045 
v 0.10409 0.01664 1.49088 
v 0.10961 0.00707 1.44482 
v 0.10982 0.00733 1.44681 
v 0.11041 0.00264 1.44646 
v 0.10996 0.00247 1.44462 
v 0.10961 0.00261 1.45029 
v 0.10906 0.00790 1.45068 
v 0.10826 0.00770 1.45250 
v 0.10879 0.00260 1.45204 
v 0.08209 0.05732 1.49565 
v 0.07935 0.05907 1.48930 
v 0.07486 0.06121 1.48777 
v 0.07278 0.06245 1.49329 
v 0.07753 0.06016 1.49428 
v 0.12776 0.00128 1.48552 
v 0.12703 0.00124 1.48277 
v 0.12702 0.00237 1.48255 
v 0.10478 0.01925 1.53647 
v 0.02930 0.06017 1.45150 
v 0.02771 0.05925 1.45000 
v 0.02157 0.06030 1.45559 
v 0.02421 0.06120 1.45696 
v 0.02158 0.06288 1.46357 
v 0.06262 0.01997 1.40413 
v 0.06385 0.02110 1.40591 
v 0.05703 0.02542 1.40613 
v 0.05923 0.02700 1.40865 
v 0.12456 0.00117 1.49467 
v 0.06415 0.05786 1.45278 
v 0.06898 0.05670 1.45499 
v 0.06893 0.05611 1.45257 
v 0.06171 0.06058 1.46445 
v 0.06346 0.05900 1.45712 
v -0.02374 0.06425 1.49206 
v -0.02728 0.06270 1.49031 
v -0.03032 0.06581 1.50067 
v 0.08431 0.05232 1.52711 
v 0.08690 0.05120 1.52907 
v 0.08474 0.05129 1.52560 
v 0.08486 0.04040 1.43800 
v 0.08270 0.04352 1.44022 
v 0.08487 0.04241 1.44172 
v 0.09051 0.04899 1.53375 
v 0.09325 0.04640 1.53487 
v 0.09293 0.04626 1.53173 
v 0.08762 0.05120 1.53265 
v 0.08980 0.04920 1.53105 
v 0.08727 0.05120 1.53084 
v -0.02500 0.05907 1.48212 
v -0.02938 0.05593 1.47793 
v -0.03203 0.06036 1.48840 
v 0.07101 0.05786 1.53885 
v 0.07774 0.05452 1.54059 
v 0.11040 0.01033 1.46424 
v 0.11031 0.01014 1.46513 
v 0.10897 0.01665 1.48317 
v 0.10825 0.01636 1.48482 
v 0.11146 0.01562 1.48526 
v 0.11208 0.01601 1.48406 
v 0.03983 0.06936 1.51011 
v 0.03287 0.07001 1.51939 
v 0.03181 0.07066 1.52613 
v 0.08932 0.01687 1.41066 
v 0.08610 0.01538 1.40931 
v 0.07247 0.05810 1.53038 
v 0.06565 0.06118 1.52520 
v 0.06572 0.06037 1.53224 
v 0.10903 0.00179 1.51602 
v 0.10844 0.00340 1.51584 
v 0.10442 0.01091 1.41888 
v 0.10585 0.00644 1.41949 
v 0.10493 0.00586 1.41694 
v 0.10333 0.00950 1.41589 
v 0.10634 0.00246 1.43083 
v 0.10696 0.00305 1.42662 
v 0.10686 0.00480 1.42626 
v 0.10612 0.00471 1.43057 
v 0.09117 0.04565 1.54363 
v 0.09625 0.02375 1.43158 
v 0.09705 0.02283 1.42810 
v 0.09452 0.02518 1.42760 
v 0.09358 0.02656 1.43095 
v 0.09669 0.02677 1.52264 
v 0.09618 0.02446 1.52263 
v 0.09555 0.02412 1.52115 
v 0.09642 0.02736 1.52193 
v 0.09517 0.02658 1.45142 
v 0.09447 0.02832 1.44965 
v 0.09460 0.02969 1.44997 
v 0.09529 0.02684 1.45188 
v 0.03709 0.05012 1.43226 
v 0.03727 0.04694 1.42718 
v 0.07606 0.05049 1.44567 
v 0.07789 0.05074 1.44930 
v 0.07931 0.04861 1.44617 
v 0.05018 0.05602 1.43966 
v 0.04812 0.06004 1.44886 
v 0.04479 0.05942 1.44655 
v 0.04054 0.06210 1.45458 
v 0.04370 0.06253 1.45654 
v 0.10312 0.01756 1.48349 
v 0.10339 0.01747 1.48569 
v 0.10391 0.01635 1.48583 
v 0.05743 0.04083 1.42058 
v 0.05461 0.04338 1.42302 
v 0.05559 0.04425 1.42387 
v 0.05756 0.04583 1.42540 
v 0.05929 0.04855 1.42866 
v 0.06687 0.06426 1.49324 
v 0.06887 0.06298 1.48617 
v 0.06176 0.06500 1.48962 
v 0.07193 0.04620 1.43079 
v 0.07151 0.04375 1.42682 
v 0.00289 0.05718 1.44979 
v 0.00525 0.05759 1.45179 
v 0.05495 0.03912 1.41906 
v 0.05856 0.03509 1.41558 
v 0.11738 0.01082 1.48122 
v 0.08335 0.05336 1.53044 
v 0.08318 0.05355 1.53164 
v 0.10639 0.01223 1.47541 
v 0.10558 0.01329 1.47607 
v 0.10795 0.01329 1.47718 
v 0.10821 0.01161 1.47668 
v 0.08985 0.00584 1.40737 
v 0.09380 0.00595 1.40869 
v 0.10668 0.01202 1.50005 
v 0.10908 0.01014 1.50135 
v 0.11142 0.01007 1.49821 
v 0.10915 0.01213 1.49516 
v 0.09281 0.04835 1.48048 
v 0.09198 0.04902 1.48320 
v 0.12233 0.00801 1.49299 
v 0.12541 0.00521 1.49223 
v 0.12356 0.00836 1.48982 
v 0.12126 0.01055 1.48889 
v 0.11992 0.00995 1.49106 
v 0.10763 0.00672 1.54284 
v 0.06888 0.05321 1.44310 
v 0.07067 0.05176 1.44104 
v 0.06813 0.05175 1.43827 
v 0.06537 0.05359 1.44033 
v 0.01889 0.07154 1.51454 
v 0.09243 0.04107 1.45978 
v 0.08856 0.04468 1.45693 
v 0.08899 0.04666 1.46337 
v 0.09346 0.04236 1.46554 
v 0.08882 0.04764 1.46565 
v 0.08841 0.04976 1.47035 
v 0.09359 0.04357 1.46794 
v 0.11846 0.00878 1.48155 
v 0.12144 0.00761 1.48135 
v 0.11886 0.00678 1.48037 
v 0.12241 0.00859 1.48238 
v 0.08964 0.02414 1.41626 
v 0.09242 0.02152 1.41515 
v 0.09033 0.02111 1.41409 
v 0.08885 0.02279 1.41489 
v 0.10370 0.01687 1.47989 
v 0.10381 0.01623 1.47834 
v 0.06074 0.04983 1.43083 
v 0.10221 0.01499 1.41886 
v 0.10236 0.01625 1.42420 
v 0.10469 0.01181 1.42096 
v 0.11097 0.00689 1.45800 
v 0.11203 0.00292 1.45779 
v 0.11104 0.00286 1.45621 
v 0.10819 0.00258 1.45318 
v 0.10759 0.00764 1.45384 
v 0.08887 0.02680 1.41916 
v 0.08660 0.02645 1.41730 
v 0.07994 0.05154 1.51805 
v 0.07673 0.05468 1.51759 
v 0.07532 0.05630 1.51907 
v 0.07977 0.05240 1.51971 
v 0.07919 0.05180 1.51457 
v 0.08207 0.04899 1.51231 
v 0.07915 0.05355 1.51015 
v 0.08545 0.04680 1.50886 
v 0.08246 0.04969 1.50972 
v 0.08451 0.04676 1.51146 
v 0.09647 0.03473 1.45905 
v 0.09872 0.03131 1.46203 
v 0.09476 0.03552 1.45384 
v 0.05435 0.06252 1.46713 
v 0.05294 0.06360 1.47371 
v 0.05909 0.06263 1.47495 
v 0.06028 0.06161 1.47011 
v 0.09378 0.03073 1.44773 
v 0.09373 0.02960 1.44524 
v 0.04396 0.06825 1.53387 
v 0.03971 0.06897 1.53122 
v 0.04432 0.06835 1.53672 
v 0.09585 0.01139 1.52055 
v 0.09660 0.01179 1.52282 
v 0.09774 0.00988 1.52161 
v 0.07547 0.05396 1.45574 
v 0.08119 0.05144 1.45881 
v 0.08157 0.04942 1.45349 
v 0.07690 0.05199 1.45192 
v 0.03069 0.06490 1.47147 
v 0.02885 0.06520 1.47614 
v 0.08211 0.05764 1.49041 
v 0.07998 0.05879 1.49494 
v 0.08311 0.05675 1.48651 
v 0.06581 0.02430 1.40879 
v 0.06208 0.02885 1.41099 
v 0.10683 0.00189 1.44052 
v 0.10673 0.00041 1.44052 
v 0.10629 0.00039 1.43841 
v 0.10634 0.00173 1.43837 
v 0.09427 0.02227 1.41746 
v 0.11921 0.00272 1.47753 
v 0.11825 0.00392 1.47808 
v 0.09689 0.02304 1.50378 
v 0.09681 0.02669 1.50206 
v 0.09500 0.04185 1.54456 
v 0.09574 0.03837 1.54925 
v 0.09696 0.03839 1.54664 
v 0.09756 0.03840 1.54503 
v 0.09833 0.03572 1.46893 
v 0.09642 0.03897 1.46744 
v 0.09669 0.03977 1.46959 
v 0.09876 0.03586 1.47116 
v 0.09520 0.01289 1.41096 
v 0.09846 0.01413 1.41341 
v 0.09680 0.01074 1.51427 
v 0.09731 0.01227 1.51080 
v -0.00629 0.05776 1.46517 
v -0.00225 0.05812 1.46479 
v 0.00116 0.05866 1.46483 
v 0.11191 0.00225 1.47444 
v 0.11099 0.00481 1.47326 
v 0.11108 0.00518 1.47432 
v 0.11202 0.00300 1.47510 
v 0.10117 0.02866 1.47653 
v 0.10190 0.01765 1.45263 
v 0.10359 0.01540 1.45229 
v 0.10383 0.01568 1.45123 
v 0.10196 0.01761 1.45198 
v 0.09944 0.01992 1.45265 
v 0.09749 0.02200 1.45283 
v 0.09784 0.02163 1.45338 
v 0.09949 0.01979 1.45294 
v 0.02121 0.05401 1.43496 
v 0.11719 0.01145 1.49024 
v 0.10390 0.02075 1.45968 
v 0.10429 0.02032 1.45878 
v 0.07893 0.05508 1.52477 
v 0.11152 0.00867 1.50165 
v 0.11469 0.00655 1.50244 
v 0.11418 0.00808 1.50003 
v 0.04796 0.05552 1.43884 
v 0.03079 0.05876 1.44714 
v 0.07547 0.05587 1.51626 
v 0.07570 0.05607 1.51443 
v 0.07349 0.05816 1.51439 
v 0.07343 0.05800 1.51569 
v 0.10539 0.01105 1.44003 
v 0.10616 0.00825 1.43996 
v 0.10698 0.00344 1.42269 
v 0.10112 0.01729 1.42938 
v 0.10295 0.01390 1.42991 
v 0.10438 0.01275 1.42469 
v 0.08839 0.04330 1.45222 
v 0.08852 0.04425 1.45531 
v 0.09044 0.04099 1.45190 
v 0.09641 0.02364 1.45326 
v 0.09601 0.02448 1.45321 
v 0.09631 0.02458 1.45390 
v 0.09652 0.02390 1.45391 
v 0.07003 0.04733 1.43191 
v 0.07226 0.04834 1.43523 
v 0.07397 0.04669 1.43405 
v 0.00729 0.05767 1.45429 
v 0.06727 0.00082 1.40012 
v 0.10525 0.01182 1.53385 
v 0.10637 0.01252 1.53650 
v 0.10670 0.01122 1.45275 
v 0.10627 0.01086 1.45419 
v 0.07004 0.04363 1.42546 
v 0.09970 0.02614 1.45846 
v 0.10016 0.02659 1.46009 
v 0.04160 0.06495 1.47046 
v 0.04832 0.06432 1.47270 
v 0.04991 0.06314 1.46490 
v 0.04580 0.06340 1.46192 
v 0.08266 0.03837 1.43116 
v 0.08156 0.03943 1.43133 
v 0.08569 0.02633 1.41656 
v 0.11271 0.00298 1.46103 
v 0.11225 0.00587 1.46107 
v 0.11262 0.00207 1.51076 
v 0.10077 0.01145 1.50829 
v 0.10036 0.01315 1.50634 
v 0.07208 0.05801 1.53272 
v 0.07767 0.05605 1.52864 
v 0.07147 0.05866 1.52686 
v 0.07763 0.05592 1.53085 
v 0.09428 0.02057 1.51310 
v 0.09511 0.02401 1.51084 
v 0.09505 0.02492 1.51158 
v 0.11024 0.01550 1.47994 
v 0.11053 0.01377 1.47937 
v 0.10353 0.01719 1.48124 
v 0.10281 0.01723 1.48102 
v 0.09457 0.02721 1.43915 
v 0.09308 0.02782 1.43340 
v 0.09295 0.02957 1.43893 
v -0.01738 0.06924 1.50381 
v -0.01874 0.06603 1.49525 
v -0.02291 0.06826 1.50265 
v 0.04542 0.06607 1.48279 
v 0.05776 0.06394 1.48226 
v 0.06343 0.06368 1.48427 
v 0.06552 0.06194 1.47781 
v 0.07624 0.04584 1.43536 
v 0.07581 0.04783 1.43876 
v 0.02402 0.05437 1.43917 
v 0.03032 0.05113 1.43272 
v 0.09151 0.03422 1.44280 
v 0.09145 0.03709 1.44655 
v 0.09881 0.00904 1.52062 
v 0.11136 0.00667 1.45849 
v 0.11157 0.00648 1.45913 
v 0.11248 0.00300 1.45875 
v 0.10159 0.01773 1.45346 
v 0.10352 0.01539 1.45317 
v -0.01947 0.06226 1.48551 
v 0.08712 0.05272 1.47833 
v 0.08457 0.05436 1.47755 
v 0.08402 0.05545 1.48102 
v 0.08668 0.05363 1.48161 
v 0.10623 0.00037 1.52927 
v 0.10604 0.00037 1.52552 
v 0.07950 0.05161 1.51635 
v 0.07771 0.05354 1.51634 
v 0.10444 0.01914 1.45751 
v 0.10675 0.01747 1.46092 
v 0.07338 0.00724 1.40236 
v 0.07419 0.00378 1.40204 
v 0.09580 0.00646 1.40969 
v 0.09986 0.01959 1.42371 
v 0.09915 0.02024 1.42871 
v 0.10375 0.01619 1.47718 
v 0.10416 0.01515 1.47613 
v 0.09029 0.04078 1.50970 
v 0.09048 0.04103 1.50796 
v 0.08659 0.04498 1.51063 
v 0.08712 0.04383 1.51325 
v -0.01091 0.06608 1.49708 
v -0.00959 0.06496 1.49207 
v -0.01589 0.06355 1.48723 
v 0.10707 0.01059 1.54909 
v 0.10740 0.01063 1.54633 
v 0.10734 0.01416 1.54606 
v 0.10691 0.01446 1.54867 
v 0.10747 0.01375 1.54300 
v 0.10776 0.01081 1.54256 
v 0.10527 0.01507 1.44627 
v 0.10394 0.01657 1.44701 
v 0.10406 0.01625 1.44877 
v 0.10584 0.01475 1.44777 
v 0.04332 0.06773 1.49148 
v 0.05115 0.06683 1.49257 
v 0.05078 0.06547 1.48487 
v 0.07918 0.04644 1.44116 
v 0.07719 0.04891 1.44323 
v 0.07463 0.04968 1.44073 
v 0.06345 0.02977 1.41217 
v 0.05072 0.05824 1.44524 
v 0.04714 0.05762 1.44277 
v 0.02773 0.06764 1.49476 
v 0.02694 0.06776 1.49921 
v 0.10765 0.00684 1.54058 
v 0.10522 0.01558 1.49093 
v 0.10500 0.01525 1.48868 
v 0.10435 0.01612 1.48848 
v 0.03374 0.06778 1.48880 
v 0.03698 0.06798 1.48958 
v 0.08930 0.04936 1.52934 
v 0.08844 0.04892 1.52666 
v 0.09335 0.01857 1.51705 
v 0.09381 0.01802 1.51885 
v 0.09354 0.01673 1.51759 
v 0.09345 0.01725 1.51625 
v 0.05282 0.02992 1.40936 
v 0.04554 0.03629 1.41404 
v 0.09644 0.02462 1.52396 
v 0.09696 0.02718 1.52385 
v 0.09638 0.02306 1.52480 
v 0.08695 0.03096 1.42370 
v 0.08657 0.03041 1.42233 
v 0.08555 0.04531 1.51470 
v 0.08402 0.04680 1.51413 
v 0.08414 0.04710 1.51635 
v 0.02835 0.06597 1.48290 
v 0.02906 0.06695 1.48794 
v 0.07523 0.05691 1.52421 
v -0.06544 0.02057 1.47311 
v -0.05854 0.01931 1.46293 
v 0.09584 0.04263 1.53281 
v 0.09631 0.04257 1.53524 
v 0.09895 0.03763 1.53514 
v 0.09814 0.03811 1.53303 
v 0.02531 0.06686 1.48719 
v 0.02418 0.06655 1.48016 
v 0.07716 0.05961 1.50047 
v 0.07474 0.06091 1.50035 
v 0.07227 0.06118 1.50496 
v 0.07510 0.05934 1.50528 
v 0.10214 0.03229 1.54300 
v 0.10189 0.03187 1.54542 
v 0.10394 0.02770 1.54533 
v 0.10408 0.02777 1.54383 
v 0.10027 0.02802 1.46687 
v 0.10028 0.02815 1.46934 
v 0.07346 0.03854 1.42158 
v 0.04035 0.04080 1.41781 
v 0.08761 0.05184 1.47576 
v 0.08212 0.04522 1.44332 
v 0.00934 0.05983 1.46999 
v 0.00550 0.05886 1.46539 
v 0.10027 0.02789 1.46439 
v 0.10449 0.00576 1.51803 
v 0.05950 0.06303 1.52603 
v 0.05178 0.06550 1.52955 
v 0.05957 0.06251 1.53231 
v 0.09663 0.04154 1.48915 
v 0.09909 0.03665 1.48659 
v 0.11422 0.00089 1.50874 
v 0.11636 0.00091 1.50536 
v 0.10904 0.00905 1.44513 
v 0.10807 0.01178 1.44612 
v 0.10809 0.01095 1.44794 
v 0.04036 0.04844 1.43014 
v 0.09868 0.02218 1.44448 
v 0.09658 0.02443 1.44562 
v 0.08174 0.04905 1.51464 
v 0.10763 0.01556 1.48697 
v 0.11066 0.01480 1.48744 
v 0.10739 0.00350 1.53723 
v 0.10756 0.00692 1.53884 
v 0.10740 0.00329 1.53890 
v 0.05182 0.06019 1.45095 
v 0.04766 0.06254 1.45802 
v 0.07480 0.00085 1.40185 
v 0.07155 0.00085 1.40050 
v 0.10675 0.01279 1.53846 
v 0.10727 0.01105 1.53857 
v 0.10379 0.00692 1.52608 
v 0.10425 0.00763 1.52808 
v 0.10497 0.00871 1.53106 
v 0.10587 0.00494 1.53005 
v 0.10468 0.01363 1.45416 
v 0.10499 0.01375 1.45294 
v 0.04541 0.05709 1.44183 
v 0.10346 0.02131 1.46086 
v 0.10281 0.02224 1.46276 
v 0.10470 0.01914 1.46457 
v 0.10586 0.01815 1.46245 
v 0.10185 0.02321 1.45998 
v 0.10163 0.02412 1.46162 
v 0.09724 0.03047 1.52328 
v 0.09675 0.02988 1.52217 
v 0.09675 0.03308 1.52238 
v 0.09763 0.03419 1.52367 
v 0.10110 0.01409 1.41597 
v 0.09861 0.02072 1.43247 
v 0.10045 0.01947 1.43984 
v 0.10193 0.01731 1.43993 
v 0.10273 0.01498 1.43647 
v 0.10025 0.01895 1.43550 
v 0.04523 0.04210 1.42210 
v 0.04353 0.04144 1.42092 
v 0.10703 0.01776 1.54581 
v 0.10639 0.01773 1.54839 
v 0.10957 0.01172 1.46463 
v 0.10984 0.01181 1.46384 
v 0.11181 0.00627 1.45982 
v 0.11029 0.01109 1.46021 
v 0.11043 0.01088 1.46169 
v 0.10957 0.00798 1.44874 
v 0.10765 0.01135 1.44955 
v 0.11016 0.00282 1.44839 
v 0.03953 0.06277 1.45808 
v 0.03690 0.06240 1.45659 
v 0.03358 0.06385 1.46411 
v 0.03699 0.06439 1.46674 
v -0.07224 0.01864 1.48149 
v -0.06740 0.01035 1.47239 
v -0.07520 0.00799 1.48240 
v 0.09780 0.01275 1.52520 
v 0.09903 0.01363 1.52698 
v 0.09988 0.01096 1.52620 
v 0.09844 0.00986 1.52338 
v 0.08400 0.05024 1.54461 
v 0.08394 0.04995 1.54641 
v 0.08674 0.04852 1.54413 
v 0.00403 0.05806 1.45885 
v 0.03911 0.06914 1.51611 
v 0.12006 0.00070 1.47736 
v 0.11752 0.00054 1.47649 
v -0.01580 0.05545 1.46783 
v 0.09220 0.04069 1.45753 
v 0.07061 0.06289 1.49960 
v 0.06840 0.06296 1.50461 
v 0.08784 0.03363 1.43189 
v 0.09025 0.03092 1.43278 
v 0.09076 0.02966 1.43018 
v 0.08850 0.03193 1.42970 
v 0.11213 0.01129 1.49414 
v 0.07081 0.06091 1.47868 
v 0.09967 0.03251 1.46998 
v -0.08296 0.01636 1.49764 
v 0.09664 0.03091 1.49984 
v 0.09379 0.01531 1.51625 
v 0.09367 0.01769 1.51503 
v 0.08804 0.04176 1.44714 
v 0.09541 0.02661 1.44428 
v 0.09521 0.02674 1.44247 
v 0.09420 0.02857 1.44557 
v 0.09446 0.02779 1.44695 
v 0.06607 0.03163 1.41390 
v 0.06963 0.02903 1.41298 
v 0.06707 0.02628 1.41030 
v 0.11440 0.00392 1.47777 
v 0.11234 0.00400 1.47645 
v 0.10639 0.00360 1.42045 
v 0.10542 0.00370 1.41759 
v 0.02820 0.06413 1.46594 
v 0.02734 0.06468 1.46953 
v 0.09403 0.03527 1.50596 
v 0.09413 0.03529 1.50452 
v 0.09314 0.03775 1.50566 
v 0.09275 0.03758 1.50792 
v 0.10578 0.00464 1.43440 
v 0.10559 0.00812 1.43023 
v 0.10581 0.01443 1.55301 
v 0.11497 0.01440 1.48542 
v 0.10495 0.02474 1.54080 
v 0.10511 0.02479 1.54198 
v 0.10094 0.01894 1.49757 
v 0.09909 0.01889 1.50158 
v 0.02333 0.06820 1.49660 
v 0.09763 0.03022 1.52489 
v 0.10686 0.00257 1.53246 
v 0.10687 0.00034 1.53269 
v 0.11858 0.00553 1.49970 
v 0.11959 0.00258 1.50097 
v 0.12058 0.00685 1.49606 
v 0.08492 0.01500 1.40850 
v 0.00088 0.05791 1.45845 
v 0.06123 0.03705 1.41746 
v 0.07396 0.05895 1.50927 
v 0.07063 0.06114 1.50938 
v 0.09010 0.02573 1.41880 
v 0.08471 0.04404 1.44522 
v 0.11193 0.00084 1.45763 
v 0.11096 0.00084 1.45615 
v 0.09446 0.01453 1.41152 
v 0.09265 0.01835 1.41280 
v 0.10989 0.00731 1.47585 
v 0.10969 0.00783 1.47503 
v 0.10857 0.00983 1.47582 
v 0.10848 0.00933 1.47677 
v 0.09987 0.03665 1.48296 
v 0.08461 0.05031 1.46328 
v 0.08065 0.05255 1.46123 
v 0.07962 0.05447 1.46560 
v 0.08321 0.05250 1.46752 
v 0.08198 0.04686 1.44694 
v 0.01454 0.07437 1.52493 
v 0.10007 0.01867 1.43301 
v 0.10276 0.01392 1.43350 
v 0.10247 0.01886 1.49335 
v 0.10334 0.01646 1.49517 
v 0.10891 0.01368 1.46077 
v 0.08728 0.03806 1.43843 
v 0.07948 0.02544 1.41339 
v 0.08059 0.02335 1.41231 
v 0.03945 0.06792 1.49029 
v 0.10692 0.01892 1.54387 
v 0.05639 0.05918 1.45018 
v 0.05404 0.05959 1.44844 
v 0.12346 0.00093 1.47878 
v 0.01923 0.06059 1.45807 
v 0.08564 0.04639 1.45383 
v 0.08595 0.04670 1.45534 
v 0.09403 0.01972 1.51927 
v 0.09346 0.01972 1.51813 
v 0.09425 0.02124 1.51951 
v 0.09510 0.02182 1.52107 
v 0.10561 0.01606 1.48641 
v 0.10731 0.01463 1.48925 
v 0.09339 0.04576 1.53800 
v 0.09247 0.04550 1.54135 
v 0.09565 0.04209 1.54200 
v 0.09634 0.04235 1.53882 
v 0.08508 0.04925 1.46088 
v 0.06960 0.01565 1.40447 
v 0.02313 0.06852 1.50049 
v 0.02611 0.06839 1.50386 
v 0.10630 0.00684 1.42175 
v 0.10634 0.00729 1.42580 
v 0.07656 0.05678 1.50926 
v 0.07786 0.05726 1.50565 
v 0.10079 0.01514 1.52968 
v 0.10175 0.01242 1.52907 
v 0.04567 0.04937 1.43094 
v 0.10597 0.01363 1.45484 
v 0.10454 0.01581 1.45456 
v 0.10517 0.01608 1.45576 
v 0.10690 0.01354 1.45628 
v 0.10639 0.01598 1.46630 
v 0.10698 0.01633 1.46348 
v 0.10180 0.02384 1.48072 
v 0.10160 0.02387 1.47860 
v 0.07044 0.04945 1.43677 
v 0.07233 0.05014 1.43907 
v -0.05407 0.04797 1.48670 
v 0.10736 0.01470 1.54105 
v 0.10674 0.01396 1.53800 
v 0.11971 0.00835 1.49495 
v 0.11722 0.00744 1.49847 
v 0.11018 0.01280 1.49138 
v -0.00863 0.06845 1.50609 
v 0.11011 0.00280 1.45483 
v 0.10997 0.00083 1.45474 
v 0.10819 0.00082 1.45350 
v 0.10824 0.00259 1.45342 
v 0.07347 0.01133 1.40370 
v 0.07449 0.05529 1.45834 
v 0.07400 0.05639 1.46254 
v 0.08714 0.04679 1.50535 
v 0.08852 0.04691 1.50261 
v 0.09733 0.03435 1.52480 
v 0.09696 0.03454 1.52598 
v 0.07166 0.05605 1.45642 
v 0.07061 0.05724 1.46078 
v 0.10109 0.02408 1.47332 
v 0.10132 0.02397 1.47100 
v 0.10073 0.02828 1.47157 
v 0.09273 0.04622 1.53033 
v 0.04544 0.04537 1.42605 
v 0.09496 0.01224 1.51876 
v 0.09517 0.01230 1.51997 
v 0.10180 0.02389 1.48841 
v 0.10116 0.02910 1.48608 
v 0.10221 0.01603 1.49937 
v 0.10193 0.02037 1.49257 
v 0.10107 0.02452 1.49088 
v 0.10058 0.02937 1.48898 
v 0.10324 0.00813 1.51210 
v 0.11246 0.00644 1.50530 
v 0.11086 0.00843 1.50343 
v 0.10941 0.00753 1.50664 
v 0.10692 0.01018 1.50408 
v 0.10488 0.01205 1.50250 
v 0.10130 0.02398 1.47542 
v 0.10098 0.02845 1.47384 
v 0.10243 0.02053 1.48525 
v 0.09932 0.03689 1.47508 
v 0.09568 0.03158 1.50262 
v 0.09601 0.02707 1.50418 
v 0.09628 0.03112 1.50065 
v 0.10499 0.00915 1.50828 
v 0.10296 0.01185 1.50533 
v 0.10209 0.01341 1.50370 
v 0.10359 0.01394 1.50099 
v 0.10658 0.00573 1.51475 
v 0.09666 0.01834 1.50671 
v 0.09691 0.01417 1.50934 
v 0.09985 0.01587 1.50340 
v 0.10627 0.00516 1.53187 
v 0.10386 0.01091 1.53076 
v 0.10265 0.01018 1.52866 
v 0.10164 0.00928 1.52609 
v 0.10110 0.00875 1.52456 
v 0.10180 0.01612 1.53118 
v 0.10267 0.01308 1.53046 
v 0.10038 0.01691 1.53010 
v 0.09987 0.01929 1.53044 
v 0.10120 0.01917 1.53198 
v 0.09853 0.01668 1.52782 
v 0.09844 0.01938 1.52857 
v 0.09722 0.03482 1.52780 
v 0.10345 0.02757 1.54748 
v 0.10751 0.01499 1.54320 
v 0.10266 0.02250 1.53469 
v 0.10423 0.02455 1.53801 
v 0.10457 0.02465 1.53938 
v 0.10012 0.03595 1.54287 
v 0.09926 0.03603 1.54541 
v 0.08777 0.04322 1.51602 
v 0.08898 0.04134 1.51739 
v 0.08967 0.04095 1.51419 
v 0.09546 0.03602 1.52160 
v 0.09664 0.03669 1.52297 
v 0.06570 0.06470 1.49878 
v 0.06419 0.06468 1.50420 
v 0.05798 0.06653 1.50430 
v 0.05948 0.06624 1.49855 
v 0.06086 0.06551 1.49313 
v 0.05619 0.06634 1.49298 
v 0.05372 0.06715 1.49825 
v 0.08822 0.04422 1.50779 
v 0.08996 0.04332 1.50484 
v 0.09188 0.04212 1.50140 
v 0.11261 0.00920 1.49901 
v 0.10486 0.01444 1.49712 
v 0.08813 0.04421 1.51863 
v 0.08592 0.04539 1.51607 
v 0.08525 0.04702 1.51826 
v 0.08780 0.04554 1.51993 
v 0.09561 0.02744 1.50720 
v 0.09571 0.02721 1.50564 
v 0.08991 0.04684 1.50008 
v 0.10740 0.00029 1.53879 
v 0.10741 0.00030 1.53716 
v 0.09443 0.01329 1.51791 
v 0.09497 0.01290 1.51515 
v 0.09482 0.01534 1.51271 
v 0.11510 0.01252 1.48974 
v 0.11404 0.00994 1.49604 
v 0.11515 0.01082 1.49229 
v 0.11573 0.00871 1.49733 
v 0.11823 0.00972 1.49357 
v 0.09627 0.01310 1.52332 
v 0.09657 0.01402 1.52424 
v 0.09568 0.01301 1.52230 
v 0.09571 0.01506 1.52343 
v 0.11972 0.00096 1.50100 
v 0.09829 0.03031 1.52918 
v 0.09812 0.02597 1.52870 
v 0.09790 0.02255 1.52803 
v 0.09866 0.02267 1.52926 
v 0.09725 0.02007 1.52674 
v 0.09622 0.01961 1.52479 
v 0.09695 0.02226 1.52630 
v 0.09716 0.01651 1.52594 
v 0.09587 0.01714 1.52406 
v 0.09885 0.03029 1.53063 
v 0.09881 0.02637 1.53010 
v 0.02079 0.07393 1.52964 
v 0.05132 0.06551 1.53275 
v 0.07002 0.06063 1.51444 
v 0.06141 0.06443 1.51456 
v 0.06270 0.06457 1.50961 
v 0.06078 0.06399 1.51802 
v 0.05446 0.06615 1.51756 
v 0.06037 0.06368 1.52049 
v 0.04712 0.06815 1.51677 
v 0.06888 0.05911 1.46752 
v 0.06730 0.06059 1.47334 
v 0.11081 0.00487 1.47202 
v 0.11123 0.00219 1.47280 
v 0.11106 0.00220 1.47172 
v 0.11088 0.00550 1.46763 
v 0.11061 0.00495 1.47078 
v 0.11083 0.00222 1.47048 
v 0.11098 0.00242 1.46740 
v 0.11060 0.01269 1.47931 
v 0.10755 0.01662 1.48072 
v 0.10538 0.01680 1.48027 
v 0.11029 0.01381 1.48964 
v 0.09979 0.03337 1.47227 
v 0.10506 0.01476 1.44369 
v 0.10673 0.01103 1.44261 
v 0.10576 0.01115 1.44154 
v 0.10434 0.01494 1.44239 
v 0.10066 0.01991 1.44335 
v 0.10082 0.01973 1.44622 
v 0.10241 0.01820 1.44529 
v 0.10205 0.01779 1.44311 
v 0.10762 0.00196 1.44142 
v 0.10661 0.00526 1.44068 
v 0.10757 0.00546 1.44173 
v 0.10562 0.01112 1.44093 
v 0.10641 0.00820 1.44066 
v 0.09204 0.04075 1.50396 
v 0.08458 0.04882 1.52058 
v 0.08765 0.04657 1.52116 
v 0.08344 0.04966 1.52036 
v 0.08242 0.04930 1.51816 
v 0.09464 0.03932 1.52327 
v 0.09465 0.03817 1.52185 
v 0.09282 0.04020 1.52111 
v 0.09243 0.04167 1.52230 
v 0.08788 0.04370 1.51740 
v 0.09060 0.04231 1.51994 
v 0.09109 0.04119 1.51903 
v 0.08816 0.04285 1.51725 
v 0.09487 0.03621 1.50056 
v 0.09419 0.03651 1.50308 
v 0.08505 0.05343 1.47478 
v 0.07867 0.05643 1.47193 
v 0.07723 0.05800 1.47607 
v 0.08061 0.05645 1.47668 
v 0.08121 0.05529 1.47304 
v 0.07313 0.05826 1.46969 
v 0.07179 0.05973 1.47477 
v 0.08737 0.04351 1.51461 
v 0.08934 0.04152 1.51243 
v 0.09153 0.03869 1.51314 
v 0.09181 0.03875 1.51076 
v 0.09335 0.03642 1.51084 
v 0.09387 0.03555 1.50850 
v 0.09536 0.02964 1.50982 
v 0.09539 0.02762 1.50881 
v 0.09497 0.03222 1.50773 
v 0.09475 0.03344 1.50956 
v 0.09514 0.03200 1.50564 
v 0.09643 0.03689 1.52418 
v 0.09615 0.03720 1.52558 
v 0.09336 0.03847 1.52037 
v 0.09439 0.04057 1.52489 
v 0.08423 0.04782 1.51823 
v 0.08188 0.04911 1.51640 
v 0.09038 0.04485 1.52311 
v 0.09050 0.04347 1.52138 
v 0.09226 0.04306 1.52404 
v 0.09479 0.01552 1.52165 
v 0.09642 0.03760 1.52750 
v 0.09448 0.04167 1.52725 
v 0.08759 0.04838 1.52390 
v 0.09518 0.03184 1.50446 
v 0.09020 0.03988 1.51538 
v 0.09513 0.01345 1.52156 
v 0.09508 0.01794 1.51042 
v 0.09607 0.02338 1.50615 
v 0.09353 0.01851 1.51535 
v 0.07971 0.05781 1.50068 
v 0.05699 0.06519 1.48761 
v 0.03649 0.06474 1.46856 
v 0.03236 0.06437 1.46723 
v 0.06677 0.06302 1.50953 
v 0.06565 0.06182 1.52023 
v 0.05991 0.06254 1.53842 
v 0.05099 0.06573 1.53597 
v 0.07967 0.05341 1.52143 
v 0.07360 0.05759 1.52104 
v 0.06973 0.06010 1.51993 
v 0.07087 0.05914 1.52460 
v 0.07247 0.05513 1.45414 
v 0.05168 0.06447 1.47995 
v 0.02923 0.06308 1.46149 
v 0.03276 0.06159 1.45447 
v 0.03098 0.06083 1.45290 
v 0.02670 0.06222 1.45911 
v 0.04208 0.06310 1.45959 
v 0.03891 0.06167 1.45332 
v 0.02623 0.06658 1.47345 
v 0.09565 0.01173 1.51508 
v 0.08487 0.05008 1.52296 
v 0.07345 0.05771 1.51882 
v 0.06976 0.06022 1.51849 
v 0.06570 0.06205 1.51834 
v 0.09174 0.04053 1.50600 
v 0.06595 0.06260 1.51453 
v 0.09940 0.02663 1.53145 
v 0.09949 0.03025 1.53197 
v 0.09824 0.03448 1.53080 
v 0.09928 0.03409 1.53295 
v 0.09981 0.03675 1.53758 
v 0.02057 0.07005 1.51005 
v 0.05467 0.05121 1.43229 
v 0.05180 0.04929 1.43002 
v 0.04827 0.05134 1.43276 
v 0.05091 0.05329 1.43518 
v 0.00156 0.06183 1.47867 
v 0.00210 0.06088 1.47582 
v 0.00320 0.05934 1.47118 
v 0.00495 0.06094 1.47669 
v 0.00751 0.06029 1.47389 
v -0.00793 0.05871 1.46983 
v -0.04479 0.06369 1.50917 
v -0.04997 0.06040 1.50761 
v -0.03527 0.06381 1.49945 
v 0.02790 0.06565 1.47911 
v 0.02393 0.06679 1.47714 
v 0.10356 0.01996 1.46771 
v 0.10558 0.01560 1.46915 
v 0.10767 0.01060 1.47462 
v 0.10937 0.00854 1.47414 
v 0.10753 0.01065 1.47342 
v 0.10927 0.00873 1.47291 
v 0.10891 0.01142 1.46699 
v 0.10804 0.01099 1.47042 
v 0.10912 0.00911 1.47067 
v 0.10983 0.00963 1.46724 
v 0.10805 0.01309 1.46675 
v 0.10706 0.01274 1.46995 
v 0.10687 0.01690 1.46220 
v 0.10898 0.01344 1.46341 
v 0.08358 0.05309 1.52877 
v 0.09463 0.04276 1.52907 
v 0.09676 0.03786 1.52911 
v 0.10735 0.01342 1.54094 
v 0.09121 0.04786 1.53715 
v 0.02403 0.06785 1.49224 
v 0.02511 0.06732 1.47496 
v 0.08481 0.05169 1.46835 
v 0.06448 0.05704 1.45017 
v 0.06975 0.05533 1.44917 
v 0.07166 0.05266 1.44508 
v 0.06481 0.05623 1.44753 
v 0.04894 0.04741 1.42841 
v 0.05226 0.04111 1.42088 
v 0.06936 0.03464 1.41687 
v 0.09203 0.03060 1.43829 
v 0.09280 0.03063 1.44120 
v 0.09167 0.03236 1.44055 
v 0.08988 0.03500 1.43954 
v 0.09411 0.02901 1.44730 
v 0.09338 0.03727 1.45293 
v 0.08529 0.04602 1.45207 
v 0.08458 0.04514 1.44774 
v 0.08167 0.04888 1.45205 
v 0.08175 0.04833 1.45067 
v 0.10161 0.01971 1.47503 
v 0.10003 0.01795 1.41891 
v 0.09283 0.02636 1.42362 
v 0.09328 0.02463 1.42007 
v 0.09216 0.02776 1.42696 
v 0.08628 0.03413 1.42923 
v 0.08533 0.03621 1.43147 
v 0.08481 0.03836 1.43469 
v 0.07518 0.05170 1.44756 
v 0.07365 0.05382 1.45086 
v 0.07317 0.05139 1.44299 
v 0.08082 0.05304 1.54054 
v 0.08051 0.05240 1.54565 
v 0.09782 0.03470 1.52907 
v 0.09741 0.03800 1.53103 
v 0.09530 0.04272 1.53089 
v 0.09846 0.03843 1.54258 
v 0.10016 0.03622 1.54107 
v 0.09893 0.03839 1.54006 
v 0.09998 0.03650 1.53912 
v 0.09895 0.03830 1.53778 
v 0.10213 0.03253 1.54158 
v 0.10359 0.02782 1.53917 
v 0.10394 0.02787 1.54103 
v 0.10072 0.02272 1.53245 
v 0.09936 0.02282 1.53090 
v 0.11174 0.00037 1.47342 
v 0.11134 0.00038 1.47264 
v 0.11263 0.00303 1.45954 
v 0.11114 0.00053 1.46729 
v 0.11170 0.00060 1.46551 
v 0.10209 0.01962 1.47225 
v 0.10188 0.02075 1.47995 
v 0.10204 0.02118 1.48191 
v 0.05945 0.05787 1.44822 
v 0.05896 0.05879 1.45102 
v 0.09545 0.02536 1.45108 
v 0.09498 0.02660 1.44899 
v 0.09548 0.02554 1.45207 
v 0.09590 0.02444 1.45257 
v 0.09621 0.02394 1.45070 
v 0.09762 0.02226 1.44995 
v 0.09811 0.02241 1.44734 
v 0.09642 0.02421 1.44808 
v 0.09994 0.01986 1.45079 
v 0.10028 0.01973 1.44871 
v 0.09742 0.02219 1.45204 
v 0.09653 0.02338 1.45253 
v 0.10282 0.02015 1.46995 
v 0.10165 0.02370 1.46859 
v 0.11001 0.01202 1.46181 
v 0.10953 0.01246 1.45989 
v 0.10878 0.01337 1.46411 
v 0.11263 0.01208 1.49125 
v 0.11274 0.01312 1.48971 
v 0.11486 0.01185 1.49084 
v 0.11008 0.00182 1.51403 
v 0.10194 0.02347 1.46640 
v 0.10092 0.02610 1.46521 
v 0.09558 0.02565 1.45263 
v 0.10885 0.00688 1.44325 
v 0.10743 0.00811 1.44187 
v 0.10826 0.00965 1.44416 
v 0.10735 0.01224 1.44496 
v 0.10235 0.01814 1.44772 
v 0.10866 0.01167 1.47807 
v 0.10892 0.01330 1.47850 
v 0.10968 0.01641 1.48120 
v 0.05550 0.05846 1.44675 
v 0.07104 0.03621 1.41865 
v 0.07817 0.00925 1.40454 
v 0.07809 0.00550 1.40366 
v 0.08569 0.00246 1.40580 
v 0.10892 0.00226 1.44299 
v 0.10891 0.00050 1.44293 
v 0.10759 0.00044 1.44146 
v 0.10439 0.01857 1.45692 
v 0.10257 0.01808 1.45434 
v 0.10333 0.01830 1.45526 
v 0.09801 0.02217 1.45392 
v 0.09777 0.02316 1.45413 
v 0.09884 0.02237 1.45440 
v 0.09870 0.02172 1.45399 
v 0.09419 0.02852 1.44201 
v 0.10933 0.01121 1.45808 
v 0.10969 0.01129 1.45860 
v 0.11103 0.00557 1.47538 
v 0.10205 0.01755 1.45137 
v 0.10401 0.01589 1.45037 
v 0.10532 0.01388 1.45170 
v 0.10701 0.01144 1.45125 
v 0.10999 0.01120 1.45940 
v 0.11357 0.01394 1.48781 
v 0.10891 0.01519 1.47891 
v 0.10867 0.01604 1.47953 
v 0.12587 0.00113 1.48110 
v 0.10337 0.01505 1.43998 
v 0.10057 0.01971 1.44170 
v 0.10201 0.01756 1.44153 
v 0.08095 0.02025 1.41028 
v 0.10338 0.01534 1.45401 
v 0.10762 0.00769 1.45408 
v 0.10611 0.01618 1.47897 
v 0.11673 0.00492 1.47946 
v 0.10956 0.00712 1.47719 
v 0.11069 0.00568 1.47681 
v 0.10851 0.00909 1.47802 
v 0.10860 0.01093 1.47880 
v 0.11020 0.01173 1.47945 
v 0.11273 0.01191 1.48041 
v 0.11525 0.01157 1.48092 
v 0.11645 0.00991 1.48116 
v 0.11734 0.00854 1.48137 
v 0.11718 0.00674 1.48095 
v 0.11563 0.00518 1.48043 
v 0.11303 0.00432 1.47880 
v 0.11102 0.00451 1.47713 
v 0.10913 0.00695 1.47867 
v 0.10513 0.00660 1.48702 
v 0.10639 0.00575 1.48764 
v 0.10943 0.00579 1.47925 
v 0.10818 0.00913 1.47970 
v 0.10830 0.01020 1.48020 
v 0.10985 0.01073 1.48017 
v 0.11191 0.01101 1.48070 
v 0.11410 0.01069 1.48132 
v 0.11496 0.00945 1.48206 
v 0.11587 0.00837 1.48194 
v 0.11586 0.00668 1.48184 
v 0.11459 0.00559 1.48115 
v 0.10797 0.00536 1.48861 
v 0.10887 0.00599 1.49027 
v 0.11107 0.00478 1.48013 
v 0.10422 0.00759 1.48824 
v 0.10432 0.00855 1.48877 
v 0.10527 0.00910 1.48877 
v 0.10622 0.00929 1.48940 
v 0.10747 0.00910 1.49012 
v 0.10846 0.00850 1.49091 
v 0.10948 0.00752 1.49084 
v 0.10925 0.01256 1.45930 
v 0.10867 0.01267 1.45800 
v 0.10806 0.01368 1.45796 
v 0.10841 0.01380 1.45869 
v 0.10901 0.01269 1.45863 
v 0.09049 0.02692 1.42112 
v 0.10397 0.00422 1.41536 
v 0.10270 0.00391 1.41402 
v 0.10122 0.00351 1.41253 
v 0.09772 0.00309 1.41040 
v 0.09455 0.00274 1.40897 
v 0.10114 0.00097 1.41261 
v 0.09811 0.00095 1.41065 
v 0.09491 0.00093 1.40921 
v 0.10590 0.01390 1.44923 
v 0.10557 0.01393 1.45044 
v 0.10161 0.01774 1.45376 
v 0.09998 0.01974 1.45349 
v 0.09843 0.02107 1.45379 
v 0.10006 0.01967 1.45370 
v 0.09962 0.01981 1.45315 
v 0.10638 0.01086 1.45440 
v 0.10481 0.01362 1.45437 
v 0.10585 0.00041 1.43536 
v 0.10583 0.00198 1.43512 
v 0.10623 0.00062 1.43115 
v 0.05983 0.05718 1.44606 
v 0.08222 0.00251 1.40455 
v 0.07842 0.00304 1.40337 
v 0.07864 0.00086 1.40328 
v 0.08661 0.03229 1.42613 
v 0.08895 0.03016 1.42653 
v 0.10350 0.01539 1.45421 
v 0.10175 0.01779 1.45397 
v 0.10657 0.01623 1.45791 
v 0.10608 0.00505 1.43825 
v 0.08238 0.01461 1.40784 
v 0.07740 0.02515 1.41256 
v 0.07762 0.02256 1.41093 
v 0.07336 0.01353 1.40473 
v 0.07420 0.01691 1.40676 
v 0.09771 0.02458 1.45474 
v 0.09768 0.02391 1.45444 
v 0.09602 0.02601 1.45351 
v 0.09701 0.02624 1.45436 
v 0.09606 0.02736 1.45332 
v 0.10026 0.01966 1.45391 
v 0.10094 0.01978 1.45416 
v 0.10148 0.02002 1.45490 
v 0.10378 0.01501 1.44118 
v 0.10631 0.01781 1.46169 
v 0.09789 0.02612 1.45530 
v 0.02245 0.06924 1.50429 
v 0.02140 0.06956 1.50699 
v 0.10408 0.02783 1.54233 
v -0.05624 0.05182 1.49496 
v -0.07978 0.01586 1.49141 
v -0.04668 0.05805 1.49700 
v -0.04172 0.06081 1.49798 
v -0.06033 -0.00124 1.46153 
v -0.07096 -0.00099 1.47568 
v -0.08098 0.00718 1.49116 
v 0.10700 0.00271 1.53472 
v 0.10765 0.01092 1.54069 
v 0.10314 0.02800 1.53815 
v 0.10175 0.03289 1.53932 
v 0.10130 0.03314 1.53789 
v 0.10345 0.02357 1.53631 
v 0.10268 0.02815 1.53719 
v 0.07822 0.01235 1.40570 
v 0.07806 0.01582 1.40734 
v 0.08212 0.00087 1.40452 
v 0.06834 0.02087 1.40734 
v 0.10662 0.00094 1.42064 
v 0.10550 0.00097 1.41766 
v 0.10400 0.00098 1.41549 
v 0.10287 0.00098 1.41406 
v 0.10694 0.00079 1.42676 
v 0.10702 0.00089 1.42311 
v 0.11292 0.00078 1.46099 
v 0.11265 0.00082 1.45940 
v 0.11017 0.00080 1.51411 
v 0.11235 0.00085 1.51126 
v 0.10212 0.02070 1.45603 
v 0.09733 0.02244 1.45359 
v 0.09704 0.02306 1.45377 
v 0.10218 0.01784 1.44969 
v 0.09673 0.02283 1.45315 
v 0.09515 0.02661 1.44650 
v 0.06827 0.04905 1.43326 
v 0.07786 0.01956 1.40921 
v 0.10812 0.00082 1.45327 
v 0.08997 0.02847 1.42362 
v 0.08726 0.03608 1.43567 
v 0.08982 0.03318 1.43665 
v 0.09142 0.03963 1.51895 
v 0.09024 0.04298 1.52050 
v 0.09514 0.02482 1.52056 
v 0.09589 0.02764 1.52131 
v 0.09412 0.02223 1.51935 
v 0.09327 0.02040 1.51805 
v 0.09293 0.01950 1.51694 
v 0.09394 0.02143 1.51407 
v 0.09335 0.02138 1.51488 
v 0.09309 0.01975 1.51576 
v 0.09443 0.02427 1.51315 
v 0.09512 0.02818 1.51144 
v 0.09497 0.03193 1.51066 
v 0.09395 0.03487 1.51130 
v 0.09239 0.03711 1.51301 
v 0.09087 0.03866 1.51508 
v 0.09014 0.03941 1.51690 
v 0.09100 0.03898 1.51833 
v 0.09283 0.03762 1.51968 
v 0.09457 0.03584 1.52077 
v 0.09580 0.03341 1.52145 
v 0.09618 0.03056 1.52162 
v 0.09290 0.02118 1.51531 
v 0.09272 0.02018 1.51596 
v 0.09365 0.02376 1.51424 
v 0.09453 0.02747 1.51252 
v 0.09469 0.03094 1.51148 
v 0.09408 0.03356 1.51164 
v 0.09283 0.03558 1.51292 
v 0.09144 0.03716 1.51475 
v 0.09055 0.03810 1.51650 
v 0.09274 0.02123 1.51570 
v 0.09389 0.02720 1.51344 
v 0.09409 0.03038 1.51245 
v 0.09410 0.03251 1.51182 
v 0.09341 0.03313 1.51273 
v 0.09232 0.03473 1.51408 
v 0.09164 0.03563 1.51583 
v 0.09458 0.02523 1.52016 
v 0.09518 0.02815 1.52079 
v 0.09374 0.02276 1.51905 
v 0.09301 0.02103 1.51784 
v 0.09265 0.02017 1.51679 
v 0.09102 0.03777 1.51778 
v 0.09248 0.03651 1.51911 
v 0.09398 0.03530 1.52037 
v 0.09504 0.03364 1.52103 
v 0.09538 0.03114 1.52109 
v 0.09415 0.02592 1.51987 
v 0.09419 0.02948 1.51971 
v 0.09337 0.02342 1.51886 
v 0.09289 0.02203 1.51769 
v 0.09266 0.02146 1.51653 
v 0.09097 0.03696 1.51721 
v 0.09267 0.03363 1.51761 
v 0.09391 0.03364 1.51994 
v 0.09455 0.03376 1.52079 
v 0.09474 0.03226 1.52080 
v 0.09348 0.01947 1.51516 
v 0.09303 0.02390 1.51638 
v 0.09297 0.02333 1.51770 
v 0.09317 0.02381 1.51514 
v 0.09330 0.02670 1.51755 
v 0.09307 0.02377 1.51841 
v 0.09323 0.02976 1.51457 
v 0.09347 0.02570 1.51426 
v 0.09312 0.02346 1.51881 
v 0.09345 0.02499 1.51892 
v 0.10604 0.00037 1.52375 
v 0.11264 0.00072 1.46261 
v 0.11371 0.00039 1.47535 
v 0.11236 0.00084 1.45860 
v -0.08182 -0.00194 1.49122 
v -0.08538 -0.00205 1.49693 
v 0.10884 0.00078 1.45187 
v 0.10707 0.00033 1.53474 
v 0.10968 0.00073 1.45013 
v 0.08560 0.00088 1.40575 
v 0.11017 0.00067 1.44819 
v 0.11113 0.00040 1.47156 
v 0.11085 0.00043 1.47028 
v 0.10992 0.00055 1.44448 
v 0.09128 0.04665 1.54112 
v -0.07795 -0.00170 1.48571 
v 0.11037 0.00062 1.44649 
v 0.10730 0.00060 1.51932 
v 0.10913 0.00076 1.51601 
v 0.10597 0.00003 1.55328 
v -0.05713 0.00004 1.41485 
v 0.01706 0.06799 1.46976 
v 0.01363 0.06941 1.46983 
v 0.01311 0.07057 1.46741 
v 0.01709 0.06903 1.46815 
v 0.00246 0.07836 1.47290 
v -0.00005 0.07981 1.47521 
v 0.00512 0.07713 1.47475 
v -0.00135 0.07385 1.48847 
v -0.00134 0.07482 1.48914 
v -0.00067 0.07180 1.49068 
v -0.00011 0.07139 1.49016 
v -0.00472 0.06946 1.49589 
v -0.00493 0.07090 1.49941 
v -0.00419 0.07364 1.49773 
v -0.00380 0.07234 1.49475 
v 0.00856 0.05995 1.47812 
v 0.00702 0.06123 1.48060 
v 0.01410 0.06914 1.47848 
v 0.01177 0.06854 1.48038 
v 0.00895 0.07043 1.47661 
v 0.01051 0.06993 1.47398 
v -0.01047 0.08189 1.48728 
v -0.00682 0.08228 1.48244 
v -0.00704 0.08024 1.48298 
v -0.00986 0.08068 1.48742 
v 0.00453 0.07716 1.47175 
v 0.01431 0.07441 1.51790 
v 0.01505 0.07452 1.51825 
v 0.01665 0.07237 1.51409 
v 0.01559 0.07239 1.51405 
v -0.00267 0.07424 1.50470 
v -0.00439 0.07184 1.50543 
v -0.00223 0.07163 1.50988 
v -0.00071 0.07436 1.51001 
v -0.00330 0.08116 1.47774 
v -0.00441 0.08022 1.47806 
v -0.00523 0.08273 1.48247 
v 0.01320 0.06112 1.48054 
v 0.01253 0.06072 1.47687 
v -0.00256 0.08029 1.50349 
v -0.00279 0.07949 1.49968 
v -0.00054 0.07911 1.50371 
v -0.00402 0.06527 1.49108 
v -0.00036 0.06399 1.48594 
v 0.00019 0.06534 1.48686 
v 0.00092 0.06766 1.48757 
v 0.00390 0.06638 1.48521 
v 0.00366 0.06457 1.48475 
v 0.02151 0.06787 1.47677 
v 0.02055 0.06848 1.47943 
v -0.01120 0.07973 1.49772 
v -0.01059 0.07960 1.50377 
v -0.01284 0.08053 1.50381 
v -0.01341 0.08087 1.49710 
v -0.01260 0.08312 1.49223 
v -0.01312 0.08197 1.49219 
v -0.01424 0.08254 1.49690 
v -0.01345 0.08386 1.49705 
v 0.00742 0.06616 1.48370 
v 0.00718 0.06436 1.48345 
v 0.00585 0.07761 1.50603 
v 0.00315 0.08035 1.50218 
v -0.00027 0.07886 1.50369 
v 0.00317 0.07705 1.50700 
v 0.00197 0.06997 1.49531 
v 0.00361 0.06893 1.49690 
v 0.00436 0.07036 1.49648 
v 0.00254 0.07072 1.49504 
v 0.00573 0.06568 1.48560 
v 0.00711 0.06593 1.48398 
v 0.00496 0.06733 1.48355 
v 0.00359 0.06754 1.48472 
v 0.02096 0.06434 1.47229 
v 0.01926 0.06636 1.47104 
v 0.01973 0.06715 1.46904 
v 0.02173 0.06476 1.47112 
v 0.00054 0.07850 1.51373 
v 0.00055 0.07808 1.50858 
v 0.00069 0.07489 1.51420 
v -0.00528 0.07053 1.50535 
v -0.00606 0.06992 1.50225 
v -0.00624 0.06797 1.50524 
v -0.00005 0.07181 1.48649 
v -0.00063 0.07229 1.48840 
v -0.00568 0.07877 1.48364 
v -0.00380 0.07786 1.48031 
v -0.00086 0.07628 1.48174 
v -0.00248 0.07743 1.48473 
v 0.01850 0.06661 1.47339 
v 0.02011 0.06459 1.47524 
v 0.01892 0.06574 1.47983 
v 0.01771 0.06767 1.47800 
v -0.01233 0.08202 1.51058 
v -0.01064 0.08322 1.51634 
v -0.01069 0.08512 1.51560 
v -0.01239 0.08395 1.51018 
v 0.00122 0.07079 1.49262 
v 0.00124 0.08043 1.48942 
v 0.00244 0.07900 1.48678 
v 0.00151 0.08147 1.48481 
v 0.00021 0.08268 1.48766 
v 0.01201 0.07670 1.52497 
v 0.01449 0.07455 1.52196 
v 0.01432 0.07660 1.52184 
v 0.01188 0.07852 1.52479 
v 0.01322 0.06396 1.48193 
v 0.01290 0.06624 1.48202 
v 0.01594 0.06748 1.48068 
v 0.01627 0.06477 1.48184 
v 0.01783 0.06289 1.47962 
v 0.01811 0.06236 1.47588 
v 0.00144 0.07495 1.48530 
v 0.00176 0.07721 1.48684 
v 0.00010 0.07625 1.48787 
v 0.00032 0.07487 1.48628 
v -0.00251 0.07714 1.47550 
v 0.00068 0.07589 1.47251 
v -0.00002 0.07458 1.47584 
v -0.00497 0.07871 1.47929 
v -0.00147 0.07249 1.49103 
v -0.00406 0.07186 1.51341 
v -0.00246 0.07263 1.51384 
v -0.00372 0.07062 1.50927 
v 0.01254 0.07736 1.52051 
v 0.01246 0.07570 1.52082 
v 0.01074 0.07788 1.52242 
v 0.01130 0.07929 1.52236 
v 0.01595 0.07415 1.51842 
v 0.02136 0.06690 1.48374 
v 0.00130 0.06972 1.48684 
v 0.00075 0.07054 1.48902 
v -0.01231 0.08050 1.49260 
v -0.01007 0.07973 1.49376 
v 0.00513 0.07181 1.48123 
v 0.00309 0.07112 1.48345 
v 0.00183 0.07335 1.48276 
v 0.00431 0.07260 1.47997 
v 0.00575 0.07198 1.47807 
v 0.00424 0.07251 1.47533 
v 0.00622 0.07148 1.47285 
v 0.02157 0.06791 1.49133 
v 0.02126 0.06852 1.49462 
v 0.02261 0.06806 1.49595 
v 0.02297 0.06769 1.49183 
v 0.00678 0.06282 1.48212 
v 0.00331 0.06350 1.48275 
v 0.00269 0.06242 1.48107 
v 0.01214 0.07346 1.48384 
v 0.01237 0.07378 1.48172 
v 0.00921 0.07447 1.48127 
v 0.00949 0.07454 1.48309 
v -0.00448 0.07867 1.49000 
v -0.00455 0.07905 1.49602 
v -0.00780 0.07952 1.48865 
v 0.00952 0.08135 1.52372 
v 0.00896 0.07978 1.52358 
v 0.00738 0.08128 1.52412 
v 0.00797 0.08264 1.52445 
v 0.01174 0.06020 1.47359 
v -0.00512 0.06916 1.50876 
v 0.00918 0.07571 1.47149 
v 0.01404 0.07431 1.46984 
v 0.01366 0.07366 1.46804 
v 0.00880 0.07520 1.46943 
v 0.00904 0.07438 1.47974 
v 0.01238 0.07346 1.47959 
v 0.01238 0.07359 1.47686 
v 0.00868 0.07474 1.47710 
v -0.01011 0.08227 1.49691 
v -0.01086 0.08363 1.49692 
v -0.01095 0.08427 1.50300 
v -0.00999 0.08322 1.50281 
v -0.00192 0.07368 1.49166 
v 0.00836 0.07381 1.46837 
v 0.00776 0.07201 1.46906 
v -0.00339 0.07421 1.50141 
v -0.00490 0.07146 1.50213 
v -0.00179 0.08122 1.47785 
v -0.00201 0.07925 1.47499 
v 0.00039 0.07345 1.48525 
v 0.00103 0.07143 1.48471 
v 0.00225 0.07134 1.48369 
v 0.00139 0.07316 1.48430 
v -0.00796 0.08154 1.50929 
v -0.00673 0.08184 1.51382 
v -0.00519 0.08150 1.51306 
v -0.00595 0.08170 1.50947 
v 0.00705 0.07467 1.48460 
v 0.00854 0.07369 1.48483 
v 0.00715 0.07530 1.48269 
v 0.02294 0.06851 1.47186 
v 0.02239 0.06862 1.46999 
v 0.01888 0.07118 1.46894 
v 0.01886 0.07166 1.47013 
v 0.00709 0.06891 1.48226 
v 0.00955 0.06898 1.48133 
v 0.00954 0.06579 1.48252 
v 0.00336 0.06928 1.48343 
v 0.00225 0.06931 1.48451 
v 0.02437 0.06633 1.47146 
v 0.02297 0.06582 1.47059 
v -0.00105 0.08343 1.49764 
v -0.00216 0.08375 1.49752 
v -0.00297 0.08371 1.50418 
v -0.00153 0.08372 1.50442 
v 0.00366 0.06878 1.48476 
v 0.00068 0.06887 1.48759 
v -0.00021 0.07169 1.48679 
v 0.00109 0.07730 1.47200 
v 0.00458 0.07606 1.47017 
v 0.00474 0.07501 1.46980 
v -0.00998 0.08219 1.50326 
v -0.00993 0.08116 1.49737 
v 0.00105 0.08085 1.49698 
v 0.00138 0.07967 1.49665 
v 0.00076 0.08039 1.49352 
v -0.00012 0.08277 1.49260 
v 0.00485 0.07271 1.47093 
v 0.01072 0.07244 1.48533 
v 0.01383 0.07059 1.48474 
v 0.01538 0.07101 1.48393 
v 0.01772 0.06995 1.46787 
v 0.02128 0.06744 1.46917 
v 0.00953 0.06400 1.48287 
v -0.00987 0.08278 1.48711 
v -0.01150 0.08382 1.49266 
v -0.00850 0.08339 1.48727 
v -0.00398 0.07561 1.49261 
v -0.00371 0.07679 1.49645 
v 0.00146 0.07035 1.49180 
v -0.00219 0.07780 1.49989 
v 0.01345 0.07733 1.52140 
v 0.01296 0.07211 1.46745 
v -0.00580 0.07335 1.51950 
v -0.00971 0.07305 1.51782 
v -0.01077 0.07439 1.51994 
v -0.00177 0.06852 1.49129 
v -0.00252 0.06712 1.49114 
v -0.00543 0.06833 1.49614 
v 0.02241 0.06810 1.47387 
v 0.01530 0.07155 1.50658 
v 0.01297 0.07128 1.50329 
v 0.01217 0.07104 1.50384 
v 0.01506 0.07110 1.50673 
v -0.00271 0.07372 1.51682 
v -0.00463 0.07272 1.51590 
v -0.00342 0.07453 1.52034 
v -0.01400 0.08228 1.50327 
v -0.01064 0.08052 1.51036 
v 0.01710 0.07134 1.51094 
v 0.02032 0.06447 1.47351 
v 0.00371 0.07573 1.48497 
v 0.00283 0.07301 1.48376 
v 0.00508 0.07396 1.48441 
v 0.00002 0.07562 1.51733 
v 0.01547 0.07147 1.51396 
v 0.01459 0.07279 1.51774 
v 0.01514 0.07009 1.51601 
v 0.01536 0.07006 1.51490 
v 0.01422 0.07084 1.51472 
v 0.01388 0.07135 1.51598 
v -0.00938 0.08309 1.49195 
v 0.00998 0.08103 1.52537 
v 0.00793 0.08277 1.52582 
v -0.00586 0.06593 1.49521 
v -0.00667 0.06624 1.49853 
v 0.00820 0.07013 1.48417 
v 0.00724 0.07056 1.48436 
v 0.00393 0.06906 1.48291 
v 0.00579 0.06792 1.48311 
v -0.00687 0.07127 1.51198 
v -0.00471 0.08321 1.50398 
v -0.00627 0.08225 1.50389 
v -0.00393 0.08313 1.50964 
v -0.00934 0.08267 1.50983 
v -0.00921 0.08402 1.50949 
v -0.00998 0.08488 1.50956 
v 0.01191 0.06948 1.47129 
v 0.00852 0.07065 1.47126 
v 0.00057 0.07100 1.49346 
v 0.00721 0.08187 1.52693 
v 0.00540 0.08004 1.52697 
v 0.00823 0.07784 1.52622 
v 0.00970 0.07967 1.52628 
v 0.00846 0.06649 1.48319 
v 0.01119 0.06800 1.48376 
v 0.00067 0.08032 1.49139 
v 0.01510 0.06882 1.47463 
v 0.00242 0.06919 1.48968 
v 0.00244 0.06818 1.48728 
v 0.00520 0.07659 1.48417 
v 0.00506 0.07742 1.48213 
v 0.00281 0.07981 1.48235 
v 0.00352 0.07782 1.48546 
v 0.01177 0.07945 1.52379 
v 0.00741 0.07610 1.52219 
v 0.00531 0.07786 1.52256 
v 0.00637 0.07985 1.52497 
v 0.00808 0.07821 1.52430 
v -0.00126 0.07611 1.52116 
v 0.00228 0.07918 1.47741 
v 0.00151 0.08011 1.47991 
v 0.00394 0.07811 1.47961 
v -0.00100 0.07397 1.48603 
v -0.00206 0.07120 1.49080 
v -0.00331 0.07496 1.49040 
v 0.00482 0.08293 1.52415 
v 0.00558 0.08384 1.52433 
v -0.00068 0.07296 1.49471 
v -0.00020 0.07189 1.49422 
v -0.00570 0.06904 1.49923 
v 0.00957 0.06210 1.48211 
v -0.00626 0.08362 1.48730 
v -0.00783 0.08307 1.51435 
v -0.00766 0.08447 1.51423 
v -0.00816 0.07204 1.51430 
v -0.00089 0.08216 1.48340 
v -0.00273 0.08400 1.49182 
v -0.00139 0.08357 1.49213 
v -0.01239 0.08409 1.49697 
v 0.02294 0.06683 1.48771 
v 0.00526 0.07019 1.49575 
v 0.00321 0.07056 1.49417 
v 0.00148 0.07057 1.49639 
v 0.00020 0.07140 1.49851 
v -0.00849 0.08574 1.51449 
v -0.01228 0.08428 1.50310 
v -0.01360 0.08369 1.50315 
v -0.00937 0.08600 1.51496 
v -0.01109 0.08500 1.50977 
v -0.00168 0.08339 1.48687 
v -0.00318 0.08246 1.48249 
v -0.00801 0.07967 1.51025 
v -0.00791 0.08354 1.52101 
v -0.00734 0.08589 1.52109 
v -0.00491 0.08491 1.51816 
v -0.00542 0.08363 1.51847 
v -0.00518 0.08638 1.51889 
v -0.00608 0.08675 1.51978 
v -0.00011 0.07803 1.52096 
v -0.00214 0.07971 1.52105 
v -0.00309 0.07975 1.51801 
v 0.00068 0.07856 1.51707 
v -0.00366 0.08270 1.52449 
v -0.00223 0.08521 1.52567 
v 0.00069 0.08533 1.52236 
v 0.00056 0.08448 1.52216 
v 0.00046 0.08632 1.52334 
v -0.00048 0.08655 1.52442 
v -0.00133 0.07978 1.52328 
v 0.00085 0.07815 1.52434 
v 0.00269 0.07895 1.52542 
v 0.00510 0.08448 1.52565 
v 0.00411 0.08414 1.52681 
v 0.00208 0.08249 1.52746 
v -0.00048 0.08056 1.52538 
v -0.00024 0.07773 1.52251 
v 0.00293 0.07378 1.47798 
v -0.00375 0.08104 1.52272 
v -0.00483 0.08023 1.51913 
v -0.00610 0.08141 1.52026 
v -0.00653 0.08010 1.51524 
v -0.00858 0.08091 1.51561 
v -0.00489 0.08203 1.51719 
v -0.00572 0.08253 1.51841 
v -0.00049 0.08297 1.52303 
v -0.00060 0.08188 1.52084 
v -0.00749 0.08216 1.51421 
v -0.00893 0.08185 1.50977 
v -0.00848 0.08132 1.50396 
v -0.00943 0.08144 1.50370 
v -0.00931 0.08083 1.49756 
v -0.00728 0.08169 1.49752 
v 0.01012 0.07635 1.52322 
v 0.01268 0.07314 1.52187 
v 0.00975 0.07507 1.52181 
v 0.01313 0.07006 1.51834 
v 0.01517 0.07056 1.51858 
v 0.01613 0.07178 1.51096 
v 0.01413 0.07092 1.50224 
v 0.01583 0.07094 1.50521 
v 0.01592 0.07127 1.51122 
v 0.01088 0.06886 1.50409 
v 0.01283 0.06877 1.50595 
v 0.01444 0.07038 1.50642 
v 0.01164 0.07036 1.50413 
v -0.00079 0.07800 1.48870 
v -0.00308 0.07734 1.49065 
v 0.00281 0.07157 1.48341 
v 0.00685 0.07565 1.48038 
v -0.00570 0.08270 1.49135 
v -0.00735 0.08210 1.49214 
v -0.00356 0.08352 1.48655 
v -0.00236 0.07985 1.50934 
v -0.00269 0.07971 1.51433 
v 0.01601 0.07148 1.48196 
v 0.01634 0.07129 1.47941 
v 0.01615 0.07090 1.47685 
v 0.00598 0.07267 1.48452 
v -0.00008 0.08276 1.49947 
v 0.00517 0.06632 1.48870 
v 0.00563 0.07648 1.47740 
v -0.00833 0.08225 1.49226 
v -0.00201 0.08246 1.48277 
v -0.00024 0.08071 1.47882 
v 0.00622 0.07560 1.50413 
v 0.00622 0.07673 1.50480 
v 0.00811 0.07528 1.50706 
v 0.00761 0.07430 1.50591 
v 0.02066 0.06880 1.49799 
v 0.02050 0.06858 1.50153 
v 0.02179 0.06837 1.49933 
v 0.01696 0.06902 1.51514 
v 0.01733 0.06938 1.51483 
v 0.01158 0.07126 1.50911 
v 0.01236 0.06914 1.51003 
v 0.01028 0.06978 1.50982 
v 0.01607 0.07115 1.51013 
v 0.01618 0.07169 1.50997 
v 0.01595 0.07156 1.50841 
v 0.01593 0.07115 1.50894 
v 0.01669 0.07102 1.50774 
v 0.01732 0.07092 1.50914 
v 0.01810 0.06995 1.50802 
v 0.00242 0.07134 1.50429 
v 0.00445 0.07370 1.50415 
v 0.00796 0.07175 1.50741 
v 0.00642 0.06977 1.50779 
v 0.00365 0.07893 1.50099 
v 0.00366 0.07763 1.50041 
v 0.00031 0.07085 1.49373 
v 0.00994 0.07395 1.50854 
v 0.00936 0.07308 1.50756 
v -0.00384 0.08352 1.49748 
v -0.00523 0.08264 1.49759 
v -0.00422 0.08332 1.49159 
v 0.00775 0.07579 1.50816 
v 0.00562 0.07507 1.50908 
v 0.00803 0.07335 1.51085 
v 0.00943 0.07428 1.50982 
v -0.00009 0.08287 1.49769 
v 0.00083 0.08203 1.49797 
v 0.00323 0.07955 1.52249 
v 0.00378 0.08146 1.52497 
v -0.00230 0.08364 1.50919 
v -0.00028 0.08342 1.50785 
v 0.00099 0.07793 1.50745 
v -0.00042 0.08073 1.50403 
v 0.00041 0.08010 1.50728 
v -0.00042 0.08369 1.51235 
v 0.00133 0.08314 1.51112 
v 0.00283 0.07926 1.51020 
v 0.00325 0.07708 1.50992 
v -0.00361 0.08320 1.51038 
v 0.00103 0.07544 1.49969 
v -0.00181 0.07562 1.49585 
v -0.00286 0.07646 1.49306 
v 0.00243 0.08295 1.51518 
v 0.00333 0.08231 1.51436 
v 0.00494 0.07841 1.51228 
v 0.00548 0.07633 1.51131 
v 0.00414 0.08197 1.51474 
v 0.00419 0.08211 1.51568 
v 0.00584 0.07769 1.51249 
v 0.00127 0.08312 1.51664 
v 0.00001 0.08208 1.51906 
v 0.00311 0.08099 1.51971 
v 0.00393 0.08190 1.51752 
v 0.00847 0.07616 1.51518 
v 0.00636 0.07974 1.51513 
v 0.00642 0.07979 1.51574 
v 0.00764 0.07602 1.51845 
v 0.00809 0.07613 1.51724 
v 0.00613 0.07937 1.51752 
v 0.00532 0.07828 1.51922 
v 0.01462 0.07038 1.51000 
v 0.01435 0.06942 1.50908 
v 0.01238 0.07228 1.50964 
v 0.01358 0.06898 1.51237 
v 0.01455 0.07023 1.51105 
v 0.01209 0.07263 1.51058 
v 0.01064 0.07133 1.51185 
v 0.01661 0.06968 1.50999 
v 0.01675 0.06923 1.50901 
v 0.01541 0.06861 1.51245 
v 0.01714 0.07030 1.50872 
v 0.01725 0.07023 1.50967 
v 0.01796 0.06916 1.51165 
v 0.01961 0.06911 1.50505 
v 0.01545 0.07119 1.50746 
v 0.01463 0.06883 1.50694 
v 0.01757 0.06965 1.50830 
v 0.01745 0.06789 1.50804 
v 0.01754 0.06847 1.51241 
v 0.01764 0.06985 1.51070 
v 0.01686 0.06948 1.51113 
v 0.01722 0.07051 1.50774 
v 0.01468 0.06829 1.50822 
v 0.01095 0.07324 1.51612 
v 0.00993 0.07329 1.51823 
v 0.01140 0.07337 1.51429 
v -0.00397 0.08164 1.51575 
v 0.00782 0.07459 1.51218 
v 0.01718 0.06874 1.51405 
v 0.01355 0.06931 1.51357 
v 0.01573 0.06853 1.51373 
v 0.01063 0.07191 1.51298 
v 0.01667 0.07037 1.50672 
v 0.01542 0.07025 1.50703 
v 0.00819 0.07539 1.51323 
v 0.00854 0.07537 1.47430 
v 0.01289 0.07419 1.47390 
v 0.01810 0.07147 1.47335 
v 0.01751 0.06945 1.50720 
v 0.01691 0.06865 1.50702 
v 0.00545 0.06725 1.49117 
v 0.00336 0.06951 1.50341 
v 0.00644 0.06794 1.50122 
v 0.00662 0.06813 1.50634 
v 0.00976 0.06758 1.50463 
v 0.01282 0.06816 1.50931 
v 0.01290 0.06804 1.50774 
v 0.00992 0.06715 1.50763 
v 0.00970 0.06827 1.51019 
v 0.00962 0.07087 1.49955 
v 0.00883 0.07067 1.50068 
v 0.00826 0.06917 1.50004 
v 0.00803 0.06800 1.50090 
v 0.01817 0.06974 1.50510 
v 0.01857 0.06924 1.50077 
v 0.01566 0.07026 1.50256 
v 0.01055 0.07014 1.49834 
v 0.01128 0.06913 1.49804 
v 0.00642 0.06957 1.49525 
v 0.00786 0.06853 1.49501 
v 0.00357 0.07034 1.49401 
v 0.00424 0.07000 1.49372 
v 0.01764 0.06213 1.47223 
v 0.00046 0.08246 1.49871 
v 0.00342 0.08024 1.50197 
v 0.00366 0.07972 1.50161 
v 0.00615 0.07753 1.50577 
v 0.00637 0.07722 1.50530 
v 0.00801 0.07575 1.50786 
v 0.00813 0.07554 1.50745 
v 0.00971 0.07433 1.50947 
v 0.00995 0.07417 1.50893 
v 0.02159 0.06779 1.49038 
v 0.02166 0.06750 1.48765 
v 0.02156 0.06768 1.48920 
v 0.02073 0.06826 1.49113 
v 0.02002 0.06944 1.49393 
v 0.01948 0.06971 1.49665 
v 0.02081 0.06786 1.48999 
v 0.01960 0.06842 1.49107 
v 0.01901 0.06942 1.49375 
v 0.01877 0.06970 1.49655 
v 0.01989 0.06797 1.48956 
v 0.01887 0.06801 1.49099 
v 0.01836 0.06893 1.49385 
v 0.01794 0.06936 1.49690 
v 0.01939 0.06737 1.48930 
v 0.01873 0.06954 1.49838 
v 0.01795 0.06941 1.49856 
v 0.01558 0.06890 1.49950 
v 0.01278 0.06732 1.49770 
v 0.01586 0.06800 1.49870 
v 0.02055 0.06726 1.48740 
v 0.02095 0.06747 1.48886 
v 0.01977 0.06735 1.48709 
v 0.02010 0.06759 1.48836 
v 0.01970 0.06728 1.48793 
v 0.01965 0.06752 1.48447 
v 0.01995 0.06641 1.48733 
v 0.01829 0.06941 1.48222 
v 0.01594 0.06928 1.48472 
v 0.01680 0.06947 1.48385 
v 0.01892 0.06748 1.48565 
v -0.00180 0.08343 1.51342 
v 0.00205 0.06978 1.49118 
v 0.00594 0.06848 1.49294 
v 0.00460 0.06973 1.49356 
v 0.01371 0.06699 1.48409 
v 0.01030 0.06468 1.48572 
v 0.01241 0.06576 1.48415 
v 0.00905 0.06464 1.48742 
v 0.00866 0.06519 1.49028 
v 0.00999 0.06676 1.49491 
v 0.00896 0.06614 1.49283 
v 0.01657 0.06733 1.48535 
v 0.01505 0.06453 1.48558 
v 0.01310 0.06365 1.48785 
v 0.01207 0.06374 1.48954 
v 0.01115 0.06440 1.49161 
v 0.01368 0.06603 1.49751 
v 0.01180 0.06507 1.49500 
v 0.01810 0.06707 1.48590 
v 0.01745 0.06211 1.48876 
v 0.01494 0.06141 1.49015 
v 0.01343 0.06189 1.49235 
v 0.01635 0.06229 1.49857 
v 0.01601 0.06688 1.49818 
v 0.01796 0.06546 1.49729 
v 0.01441 0.06292 1.49796 
v 0.01305 0.06312 1.49573 
v 0.01854 0.06719 1.49268 
v 0.01815 0.06776 1.49434 
v 0.01758 0.06821 1.49677 
v 0.01972 0.06627 1.48977 
v 0.01884 0.06677 1.49105 
v 0.01985 0.06568 1.48747 
v 0.01907 0.06435 1.49613 
v 0.02033 0.06498 1.49067 
v 0.01961 0.06373 1.49333 
v 0.01904 0.06091 1.49422 
v 0.01849 0.06149 1.49067 
v 0.01826 0.06158 1.49731 
v 0.01913 0.06514 1.48608 
v 0.01941 0.06381 1.48644 
v 0.02062 0.06358 1.48826 
v 0.01687 0.06586 1.48553 
v 0.01294 0.06279 1.49385 
v 0.01443 0.05941 1.49447 
v 0.01415 0.06028 1.49656 
v 0.01694 0.06048 1.49717 
v 0.01769 0.05952 1.49504 
v 0.01502 0.05963 1.49303 
v 0.01547 0.06130 1.49823 
v 0.01648 0.05928 1.49340 
v -0.00152 0.07620 1.52252 
v 0.01191 0.07548 1.52431 
v 0.00453 0.07805 1.52574 
v 0.00731 0.07630 1.52574 
v 0.00754 0.07628 1.52575 
v 0.01865 0.06301 1.46961 
v 0.01032 0.07566 1.52702 
v 0.00435 0.08059 1.51320 
v -0.00053 0.08273 1.50438 
v 0.00047 0.08240 1.50734 
v 0.00233 0.08185 1.51047 
v 0.00605 0.07868 1.51331 
v 0.00010 0.07353 1.49941 
v 0.01297 0.06846 1.50640 
v -0.02746 -0.04700 1.42622 
v -0.03961 -0.03501 1.43156 
v 0.02145 -0.04987 1.41967 
v 0.00724 -0.05790 1.43492 
v 0.00167 -0.05517 1.41025 
v 0.01913 -0.04876 1.39685 
v -0.01431 -0.05279 1.41967 
v -0.02536 -0.04679 1.44256 
v -0.03446 -0.05105 1.47062 
v -0.04924 -0.04038 1.46897 
v -0.03801 -0.03487 1.44571 
v -0.00964 -0.05392 1.43849 
v 0.03746 -0.03415 1.40723 
v 0.03190 -0.03342 1.38819 
v 0.03742 -0.02472 1.38703 
v 0.04573 -0.02527 1.40308 
v -0.04988 -0.02284 1.43352 
v -0.04979 -0.02308 1.44357 
v 0.04622 -0.00776 1.38555 
v 0.05601 -0.00729 1.39817 
v 0.05338 -0.01586 1.40070 
v 0.04339 -0.01620 1.38599 
v 0.04111 -0.00315 1.36971 
v 0.03882 -0.01685 1.37118 
v -0.00572 -0.05689 1.44725 
v -0.01915 -0.05324 1.45987 
v 0.09317 -0.04158 1.49236 
v 0.09181 -0.04140 1.49587 
v 0.08978 -0.04675 1.49440 
v 0.09096 -0.04647 1.49015 
v 0.06806 -0.01996 1.40708 
v 0.06843 -0.01693 1.40546 
v 0.07268 -0.01771 1.40709 
v 0.07287 -0.02081 1.40879 
v 0.09458 -0.02451 1.43837 
v 0.09409 -0.02395 1.43311 
v 0.09697 -0.02047 1.43414 
v 0.09714 -0.02116 1.43879 
v 0.12005 -0.00429 1.47962 
v 0.12188 -0.00191 1.47896 
v 0.12278 -0.00207 1.47984 
v 0.12174 -0.00474 1.48059 
v 0.09926 -0.02970 1.53256 
v 0.09903 -0.02688 1.53193 
v 0.10065 -0.02729 1.53409 
v 0.10036 -0.02925 1.53435 
v 0.09276 -0.01566 1.51362 
v 0.09230 -0.01786 1.51337 
v 0.09300 -0.01998 1.51084 
v 0.09364 -0.01943 1.50951 
v -0.01031 -0.06281 1.47581 
v -0.01258 -0.06485 1.48140 
v -0.01894 -0.05938 1.47495 
v -0.01298 -0.06039 1.47267 
v 0.01235 -0.06155 1.46204 
v 0.00737 -0.06092 1.46565 
v 0.00751 -0.05953 1.45668 
v 0.01425 -0.06103 1.45743 
v -0.01103 -0.07444 1.51299 
v -0.01883 -0.07552 1.51774 
v 0.07477 -0.03951 1.42482 
v 0.07113 -0.04379 1.42780 
v 0.07214 -0.03914 1.42242 
v 0.07480 -0.03667 1.42157 
v 0.09920 -0.02124 1.49542 
v 0.09758 -0.02224 1.49897 
v 0.09710 -0.02568 1.49764 
v 0.09881 -0.02492 1.49343 
v -0.00432 -0.06584 1.48236 
v -0.00477 -0.06335 1.47447 
v -0.00196 -0.06342 1.47531 
v 0.09125 -0.04524 1.52698 
v 0.08858 -0.04797 1.52583 
v 0.08888 -0.04660 1.52396 
v 0.09110 -0.04418 1.52493 
v 0.08084 -0.03475 1.42462 
v 0.08053 -0.03672 1.42764 
v 0.07908 -0.03833 1.42797 
v 0.12162 -0.00920 1.48669 
v 0.12195 -0.00861 1.48496 
v 0.12398 -0.00628 1.48563 
v 0.12377 -0.00660 1.48782 
v 0.08199 -0.00984 1.40609 
v 0.08211 -0.00390 1.40497 
v 0.08547 -0.00400 1.40604 
v 0.08525 -0.00920 1.40693 
v 0.06777 -0.02244 1.40840 
v 0.07278 -0.02432 1.41100 
v 0.07086 -0.02563 1.41136 
v 0.09169 -0.04589 1.48744 
v 0.08814 -0.05036 1.48814 
v 0.08857 -0.04990 1.48655 
v 0.02284 -0.07394 1.52534 
v 0.01675 -0.07424 1.52231 
v 0.01895 -0.07286 1.51806 
v 0.02463 -0.07254 1.51811 
v 0.10630 -0.00554 1.53410 
v 0.10694 -0.00645 1.53665 
v 0.10623 -0.01004 1.53611 
v 0.10524 -0.00925 1.53347 
v 0.01627 -0.05621 1.44212 
v 0.00921 -0.05808 1.45001 
v 0.00659 -0.05815 1.44830 
v 0.01398 -0.05613 1.43853 
v 0.01118 -0.05847 1.45114 
v 0.01620 -0.06027 1.45358 
v 0.10324 -0.02146 1.55145 
v 0.10324 -0.02480 1.54675 
v 0.10434 -0.02123 1.54721 
v 0.10353 -0.01392 1.53257 
v 0.10493 -0.01440 1.53530 
v 0.10340 -0.01794 1.53441 
v 0.10161 -0.01675 1.53157 
v -0.03639 -0.06060 1.48759 
v -0.04451 -0.05818 1.49051 
v -0.04153 -0.05665 1.48454 
v 0.12595 -0.00021 1.49222 
v 0.12731 -0.00022 1.48936 
v 0.09507 -0.03016 1.45397 
v 0.09394 -0.02981 1.45170 
v 0.09541 -0.02730 1.45299 
v 0.09614 -0.02748 1.45525 
v 0.09273 -0.01957 1.52025 
v 0.09346 -0.01787 1.52191 
v 0.09369 -0.02055 1.52239 
v 0.09371 -0.02223 1.52197 
v 0.10081 -0.00738 1.51541 
v 0.09987 -0.00746 1.51943 
v 0.09645 -0.00983 1.51562 
v 0.09728 -0.01058 1.51198 
v 0.10660 -0.00618 1.54914 
v 0.10701 -0.00622 1.54628 
v 0.08206 -0.05531 1.49480 
v 0.08313 -0.05494 1.49053 
v 0.08689 -0.05088 1.49303 
v 0.08560 -0.05104 1.49677 
v 0.10547 -0.01668 1.48179 
v 0.10508 -0.01648 1.48380 
v 0.10256 -0.01675 1.48319 
v 0.10371 -0.01677 1.48105 
v -0.05797 -0.03850 1.47559 
v -0.06349 -0.04177 1.48661 
v -0.07034 -0.03146 1.48503 
v -0.06273 -0.02809 1.47282 
v 0.01599 -0.06269 1.46265 
v 0.01491 -0.06366 1.46770 
v 0.01051 -0.06226 1.46942 
v 0.05890 -0.05107 1.43222 
v 0.06133 -0.04957 1.43083 
v 0.06318 -0.05068 1.43410 
v 0.06101 -0.05270 1.43630 
v 0.11451 -0.01151 1.48065 
v 0.11446 -0.01241 1.48112 
v 0.11189 -0.01331 1.48040 
v 0.11235 -0.01214 1.47999 
v 0.03889 -0.06635 1.47423 
v 0.03781 -0.06731 1.47905 
v 0.03356 -0.06692 1.47748 
v 0.03409 -0.06597 1.47267 
v 0.09759 -0.03614 1.54573 
v 0.10032 -0.03162 1.54606 
v 0.09945 -0.03097 1.54981 
v 0.09655 -0.03607 1.54885 
v 0.09642 -0.02870 1.45604 
v 0.09652 -0.02960 1.45684 
v 0.09434 -0.03247 1.45389 
v 0.06537 -0.04232 1.42271 
v 0.06169 -0.04464 1.42425 
v 0.05911 -0.04251 1.42164 
v 0.06318 -0.03987 1.41979 
v 0.06480 -0.01647 1.40360 
v 0.06252 -0.01653 1.40226 
v 0.06385 -0.01022 1.40130 
v 0.06848 -0.01082 1.40199 
v 0.10506 -0.02114 1.54337 
v 0.10387 -0.02473 1.54394 
v 0.10396 -0.02466 1.54212 
v 0.10486 -0.02130 1.54158 
v 0.10492 -0.01182 1.47408 
v 0.10349 -0.01324 1.47479 
v 0.10404 -0.01420 1.47175 
v 0.10532 -0.01197 1.47257 
v 0.10513 -0.01467 1.49039 
v 0.10636 -0.01351 1.49044 
v 0.10649 -0.01251 1.49545 
v 0.10542 -0.01325 1.49595 
v -0.00994 -0.05709 1.45888 
v -0.00243 -0.05806 1.45240 
v 0.08972 -0.00055 1.40705 
v 0.09268 -0.00078 1.40820 
v 0.09076 -0.01151 1.40947 
v 0.08817 -0.00871 1.40754 
v 0.09283 -0.00839 1.40906 
v 0.07813 -0.03593 1.42360 
v 0.07659 -0.03745 1.42418 
v 0.07538 -0.03042 1.41623 
v 0.08168 -0.02814 1.41719 
v 0.07699 -0.03218 1.41833 
v 0.12672 -0.00269 1.48597 
v 0.12765 -0.00007 1.48552 
v 0.12610 -0.00331 1.48923 
v 0.10356 -0.00779 1.43342 
v 0.10406 -0.00757 1.43753 
v 0.10320 -0.00998 1.43707 
v 0.05372 -0.06171 1.46064 
v 0.04909 -0.06247 1.45876 
v 0.05213 -0.06035 1.45154 
v 0.05545 -0.05978 1.45317 
v 0.10586 -0.01774 1.54109 
v 0.10425 -0.02159 1.53863 
v 0.10526 -0.01619 1.53720 
v 0.10731 -0.00338 1.54272 
v 0.10739 -0.00257 1.54013 
v 0.10134 -0.00661 1.41390 
v 0.09896 -0.01021 1.41318 
v 0.09692 -0.00796 1.41089 
v 0.09846 -0.00561 1.41149 
v 0.10592 -0.00248 1.51878 
v 0.10692 -0.00059 1.51920 
v 0.10586 -0.00132 1.52346 
v 0.10431 -0.00381 1.52272 
v 0.08525 -0.03853 1.43900 
v 0.08769 -0.03597 1.44046 
v 0.08793 -0.03822 1.44437 
v 0.08554 -0.04025 1.44271 
v 0.05607 -0.06698 1.50822 
v 0.05493 -0.06682 1.51310 
v 0.04761 -0.06882 1.51333 
v 0.04838 -0.06900 1.50885 
v 0.11078 -0.00456 1.46529 
v 0.11124 -0.00452 1.46343 
v 0.11231 -0.00149 1.46256 
v 0.11138 -0.00139 1.46538 
v 0.09670 -0.03923 1.48019 
v 0.09464 -0.04262 1.47881 
v 0.09516 -0.04197 1.47709 
v 0.09723 -0.03849 1.47823 
v 0.09432 -0.01170 1.51825 
v 0.09568 -0.01046 1.51655 
v 0.09578 -0.01016 1.51875 
v 0.10731 -0.00546 1.51123 
v 0.10990 -0.00551 1.50748 
v 0.11188 -0.00270 1.50945 
v 0.10909 -0.00220 1.51355 
v 0.06480 -0.00662 1.40016 
v 0.06634 -0.00165 1.39997 
v 0.07101 -0.00148 1.40039 
v 0.06951 -0.00669 1.40082 
v 0.07356 -0.06062 1.48476 
v 0.07460 -0.05877 1.47826 
v 0.07798 -0.05736 1.47887 
v 0.07840 -0.05805 1.48489 
v 0.09328 -0.02200 1.41901 
v 0.09611 -0.01930 1.41857 
v 0.09628 -0.02071 1.42270 
v 0.09365 -0.02320 1.42278 
v 0.09531 -0.01838 1.41616 
v 0.09348 -0.01755 1.41387 
v 0.09572 -0.01461 1.41339 
v 0.09743 -0.01573 1.41592 
v 0.10721 -0.00982 1.45596 
v 0.10628 -0.00974 1.45442 
v 0.10760 -0.00689 1.45471 
v 0.10922 -0.00604 1.45648 
v 0.03231 -0.04592 1.42162 
v 0.02588 -0.05073 1.42810 
v 0.04183 -0.06689 1.48056 
v 0.04550 -0.06562 1.47679 
v 0.05543 -0.05669 1.44270 
v 0.05361 -0.05775 1.44404 
v 0.04976 -0.05685 1.44073 
v 0.05259 -0.05545 1.43856 
v 0.07665 -0.05658 1.53215 
v 0.08049 -0.05459 1.53327 
v 0.07950 -0.05486 1.53504 
v 0.09294 -0.01411 1.51827 
v 0.09307 -0.01483 1.51993 
v 0.09228 -0.01644 1.51858 
v 0.09217 -0.01598 1.51696 
v 0.07895 -0.03292 1.42036 
v 0.08307 -0.02899 1.41940 
v 0.07484 -0.04270 1.43005 
v 0.07972 -0.04012 1.43248 
v 0.07994 -0.04202 1.43595 
v 0.07605 -0.04484 1.43552 
v 0.04645 -0.06858 1.51980 
v 0.04499 -0.06820 1.52597 
v 0.04041 -0.06957 1.52597 
v 0.03989 -0.06965 1.51919 
v 0.03050 -0.06073 1.44820 
v 0.03676 -0.05715 1.44047 
v 0.03976 -0.05877 1.44350 
v 0.03306 -0.06172 1.45018 
v 0.02425 -0.06494 1.46438 
v 0.02216 -0.06571 1.46729 
v 0.01915 -0.06519 1.46695 
v 0.02113 -0.06437 1.46352 
v 0.11481 -0.01339 1.48259 
v 0.11185 -0.01493 1.48146 
v 0.09955 -0.03330 1.53528 
v 0.09879 -0.03363 1.53339 
v 0.08150 -0.02456 1.41390 
v 0.08123 -0.01939 1.41020 
v 0.08579 -0.01956 1.41174 
v 0.08592 -0.05148 1.53473 
v 0.08582 -0.05014 1.53974 
v 0.08326 -0.05184 1.53962 
v 0.08361 -0.05299 1.53423 
v 0.06337 -0.04563 1.42622 
v 0.06594 -0.04628 1.42764 
v 0.06374 -0.04802 1.42952 
v 0.06140 -0.04715 1.42734 
v 0.05883 -0.04604 1.42581 
v 0.05684 -0.04400 1.42299 
v 0.09984 -0.02864 1.48318 
v 0.10059 -0.02367 1.48394 
v 0.10059 -0.02367 1.48497 
v 0.09506 -0.02431 1.44197 
v 0.09487 -0.02439 1.44063 
v 0.09723 -0.02147 1.44094 
v 0.09726 -0.02165 1.44228 
v 0.09082 -0.03180 1.44335 
v 0.09138 -0.03194 1.44653 
v 0.09048 -0.03464 1.44628 
v 0.09496 -0.03550 1.49436 
v 0.09403 -0.03531 1.49711 
v 0.04915 -0.06870 1.50310 
v 0.04138 -0.07002 1.50319 
v 0.04205 -0.06940 1.49614 
v 0.04995 -0.06820 1.49672 
v 0.00143 -0.05926 1.45523 
v -0.00335 -0.05921 1.45877 
v 0.11341 -0.00054 1.47549 
v 0.11691 -0.00112 1.47655 
v 0.11560 -0.00242 1.47700 
v 0.11297 -0.00212 1.47562 
v 0.11726 -0.01184 1.48331 
v 0.11678 -0.01086 1.48188 
v 0.11914 -0.00924 1.48216 
v 0.11924 -0.01074 1.48400 
v 0.09165 -0.04509 1.47137 
v 0.09538 -0.04031 1.47277 
v 0.09120 -0.04686 1.47648 
v 0.10310 -0.01534 1.47709 
v 0.10382 -0.01456 1.47639 
v 0.10582 -0.01441 1.47722 
v 0.10519 -0.01513 1.47782 
v 0.10198 -0.01638 1.47759 
v 0.10150 -0.01688 1.47920 
v 0.10037 -0.01999 1.47611 
v 0.05303 -0.03089 1.41092 
v 0.05443 -0.03342 1.41334 
v 0.04774 -0.03889 1.41746 
v 0.04685 -0.03785 1.41637 
v 0.05083 -0.05463 1.43671 
v 0.04994 -0.05419 1.43597 
v 0.05321 -0.05230 1.43328 
v 0.05427 -0.05314 1.43479 
v 0.03542 -0.05633 1.43913 
v 0.03555 -0.05230 1.43378 
v 0.04039 -0.05468 1.43621 
v 0.02474 -0.05714 1.44279 
v 0.02304 -0.05603 1.44089 
v 0.02954 -0.05238 1.43410 
v 0.03204 -0.05406 1.43624 
v 0.09740 -0.02294 1.45397 
v 0.10096 -0.02067 1.45576 
v 0.10106 -0.02109 1.45630 
v 0.09742 -0.02347 1.45442 
v 0.07351 -0.03595 1.41987 
v 0.08005 -0.03396 1.42292 
v 0.05580 -0.05438 1.43769 
v 0.05735 -0.05576 1.44121 
v 0.09326 -0.04451 1.48332 
v 0.09586 -0.04034 1.48398 
v 0.09643 -0.02982 1.49645 
v 0.09657 -0.03622 1.48852 
v 0.09801 -0.02929 1.49132 
v 0.10572 -0.00170 1.52523 
v 0.10603 -0.00143 1.52899 
v 0.10476 -0.00398 1.52712 
v 0.10423 -0.00411 1.52414 
v 0.08839 -0.03927 1.44776 
v 0.08929 -0.03816 1.44836 
v 0.08937 -0.03920 1.45060 
v 0.09282 -0.03253 1.45038 
v 0.09108 -0.03605 1.44949 
v -0.04951 -0.04873 1.47990 
v 0.12436 0.00011 1.49467 
v 0.12144 -0.00108 1.49778 
v 0.12360 -0.00228 1.49446 
v 0.11429 -0.00050 1.50837 
v 0.11377 -0.00246 1.50707 
v 0.11571 -0.00224 1.50446 
v 0.11619 -0.00007 1.50516 
v 0.02153 -0.05816 1.44618 
v 0.01778 -0.05663 1.44360 
v 0.11788 -0.01121 1.48729 
v 0.11534 -0.01228 1.48741 
v 0.11681 -0.01222 1.48542 
v 0.11869 -0.01106 1.48590 
v 0.10215 -0.00573 1.52109 
v 0.10231 -0.00603 1.52284 
v 0.09964 -0.00789 1.52117 
v 0.05347 -0.06653 1.51945 
v 0.05218 -0.06637 1.52563 
v 0.10556 -0.01602 1.45832 
v 0.10547 -0.01559 1.45788 
v 0.10737 -0.01285 1.45864 
v 0.10754 -0.01284 1.45912 
v 0.09408 -0.02341 1.50702 
v 0.09349 -0.02360 1.50910 
v 0.07149 -0.03331 1.41690 
v 0.06987 -0.03131 1.41504 
v 0.07337 -0.02827 1.41403 
v 0.07954 -0.02636 1.41464 
v -0.06719 -0.04382 1.49475 
v -0.07511 -0.03303 1.49401 
v -0.07063 -0.04532 1.50226 
v -0.07786 -0.03414 1.49993 
v 0.08096 -0.05491 1.49937 
v 0.08394 -0.05116 1.50048 
v 0.08195 -0.05071 1.50438 
v 0.07901 -0.05404 1.50462 
v -0.02293 -0.05673 1.47100 
v 0.05539 -0.04221 1.42114 
v 0.06131 -0.03816 1.41796 
v 0.08398 -0.05431 1.48509 
v 0.03771 -0.06964 1.49527 
v 0.03704 -0.07024 1.50310 
v 0.03408 -0.07017 1.50306 
v 0.03451 -0.06952 1.49458 
v -0.00462 -0.06183 1.47075 
v -0.00098 -0.06193 1.47073 
v 0.03640 -0.07050 1.50849 
v 0.03291 -0.07063 1.50895 
v 0.02547 -0.07179 1.51454 
v 0.02629 -0.07103 1.50893 
v 0.03478 -0.07055 1.51454 
v 0.10089 -0.02209 1.45783 
v 0.09798 -0.02547 1.45642 
v 0.09754 -0.02453 1.45525 
v 0.10106 -0.02164 1.45710 
v 0.09553 -0.02594 1.52607 
v 0.09627 -0.03024 1.52671 
v 0.09556 -0.03004 1.52490 
v 0.09491 -0.02636 1.52459 
v 0.12492 -0.00207 1.48142 
v 0.12583 -0.00208 1.48260 
v 0.12366 -0.00552 1.48272 
v 0.12301 -0.00524 1.48187 
v 0.09540 -0.03488 1.46342 
v 0.09493 -0.03463 1.46073 
v 0.09726 -0.03113 1.46354 
v 0.09766 -0.03134 1.46650 
v 0.09971 -0.02844 1.47767 
v 0.09825 -0.03557 1.47950 
v 0.09824 -0.03406 1.47498 
v 0.08570 -0.04225 1.44773 
v 0.09143 -0.03796 1.45481 
v 0.08974 -0.04000 1.45446 
v 0.08953 -0.03959 1.45248 
v 0.09313 -0.03765 1.46108 
v 0.09226 -0.03782 1.45796 
v 0.10261 -0.01710 1.48753 
v 0.10301 -0.01654 1.49025 
v 0.10129 -0.01944 1.48973 
v 0.10128 -0.02004 1.48635 
v 0.10868 -0.00610 1.44454 
v 0.10966 -0.00137 1.44454 
v 0.11010 -0.00143 1.44637 
v 0.10889 -0.00627 1.44651 
v 0.10934 -0.00118 1.45020 
v 0.10852 -0.00107 1.45195 
v 0.10735 -0.00641 1.45218 
v 0.10813 -0.00669 1.45036 
v 0.08025 -0.05697 1.49403 
v 0.07746 -0.05873 1.48774 
v 0.07578 -0.05990 1.49269 
v 0.07115 -0.06232 1.49174 
v 0.07305 -0.06097 1.48624 
v 0.12689 0.00006 1.48256 
v 0.10363 -0.01897 1.53547 
v 0.02653 -0.06126 1.45057 
v 0.02196 -0.06240 1.45635 
v 0.01934 -0.06150 1.45510 
v 0.02496 -0.06030 1.44913 
v 0.01993 -0.06410 1.46321 
v 0.06082 -0.01886 1.40329 
v 0.06193 -0.02002 1.40504 
v 0.05703 -0.02618 1.40773 
v 0.05501 -0.02459 1.40523 
v 0.06137 -0.05785 1.45143 
v 0.06620 -0.05606 1.45118 
v 0.06632 -0.05665 1.45360 
v 0.06083 -0.05902 1.45577 
v 0.05938 -0.06065 1.46311 
v -0.02339 -0.06743 1.49294 
v -0.02977 -0.06885 1.50163 
v -0.02685 -0.06583 1.49134 
v 0.08310 -0.05273 1.52579 
v 0.08352 -0.05162 1.52425 
v 0.08562 -0.05156 1.52781 
v 0.08239 -0.04026 1.43682 
v 0.08238 -0.04230 1.44049 
v 0.08016 -0.04346 1.43896 
v 0.08917 -0.04930 1.53257 
v 0.09150 -0.04637 1.53050 
v 0.09185 -0.04659 1.53368 
v 0.08635 -0.05163 1.53147 
v 0.08599 -0.05159 1.52962 
v 0.08845 -0.04946 1.52982 
v -0.03150 -0.06339 1.48958 
v -0.02910 -0.05859 1.47911 
v -0.02476 -0.06200 1.48318 
v 0.07691 -0.05545 1.53961 
v 0.07037 -0.05885 1.53786 
v 0.10940 -0.00925 1.46486 
v 0.10948 -0.00940 1.46397 
v 0.10800 -0.01615 1.48263 
v 0.11114 -0.01537 1.48356 
v 0.11057 -0.01504 1.48475 
v 0.10732 -0.01597 1.48426 
v 0.04023 -0.07017 1.50898 
v 0.03250 -0.07162 1.52555 
v 0.03361 -0.07087 1.51860 
v 0.08783 -0.01556 1.41008 
v 0.08469 -0.01403 1.40873 
v 0.07163 -0.05885 1.52915 
v 0.06518 -0.06123 1.53112 
v 0.06495 -0.06177 1.52389 
v 0.10795 -0.00211 1.51565 
v 0.10882 -0.00032 1.51594 
v 0.10332 -0.00932 1.41861 
v 0.10239 -0.00779 1.41567 
v 0.10433 -0.00400 1.41683 
v 0.10515 -0.00465 1.41934 
v 0.10596 -0.00120 1.43075 
v 0.10534 -0.00344 1.43039 
v 0.10620 -0.00324 1.42611 
v 0.10657 -0.00147 1.42653 
v 0.08564 -0.04852 1.54611 
v 0.08999 -0.04612 1.54263 
v 0.08886 -0.04554 1.54687 
v 0.09442 -0.02321 1.43072 
v 0.09167 -0.02611 1.43003 
v 0.09263 -0.02459 1.42675 
v 0.09525 -0.02215 1.42732 
v 0.09534 -0.02715 1.52272 
v 0.09450 -0.02729 1.52129 
v 0.09340 -0.02418 1.52056 
v 0.09421 -0.02439 1.52201 
v 0.09360 -0.02626 1.45039 
v 0.09372 -0.02651 1.45084 
v 0.09284 -0.02937 1.44892 
v 0.09277 -0.02800 1.44860 
v 0.03424 -0.05025 1.43114 
v 0.03465 -0.04706 1.42602 
v 0.07338 -0.05049 1.44427 
v 0.07672 -0.04862 1.44479 
v 0.07530 -0.05073 1.44790 
v 0.04691 -0.05600 1.43847 
v 0.04506 -0.06025 1.44768 
v 0.04099 -0.06297 1.45543 
v 0.03773 -0.06269 1.45348 
v 0.04164 -0.05969 1.44540 
v 0.10293 -0.01624 1.48519 
v 0.10234 -0.01737 1.48502 
v 0.10207 -0.01742 1.48284 
v 0.05460 -0.04046 1.41947 
v 0.05265 -0.04400 1.42269 
v 0.05172 -0.04314 1.42185 
v 0.05621 -0.04833 1.42745 
v 0.05455 -0.04557 1.42422 
v 0.06546 -0.06433 1.49174 
v 0.06045 -0.06524 1.48817 
v 0.06720 -0.06294 1.48469 
v 0.06909 -0.04604 1.42956 
v 0.06872 -0.04348 1.42567 
v 0.00130 -0.05855 1.45014 
v 0.00358 -0.05889 1.45214 
v 0.05596 -0.03453 1.41458 
v 0.05224 -0.03877 1.41795 
v 0.11653 -0.00998 1.48083 
v 0.08205 -0.05416 1.53043 
v 0.08220 -0.05393 1.52921 
v 0.10523 -0.01178 1.47510 
v 0.10703 -0.01113 1.47637 
v 0.10679 -0.01281 1.47682 
v 0.10443 -0.01286 1.47572 
v 0.08933 -0.00411 1.40721 
v 0.09327 -0.00418 1.40854 
v 0.10585 -0.01174 1.49966 
v 0.10840 -0.01186 1.49478 
v 0.11079 -0.00955 1.49794 
v 0.10838 -0.00968 1.50106 
v 0.08992 -0.04858 1.48178 
v 0.09072 -0.04792 1.47910 
v 0.12190 -0.00638 1.49281 
v 0.12310 -0.00666 1.48964 
v 0.12510 -0.00303 1.49212 
v 0.11942 -0.00876 1.49083 
v 0.12073 -0.00929 1.48864 
v 0.10728 -0.00630 1.54248 
v 0.06598 -0.05317 1.44174 
v 0.06234 -0.05352 1.43901 
v 0.06515 -0.05166 1.43695 
v 0.06779 -0.05172 1.43968 
v 0.02037 -0.07224 1.51394 
v 0.09019 -0.04073 1.45863 
v 0.09125 -0.04199 1.46437 
v 0.08666 -0.04636 1.46210 
v 0.08617 -0.04443 1.45569 
v 0.08652 -0.04733 1.46436 
v 0.09137 -0.04319 1.46675 
v 0.08617 -0.04942 1.46901 
v 0.11769 -0.00777 1.48124 
v 0.11818 -0.00564 1.48016 
v 0.12084 -0.00620 1.48117 
v 0.12182 -0.00714 1.48218 
v 0.08773 -0.02323 1.41547 
v 0.08699 -0.02181 1.41413 
v 0.08857 -0.02003 1.41339 
v 0.09066 -0.02046 1.41447 
v 0.10271 -0.01591 1.47784 
v 0.10264 -0.01660 1.47934 
v 0.05763 -0.04963 1.42961 
v 0.10082 -0.01362 1.41846 
v 0.10349 -0.01032 1.42064 
v 0.10085 -0.01512 1.42369 
v 0.11079 -0.00122 1.45615 
v 0.11178 -0.00128 1.45773 
v 0.11026 -0.00545 1.45779 
v 0.10792 -0.00099 1.45310 
v 0.10668 -0.00630 1.45352 
v 0.08455 -0.02567 1.41644 
v 0.08683 -0.02607 1.41831 
v 0.07866 -0.05167 1.51651 
v 0.07853 -0.05260 1.51821 
v 0.07403 -0.05645 1.51754 
v 0.07539 -0.05476 1.51602 
v 0.07781 -0.05179 1.51298 
v 0.07763 -0.05338 1.50854 
v 0.08069 -0.04890 1.51074 
v 0.08399 -0.04655 1.50731 
v 0.08316 -0.04661 1.50993 
v 0.08099 -0.04950 1.50813 
v 0.09698 -0.03095 1.46108 
v 0.09454 -0.03435 1.45801 
v 0.09274 -0.03516 1.45276 
v 0.05223 -0.06270 1.46588 
v 0.05823 -0.06173 1.46878 
v 0.05728 -0.06281 1.47361 
v 0.05122 -0.06385 1.47247 
v 0.09193 -0.03043 1.44667 
v 0.09191 -0.02932 1.44419 
v 0.04428 -0.06937 1.53315 
v 0.04463 -0.06955 1.53605 
v 0.03994 -0.07078 1.53473 
v 0.04016 -0.07004 1.53054 
v 0.09457 -0.01180 1.51970 
v 0.09651 -0.01011 1.52080 
v 0.09530 -0.01210 1.52191 
v 0.07292 -0.05388 1.45434 
v 0.07432 -0.05196 1.45052 
v 0.07907 -0.04934 1.45211 
v 0.07875 -0.05130 1.45743 
v 0.02962 -0.06554 1.47077 
v 0.02838 -0.06576 1.47541 
v 0.08020 -0.05727 1.48883 
v 0.07818 -0.05848 1.49333 
v 0.08112 -0.05636 1.48497 
v 0.06365 -0.02330 1.40791 
v 0.05972 -0.02803 1.41008 
v 0.10652 -0.00106 1.44045 
v 0.10604 -0.00095 1.43831 
v 0.09247 -0.02127 1.41678 
v 0.11895 -0.00145 1.47749 
v 0.11782 -0.00278 1.47797 
v 0.09574 -0.02286 1.50308 
v 0.09567 -0.02633 1.50127 
v 0.09377 -0.04217 1.54352 
v 0.09633 -0.03860 1.54397 
v 0.09579 -0.03866 1.54563 
v 0.09467 -0.03876 1.54832 
v 0.09224 -0.04188 1.54769 
v 0.09636 -0.03536 1.46792 
v 0.09680 -0.03551 1.47013 
v 0.09459 -0.03940 1.46848 
v 0.09432 -0.03860 1.46635 
v 0.09403 -0.01136 1.41060 
v 0.09718 -0.01263 1.41304 
v 0.09569 -0.01104 1.51366 
v 0.09622 -0.01244 1.51024 
v -0.00703 -0.05998 1.46599 
v -0.00315 -0.06018 1.46554 
v 0.00013 -0.06060 1.46548 
v 0.11157 -0.00154 1.47438 
v 0.11156 -0.00232 1.47501 
v 0.11033 -0.00456 1.47418 
v 0.11032 -0.00413 1.47314 
v 0.09952 -0.02839 1.47566 
v 0.10039 -0.01702 1.45186 
v 0.10045 -0.01699 1.45121 
v 0.10236 -0.01497 1.45055 
v 0.10213 -0.01465 1.45161 
v 0.09795 -0.01943 1.45178 
v 0.09800 -0.01930 1.45208 
v 0.09640 -0.02123 1.45245 
v 0.09605 -0.02162 1.45188 
v 0.01878 -0.05443 1.43433 
v 0.11661 -0.01061 1.48994 
v 0.10298 -0.01978 1.45808 
v 0.10261 -0.02025 1.45899 
v 0.07778 -0.05551 1.52337 
v 0.11093 -0.00796 1.50143 
v 0.11366 -0.00715 1.49983 
v 0.11424 -0.00534 1.50226 
v 0.04470 -0.05553 1.43766 
v 0.02787 -0.05963 1.44615 
v 0.07407 -0.05588 1.51468 
v 0.07205 -0.05799 1.51411 
v 0.07208 -0.05812 1.51280 
v 0.07425 -0.05602 1.51283 
v 0.10484 -0.00748 1.43958 
v 0.10392 -0.01036 1.43951 
v 0.10661 -0.00166 1.42260 
v 0.10304 -0.01145 1.42429 
v 0.10145 -0.01291 1.42938 
v 0.09950 -0.01642 1.42875 
v 0.08597 -0.04307 1.45099 
v 0.08809 -0.04070 1.45073 
v 0.08612 -0.04400 1.45407 
v 0.09498 -0.02331 1.45226 
v 0.09509 -0.02356 1.45292 
v 0.09487 -0.02425 1.45290 
v 0.09455 -0.02415 1.45220 
v 0.06713 -0.04717 1.43065 
v 0.07117 -0.04660 1.43277 
v 0.06940 -0.04825 1.43393 
v 0.00561 -0.05894 1.45461 
v 0.10444 -0.01143 1.53306 
v 0.10559 -0.01209 1.53574 
v 0.10548 -0.01016 1.45227 
v 0.10507 -0.00974 1.45372 
v 0.06723 -0.04331 1.42434 
v 0.09824 -0.02576 1.45755 
v 0.09868 -0.02621 1.45921 
v 0.04000 -0.06535 1.46946 
v 0.04344 -0.06374 1.46081 
v 0.04771 -0.06338 1.46373 
v 0.04666 -0.06461 1.47156 
v 0.07906 -0.03925 1.43017 
v 0.08021 -0.03818 1.43002 
v 0.08363 -0.02553 1.41569 
v 0.11167 -0.00447 1.46091 
v 0.11245 -0.00145 1.46096 
v 0.11248 -0.00040 1.51069 
v 0.09937 -0.01314 1.50584 
v 0.09981 -0.01142 1.50783 
v 0.07131 -0.05885 1.53156 
v 0.07664 -0.05668 1.52734 
v 0.07665 -0.05663 1.52961 
v 0.07058 -0.05927 1.52553 
v 0.09235 -0.02068 1.51240 
v 0.09307 -0.02474 1.51086 
v 0.09326 -0.02388 1.51012 
v 0.10917 -0.01491 1.47948 
v 0.10943 -0.01319 1.47895 
v 0.10250 -0.01697 1.48064 
v 0.10175 -0.01702 1.48041 
v 0.09273 -0.02689 1.43816 
v 0.09103 -0.02931 1.43790 
v 0.09116 -0.02744 1.43243 
v -0.01723 -0.07228 1.50436 
v -0.02255 -0.07131 1.50338 
v -0.01855 -0.06922 1.49586 
v 0.04449 -0.06652 1.48163 
v 0.05632 -0.06423 1.48090 
v 0.06368 -0.06196 1.47640 
v 0.06188 -0.06381 1.48284 
v 0.07353 -0.04577 1.43408 
v 0.07308 -0.04780 1.43743 
v 0.02136 -0.05485 1.43845 
v 0.02764 -0.05132 1.43176 
v 0.08919 -0.03679 1.44544 
v 0.08939 -0.03396 1.44172 
v 0.09762 -0.00917 1.51989 
v 0.11067 -0.00522 1.45829 
v 0.11223 -0.00137 1.45869 
v 0.11090 -0.00503 1.45894 
v 0.10206 -0.01461 1.45249 
v 0.10009 -0.01710 1.45269 
v -0.01937 -0.06541 1.48631 
v 0.08498 -0.05233 1.47689 
v 0.08459 -0.05323 1.48014 
v 0.08193 -0.05506 1.47953 
v 0.08243 -0.05399 1.47610 
v 0.07818 -0.05167 1.51479 
v 0.07635 -0.05358 1.51476 
v 0.10554 -0.01682 1.46037 
v 0.10310 -0.01853 1.45682 
v 0.07385 -0.00210 1.40188 
v 0.07267 -0.00564 1.40199 
v 0.09522 -0.00469 1.40954 
v 0.09743 -0.01947 1.42799 
v 0.09819 -0.01862 1.42309 
v 0.10262 -0.01586 1.47671 
v 0.10301 -0.01478 1.47571 
v 0.08918 -0.04030 1.50797 
v 0.08585 -0.04364 1.51179 
v 0.08522 -0.04474 1.50912 
v 0.08978 -0.04009 1.50585 
v -0.01104 -0.06917 1.49727 
v -0.01591 -0.06673 1.48784 
v -0.00985 -0.06796 1.49223 
v 0.10648 -0.01039 1.54865 
v 0.10614 -0.01429 1.54809 
v 0.10655 -0.01389 1.54544 
v 0.10679 -0.01034 1.54584 
v 0.10667 -0.01338 1.54234 
v 0.10715 -0.01041 1.54200 
v 0.10379 -0.01445 1.44561 
v 0.10440 -0.01406 1.44714 
v 0.10257 -0.01563 1.44806 
v 0.10242 -0.01601 1.44629 
v 0.04297 -0.06840 1.49026 
v 0.04972 -0.06591 1.48360 
v 0.05043 -0.06736 1.49124 
v 0.07452 -0.04892 1.44186 
v 0.07656 -0.04643 1.43983 
v 0.07186 -0.04966 1.43937 
v 0.06102 -0.02895 1.41127 
v 0.04390 -0.05774 1.44159 
v 0.04754 -0.05833 1.44403 
v 0.02826 -0.06911 1.49795 
v 0.02884 -0.06893 1.49351 
v 0.10730 -0.00635 1.54019 
v 0.10423 -0.01549 1.49034 
v 0.10335 -0.01606 1.48785 
v 0.10406 -0.01516 1.48808 
v 0.03697 -0.06878 1.48844 
v 0.03393 -0.06865 1.48768 
v 0.08796 -0.04960 1.52808 
v 0.08714 -0.04912 1.52534 
v 0.09135 -0.01887 1.51633 
v 0.09165 -0.01764 1.51551 
v 0.09171 -0.01748 1.51682 
v 0.09191 -0.01838 1.51810 
v 0.04332 -0.03613 1.41290 
v 0.05066 -0.02934 1.40838 
v 0.09453 -0.02387 1.52285 
v 0.09456 -0.02323 1.52390 
v 0.09538 -0.02689 1.52364 
v 0.08441 -0.02988 1.42138 
v 0.08477 -0.03048 1.42274 
v 0.08432 -0.04525 1.51323 
v 0.08292 -0.04714 1.51487 
v 0.08276 -0.04676 1.51262 
v 0.02962 -0.06793 1.48682 
v 0.02854 -0.06673 1.48195 
v 0.07413 -0.05735 1.52280 
v -0.06609 -0.01708 1.47071 
v -0.05849 -0.02170 1.46339 
v 0.09438 -0.04264 1.53156 
v 0.09669 -0.03803 1.53177 
v 0.09755 -0.03758 1.53387 
v 0.09488 -0.04262 1.53402 
v 0.02621 -0.06788 1.48601 
v 0.02441 -0.06712 1.47930 
v 0.07551 -0.05940 1.49885 
v 0.07355 -0.05917 1.50366 
v 0.07083 -0.06110 1.50336 
v 0.07316 -0.06076 1.49875 
v 0.10090 -0.03228 1.54187 
v 0.10286 -0.02770 1.54277 
v 0.10277 -0.02767 1.54432 
v 0.10071 -0.03193 1.54437 
v 0.09870 -0.02769 1.46605 
v 0.09869 -0.02785 1.46853 
v 0.07085 -0.03810 1.42056 
v 0.03809 -0.04084 1.41663 
v 0.08543 -0.05147 1.47436 
v 0.07957 -0.04519 1.44201 
v 0.00823 -0.06165 1.47031 
v 0.00434 -0.06064 1.46589 
v 0.09872 -0.02754 1.46355 
v 0.10355 -0.00510 1.51764 
v 0.05912 -0.06373 1.52482 
v 0.05929 -0.06344 1.53125 
v 0.05180 -0.06639 1.52856 
v 0.09727 -0.03622 1.48542 
v 0.09475 -0.04104 1.48783 
v 0.10686 -0.01004 1.44748 
v 0.10675 -0.01098 1.44562 
v 0.10791 -0.00815 1.44475 
v 0.07580 -0.05579 1.54388 
v 0.06757 -0.06065 1.54195 
v 0.03751 -0.04850 1.42897 
v 0.09701 -0.02181 1.44355 
v 0.09491 -0.02410 1.44464 
v 0.08043 -0.04905 1.51309 
v 0.10984 -0.01438 1.48694 
v 0.10674 -0.01532 1.48642 
v -0.02463 -0.07413 1.51593 
v 0.10722 -0.00291 1.53701 
v 0.10725 -0.00273 1.53870 
v 0.10720 -0.00640 1.53842 
v 0.04884 -0.06033 1.44973 
v 0.04504 -0.06282 1.45687 
v 0.10662 -0.01059 1.53792 
v 0.10598 -0.01235 1.53773 
v 0.10272 -0.00644 1.52552 
v 0.10529 -0.00430 1.52969 
v 0.10419 -0.00827 1.53042 
v 0.10329 -0.00717 1.52748 
v 0.10330 -0.01272 1.45356 
v 0.10361 -0.01286 1.45234 
v 0.04217 -0.05724 1.44067 
v 0.10218 -0.02085 1.46016 
v 0.10467 -0.01760 1.46189 
v 0.10351 -0.01868 1.46401 
v 0.10151 -0.02184 1.46206 
v 0.10050 -0.02280 1.45920 
v 0.10027 -0.02373 1.46084 
v 0.09616 -0.03020 1.52272 
v 0.09596 -0.03405 1.52248 
v 0.09502 -0.03277 1.52134 
v 0.09489 -0.02968 1.52131 
v 0.09980 -0.01262 1.41562 
v 0.09686 -0.02009 1.43168 
v 0.09877 -0.01899 1.43901 
v 0.09856 -0.01835 1.43473 
v 0.10115 -0.01430 1.43582 
v 0.10030 -0.01678 1.43916 
v 0.04104 -0.04144 1.41970 
v 0.04263 -0.04207 1.42088 
v 0.10607 -0.01753 1.54507 
v 0.10550 -0.01759 1.54770 
v 0.10858 -0.01090 1.46432 
v 0.10884 -0.01095 1.46352 
v 0.10944 -0.00984 1.46136 
v 0.10926 -0.00999 1.45986 
v 0.11118 -0.00483 1.45964 
v 0.10861 -0.00685 1.44841 
v 0.10641 -0.01041 1.44907 
v 0.10984 -0.00150 1.44829 
v 0.03696 -0.06341 1.45704 
v 0.03521 -0.06497 1.46584 
v 0.03166 -0.06464 1.46328 
v 0.03427 -0.06318 1.45556 
v -0.07533 -0.01867 1.48465 
v -0.07704 -0.01064 1.48507 
v -0.06692 -0.00957 1.47014 
v 0.09650 -0.01292 1.52424 
v 0.09721 -0.00998 1.52255 
v 0.09868 -0.01093 1.52532 
v 0.09776 -0.01367 1.52600 
v 0.08302 -0.05102 1.54368 
v 0.08567 -0.04919 1.54317 
v 0.08299 -0.05075 1.54552 
v 0.00266 -0.05957 1.45936 
v 0.03959 -0.06990 1.51510 
v -0.01612 -0.05791 1.46881 
v 0.08995 -0.04035 1.45638 
v 0.06713 -0.06302 1.50306 
v 0.06918 -0.06287 1.49803 
v 0.08563 -0.03337 1.43084 
v 0.08636 -0.03160 1.42868 
v 0.08873 -0.02928 1.42920 
v 0.08819 -0.03062 1.43176 
v 0.11149 -0.01086 1.49382 
v 0.06887 -0.06076 1.47723 
v 0.09785 -0.03218 1.46905 
v -0.08286 -0.02031 1.49807 
v 0.09534 -0.03035 1.49886 
v 0.09225 -0.01568 1.51548 
v 0.09189 -0.01797 1.51430 
v 0.08560 -0.04155 1.44595 
v 0.09367 -0.02630 1.44327 
v 0.09274 -0.02749 1.44592 
v 0.09242 -0.02829 1.44453 
v 0.09343 -0.02644 1.44146 
v 0.06357 -0.03086 1.41301 
v 0.06479 -0.02532 1.40942 
v 0.06724 -0.02817 1.41211 
v 0.11380 -0.00318 1.47760 
v 0.11169 -0.00337 1.47629 
v 0.10507 -0.00178 1.41753 
v 0.10603 -0.00175 1.42037 
v 0.02662 -0.06507 1.46531 
v 0.02622 -0.06544 1.46898 
v 0.09242 -0.03452 1.50473 
v 0.09119 -0.03724 1.50569 
v 0.09149 -0.03703 1.50428 
v 0.09253 -0.03453 1.50328 
v 0.10442 -0.00691 1.42992 
v 0.10494 -0.00367 1.43421 
v -0.03139 -0.07204 1.51389 
v -0.03676 -0.07004 1.51230 
v 0.10513 -0.01443 1.55249 
v 0.10448 -0.01766 1.55210 
v 0.11415 -0.01367 1.48497 
v 0.10385 -0.02460 1.54094 
v 0.10368 -0.02454 1.53973 
v 0.09979 -0.01874 1.49692 
v 0.09800 -0.01876 1.50096 
v 0.02505 -0.06894 1.49518 
v 0.09581 -0.03013 1.52383 
v 0.10665 -0.00190 1.53229 
v 0.11824 -0.00396 1.49956 
v 0.12019 -0.00526 1.49590 
v 0.11945 -0.00071 1.50090 
v 0.08354 -0.01364 1.40791 
v -0.00038 -0.05952 1.45908 
v 0.05853 -0.03650 1.41647 
v 0.07247 -0.05882 1.50766 
v 0.06929 -0.06112 1.50779 
v 0.08812 -0.02494 1.41798 
v 0.08221 -0.04395 1.44394 
v 0.09107 -0.01710 1.41223 
v 0.09316 -0.01307 1.41110 
v 0.10888 -0.00678 1.47564 
v 0.10734 -0.00882 1.47650 
v 0.10743 -0.00933 1.47556 
v 0.10867 -0.00729 1.47482 
v 0.09800 -0.03627 1.48182 
v 0.08226 -0.05008 1.46193 
v 0.08092 -0.05225 1.46613 
v 0.07728 -0.05426 1.46419 
v 0.07824 -0.05238 1.45984 
v 0.07944 -0.04684 1.44560 
v 0.01532 -0.07527 1.52514 
v 0.01403 -0.07613 1.52800 
v 0.10122 -0.01309 1.43293 
v 0.09838 -0.01798 1.43228 
v 0.10221 -0.01628 1.49457 
v 0.10122 -0.01866 1.49266 
v 0.10778 -0.01279 1.46034 
v 0.08491 -0.03786 1.43729 
v 0.07736 -0.02454 1.41252 
v 0.07860 -0.02237 1.41146 
v 0.03930 -0.06867 1.48912 
v 0.10587 -0.01865 1.54306 
v 0.05097 -0.05968 1.44718 
v 0.05340 -0.05924 1.44890 
v 0.01724 -0.06183 1.45774 
v 0.08351 -0.04653 1.45404 
v 0.08319 -0.04624 1.45252 
v 0.09196 -0.01992 1.51855 
v 0.09297 -0.02191 1.52035 
v 0.09203 -0.02137 1.51882 
v 0.09133 -0.01991 1.51743 
v 0.10645 -0.01447 1.48871 
v 0.10468 -0.01591 1.48581 
v 0.09204 -0.04602 1.53686 
v 0.09497 -0.04249 1.53765 
v 0.09435 -0.04232 1.54090 
v 0.09120 -0.04587 1.54028 
v 0.08269 -0.04904 1.45954 
v 0.06805 -0.01433 1.40370 
v 0.02751 -0.06963 1.50268 
v 0.02484 -0.07049 1.49925 
v 0.10539 -0.00579 1.42556 
v 0.10552 -0.00514 1.42157 
v 0.07501 -0.05661 1.50763 
v 0.07624 -0.05703 1.50401 
v 0.09960 -0.01504 1.52866 
v 0.10065 -0.01225 1.52816 
v 0.04266 -0.04934 1.42974 
v 0.10465 -0.01267 1.45427 
v 0.10564 -0.01256 1.45575 
v 0.10381 -0.01528 1.45513 
v 0.10313 -0.01501 1.45391 
v 0.10585 -0.01571 1.46300 
v 0.10529 -0.01546 1.46587 
v 0.10037 -0.02363 1.47994 
v 0.10017 -0.02365 1.47784 
v 0.06754 -0.04936 1.43545 
v 0.06948 -0.05009 1.43773 
v -0.05353 -0.05204 1.48894 
v 0.10649 -0.01431 1.54031 
v 0.10588 -0.01355 1.53722 
v 0.11678 -0.00620 1.49829 
v 0.11926 -0.00700 1.49477 
v 0.10944 -0.01252 1.49095 
v -0.00887 -0.07131 1.50631 
v 0.10986 -0.00117 1.45476 
v 0.10797 -0.00099 1.45334 
v 0.07233 -0.00985 1.40312 
v 0.07197 -0.05518 1.45694 
v 0.07158 -0.05625 1.46114 
v 0.08681 -0.04644 1.50104 
v 0.08553 -0.04640 1.50378 
v 0.09571 -0.03420 1.52359 
v 0.09538 -0.03439 1.52475 
v 0.06907 -0.05596 1.45502 
v 0.06813 -0.05715 1.45939 
v 0.09967 -0.02381 1.47262 
v 0.09912 -0.02799 1.47075 
v 0.09992 -0.02369 1.47032 
v 0.09131 -0.04630 1.52907 
v 0.04264 -0.04534 1.42483 
v 0.09383 -0.01275 1.51911 
v 0.09364 -0.01270 1.51794 
v 0.10034 -0.02366 1.48757 
v 0.09953 -0.02879 1.48512 
v 0.10114 -0.01587 1.49881 
v 0.10062 -0.02016 1.49183 
v 0.09962 -0.02425 1.49004 
v 0.09899 -0.02902 1.48801 
v 0.10237 -0.00782 1.51172 
v 0.11196 -0.00532 1.50511 
v 0.11026 -0.00770 1.50320 
v 0.10879 -0.00674 1.50641 
v 0.10616 -0.00980 1.50376 
v 0.10401 -0.01183 1.50210 
v 0.09987 -0.02373 1.47470 
v 0.09935 -0.02818 1.47301 
v 0.10116 -0.02039 1.48450 
v 0.09736 -0.03654 1.47401 
v 0.09432 -0.03095 1.50160 
v 0.09498 -0.03054 1.49966 
v 0.09476 -0.02669 1.50337 
v 0.10419 -0.00879 1.50794 
v 0.10206 -0.01171 1.50491 
v 0.10113 -0.01330 1.50323 
v 0.10262 -0.01377 1.50052 
v 0.10583 -0.00488 1.51446 
v 0.09546 -0.01834 1.50605 
v 0.09881 -0.01578 1.50285 
v 0.09578 -0.01431 1.50876 
v 0.10579 -0.00454 1.53150 
v 0.10294 -0.01058 1.52996 
v 0.10161 -0.00990 1.52786 
v 0.10049 -0.00908 1.52532 
v 0.09992 -0.00861 1.52382 
v 0.10065 -0.01596 1.53015 
v 0.10162 -0.01286 1.52954 
v 0.09914 -0.01682 1.52903 
v 0.09997 -0.01903 1.53088 
v 0.09855 -0.01922 1.52933 
v 0.09700 -0.01939 1.52749 
v 0.09717 -0.01672 1.52678 
v 0.09569 -0.03468 1.52655 
v 0.10236 -0.02761 1.54653 
v 0.10664 -0.01464 1.54250 
v 0.10139 -0.02232 1.53356 
v 0.10295 -0.02434 1.53689 
v 0.10329 -0.02445 1.53828 
v 0.09805 -0.03618 1.54434 
v 0.09884 -0.03601 1.54173 
v 0.08654 -0.04305 1.51460 
v 0.08848 -0.04053 1.51269 
v 0.08856 -0.04049 1.51550 
v 0.09469 -0.03576 1.52181 
v 0.09388 -0.03566 1.52033 
v 0.06315 -0.06489 1.50271 
v 0.06448 -0.06485 1.49727 
v 0.05727 -0.06692 1.50289 
v 0.05855 -0.06659 1.49711 
v 0.05971 -0.06580 1.49169 
v 0.05525 -0.06676 1.49159 
v 0.05308 -0.06764 1.49687 
v 0.08673 -0.04384 1.50628 
v 0.09013 -0.04151 1.49994 
v 0.08834 -0.04280 1.50334 
v 0.11204 -0.00853 1.49878 
v 0.10387 -0.01426 1.49662 
v 0.08691 -0.04414 1.51722 
v 0.08657 -0.04554 1.51853 
v 0.08404 -0.04708 1.51681 
v 0.08471 -0.04536 1.51462 
v 0.09409 -0.02705 1.50638 
v 0.09435 -0.02683 1.50482 
v 0.08812 -0.04632 1.49853 
v 0.09368 -0.01329 1.51444 
v 0.09304 -0.01374 1.51710 
v 0.09343 -0.01563 1.51203 
v 0.11445 -0.01188 1.48938 
v 0.11348 -0.00927 1.49580 
v 0.11458 -0.01014 1.49200 
v 0.11523 -0.00776 1.49712 
v 0.11773 -0.00866 1.49335 
v 0.09490 -0.01342 1.52236 
v 0.09516 -0.01428 1.52326 
v 0.09420 -0.01534 1.52248 
v 0.09430 -0.01339 1.52136 
v 0.09655 -0.02593 1.52758 
v 0.09678 -0.03023 1.52798 
v 0.09633 -0.02256 1.52695 
v 0.09613 -0.01951 1.52614 
v 0.09718 -0.02265 1.52814 
v 0.09508 -0.02284 1.52508 
v 0.09451 -0.02002 1.52394 
v 0.09568 -0.01665 1.52493 
v 0.09424 -0.01735 1.52311 
v 0.09735 -0.02631 1.52892 
v 0.09742 -0.03020 1.52939 
v 0.03143 -0.07292 1.53223 
v 0.02160 -0.07499 1.52954 
v 0.05138 -0.06652 1.53185 
v 0.06878 -0.06069 1.51289 
v 0.06070 -0.06479 1.51314 
v 0.06183 -0.06484 1.50814 
v 0.06018 -0.06442 1.51665 
v 0.05984 -0.06417 1.51916 
v 0.05419 -0.06666 1.51629 
v 0.04720 -0.06870 1.51562 
v 0.06663 -0.05903 1.46613 
v 0.06526 -0.06054 1.47194 
v 0.11018 -0.00415 1.47191 
v 0.11079 -0.00142 1.47167 
v 0.11094 -0.00145 1.47276 
v 0.11031 -0.00455 1.46749 
v 0.11074 -0.00139 1.46735 
v 0.11057 -0.00138 1.47043 
v 0.11002 -0.00417 1.47066 
v 0.10948 -0.01212 1.47891 
v 0.10433 -0.01644 1.47974 
v 0.10650 -0.01615 1.48021 
v 0.10952 -0.01350 1.48918 
v 0.09793 -0.03304 1.47130 
v 0.10354 -0.01418 1.44303 
v 0.10279 -0.01438 1.44171 
v 0.10429 -0.01048 1.44101 
v 0.10533 -0.01032 1.44211 
v 0.09900 -0.01948 1.44249 
v 0.10043 -0.01731 1.44231 
v 0.10083 -0.01772 1.44450 
v 0.09923 -0.01930 1.44537 
v 0.10733 -0.00109 1.44136 
v 0.10669 -0.00461 1.44150 
v 0.10569 -0.00444 1.44046 
v 0.10512 -0.00743 1.44029 
v 0.10414 -0.01044 1.44040 
v 0.09035 -0.04011 1.50252 
v 0.08337 -0.04898 1.51914 
v 0.08642 -0.04663 1.51976 
v 0.08222 -0.04983 1.51890 
v 0.08118 -0.04942 1.51666 
v 0.09333 -0.03856 1.52188 
v 0.09063 -0.04189 1.52086 
v 0.09133 -0.03996 1.51963 
v 0.09320 -0.03773 1.52049 
v 0.08666 -0.04359 1.51600 
v 0.08694 -0.04269 1.51584 
v 0.08924 -0.04091 1.51732 
v 0.08895 -0.04218 1.51835 
v 0.09255 -0.03576 1.50178 
v 0.09322 -0.03550 1.49930 
v 0.08287 -0.05309 1.47336 
v 0.07647 -0.05616 1.47049 
v 0.07901 -0.05499 1.47160 
v 0.07847 -0.05612 1.47522 
v 0.07512 -0.05772 1.47462 
v 0.07090 -0.05809 1.46828 
v 0.06972 -0.05955 1.47334 
v 0.08613 -0.04334 1.51317 
v 0.08806 -0.04117 1.51094 
v 0.09036 -0.03826 1.50926 
v 0.09017 -0.03818 1.51174 
v 0.09179 -0.03581 1.50956 
v 0.09223 -0.03493 1.50714 
v 0.09357 -0.02916 1.50892 
v 0.09307 -0.03280 1.50844 
v 0.09334 -0.03159 1.50667 
v 0.09370 -0.02724 1.50798 
v 0.09363 -0.03134 1.50460 
v 0.09494 -0.03672 1.52288 
v 0.09467 -0.03704 1.52428 
v 0.09195 -0.03819 1.51890 
v 0.09299 -0.04043 1.52355 
v 0.08302 -0.04792 1.51676 
v 0.08061 -0.04917 1.51487 
v 0.08925 -0.04338 1.51997 
v 0.08910 -0.04483 1.52173 
v 0.09092 -0.04297 1.52267 
v 0.09321 -0.01586 1.52074 
v 0.09492 -0.03745 1.52621 
v 0.09304 -0.04157 1.52594 
v 0.08633 -0.04853 1.52253 
v 0.09374 -0.03118 1.50342 
v 0.08909 -0.03938 1.51385 
v 0.09372 -0.01386 1.52063 
v 0.09425 -0.01910 1.50823 
v 0.09475 -0.02321 1.50543 
v 0.09162 -0.01876 1.51463 
v 0.07799 -0.05753 1.49904 
v 0.05580 -0.06555 1.48623 
v 0.03489 -0.06530 1.46769 
v 0.03078 -0.06511 1.46646 
v 0.06565 -0.06315 1.50799 
v 0.06481 -0.06220 1.51881 
v 0.05970 -0.06366 1.53752 
v 0.05087 -0.06723 1.53774 
v 0.05109 -0.06687 1.53515 
v 0.05750 -0.06470 1.53944 
v 0.07242 -0.05787 1.51956 
v 0.07845 -0.05368 1.51996 
v 0.06993 -0.05965 1.52322 
v 0.06866 -0.06038 1.51845 
v 0.06984 -0.05507 1.45273 
v 0.05034 -0.06482 1.47870 
v 0.02719 -0.06413 1.46075 
v 0.03007 -0.06260 1.45349 
v 0.02823 -0.06190 1.45194 
v 0.02453 -0.06338 1.45842 
v 0.03959 -0.06359 1.45852 
v 0.03605 -0.06235 1.45223 
v 0.02568 -0.06713 1.47290 
v 0.09445 -0.01210 1.51441 
v 0.08365 -0.05032 1.52156 
v 0.07218 -0.05785 1.51728 
v 0.06864 -0.06043 1.51699 
v 0.06481 -0.06236 1.51688 
v 0.09011 -0.03990 1.50454 
v 0.06496 -0.06280 1.51303 
v 0.09801 -0.02656 1.53024 
v 0.09812 -0.03016 1.53071 
v 0.09679 -0.03436 1.52953 
v 0.09790 -0.03399 1.53167 
v 0.09846 -0.03672 1.53632 
v 0.02218 -0.07172 1.50918 
v 0.05151 -0.05106 1.43108 
v 0.04769 -0.05320 1.43399 
v 0.04514 -0.05128 1.43156 
v 0.04871 -0.04916 1.42882 
v 0.00071 -0.06439 1.47896 
v 0.00125 -0.06341 1.47624 
v 0.00226 -0.06157 1.47170 
v 0.00403 -0.06329 1.47701 
v 0.00653 -0.06239 1.47422 
v -0.00849 -0.06126 1.47067 
v -0.04406 -0.06664 1.51017 
v -0.04925 -0.06337 1.50865 
v -0.05837 -0.05721 1.50599 
v -0.03464 -0.06684 1.50052 
v 0.02779 -0.06627 1.47829 
v 0.02388 -0.06724 1.47644 
v 0.10235 -0.01958 1.46715 
v 0.10447 -0.01514 1.46875 
v 0.10653 -0.01010 1.47436 
v 0.10644 -0.01014 1.47317 
v 0.10834 -0.00799 1.47393 
v 0.10828 -0.00815 1.47270 
v 0.10795 -0.01071 1.46671 
v 0.10896 -0.00884 1.46701 
v 0.10820 -0.00847 1.47046 
v 0.10703 -0.01041 1.47016 
v 0.10703 -0.01245 1.46642 
v 0.10602 -0.01221 1.46965 
v 0.10791 -0.01266 1.46304 
v 0.10570 -0.01627 1.46169 
v 0.08240 -0.05359 1.52749 
v 0.09527 -0.03772 1.52783 
v 0.09317 -0.04271 1.52778 
v 0.10656 -0.01301 1.54024 
v 0.08990 -0.04822 1.53602 
v 0.02546 -0.06908 1.49093 
v 0.02480 -0.06778 1.47437 
v 0.08253 -0.05141 1.46697 
v 0.06162 -0.05703 1.44881 
v 0.06697 -0.05529 1.44779 
v 0.06189 -0.05621 1.44617 
v 0.06885 -0.05263 1.44370 
v 0.04595 -0.04732 1.42720 
v 0.04951 -0.04088 1.41971 
v 0.06678 -0.03398 1.41596 
v 0.09006 -0.03034 1.43725 
v 0.09087 -0.03037 1.44016 
v 0.08963 -0.03211 1.43948 
v 0.08767 -0.03477 1.43845 
v 0.09234 -0.02871 1.44625 
v 0.09122 -0.03691 1.45182 
v 0.08282 -0.04589 1.45077 
v 0.08209 -0.04505 1.44645 
v 0.07917 -0.04883 1.45068 
v 0.07923 -0.04829 1.44930 
v 0.10035 -0.01942 1.47444 
v 0.09847 -0.01674 1.41840 
v 0.09087 -0.02570 1.42279 
v 0.09137 -0.02380 1.41930 
v 0.09017 -0.02724 1.42605 
v 0.08402 -0.03385 1.42817 
v 0.08298 -0.03598 1.43037 
v 0.08239 -0.03819 1.43355 
v 0.07250 -0.05170 1.44616 
v 0.07097 -0.05378 1.44945 
v 0.07038 -0.05138 1.44161 
v 0.07966 -0.05331 1.54476 
v 0.07988 -0.05389 1.53955 
v 0.09632 -0.03457 1.52782 
v 0.09593 -0.03789 1.52976 
v 0.09383 -0.04269 1.52962 
v 0.09717 -0.03855 1.54145 
v 0.09759 -0.03844 1.53887 
v 0.09885 -0.03624 1.53988 
v 0.09865 -0.03649 1.53790 
v 0.09758 -0.03830 1.53654 
v 0.10086 -0.03250 1.54041 
v 0.10267 -0.02774 1.53990 
v 0.10231 -0.02768 1.53799 
v 0.09940 -0.02260 1.53129 
v 0.09798 -0.02275 1.52974 
v 0.11236 -0.00143 1.45948 
v 0.10084 -0.01931 1.47170 
v 0.10062 -0.02055 1.47926 
v 0.10076 -0.02101 1.48118 
v 0.05603 -0.05883 1.44971 
v 0.05644 -0.05788 1.44691 
v 0.09334 -0.02629 1.44796 
v 0.09391 -0.02504 1.45006 
v 0.09469 -0.02361 1.44972 
v 0.09443 -0.02412 1.45156 
v 0.09396 -0.02523 1.45104 
v 0.09609 -0.02190 1.44901 
v 0.09481 -0.02388 1.44709 
v 0.09651 -0.02205 1.44641 
v 0.09843 -0.01940 1.44993 
v 0.09595 -0.02182 1.45109 
v 0.09874 -0.01929 1.44786 
v 0.09508 -0.02305 1.45155 
v 0.10158 -0.01981 1.46939 
v 0.10029 -0.02339 1.46791 
v 0.10897 -0.01105 1.46145 
v 0.10842 -0.01144 1.45948 
v 0.10773 -0.01262 1.46375 
v 0.11203 -0.01266 1.48931 
v 0.11197 -0.01165 1.49089 
v 0.11425 -0.01124 1.49051 
v 0.10991 -0.00026 1.51397 
v 0.10060 -0.02314 1.46570 
v 0.09946 -0.02576 1.46443 
v 0.09408 -0.02532 1.45160 
v 0.10788 -0.00598 1.44296 
v 0.10623 -0.00732 1.44151 
v 0.10703 -0.00882 1.44374 
v 0.10597 -0.01150 1.44443 
v 0.10081 -0.01764 1.44693 
v 0.10749 -0.01117 1.47772 
v 0.10777 -0.01277 1.47811 
v 0.10865 -0.01583 1.48071 
v 0.05238 -0.05850 1.44548 
v 0.06844 -0.03563 1.41771 
v 0.07757 -0.00385 1.40342 
v 0.07726 -0.00770 1.40411 
v 0.08552 -0.00071 1.40574 
v 0.10862 -0.00127 1.44291 
v 0.10304 -0.01793 1.45623 
v 0.10191 -0.01765 1.45454 
v 0.10111 -0.01743 1.45360 
v 0.09658 -0.02178 1.45299 
v 0.09726 -0.02130 1.45308 
v 0.09742 -0.02197 1.45348 
v 0.09635 -0.02279 1.45317 
v 0.09236 -0.02824 1.44099 
v 0.10825 -0.01006 1.45768 
v 0.10862 -0.01016 1.45821 
v 0.11020 -0.00498 1.47522 
v 0.10054 -0.01695 1.45060 
v 0.10254 -0.01521 1.44967 
v 0.10393 -0.01303 1.45110 
v 0.10577 -0.01044 1.45077 
v 0.10894 -0.01008 1.45903 
v 0.11282 -0.01336 1.48737 
v 0.10758 -0.01551 1.47907 
v 0.10780 -0.01465 1.47848 
v 0.10179 -0.01447 1.43930 
v 0.10038 -0.01707 1.44074 
v 0.09889 -0.01927 1.44085 
v 0.07914 -0.01913 1.40949 
v 0.10193 -0.01454 1.45334 
v 0.10671 -0.00635 1.45376 
v 0.10502 -0.01577 1.47849 
v 0.11609 -0.00399 1.47927 
v 0.10852 -0.00660 1.47694 
v 0.10979 -0.00513 1.47660 
v 0.10737 -0.00858 1.47772 
v 0.10743 -0.01042 1.47846 
v 0.10906 -0.01118 1.47907 
v 0.11167 -0.01128 1.47999 
v 0.11429 -0.01085 1.48050 
v 0.11555 -0.00912 1.48078 
v 0.11651 -0.00765 1.48104 
v 0.11640 -0.00582 1.48068 
v 0.11487 -0.00438 1.48018 
v 0.11227 -0.00367 1.47857 
v 0.11020 -0.00394 1.47693 
v 0.10808 -0.00643 1.47838 
v 0.10842 -0.00525 1.47896 
v 0.10519 -0.00534 1.48724 
v 0.10392 -0.00618 1.48661 
v 0.10704 -0.00862 1.47937 
v 0.10715 -0.00968 1.47985 
v 0.10872 -0.01019 1.47980 
v 0.11082 -0.01041 1.48031 
v 0.11309 -0.01003 1.48093 
v 0.11399 -0.00876 1.48169 
v 0.11495 -0.00764 1.48159 
v 0.11499 -0.00593 1.48153 
v 0.11373 -0.00488 1.48086 
v 0.10679 -0.00495 1.48821 
v 0.11014 -0.00420 1.47984 
v 0.10767 -0.00560 1.48985 
v 0.10297 -0.00719 1.48782 
v 0.10306 -0.00816 1.48834 
v 0.10400 -0.00871 1.48835 
v 0.10496 -0.00890 1.48897 
v 0.10622 -0.00871 1.48969 
v 0.10722 -0.00812 1.49049 
v 0.10826 -0.00713 1.49042 
v 0.10812 -0.01153 1.45887 
v 0.10751 -0.01162 1.45755 
v 0.10786 -0.01165 1.45819 
v 0.10722 -0.01284 1.45821 
v 0.10685 -0.01270 1.45747 
v 0.08848 -0.02623 1.42027 
v 0.10357 -0.00230 1.41529 
v 0.10235 -0.00198 1.41395 
v 0.09748 -0.00122 1.41034 
v 0.10093 -0.00160 1.41247 
v 0.09436 -0.00089 1.40892 
v 0.10418 -0.01312 1.44983 
v 0.10451 -0.01313 1.44862 
v 0.10012 -0.01710 1.45299 
v 0.09850 -0.01923 1.45264 
v 0.09858 -0.01915 1.45286 
v 0.09699 -0.02063 1.45288 
v 0.09814 -0.01931 1.45229 
v 0.10519 -0.00973 1.45393 
v 0.10344 -0.01270 1.45378 
v 0.10548 -0.00111 1.43505 
v 0.05677 -0.05718 1.44475 
v 0.08204 -0.00079 1.40448 
v 0.07817 -0.00134 1.40326 
v 0.08440 -0.03190 1.42512 
v 0.08684 -0.02972 1.42557 
v 0.10205 -0.01459 1.45354 
v 0.10027 -0.01715 1.45320 
v 0.10529 -0.01544 1.45733 
v 0.10516 -0.00422 1.43803 
v 0.08100 -0.01324 1.40723 
v 0.07525 -0.02421 1.41169 
v 0.07562 -0.02152 1.41009 
v 0.07201 -0.01213 1.40405 
v 0.07255 -0.01564 1.40598 
v 0.09626 -0.02355 1.45347 
v 0.09628 -0.02423 1.45376 
v 0.09452 -0.02568 1.45249 
v 0.09552 -0.02589 1.45335 
v 0.09449 -0.02702 1.45228 
v 0.09948 -0.01925 1.45334 
v 0.09879 -0.01913 1.45307 
v 0.10005 -0.01948 1.45410 
v 0.10220 -0.01445 1.44049 
v 0.10511 -0.01721 1.46114 
v 0.09640 -0.02576 1.45432 
v 0.02415 -0.07117 1.50314 
v 0.02306 -0.07193 1.50599 
v 0.10283 -0.02772 1.54123 
v -0.05549 -0.05478 1.49628 
v -0.07952 -0.01954 1.49191 
v -0.08443 -0.01129 1.49736 
v -0.04594 -0.06102 1.49827 
v -0.04102 -0.06383 1.49916 
v -0.08086 -0.01100 1.49137 
v 0.10684 -0.00207 1.53454 
v 0.10702 -0.01048 1.54009 
v 0.10187 -0.02786 1.53694 
v 0.10047 -0.03283 1.53810 
v 0.10001 -0.03307 1.53663 
v 0.10219 -0.02337 1.53518 
v 0.10141 -0.02801 1.53596 
v 0.07701 -0.01091 1.40513 
v 0.07654 -0.01452 1.40663 
v 0.06636 -0.01974 1.40647 
v 0.10073 -0.02018 1.45523 
v 0.09562 -0.02271 1.45280 
v 0.09590 -0.02207 1.45263 
v 0.10066 -0.01730 1.44890 
v 0.09530 -0.02249 1.45218 
v 0.09345 -0.02630 1.44548 
v 0.06529 -0.04890 1.43198 
v 0.07605 -0.01840 1.40840 
v 0.08791 -0.02790 1.42272 
v 0.08496 -0.03587 1.43457 
v 0.08769 -0.03294 1.43559 
v 0.09019 -0.03924 1.51739 
v 0.08900 -0.04287 1.51908 
v 0.09375 -0.02751 1.52050 
v 0.09285 -0.02480 1.51988 
v 0.09181 -0.02231 1.51870 
v 0.09103 -0.02055 1.51737 
v 0.09078 -0.01969 1.51625 
v 0.09182 -0.02149 1.51339 
v 0.09096 -0.01993 1.51507 
v 0.09112 -0.02145 1.51421 
v 0.09229 -0.02414 1.51245 
v 0.09317 -0.02780 1.51060 
v 0.09319 -0.03135 1.50964 
v 0.09233 -0.03425 1.51013 
v 0.09093 -0.03656 1.51170 
v 0.08958 -0.03820 1.51366 
v 0.08904 -0.03896 1.51538 
v 0.08987 -0.03855 1.51682 
v 0.09148 -0.03732 1.51826 
v 0.09305 -0.03558 1.51947 
v 0.09406 -0.03317 1.52030 
v 0.09422 -0.03036 1.52065 
v 0.09050 -0.02032 1.51529 
v 0.09063 -0.02126 1.51465 
v 0.09138 -0.02368 1.51357 
v 0.09246 -0.02715 1.51171 
v 0.09282 -0.03042 1.51051 
v 0.09237 -0.03296 1.51053 
v 0.09128 -0.03501 1.51169 
v 0.09004 -0.03666 1.51341 
v 0.08927 -0.03768 1.51508 
v 0.09043 -0.02132 1.51505 
v 0.09175 -0.02691 1.51264 
v 0.09214 -0.02991 1.51150 
v 0.09231 -0.03194 1.51077 
v 0.09166 -0.03258 1.51163 
v 0.09072 -0.03419 1.51287 
v 0.09013 -0.03514 1.51454 
v 0.09301 -0.02800 1.51995 
v 0.09223 -0.02517 1.51947 
v 0.09134 -0.02280 1.51841 
v 0.09069 -0.02114 1.51718 
v 0.09041 -0.02031 1.51612 
v 0.08975 -0.03738 1.51635 
v 0.09107 -0.03617 1.51775 
v 0.09243 -0.03501 1.51909 
v 0.09332 -0.03340 1.51986 
v 0.09344 -0.03093 1.52008 
v 0.09211 -0.02925 1.51881 
v 0.09180 -0.02581 1.51916 
v 0.09089 -0.02340 1.51824 
v 0.09048 -0.02208 1.51705 
v 0.09031 -0.02153 1.51589 
v 0.08960 -0.03654 1.51584 
v 0.09097 -0.03323 1.51644 
v 0.09220 -0.03334 1.51877 
v 0.09285 -0.03350 1.51961 
v 0.09290 -0.03201 1.51971 
v 0.09145 -0.01965 1.51446 
v 0.09050 -0.02330 1.51708 
v 0.09061 -0.02383 1.51573 
v 0.09081 -0.02373 1.51449 
v 0.09058 -0.02373 1.51780 
v 0.09100 -0.02650 1.51680 
v 0.09120 -0.02936 1.51365 
v 0.09123 -0.02551 1.51352 
v 0.09061 -0.02343 1.51820 
v 0.09102 -0.02490 1.51826 
v 0.10102 -0.02744 1.55044 
v 0.09004 -0.04709 1.54007 
v 0.10562 -0.01065 1.55284 
v 0.10596 -0.00614 1.55313 
v 0.01637 -0.06806 1.46969 
v 0.01647 -0.06898 1.46803 
v 0.01231 -0.06999 1.46719 
v 0.01275 -0.06898 1.46966 
v 0.00096 -0.07653 1.47177 
v 0.00407 -0.07562 1.47365 
v -0.00165 -0.07789 1.47392 
v -0.00070 -0.07379 1.48594 
v 0.00097 -0.07168 1.48741 
v 0.00034 -0.07202 1.48796 
v -0.00081 -0.07465 1.48669 
v -0.00529 -0.07144 1.49559 
v -0.00465 -0.07343 1.49426 
v -0.00499 -0.07468 1.49730 
v -0.00551 -0.07284 1.49917 
v 0.00761 -0.06201 1.47834 
v 0.00604 -0.06333 1.48073 
v 0.01303 -0.06943 1.47835 
v 0.00929 -0.06938 1.47366 
v 0.00760 -0.07003 1.47619 
v 0.01060 -0.06900 1.48018 
v -0.01263 -0.08027 1.48598 
v -0.01198 -0.07912 1.48616 
v -0.00901 -0.07859 1.48164 
v -0.00873 -0.08053 1.48103 
v 0.00317 -0.07546 1.47078 
v 0.01549 -0.07502 1.51774 
v 0.01725 -0.07297 1.51344 
v 0.01825 -0.07297 1.51350 
v 0.01620 -0.07515 1.51813 
v -0.00349 -0.07559 1.50458 
v -0.00162 -0.07578 1.51017 
v -0.00289 -0.07375 1.51005 
v -0.00502 -0.07394 1.50540 
v -0.00509 -0.07921 1.47635 
v -0.00701 -0.08099 1.48101 
v -0.00629 -0.07832 1.47669 
v 0.01224 -0.06266 1.48064 
v 0.01157 -0.06241 1.47703 
v -0.00397 -0.08009 1.50320 
v -0.00179 -0.07926 1.50347 
v -0.00415 -0.07928 1.49920 
v -0.00121 -0.06628 1.48586 
v -0.00462 -0.06775 1.49095 
v -0.00074 -0.06739 1.48664 
v 0.00263 -0.06650 1.48459 
v 0.00277 -0.06791 1.48491 
v -0.00016 -0.06918 1.48715 
v 0.02153 -0.06816 1.47609 
v 0.02085 -0.06882 1.47857 
v -0.01330 -0.07848 1.49697 
v -0.01568 -0.07946 1.49627 
v -0.01498 -0.07928 1.50335 
v -0.01261 -0.07849 1.50336 
v -0.01491 -0.08167 1.49110 
v -0.01581 -0.08250 1.49612 
v -0.01659 -0.08111 1.49601 
v -0.01543 -0.08047 1.49109 
v 0.00626 -0.06745 1.48348 
v 0.00610 -0.06604 1.48335 
v 0.00619 -0.07719 1.50422 
v 0.00321 -0.07657 1.50549 
v -0.00067 -0.07829 1.50220 
v 0.00302 -0.07989 1.50036 
v 0.00353 -0.07039 1.49260 
v 0.00414 -0.07121 1.49228 
v 0.00615 -0.07090 1.49382 
v 0.00533 -0.06937 1.49431 
v 0.00742 -0.06664 1.48298 
v 0.00505 -0.06829 1.48207 
v 0.00641 -0.06809 1.48099 
v 0.00873 -0.06685 1.48148 
v 0.02016 -0.06518 1.47223 
v 0.02091 -0.06555 1.47096 
v 0.01911 -0.06751 1.46892 
v 0.01857 -0.06685 1.47099 
v -0.00072 -0.07906 1.51411 
v -0.00025 -0.07622 1.51459 
v -0.00068 -0.07856 1.50864 
v -0.00582 -0.07293 1.50535 
v -0.00660 -0.07072 1.50534 
v -0.00656 -0.07233 1.50216 
v 0.00086 -0.07199 1.48387 
v 0.00025 -0.07243 1.48575 
v -0.00761 -0.07734 1.48238 
v -0.00426 -0.07652 1.48363 
v -0.00264 -0.07531 1.48065 
v -0.00570 -0.07634 1.47905 
v 0.01774 -0.06712 1.47337 
v 0.01680 -0.06825 1.47799 
v 0.01802 -0.06662 1.47985 
v 0.01931 -0.06548 1.47526 
v -0.01443 -0.08086 1.51053 
v -0.01450 -0.08279 1.51005 
v -0.01268 -0.08427 1.51590 
v -0.01263 -0.08238 1.51673 
v 0.00260 -0.07125 1.48982 
v 0.00085 -0.07970 1.48751 
v -0.00068 -0.08165 1.48593 
v 0.00071 -0.08030 1.48312 
v 0.00219 -0.07822 1.48488 
v 0.01250 -0.07744 1.52557 
v 0.01227 -0.07915 1.52549 
v 0.01509 -0.07725 1.52213 
v 0.01533 -0.07527 1.52216 
v 0.01221 -0.06522 1.48193 
v 0.01531 -0.06580 1.48186 
v 0.01495 -0.06818 1.48065 
v 0.01182 -0.06717 1.48195 
v 0.01723 -0.06357 1.47594 
v 0.01693 -0.06405 1.47968 
v 0.00191 -0.07469 1.48304 
v 0.00082 -0.07465 1.48393 
v 0.00040 -0.07587 1.48562 
v 0.00184 -0.07665 1.48478 
v -0.00436 -0.07536 1.47429 
v -0.00181 -0.07314 1.47480 
v -0.00104 -0.07416 1.47146 
v -0.00689 -0.07698 1.47798 
v -0.00058 -0.07260 1.48839 
v -0.00455 -0.07424 1.51374 
v -0.00427 -0.07303 1.50943 
v -0.00308 -0.07473 1.51419 
v 0.01324 -0.07789 1.52079 
v 0.01169 -0.07976 1.52294 
v 0.01117 -0.07832 1.52285 
v 0.01327 -0.07624 1.52094 
v 0.01711 -0.07481 1.51828 
v 0.02220 -0.06765 1.48261 
v 0.00254 -0.07022 1.48412 
v 0.00194 -0.07095 1.48626 
v -0.01214 -0.07846 1.49283 
v -0.01455 -0.07904 1.49157 
v 0.00362 -0.07172 1.48058 
v 0.00271 -0.07216 1.47922 
v 0.00024 -0.07307 1.48192 
v 0.00165 -0.07142 1.48279 
v 0.00474 -0.07034 1.47224 
v 0.00262 -0.07143 1.47457 
v 0.00420 -0.07143 1.47741 
v 0.02339 -0.06919 1.48978 
v 0.02465 -0.06812 1.49035 
v 0.02444 -0.06848 1.49444 
v 0.02322 -0.06977 1.49301 
v 0.00235 -0.06574 1.48276 
v 0.00576 -0.06481 1.48215 
v 0.00179 -0.06484 1.48121 
v 0.01266 -0.07334 1.48241 
v 0.00978 -0.07414 1.48159 
v 0.00928 -0.07386 1.47993 
v 0.01267 -0.07349 1.48047 
v -0.00620 -0.07789 1.48902 
v -0.00979 -0.07820 1.48752 
v -0.00607 -0.07861 1.49533 
v 0.00955 -0.08171 1.52455 
v 0.00775 -0.08291 1.52539 
v 0.00717 -0.08150 1.52492 
v 0.00904 -0.08010 1.52425 
v 0.01072 -0.06196 1.47381 
v -0.00555 -0.07182 1.50893 
v 0.00829 -0.07451 1.47076 
v 0.00776 -0.07395 1.46880 
v 0.01296 -0.07299 1.46769 
v 0.01343 -0.07366 1.46939 
v 0.00893 -0.07363 1.47851 
v 0.00826 -0.07376 1.47603 
v 0.01220 -0.07298 1.47595 
v 0.01247 -0.07302 1.47850 
v -0.01223 -0.08129 1.49587 
v -0.01203 -0.08226 1.50204 
v -0.01308 -0.08321 1.50229 
v -0.01309 -0.08251 1.49591 
v -0.00118 -0.07365 1.48911 
v 0.00721 -0.07257 1.46783 
v 0.00650 -0.07079 1.46855 
v -0.00418 -0.07538 1.50113 
v -0.00549 -0.07348 1.50196 
v -0.00379 -0.07732 1.47371 
v -0.00344 -0.07929 1.47645 
v 0.00110 -0.07343 1.48280 
v 0.00213 -0.07317 1.48188 
v 0.00323 -0.07160 1.48119 
v 0.00199 -0.07167 1.48214 
v -0.00966 -0.08076 1.50882 
v -0.00748 -0.08102 1.50892 
v -0.00665 -0.08096 1.51276 
v -0.00829 -0.08125 1.51363 
v 0.00742 -0.07432 1.48279 
v 0.00722 -0.07466 1.48111 
v 0.00908 -0.07351 1.48308 
v 0.02251 -0.06886 1.47145 
v 0.01844 -0.07158 1.46980 
v 0.01840 -0.07114 1.46868 
v 0.02187 -0.06898 1.46969 
v 0.00841 -0.06699 1.48239 
v 0.00828 -0.06946 1.48103 
v 0.00578 -0.06951 1.48186 
v 0.00350 -0.06984 1.48187 
v 0.00459 -0.06982 1.48087 
v 0.02368 -0.06692 1.47105 
v 0.02218 -0.06650 1.47031 
v -0.00195 -0.08293 1.49602 
v -0.00254 -0.08317 1.50320 
v -0.00414 -0.08314 1.50303 
v -0.00322 -0.08323 1.49598 
v -0.00156 -0.07219 1.48607 
v -0.00047 -0.07011 1.48708 
v 0.00239 -0.06974 1.48428 
v 0.00328 -0.07340 1.46900 
v 0.00313 -0.07439 1.46930 
v -0.00058 -0.07547 1.47091 
v -0.01193 -0.08130 1.50248 
v -0.01197 -0.08028 1.49634 
v 0.00071 -0.08039 1.49510 
v -0.00090 -0.08211 1.49084 
v 0.00044 -0.07985 1.49158 
v 0.00125 -0.07924 1.49468 
v 0.00334 -0.07129 1.47021 
v 0.01144 -0.07249 1.48365 
v 0.01617 -0.07129 1.48258 
v 0.01476 -0.07093 1.48319 
v 0.01715 -0.06989 1.46771 
v 0.02067 -0.06787 1.46897 
v 0.00846 -0.06552 1.48282 
v -0.01199 -0.08117 1.48577 
v -0.01376 -0.08247 1.49150 
v -0.01052 -0.08186 1.48589 
v -0.00526 -0.07566 1.49188 
v -0.00491 -0.07689 1.49586 
v 0.00287 -0.07086 1.48898 
v -0.00336 -0.07794 1.49945 
v 0.01415 -0.07791 1.52173 
v 0.01218 -0.07143 1.46717 
v -0.00602 -0.07552 1.52010 
v -0.01070 -0.07676 1.52057 
v -0.00974 -0.07557 1.51839 
v -0.00265 -0.07017 1.49087 
v -0.00590 -0.07064 1.49593 
v -0.00329 -0.06915 1.49083 
v 0.02215 -0.06840 1.47336 
v 0.01751 -0.07174 1.50524 
v 0.01728 -0.07126 1.50536 
v 0.01431 -0.07122 1.50204 
v 0.01512 -0.07147 1.50151 
v -0.00326 -0.07567 1.51732 
v -0.00377 -0.07634 1.52101 
v -0.00504 -0.07502 1.51636 
v -0.01268 -0.07944 1.51036 
v -0.01622 -0.08099 1.50271 
v 0.01896 -0.07184 1.51005 
v 0.01952 -0.06534 1.47349 
v 0.00397 -0.07527 1.48295 
v 0.00561 -0.07376 1.48236 
v 0.00357 -0.07302 1.48142 
v -0.00083 -0.07690 1.51790 
v 0.01592 -0.07342 1.51740 
v 0.01723 -0.07206 1.51327 
v 0.01682 -0.07085 1.51523 
v 0.01540 -0.07208 1.51517 
v 0.01586 -0.07155 1.51379 
v 0.01713 -0.07081 1.51401 
v -0.01147 -0.08189 1.49071 
v 0.01006 -0.08149 1.52629 
v 0.00770 -0.08310 1.52685 
v -0.00624 -0.06862 1.49513 
v -0.00697 -0.06903 1.49850 
v 0.00927 -0.07051 1.48205 
v 0.00717 -0.06861 1.48065 
v 0.00518 -0.06961 1.48038 
v 0.00825 -0.07087 1.48220 
v -0.00718 -0.07396 1.51230 
v -0.00608 -0.08260 1.50293 
v -0.00522 -0.08253 1.50895 
v -0.00783 -0.08158 1.50295 
v -0.01117 -0.08180 1.50946 
v -0.01114 -0.08306 1.50917 
v -0.01199 -0.08385 1.50929 
v 0.00723 -0.06964 1.47081 
v 0.01086 -0.06889 1.47104 
v 0.00190 -0.07137 1.49070 
v 0.00699 -0.08230 1.52800 
v 0.00984 -0.08027 1.52720 
v 0.00841 -0.07863 1.52709 
v 0.00519 -0.08064 1.52801 
v 0.01254 -0.06869 1.48170 
v 0.01000 -0.06734 1.48082 
v 0.00032 -0.07969 1.48946 
v 0.01415 -0.06887 1.47453 
v 0.00391 -0.06888 1.48454 
v 0.00391 -0.06984 1.48687 
v 0.00523 -0.07592 1.48238 
v 0.00341 -0.07708 1.48358 
v 0.00210 -0.07857 1.48074 
v 0.00475 -0.07646 1.48054 
v 0.01213 -0.07998 1.52448 
v 0.00762 -0.07640 1.52228 
v 0.00815 -0.07850 1.52476 
v 0.00615 -0.08002 1.52556 
v 0.00517 -0.07801 1.52277 
v -0.00182 -0.07741 1.52193 
v 0.00110 -0.07752 1.47607 
v 0.00321 -0.07678 1.47819 
v 0.00043 -0.07854 1.47844 
v -0.00252 -0.07388 1.48516 
v -0.00467 -0.07498 1.48961 
v -0.00313 -0.07217 1.49021 
v 0.00504 -0.08398 1.52527 
v 0.00426 -0.08301 1.52497 
v 0.00094 -0.07210 1.49158 
v 0.00028 -0.07304 1.49216 
v -0.00616 -0.07142 1.49907 
v 0.00856 -0.06386 1.48217 
v -0.00805 -0.08221 1.48585 
v -0.00951 -0.08243 1.51429 
v -0.00943 -0.08377 1.51425 
v -0.00836 -0.07470 1.51473 
v -0.00212 -0.08068 1.48181 
v -0.00397 -0.08320 1.49023 
v -0.00242 -0.08284 1.49046 
v -0.01471 -0.08280 1.49601 
v 0.02424 -0.06725 1.48635 
v 0.00487 -0.07115 1.49135 
v 0.00712 -0.07083 1.49305 
v 0.00292 -0.07090 1.49378 
v 0.00144 -0.07155 1.49606 
v -0.01037 -0.08498 1.51462 
v -0.01447 -0.08310 1.50244 
v -0.01583 -0.08242 1.50254 
v -0.01316 -0.08390 1.50956 
v -0.01130 -0.08519 1.51516 
v -0.00289 -0.08219 1.48524 
v -0.00474 -0.08077 1.48097 
v -0.00990 -0.07883 1.51031 
v -0.00970 -0.08303 1.52178 
v -0.00907 -0.08542 1.52181 
v -0.00645 -0.08449 1.51851 
v -0.00689 -0.08323 1.51870 
v -0.00680 -0.08595 1.51939 
v -0.00775 -0.08630 1.52037 
v -0.00100 -0.07881 1.52179 
v -0.00051 -0.07920 1.51766 
v -0.00462 -0.07969 1.51872 
v -0.00341 -0.07991 1.52195 
v -0.00501 -0.08259 1.52551 
v -0.00346 -0.08512 1.52667 
v -0.00038 -0.08521 1.52311 
v -0.00049 -0.08435 1.52282 
v -0.00064 -0.08621 1.52419 
v -0.00164 -0.08644 1.52534 
v -0.00234 -0.08015 1.52429 
v 0.00235 -0.07970 1.52642 
v 0.00041 -0.07902 1.52528 
v 0.00451 -0.08464 1.52668 
v 0.00138 -0.08277 1.52856 
v 0.00348 -0.08435 1.52789 
v -0.00137 -0.08087 1.52645 
v -0.00091 -0.07862 1.52342 
v 0.00123 -0.07285 1.47711 
v -0.00516 -0.08096 1.52370 
v -0.00648 -0.07994 1.51991 
v -0.00782 -0.08101 1.52108 
v -0.00835 -0.07952 1.51570 
v -0.01050 -0.08015 1.51605 
v -0.00626 -0.08164 1.51719 
v -0.00155 -0.08172 1.52106 
v -0.00144 -0.08284 1.52351 
v -0.00715 -0.08214 1.51855 
v -0.00911 -0.08156 1.51409 
v -0.01070 -0.08102 1.50937 
v -0.01027 -0.08054 1.50316 
v -0.01130 -0.08062 1.50293 
v -0.01129 -0.08000 1.49651 
v -0.00904 -0.08097 1.49635 
v 0.01057 -0.07677 1.52345 
v 0.01031 -0.07552 1.52179 
v 0.01363 -0.07373 1.52172 
v 0.01451 -0.07077 1.51775 
v 0.01663 -0.07127 1.51805 
v 0.01808 -0.07224 1.51008 
v 0.01629 -0.07120 1.50043 
v 0.01801 -0.07121 1.50376 
v 0.01792 -0.07173 1.51032 
v 0.01295 -0.06910 1.50216 
v 0.01376 -0.07055 1.50229 
v 0.01665 -0.07053 1.50492 
v 0.01498 -0.06896 1.50424 
v -0.00278 -0.07699 1.48836 
v -0.00070 -0.07750 1.48655 
v 0.00376 -0.07179 1.48096 
v 0.00660 -0.07474 1.47900 
v -0.00737 -0.08174 1.48994 
v -0.00920 -0.08110 1.49083 
v -0.00504 -0.08218 1.48500 
v -0.00386 -0.07977 1.50941 
v -0.00424 -0.07965 1.51475 
v 0.01657 -0.07160 1.48082 
v 0.01618 -0.07074 1.47607 
v 0.01662 -0.07126 1.47846 
v 0.00671 -0.07267 1.48243 
v -0.00080 -0.08227 1.49785 
v -0.00371 -0.07773 1.52340 
v 0.00695 -0.06729 1.48595 
v 0.00491 -0.07519 1.47618 
v -0.01029 -0.08119 1.49100 
v -0.00164 -0.07892 1.47738 
v -0.00342 -0.08085 1.48122 
v 0.00691 -0.07534 1.50214 
v 0.00860 -0.07417 1.50397 
v 0.00896 -0.07507 1.50519 
v 0.00674 -0.07638 1.50286 
v 0.02274 -0.06994 1.49634 
v 0.02381 -0.06873 1.49777 
v 0.02258 -0.06915 1.50002 
v 0.01885 -0.06975 1.51430 
v 0.01923 -0.07010 1.51399 
v 0.01327 -0.07150 1.50744 
v 0.01210 -0.07000 1.50805 
v 0.01433 -0.06939 1.50836 
v 0.01817 -0.07155 1.50913 
v 0.01811 -0.07146 1.50782 
v 0.01810 -0.07187 1.50728 
v 0.01822 -0.07210 1.50900 
v 0.01880 -0.07141 1.50654 
v 0.01927 -0.07141 1.50811 
v 0.02015 -0.07004 1.50676 
v 0.00377 -0.07142 1.50213 
v 0.00809 -0.06994 1.50583 
v 0.00941 -0.07184 1.50551 
v 0.00548 -0.07362 1.50207 
v 0.00375 -0.07853 1.49904 
v 0.00394 -0.07729 1.49838 
v 0.00163 -0.07119 1.49099 
v 0.01113 -0.07397 1.50679 
v 0.01064 -0.07312 1.50573 
v -0.00674 -0.08201 1.49629 
v -0.00513 -0.08295 1.49606 
v -0.00568 -0.08244 1.49009 
v 0.00845 -0.07554 1.50641 
v 0.00606 -0.07480 1.50763 
v 0.00893 -0.07342 1.50947 
v 0.01048 -0.07430 1.50820 
v 0.00029 -0.08157 1.49619 
v -0.00082 -0.08239 1.49600 
v 0.00277 -0.07958 1.52277 
v 0.00325 -0.08151 1.52559 
v -0.00343 -0.08309 1.50838 
v -0.00120 -0.08288 1.50683 
v 0.00072 -0.07739 1.50611 
v -0.00011 -0.07955 1.50604 
v -0.00102 -0.08018 1.50263 
v -0.00140 -0.08328 1.51172 
v 0.00052 -0.08272 1.51032 
v 0.00248 -0.07884 1.50914 
v 0.00321 -0.07668 1.50869 
v -0.00488 -0.08263 1.50974 
v 0.00171 -0.07527 1.49747 
v -0.00123 -0.07544 1.49351 
v -0.00243 -0.07620 1.49072 
v 0.00171 -0.08276 1.51470 
v 0.00272 -0.08211 1.51378 
v 0.00571 -0.07614 1.51015 
v 0.00483 -0.07819 1.51134 
v 0.00360 -0.08183 1.51417 
v 0.00366 -0.08200 1.51519 
v 0.00590 -0.07755 1.51152 
v 0.00045 -0.08294 1.51633 
v 0.00340 -0.08184 1.51720 
v 0.00256 -0.08097 1.51966 
v -0.00090 -0.08192 1.51907 
v 0.00897 -0.07641 1.51441 
v 0.00625 -0.07980 1.51516 
v 0.00620 -0.07972 1.51450 
v 0.00799 -0.07632 1.51809 
v 0.00520 -0.07839 1.51904 
v 0.00598 -0.07945 1.51712 
v 0.00851 -0.07643 1.51671 
v 0.01657 -0.07078 1.50860 
v 0.01396 -0.07255 1.50807 
v 0.01640 -0.06973 1.50759 
v 0.01541 -0.06956 1.51118 
v 0.01203 -0.07171 1.51056 
v 0.01359 -0.07292 1.50908 
v 0.01645 -0.07071 1.50974 
v 0.01875 -0.07009 1.50876 
v 0.01895 -0.06954 1.50771 
v 0.01738 -0.06924 1.51133 
v 0.01937 -0.07060 1.50753 
v 0.01943 -0.07062 1.50855 
v 0.02006 -0.06974 1.51063 
v 0.02181 -0.06859 1.50355 
v 0.01767 -0.07139 1.50619 
v 0.01683 -0.06903 1.50542 
v 0.01983 -0.06992 1.50702 
v 0.01972 -0.06814 1.50669 
v 0.01961 -0.06910 1.51139 
v 0.01897 -0.07000 1.51001 
v 0.01978 -0.07035 1.50964 
v 0.01949 -0.07075 1.50650 
v 0.01684 -0.06853 1.50671 
v 0.01202 -0.07379 1.51537 
v 0.01081 -0.07381 1.51773 
v 0.01256 -0.07389 1.51335 
v -0.00529 -0.08124 1.51561 
v 0.00851 -0.07468 1.51100 
v 0.01915 -0.06945 1.51313 
v 0.01533 -0.06995 1.51247 
v 0.01767 -0.06923 1.51271 
v 0.01194 -0.07234 1.51181 
v 0.01894 -0.07055 1.50540 
v 0.01767 -0.07040 1.50562 
v 0.00880 -0.07556 1.51222 
v 0.00783 -0.07421 1.47339 
v 0.01247 -0.07349 1.47318 
v 0.01785 -0.07134 1.47282 
v 0.01980 -0.06967 1.50588 
v 0.01918 -0.06886 1.50566 
v 0.00732 -0.06819 1.48836 
v 0.00832 -0.06829 1.49895 
v 0.00492 -0.06970 1.50121 
v 0.01177 -0.06783 1.50267 
v 0.00843 -0.06835 1.50434 
v 0.01487 -0.06840 1.50764 
v 0.01161 -0.06849 1.50839 
v 0.01191 -0.06738 1.50578 
v 0.01501 -0.06827 1.50606 
v 0.01170 -0.07136 1.49724 
v 0.01089 -0.07107 1.49843 
v 0.01025 -0.06958 1.49773 
v 0.01001 -0.06837 1.49865 
v 0.02031 -0.06930 1.50364 
v 0.02074 -0.06999 1.49910 
v 0.01784 -0.07061 1.50085 
v 0.01269 -0.07077 1.49593 
v 0.01347 -0.06987 1.49559 
v 0.00837 -0.07032 1.49252 
v 0.00992 -0.06941 1.49228 
v 0.00527 -0.07096 1.49118 
v 0.00600 -0.07069 1.49088 
v 0.01665 -0.06341 1.47227 
v -0.00017 -0.08199 1.49701 
v 0.00365 -0.07928 1.49971 
v 0.00333 -0.07979 1.50012 
v 0.00682 -0.07683 1.50340 
v 0.00654 -0.07712 1.50392 
v 0.00876 -0.07551 1.50607 
v 0.00892 -0.07531 1.50561 
v 0.01080 -0.07435 1.50780 
v 0.01109 -0.07419 1.50721 
v 0.02335 -0.06895 1.48886 
v 0.02318 -0.06843 1.48770 
v 0.02309 -0.06802 1.48623 
v 0.02259 -0.06948 1.48952 
v 0.02202 -0.07056 1.49224 
v 0.02158 -0.07070 1.49492 
v 0.02261 -0.06908 1.48842 
v 0.02152 -0.06954 1.48936 
v 0.02103 -0.07045 1.49198 
v 0.02089 -0.07061 1.49476 
v 0.02172 -0.06912 1.48792 
v 0.02081 -0.06910 1.48917 
v 0.02040 -0.06991 1.49198 
v 0.02009 -0.07020 1.49500 
v 0.02125 -0.06850 1.48754 
v 0.02088 -0.07037 1.49662 
v 0.02013 -0.07018 1.49672 
v 0.01780 -0.06958 1.49741 
v 0.01506 -0.06830 1.49517 
v 0.01811 -0.06884 1.49645 
v 0.02262 -0.06864 1.48737 
v 0.02206 -0.06833 1.48595 
v 0.02181 -0.06872 1.48679 
v 0.02133 -0.06839 1.48556 
v 0.02143 -0.06840 1.48628 
v 0.02070 -0.06828 1.48321 
v 0.02170 -0.06753 1.48558 
v 0.01896 -0.06981 1.48111 
v 0.01773 -0.06994 1.48253 
v 0.01703 -0.06984 1.48322 
v 0.02026 -0.06836 1.48418 
v -0.00290 -0.08302 1.51294 
v 0.00354 -0.07037 1.48835 
v 0.00786 -0.06936 1.49014 
v 0.00640 -0.07046 1.49072 
v 0.01519 -0.06783 1.48212 
v 0.01213 -0.06580 1.48325 
v 0.01404 -0.06672 1.48196 
v 0.01097 -0.06581 1.48481 
v 0.01070 -0.06638 1.48755 
v 0.01219 -0.06785 1.49218 
v 0.01108 -0.06728 1.49007 
v 0.01802 -0.06820 1.48363 
v 0.01686 -0.06565 1.48341 
v 0.01512 -0.06492 1.48537 
v 0.01418 -0.06506 1.48692 
v 0.01334 -0.06571 1.48889 
v 0.01599 -0.06715 1.49492 
v 0.01409 -0.06633 1.49227 
v 0.01960 -0.06802 1.48425 
v 0.01955 -0.06343 1.48640 
v 0.01716 -0.06280 1.48758 
v 0.01573 -0.06331 1.48964 
v 0.01873 -0.06368 1.49587 
v 0.02022 -0.06660 1.49487 
v 0.01828 -0.06789 1.49578 
v 0.01541 -0.06450 1.49298 
v 0.01679 -0.06428 1.49524 
v 0.02057 -0.06824 1.49067 
v 0.02024 -0.06875 1.49230 
v 0.01975 -0.06911 1.49468 
v 0.02165 -0.06743 1.48783 
v 0.02081 -0.06787 1.48909 
v 0.02168 -0.06685 1.48559 
v 0.02131 -0.06558 1.49369 
v 0.02235 -0.06619 1.48856 
v 0.02178 -0.06499 1.49099 
v 0.02134 -0.06231 1.49165 
v 0.02066 -0.06284 1.48825 
v 0.02062 -0.06298 1.49465 
v 0.02094 -0.06629 1.48416 
v 0.02259 -0.06482 1.48617 
v 0.02131 -0.06502 1.48440 
v 0.01855 -0.06690 1.48360 
v 0.01527 -0.06419 1.49110 
v 0.01683 -0.06088 1.49171 
v 0.02006 -0.06098 1.49236 
v 0.01933 -0.06192 1.49445 
v 0.01657 -0.06173 1.49379 
v 0.01738 -0.06109 1.49032 
v 0.01787 -0.06272 1.49549 
v 0.01885 -0.06074 1.49072 
v -0.00191 -0.07754 1.52333 
v 0.01249 -0.07628 1.52481 
v -0.00040 -0.07828 1.52683 
v 0.00447 -0.07891 1.52668 
v 0.00782 -0.07723 1.52654 
v 0.00758 -0.07725 1.52654 
v 0.00364 -0.07819 1.52816 
v 0.01754 -0.06423 1.46955 
v 0.01085 -0.07669 1.52753 
v 0.00763 -0.07716 1.52703 
v 0.00395 -0.08037 1.51245 
v -0.00137 -0.08219 1.50309 
v -0.00031 -0.08187 1.50623 
v 0.00169 -0.08143 1.50957 
v 0.00599 -0.07857 1.51248 
v 0.00105 -0.07351 1.49708 
v 0.01511 -0.06866 1.50471 
v -0.05508 0.01841 1.41405 
v 0.04206 0.00038 1.36938 
v 0.03076 -0.03549 1.37560 
v 0.01699 -0.05027 1.38232 
v -0.00387 -0.05692 1.39148 
v -0.01968 -0.05503 1.39874 
v -0.03333 -0.05011 1.40480 
v -0.04779 -0.03392 1.41087 
v 0.02761 0.21818 1.20722 
v -0.07048 0.22757 1.19606 
v -0.07830 0.21006 1.18867 
v -0.04901 -0.24670 1.20448 
v -0.03291 -0.25213 1.21012 
v -0.06994 -0.23067 1.19494 
v -0.07818 -0.21301 1.18770 
v -0.07524 -0.18314 1.17765 
v -0.04870 -0.15725 1.16660 
v 0.00558 -0.15830 1.17044 
v 0.05434 0.14245 1.11987 
v 0.06707 0.12387 1.10137 
v 0.03180 0.14248 1.10425 
v 0.03689 0.14696 1.11661 
v -0.06428 0.06379 1.38185 
v -0.05494 0.04547 1.39474 
v -0.03932 0.06040 1.39362 
v -0.04254 0.07459 1.38528 
v -0.08703 0.01969 1.00020 
v -0.09171 0.02679 1.04497 
v -0.09041 0.03828 1.00665 
v 0.02943 0.11277 1.32280 
v 0.04065 0.09262 1.31646 
v 0.05072 0.12147 1.29647 
v 0.03543 0.14240 1.30752 
v 0.02428 0.09083 1.33181 
v -0.09831 0.15790 1.27965 
v -0.10353 0.14054 1.28048 
v -0.09215 0.13220 1.32582 
v -0.08353 0.14798 1.32315 
v -0.07220 0.16271 1.32198 
v -0.07515 0.15114 1.33235 
v -0.04545 0.16388 1.18824 
v -0.02515 0.16266 1.18439 
v -0.03260 0.16444 1.17249 
v -0.05304 0.16144 1.18055 
v 0.10760 0.09471 1.00095 
v 0.08294 0.12186 1.00610 
v 0.07647 0.12419 1.02523 
v 0.10721 0.09056 1.02936 
v -0.06152 0.12297 1.01415 
v -0.08061 0.09666 1.00838 
v -0.08528 0.09103 1.02628 
v -0.06231 0.12516 1.04129 
v -0.05168 0.13635 1.11075 
v -0.08155 0.11931 1.12237 
v -0.06507 0.14170 1.13513 
v -0.03386 0.14651 1.12021 
v -0.03679 0.24414 1.22601 
v -0.05000 0.24052 1.21911 
v -0.06323 0.22656 1.23538 
v -0.04130 0.23465 1.25235 
v 0.10912 0.08027 1.10344 
v 0.12039 0.05646 1.10596 
v 0.12253 0.06528 1.08923 
v 0.10607 0.08810 1.08972 
v -0.09687 0.16649 1.24242 
v -0.10904 0.13365 1.25722 
v -0.11429 0.12343 1.23977 
v -0.09294 0.16035 1.22297 
v -0.11418 0.11146 1.19944 
v -0.12225 0.09394 1.21182 
v 0.07689 0.08029 1.27664 
v 0.05002 0.07102 1.30755 
v 0.02114 0.20779 1.26813 
v 0.01606 0.20117 1.29232 
v 0.03167 0.18375 1.27901 
v 0.03111 0.19280 1.25990 
v 0.07806 0.11863 1.10750 
v 0.10150 0.09942 1.11033 
v 0.08285 0.11043 1.09737 
v -0.00776 0.14819 1.10959 
v 0.01380 0.14561 1.10677 
v 0.00841 0.14611 1.07687 
v 0.03707 0.14852 1.01188 
v -0.00642 0.15051 1.01753 
v 0.00136 0.15017 1.03059 
v 0.03573 0.14839 1.02675 
v -0.08913 0.06952 1.01567 
v -0.09293 0.06780 1.03945 
v -0.08600 0.09230 1.04085 
v -0.00651 0.21388 1.29806 
v -0.00413 0.22536 1.27541 
v -0.04133 0.22226 1.27821 
v -0.04000 0.20917 1.29895 
v 0.00202 0.15827 1.34428 
v -0.02113 0.16771 1.34874 
v -0.02335 0.15203 1.35515 
v -0.00486 0.13919 1.35325 
v -0.08176 0.02633 1.37583 
v -0.09279 0.04031 1.35551 
v -0.09831 0.00708 1.33522 
v -0.08321 0.00773 1.37402 
v -0.06425 0.09845 1.36881 
v -0.08276 0.09262 1.35884 
v -0.08403 0.07951 1.36166 
v -0.06425 0.08485 1.37384 
v 0.12620 0.03419 1.10751 
v 0.12365 0.04848 1.12011 
v 0.12649 0.02534 1.12326 
v -0.04769 0.15133 1.35185 
v -0.04257 0.12451 1.36494 
v -0.02175 0.11141 1.36054 
v 0.06988 0.15663 1.17749 
v 0.02315 0.16225 1.18160 
v 0.06277 0.15627 1.19736 
v 0.08363 0.03645 1.26892 
v 0.09926 0.06268 1.25188 
v 0.09690 0.14819 1.17126 
v 0.06455 0.15764 1.16429 
v -0.07942 0.20416 1.25630 
v -0.08423 0.18624 1.27241 
v -0.06647 0.20127 1.28222 
v -0.08463 0.19795 1.21413 
v -0.07998 0.20837 1.19589 
v -0.07643 0.17791 1.18659 
v -0.07937 0.17317 1.20111 
v -0.12539 0.07074 1.26454 
v -0.10883 0.00791 1.28162 
v -0.11383 0.06756 1.31127 
v -0.11895 0.06951 1.16982 
v -0.11802 0.04808 1.15593 
v -0.12504 0.03749 1.19410 
v -0.12506 0.06363 1.19953 
v -0.02515 0.14095 1.05978 
v -0.03871 0.13784 1.04150 
v -0.05310 0.12599 1.05582 
v -0.10974 0.02839 1.12390 
v -0.11058 0.00607 1.12969 
v -0.12106 0.00957 1.17185 
v 0.14157 0.10551 1.15640 
v 0.14892 0.07564 1.15785 
v 0.14178 0.08297 1.13868 
v 0.13334 0.11042 1.13928 
v 0.02928 0.03722 1.36277 
v 0.02809 0.03934 1.34914 
v 0.01274 0.05741 1.35816 
v 0.01399 0.05191 1.37066 
v -0.12336 0.04088 1.24134 
v -0.11203 0.00861 1.26121 
v 0.07909 0.11572 1.08592 
v 0.06504 0.12685 1.08323 
v -0.10620 0.08492 1.13600 
v -0.09082 0.12847 1.15309 
v -0.07079 0.12317 1.09704 
v -0.08970 0.10038 1.09988 
v 0.03217 0.04161 1.33721 
v 0.03462 0.01804 1.34357 
v 0.04212 0.01783 1.33214 
v 0.03172 0.19840 1.23366 
v 0.03395 0.18333 1.22046 
v 0.03447 0.18923 1.20755 
v 0.03055 0.20948 1.21921 
v 0.03572 0.01788 1.35675 
v 0.03136 0.03519 1.37616 
v 0.03916 0.01688 1.37091 
v 0.01477 0.14774 1.11357 
v -0.09756 0.02808 1.07760 
v -0.08860 0.00946 1.06348 
v -0.09558 0.00896 1.08819 
v -0.05718 0.19533 1.30121 
v 0.10333 0.09495 1.04700 
v 0.12900 0.07145 1.21359 
v -0.03234 0.14276 1.02750 
v -0.02947 0.14152 1.04400 
v 0.00492 0.14777 1.04293 
v -0.03186 0.14167 1.07963 
v 0.00962 0.14668 1.06721 
v -0.01668 0.18789 1.33964 
v -0.01410 0.20043 1.32142 
v -0.03704 0.19854 1.31632 
v -0.04243 0.18635 1.33172 
v 0.04567 0.14236 1.28934 
v 0.05097 0.15075 1.26921 
v -0.06371 0.12874 0.99683 
v -0.08238 0.10576 0.99329 
v 0.09372 0.13205 1.21888 
v 0.09448 0.10998 1.24106 
v 0.01841 0.13303 1.33301 
v 0.00916 0.10732 1.34360 
v -0.10551 0.05337 1.32955 
v -0.08477 0.06138 1.36369 
v -0.06082 0.01679 1.40203 
v -0.07347 0.01754 1.38644 
v 0.10160 0.09598 1.07205 
v 0.06736 0.12755 1.04521 
v 0.07388 0.12024 1.07352 
v 0.03298 0.14574 1.04398 
v 0.03175 0.14288 1.05818 
v -0.09233 0.04047 0.99979 
v 0.11589 0.07796 1.11435 
v 0.10520 0.11619 1.11959 
v 0.13336 0.06614 1.13165 
v -0.04043 0.14234 1.00017 
v -0.03955 0.14017 1.00874 
v -0.01289 0.15213 1.00182 
v -0.04737 0.16912 1.34171 
v 0.01355 0.07765 1.34934 
v -0.10820 0.04977 1.11179 
v -0.10167 0.07207 1.09894 
v -0.08095 0.15608 1.19820 
v -0.10023 0.13059 1.18524 
v 0.06640 0.14158 1.12337 
v 0.08463 0.14420 1.13646 
v 0.05044 0.15724 1.14308 
v 0.08947 0.12092 0.98589 
v 0.11419 0.09661 0.97815 
v -0.09926 0.04722 1.06763 
v -0.09263 0.09146 1.08914 
v -0.09315 0.07249 1.06066 
v -0.07375 0.11377 1.08331 
v -0.08309 0.09774 1.05528 
v 0.12339 0.13194 1.16951 
v 0.11613 0.13290 1.14517 
v 0.02846 0.16665 1.20970 
v 0.02318 0.16738 1.18975 
v 0.01507 0.16571 1.16644 
v -0.07114 0.22593 1.20642 
v -0.07457 0.21553 1.22752 
v -0.04155 0.16108 1.15886 
v -0.01916 0.16512 1.15369 
v -0.02746 0.15410 1.13343 
v -0.12591 0.04511 1.22430 
v -0.12724 0.07443 1.23814 
v -0.12469 0.08447 1.26676 
v -0.11467 0.09191 1.30057 
v -0.11424 0.11433 1.29039 
v -0.11786 0.11258 1.26221 
v 0.00978 0.17762 1.33317 
v 0.02637 0.15776 1.32018 
v 0.02861 0.17323 1.30418 
v 0.01225 0.19141 1.31477 
v -0.09965 0.09858 1.33845 
v -0.06720 0.15293 1.16667 
v 0.09835 0.01552 1.24679 
v 0.12320 0.04894 1.22206 
v -0.03657 0.13974 1.09963 
v 0.06825 0.13393 1.00832 
v 0.06585 0.13282 1.02477 
v 0.06682 0.15083 1.22455 
v 0.07892 0.13696 1.23663 
v 0.09014 0.14439 1.19854 
v 0.10809 0.13855 1.18347 
v 0.07846 0.10337 1.26711 
v 0.04316 0.16720 1.24764 
v 0.12248 0.07095 1.07032 
v -0.12266 0.02184 1.18442 
v 0.14157 0.04885 0.99061 
v 0.12871 0.07707 0.98365 
v 0.11814 0.08303 1.00540 
v 0.13229 0.06017 1.01859 
v 0.14016 0.06369 0.95624 
v 0.14364 0.04522 1.18502 
v -0.06705 0.16555 1.20307 
v -0.04422 0.15520 1.20330 
v -0.12005 0.10734 1.23996 
v -0.10688 0.01879 1.30044 
v 0.01689 0.05075 1.38344 
v 0.00179 0.08836 1.35466 
v -0.07711 0.13763 1.34240 
v 0.13232 0.04525 1.13539 
v -0.08705 0.17252 1.23971 
v -0.08730 0.18730 1.24069 
v -0.05063 0.13308 1.07934 
v -0.10224 0.00675 1.11092 
v -0.00004 0.16425 1.18219 
v -0.01210 0.16663 1.16745 
v -0.08165 0.00771 1.03373 
v 0.01849 0.22574 1.22659 
v 0.02148 0.21713 1.24080 
v 0.10970 0.12672 1.12960 
v 0.04261 0.06973 1.31947 
v 0.03789 0.06375 1.33383 
v 0.05255 0.02712 1.31964 
v 0.06333 0.04230 1.29797 
v 0.01032 0.15845 1.19603 
v 0.04629 0.16150 1.22367 
v -0.06523 0.16274 1.22009 
v -0.08107 0.17091 1.22144 
v -0.09712 0.07572 1.34676 
v -0.04902 0.13417 1.02198 
v 0.14289 0.04162 1.15813 
v 0.07129 0.13624 0.99105 
v 0.03784 0.15181 0.99550 
v -0.08904 0.07218 1.00281 
v -0.09471 0.07781 0.98844 
v -0.06614 0.12169 1.36012 
v -0.11172 0.00016 1.26208 
v 0.03359 0.14117 1.07276 
v 0.06160 0.00957 1.30125 
v 0.07961 0.01248 1.27337 
v -0.11325 -0.00082 1.12782 
v -0.12147 -0.00071 1.16778 
v 0.01147 0.08882 1.34584 
v -0.08129 0.17174 1.21190 
v -0.03618 0.14144 1.01822 
v 0.09457 0.14811 1.15578 
v 0.04060 0.00364 1.36896 
v 0.03735 0.00001 1.35317 
v 0.01010 0.16536 1.15591 
v 0.01230 0.15963 1.13721 
v 0.01055 0.16336 1.14777 
v 0.13387 0.04179 1.07126 
v -0.00413 0.23516 1.25025 
v -0.00130 0.24017 1.23152 
v -0.07492 0.18111 1.17829 
v -0.10075 -0.00087 1.10759 
v -0.12536 -0.00035 1.19561 
v -0.12498 0.00786 1.19779 
v 0.14677 0.02874 0.98634 
v 0.14888 0.03042 0.97323 
v 0.12986 0.03695 1.09398 
v 0.13146 0.00119 1.09256 
v -0.08363 0.00018 1.00415 
v 0.00541 0.15736 1.17896 
v 0.00497 0.15900 1.17241 
v 0.02221 0.17170 1.18155 
v -0.08743 -0.00070 1.06975 
v -0.12078 0.01158 1.22509 
v -0.12200 0.02839 1.22173 
v 0.12657 0.01396 1.21042 
v 0.15146 0.03544 0.94895 
v 0.15026 0.00082 0.96166 
v 0.15338 0.00081 0.94580 
v 0.13148 0.02461 1.13655 
v 0.13785 0.01740 1.15831 
v 0.03660 -0.00001 1.33967 
v 0.06133 0.00020 1.30290 
v -0.00509 0.06267 1.37885 
v -0.02223 0.15094 1.17931 
v -0.02156 0.15484 1.19637 
v -0.04554 0.15006 1.18258 
v 0.13584 0.01413 1.18305 
v 0.12705 0.00160 1.20526 
v 0.13152 0.00028 1.13786 
v 0.12473 0.00026 1.12593 
v 0.02181 0.08160 1.34310 
v -0.02164 0.06312 1.38616 
v -0.02099 0.07538 1.37955 
v -0.03569 0.05004 1.40444 
v -0.02212 0.05520 1.39859 
v -0.06728 0.15465 1.18888 
v -0.09816 0.04268 0.98718 
v 0.00899 0.14629 1.05489 
v -0.10588 0.11526 1.17080 
v -0.11811 0.08999 1.18451 
v -0.09413 0.00040 0.99122 
v 0.14779 0.00097 0.98242 
v -0.11754 0.00003 1.22320 
v -0.03479 0.25017 1.21110 
v -0.07005 0.15994 1.17892 
v 0.00061 0.24516 1.21558 
v 0.01406 0.23427 1.21255 
v -0.04927 0.03369 1.41001 
v -0.00232 0.07143 1.36831 
v -0.06734 0.16913 1.17405 
v -0.02103 0.08758 1.37316 
v -0.02130 0.09605 1.36827 
v -0.04219 0.10139 1.37349 
v -0.04251 0.08665 1.37923 
v 0.13530 0.00162 1.07422 
v -0.08068 0.11255 1.35145 
v 0.13586 0.02210 1.07295 
v 0.14221 0.01901 1.02587 
v 0.14416 0.00153 1.01202 
v 0.14339 0.01330 1.01370 
v 0.12596 0.06828 1.04543 
v 0.12336 0.09201 1.12408 
v 0.12906 0.10434 1.13248 
v -0.09560 0.01834 0.98962 
v 0.14377 0.02424 1.00650 
v 0.13982 0.02234 1.04901 
v 0.14092 0.03409 1.02189 
v 0.13946 0.03911 1.03466 
v 0.13698 0.04302 1.04637 
v 0.13774 0.00180 1.06213 
v 0.13809 0.02229 1.06143 
v 0.13544 0.04308 1.05925 
v 0.11259 0.12883 1.19752 
v 0.10988 0.09027 1.23124 
v 0.14653 0.06775 1.18105 
v 0.14355 0.10386 1.16184 
v 0.12887 0.11775 1.18773 
v 0.12763 0.09512 1.20767 
v 0.14700 0.07969 1.17842 
v 0.13623 0.08293 1.20068 
v 0.12344 0.10745 1.20623 
v 0.13585 0.11572 1.17049 
v 0.14752 0.08912 1.16600 
v -0.01361 0.15642 1.13480 
v 0.05179 -0.14362 1.12082 
v 0.06371 -0.12400 1.10183 
v 0.02914 -0.14348 1.10533 
v 0.03427 -0.14801 1.11786 
v -0.06322 -0.06290 1.38058 
v -0.05407 -0.04452 1.39376 
v -0.03864 -0.05943 1.39261 
v -0.04172 -0.07367 1.38417 
v -0.08687 -0.01929 1.00061 
v -0.09165 -0.02788 1.04412 
v -0.08976 -0.03833 1.00659 
v 0.02920 -0.11201 1.32235 
v 0.04006 -0.09179 1.31590 
v 0.04972 -0.12019 1.29598 
v 0.03506 -0.14150 1.30706 
v 0.02398 -0.09020 1.33103 
v -0.09900 -0.16013 1.27859 
v -0.10402 -0.14219 1.27928 
v -0.09167 -0.13300 1.32440 
v -0.08342 -0.14939 1.32184 
v -0.07198 -0.16434 1.32085 
v -0.07484 -0.15231 1.33101 
v -0.04787 -0.16798 1.18519 
v -0.02722 -0.16526 1.18160 
v -0.03537 -0.16804 1.16977 
v -0.05563 -0.16567 1.17779 
v 0.10648 -0.09377 1.00130 
v 0.08187 -0.12126 1.00591 
v 0.07528 -0.12382 1.02492 
v 0.10552 -0.08917 1.02944 
v -0.06006 -0.12339 1.01215 
v -0.07934 -0.09721 1.00672 
v -0.08489 -0.09229 1.02425 
v -0.06191 -0.12656 1.03924 
v -0.05339 -0.13853 1.11077 
v -0.08335 -0.12160 1.12233 
v -0.06708 -0.14424 1.13485 
v -0.03606 -0.14895 1.12020 
v -0.03487 -0.24637 1.22521 
v -0.04842 -0.24350 1.21828 
v -0.06215 -0.22997 1.23456 
v -0.03944 -0.23719 1.25174 
v 0.10569 -0.07922 1.10334 
v 0.11771 -0.05502 1.10590 
v 0.11929 -0.06289 1.08899 
v 0.10195 -0.08623 1.08937 
v -0.09763 -0.16818 1.24103 
v -0.10997 -0.13497 1.25610 
v -0.11579 -0.12457 1.23894 
v -0.09439 -0.16155 1.22163 
v -0.11615 -0.11313 1.19903 
v -0.12374 -0.09508 1.21169 
v 0.07508 -0.07833 1.27663 
v 0.04901 -0.07008 1.30711 
v 0.02154 -0.20605 1.26693 
v 0.01632 -0.20019 1.29156 
v 0.03160 -0.18246 1.27827 
v 0.03110 -0.19099 1.25887 
v 0.07489 -0.11898 1.10782 
v 0.09857 -0.09954 1.11074 
v 0.07905 -0.10988 1.09742 
v -0.01006 -0.15026 1.11018 
v 0.01128 -0.14702 1.10778 
v 0.00659 -0.14761 1.07690 
v 0.03660 -0.14844 1.01100 
v -0.00568 -0.15167 1.01620 
v 0.00148 -0.15150 1.02954 
v 0.03510 -0.14850 1.02596 
v -0.08828 -0.07025 1.01438 
v -0.09305 -0.06933 1.03774 
v -0.08612 -0.09403 1.03875 
v -0.00558 -0.21393 1.29743 
v -0.00295 -0.22457 1.27424 
v -0.03954 -0.22457 1.27757 
v -0.03848 -0.21127 1.29842 
v 0.00273 -0.15780 1.34459 
v -0.02027 -0.16750 1.34890 
v -0.02249 -0.15170 1.35529 
v -0.00410 -0.13858 1.35350 
v -0.08114 -0.02534 1.37519 
v -0.09222 -0.03950 1.35493 
v -0.09820 -0.00633 1.33516 
v -0.08296 -0.00666 1.37383 
v -0.06306 -0.09786 1.36738 
v -0.08165 -0.09222 1.35763 
v -0.08295 -0.07894 1.36051 
v -0.06308 -0.08412 1.37245 
v 0.12470 -0.03268 1.10751 
v 0.12171 -0.04818 1.12042 
v 0.12551 -0.02495 1.12344 
v -0.04687 -0.15142 1.35109 
v -0.04164 -0.12400 1.36406 
v -0.02121 -0.11066 1.35989 
v 0.06774 -0.15647 1.17904 
v 0.02138 -0.16183 1.18115 
v 0.06080 -0.15521 1.19847 
v 0.08225 -0.03460 1.26882 
v 0.09728 -0.06028 1.25223 
v 0.09427 -0.14789 1.17323 
v 0.06231 -0.15778 1.16579 
v -0.07913 -0.20742 1.25524 
v -0.08458 -0.18922 1.27134 
v -0.06576 -0.20405 1.28124 
v -0.08463 -0.20127 1.21309 
v -0.07983 -0.21156 1.19495 
v -0.07680 -0.18020 1.18590 
v -0.07983 -0.17582 1.20012 
v -0.12536 -0.07051 1.26412 
v -0.10880 -0.00756 1.28158 
v -0.11319 -0.06717 1.31052 
v -0.12033 -0.07110 1.16995 
v -0.11933 -0.04977 1.15594 
v -0.12584 -0.03843 1.19444 
v -0.12617 -0.06465 1.19981 
v -0.02573 -0.14281 1.05903 
v -0.03832 -0.13920 1.04001 
v -0.05343 -0.12787 1.05451 
v -0.11063 -0.03022 1.12360 
v -0.11081 -0.00781 1.12962 
v -0.12140 -0.01099 1.17190 
v 0.13843 -0.10468 1.15772 
v 0.14579 -0.07459 1.15901 
v 0.13908 -0.08270 1.13974 
v 0.13054 -0.11036 1.14065 
v 0.02871 -0.03740 1.36202 
v 0.02757 -0.03929 1.34838 
v 0.01202 -0.05703 1.35678 
v 0.01326 -0.05177 1.36939 
v -0.12373 -0.04063 1.24146 
v -0.11208 -0.00828 1.26125 
v 0.07517 -0.11500 1.08603 
v 0.06170 -0.12670 1.08348 
v -0.10807 -0.08710 1.13575 
v -0.09280 -0.13079 1.15274 
v -0.07255 -0.12553 1.09637 
v -0.09171 -0.10299 1.09885 
v 0.03180 -0.04146 1.33660 
v 0.03442 -0.01799 1.34340 
v 0.04200 -0.01774 1.33206 
v 0.03164 -0.19593 1.23242 
v 0.03353 -0.18101 1.21939 
v 0.03395 -0.18685 1.20639 
v 0.03060 -0.20677 1.21782 
v 0.03534 -0.01786 1.35660 
v 0.01218 -0.14894 1.11472 
v -0.09826 -0.02978 1.07653 
v -0.08896 -0.01072 1.06296 
v -0.09609 -0.01064 1.08761 
v -0.05623 -0.19753 1.30034 
v 0.12410 -0.06573 1.04569 
v 0.10096 -0.09344 1.04694 
v 0.14435 -0.08798 1.16720 
v -0.03136 -0.14386 1.02590 
v -0.02929 -0.14302 1.04276 
v 0.00447 -0.14915 1.04216 
v -0.03321 -0.14405 1.07916 
v 0.00812 -0.14800 1.06703 
v -0.01586 -0.18785 1.33971 
v -0.01330 -0.20101 1.32140 
v -0.03585 -0.20008 1.31598 
v -0.04136 -0.18719 1.33117 
v 0.04499 -0.14126 1.28878 
v 0.05011 -0.14940 1.26873 
v -0.06174 -0.12855 0.99515 
v -0.08071 -0.10588 0.99202 
v 0.10935 -0.12720 1.19921 
v 0.09101 -0.13002 1.22022 
v 0.09193 -0.10752 1.24173 
v 0.01871 -0.13235 1.33293 
v 0.00929 -0.10659 1.34307 
v -0.10499 -0.05276 1.32901 
v -0.08389 -0.06066 1.36272 
v -0.06037 -0.01609 1.40154 
v -0.07289 -0.01653 1.38585 
v 0.09763 -0.09405 1.07186 
v 0.06585 -0.12760 1.04497 
v 0.07063 -0.11984 1.07359 
v 0.03201 -0.14622 1.04348 
v 0.03023 -0.14349 1.05796 
v -0.09161 -0.04030 0.99989 
v 0.11319 -0.07784 1.11476 
v 0.12110 -0.09250 1.12468 
v 0.13120 -0.06613 1.13232 
v -0.03848 -0.14201 0.99833 
v -0.03773 -0.14017 1.00685 
v -0.01165 -0.15237 1.00024 
v -0.04649 -0.16958 1.34093 
v 0.01309 -0.07705 1.34817 
v -0.10956 -0.05179 1.11107 
v -0.10337 -0.07446 1.09774 
v -0.08300 -0.15851 1.19650 
v -0.10223 -0.13266 1.18450 
v 0.06400 -0.14282 1.12422 
v 0.10296 -0.11716 1.12015 
v 0.08226 -0.14512 1.13768 
v 0.04806 -0.15769 1.14445 
v 0.08834 -0.12020 0.98592 
v 0.11299 -0.09578 0.97858 
v -0.09982 -0.04904 1.06621 
v -0.09448 -0.09414 1.08767 
v -0.09376 -0.07456 1.05895 
v -0.07540 -0.11637 1.08212 
v -0.08361 -0.09986 1.05337 
v 0.10713 -0.08763 1.23183 
v 0.12430 -0.09269 1.20851 
v 0.11998 -0.10525 1.20747 
v 0.12028 -0.13123 1.17140 
v 0.11346 -0.13310 1.14683 
v 0.02790 -0.16480 1.20874 
v 0.02393 -0.16570 1.18811 
v -0.06292 0.00032 1.40233 
v -0.05528 -0.01776 1.41201 
v 0.01262 -0.16561 1.16635 
v -0.07049 -0.22927 1.20541 
v -0.07405 -0.21905 1.22657 
v -0.04444 -0.16493 1.15679 
v -0.02221 -0.16753 1.15213 
v -0.03011 -0.15652 1.13309 
v -0.12646 -0.04520 1.22460 
v -0.12779 -0.07453 1.23809 
v -0.12463 -0.08438 1.26617 
v -0.11387 -0.09188 1.29947 
v -0.11392 -0.11494 1.28919 
v -0.11843 -0.11331 1.26131 
v 0.01017 -0.17713 1.33308 
v 0.02649 -0.15700 1.31994 
v 0.02850 -0.17233 1.30368 
v 0.01244 -0.19087 1.31442 
v -0.09863 -0.09841 1.33731 
v -0.06919 -0.15592 1.16532 
v 0.09769 -0.01305 1.24676 
v 0.12093 -0.04631 1.22235 
v -0.03837 -0.14216 1.09951 
v 0.06727 -0.13340 1.00781 
v 0.06480 -0.13257 1.02428 
v 0.06492 -0.14869 1.22522 
v 0.07668 -0.13473 1.23735 
v 0.08749 -0.14308 1.20033 
v 0.10509 -0.13756 1.18539 
v 0.07639 -0.10120 1.26718 
v 0.04258 -0.16552 1.24706 
v 0.11945 -0.06828 1.07028 
v -0.12332 -0.02299 1.18464 
v 0.14072 -0.04708 0.99111 
v 0.12750 -0.07589 0.98416 
v 0.11693 -0.08170 1.00590 
v 0.13116 -0.05786 1.01914 
v 0.13843 -0.06257 0.95660 
v 0.14309 -0.06616 1.18175 
v 0.12605 -0.06904 1.21392 
v 0.14101 -0.04316 1.18547 
v -0.06917 -0.16852 1.20084 
v -0.04532 -0.15810 1.20107 
v -0.12128 -0.10816 1.23942 
v -0.10672 -0.01833 1.30028 
v -0.10845 0.00018 1.28445 
v 0.00146 -0.08746 1.35344 
v -0.07639 -0.13814 1.34078 
v 0.13059 -0.04495 1.13590 
v -0.08771 -0.17456 1.23820 
v -0.08753 -0.19012 1.23936 
v -0.05190 -0.13548 1.07860 
v -0.10253 -0.00851 1.11072 
v -0.00186 -0.16449 1.18045 
v -0.01485 -0.16813 1.16571 
v -0.08173 -0.00823 1.03352 
v 0.01938 -0.22297 1.22504 
v 0.02211 -0.21455 1.23929 
v 0.10733 -0.12756 1.13062 
v 0.04205 -0.06915 1.31899 
v 0.03756 -0.06344 1.33330 
v 0.05228 -0.02680 1.31955 
v 0.06230 -0.04126 1.29770 
v 0.00954 -0.15751 1.19430 
v 0.04510 -0.15948 1.22362 
v -0.06639 -0.16521 1.21816 
v -0.08278 -0.17229 1.21983 
v -0.09617 -0.07524 1.34580 
v -0.08426 0.00053 1.37384 
v -0.07705 0.00049 1.38544 
v -0.04770 -0.13483 1.02001 
v 0.14059 -0.04024 1.15882 
v 0.07029 -0.13557 0.99065 
v 0.03742 -0.15144 0.99455 
v -0.08783 -0.07248 1.00185 
v -0.09332 -0.07775 0.98782 
v -0.06500 -0.12142 1.35854 
v 0.03140 -0.14181 1.07287 
v -0.09918 0.00037 1.33503 
v 0.06140 -0.00905 1.30119 
v 0.07913 -0.01096 1.27329 
v 0.01116 -0.08809 1.34479 
v -0.08191 -0.17447 1.21059 
v -0.03476 -0.14207 1.01642 
v 0.09205 -0.14833 1.15757 
v 0.00737 -0.16527 1.15606 
v 0.00964 -0.15974 1.13832 
v -0.01638 -0.15823 1.13486 
v 0.00778 -0.16322 1.14837 
v 0.13426 -0.03984 1.05957 
v -0.00260 -0.23372 1.24879 
v 0.00032 -0.23815 1.22991 
v -0.09731 -0.00083 1.09125 
v -0.12525 -0.00849 1.19793 
v 0.14619 -0.02687 0.98662 
v 0.14792 -0.02889 0.97340 
v 0.12831 -0.03467 1.09393 
v 0.12774 0.00078 1.10770 
v -0.08103 -0.00024 1.03299 
v 0.00580 -0.15678 1.17692 
v -0.12097 -0.01146 1.22522 
v -0.12244 -0.02843 1.22199 
v 0.12594 -0.01092 1.21054 
v 0.14980 -0.03423 0.94902 
v 0.13054 -0.02416 1.13679 
v 0.13687 -0.01574 1.15861 
v 0.04469 0.00001 1.33001 
v 0.05331 0.00010 1.31374 
v -0.00565 -0.06185 1.37761 
v -0.02247 -0.15201 1.17760 
v -0.02269 -0.15658 1.19393 
v -0.04578 -0.15193 1.18151 
v 0.13502 -0.01141 1.18325 
v 0.09501 0.00127 1.24612 
v 0.13455 0.00136 1.17870 
v 0.13470 0.00082 1.15569 
v 0.02151 -0.08107 1.34220 
v 0.12643 -0.10461 1.13351 
v -0.02161 -0.06219 1.38521 
v -0.02098 -0.07435 1.37841 
v 0.13251 -0.03874 1.07144 
v -0.06728 -0.15675 1.18834 
v -0.09739 -0.04207 0.98751 
v -0.09568 -0.01756 0.99029 
v 0.08049 0.00070 1.27514 
v 0.14053 -0.03100 1.02244 
v 0.14368 -0.02157 1.00694 
v 0.00799 -0.14765 1.05442 
v -0.10790 -0.11728 1.17045 
v -0.11976 -0.09158 1.18450 
v 0.14487 0.00133 1.00261 
v -0.06989 -0.16178 1.17883 
v 0.00217 -0.24303 1.21395 
v -0.00295 -0.07050 1.36686 
v -0.02089 -0.08653 1.37204 
v -0.02103 -0.09506 1.36727 
v -0.04124 -0.10062 1.37239 
v -0.04161 -0.08580 1.37812 
v 0.13550 -0.01892 1.07318 
v -0.07964 -0.11244 1.35001 
v 0.14272 0.00173 1.02589 
v 0.13606 -0.03977 1.04678 
v 0.13884 -0.03586 1.03516 
v 0.14348 -0.01022 1.01400 
v 0.14227 -0.01562 1.02628 
v 0.14082 0.00184 1.04065 
v 0.13968 -0.01877 1.04938 
v 0.13986 0.00186 1.04989 
v 0.13788 -0.01879 1.06174 
v 0.13297 -0.08105 1.20113 
v 0.13249 -0.11480 1.17196 
v 0.14034 -0.10281 1.16307 
v 0.12527 -0.11637 1.18938 
v 0.14358 -0.07848 1.17933 
v -0.10156 0.08084 0.97451 
v -0.04626 0.15002 0.98384 
v 0.11775 0.09879 0.94881 
v 0.09134 0.12508 0.96050 
v 0.06945 0.14218 0.97225 
v -0.06737 -0.13449 0.97936 
v -0.08656 -0.11166 0.97712 
v -0.04446 -0.14953 0.98224 
v -0.01974 -0.15801 0.98390 
v 0.13922 -0.06611 0.93945 
v 0.11620 -0.09807 0.94937 
v 0.03693 -0.15468 0.97977 
v 0.06843 -0.14151 0.97203 
v 0.14955 -0.03770 0.93264 
v -0.10249 0.00061 0.97781 
v -0.09130 0.09520 0.09078 
v -0.06925 0.11980 0.09028 
v -0.06938 0.07028 0.09308 
v -0.05226 0.06696 0.09430 
v -0.04344 0.06857 0.09506 
v -0.01333 0.10557 0.09057 
v -0.03225 0.07077 0.09545 
v -0.04137 0.12063 0.08933 
v -0.01566 0.08219 0.09389 
v -0.08524 0.07402 0.09272 
v -0.09082 0.08028 0.09199 
v -0.01037 0.09030 0.09271 
v -0.01072 0.09809 0.09169 
v -0.02884 0.11763 0.08970 
v -0.01859 0.11142 0.08996 
v -0.06168 0.12255 0.08974 
v 0.01003 0.13480 0.03965 
v -0.00128 0.14047 0.03416 
v 0.00128 0.13035 0.04496 
v 0.02778 0.08523 0.01632 
v 0.03026 0.08456 0.02101 
v 0.01633 0.08006 0.02466 
v 0.00726 0.07978 0.01990 
v 0.08743 0.12193 -0.00331 
v 0.07660 0.12022 -0.00172 
v 0.07297 0.13790 -0.00143 
v 0.08920 0.12959 -0.00317 
v 0.02293 0.12094 0.04905 
v 0.03483 0.12451 0.04413 
v 0.03361 0.12971 0.04069 
v 0.01868 0.12708 0.04616 
v 0.01275 0.08143 0.03893 
v 0.02201 0.08347 0.03181 
v 0.02574 0.08881 0.04161 
v 0.01551 0.08550 0.04616 
v -0.05517 0.12563 0.07473 
v -0.05822 0.12807 0.06768 
v -0.06082 0.12558 0.07335 
v -0.09334 0.11300 0.02199 
v -0.10046 0.10369 0.02136 
v -0.09809 0.10250 0.03273 
v -0.09241 0.10807 0.03255 
v -0.02742 0.08268 0.00287 
v -0.03085 0.09536 -0.00125 
v -0.01766 0.09404 0.00248 
v -0.01795 0.08509 0.00551 
v 0.06371 0.14200 0.02616 
v 0.05412 0.13788 0.03182 
v 0.05632 0.13142 0.03383 
v 0.06722 0.13473 0.02821 
v 0.07188 0.15283 -0.00152 
v 0.07950 0.15649 -0.00272 
v 0.08743 0.14970 -0.00439 
v -0.06641 0.07116 0.04855 
v -0.06491 0.07162 0.04246 
v -0.05311 0.07029 0.04179 
v -0.05396 0.06925 0.05108 
v 0.07850 0.15332 0.01766 
v 0.07922 0.15941 0.01539 
v 0.07406 0.15827 0.01727 
v 0.04563 0.17610 0.00237 
v 0.03450 0.17480 0.00360 
v 0.03263 0.17558 0.00587 
v 0.04293 0.17731 0.00449 
v 0.13424 0.11818 0.00649 
v 0.13202 0.11774 0.01105 
v 0.12663 0.11110 0.00822 
v 0.12779 0.11100 0.00503 
v 0.06773 0.09354 0.02481 
v 0.06897 0.09917 0.03058 
v 0.06025 0.10000 0.03356 
v 0.06106 0.09491 0.02721 
v -0.04378 0.12624 0.05810 
v -0.03391 0.12612 0.05234 
v -0.04482 0.12834 0.04498 
v -0.05097 0.12771 0.05396 
v -0.09119 0.08091 0.07048 
v -0.09241 0.08118 0.05998 
v -0.08778 0.07626 0.05982 
v -0.08903 0.07808 0.06919 
v -0.04198 0.13045 0.03901 
v -0.02567 0.13466 0.04452 
v -0.03290 0.13638 0.03315 
v -0.07188 0.11313 0.00250 
v -0.07709 0.12071 0.00391 
v -0.07057 0.12432 0.00421 
v -0.07530 0.11578 0.05113 
v -0.08352 0.10844 0.05497 
v -0.07994 0.11099 0.05883 
v 0.10606 0.11384 -0.00391 
v 0.10437 0.11997 -0.00379 
v 0.11737 0.12292 -0.00305 
v 0.12073 0.11335 -0.00314 
v 0.08092 0.14294 0.02148 
v 0.07958 0.14823 0.01915 
v 0.07167 0.14538 0.02259 
v 0.07307 0.14078 0.02389 
v 0.00266 0.11234 0.06261 
v -0.00328 0.10501 0.07027 
v 0.00186 0.09916 0.06859 
v 0.00585 0.10370 0.06489 
v -0.00798 0.10171 0.07928 
v -0.00323 0.09539 0.07772 
v 0.07980 0.10666 -0.00142 
v 0.08635 0.10970 -0.00271 
v 0.08161 0.09838 0.02668 
v 0.08207 0.09196 0.02103 
v 0.09330 0.10059 0.01632 
v 0.09318 0.10336 0.01967 
v 0.08399 0.17978 0.00221 
v 0.08079 0.18075 0.00196 
v 0.08151 0.18191 0.00532 
v 0.08580 0.18015 0.00569 
v 0.10865 0.15480 -0.00561 
v 0.11447 0.15637 -0.00593 
v 0.11423 0.15296 -0.00497 
v 0.11129 0.15082 -0.00470 
v 0.02026 0.16943 0.00581 
v 0.02138 0.17080 0.01050 
v 0.03009 0.17450 0.00879 
v 0.12778 0.11662 -0.00169 
v 0.12428 0.12575 -0.00253 
v 0.13004 0.12802 -0.00104 
v 0.13234 0.12260 -0.00042 
v 0.10786 0.12625 0.01701 
v 0.11018 0.12012 0.01929 
v 0.11555 0.12290 0.01679 
v 0.11355 0.12895 0.01522 
v 0.00589 0.11912 0.00131 
v 0.01707 0.10144 0.00480 
v 0.00248 0.09732 0.00470 
v 0.01943 0.08604 0.01304 
v 0.03423 0.08798 0.01234 
v 0.03772 0.08707 0.01567 
v -0.04757 0.13465 0.02726 
v -0.05223 0.13547 0.01667 
v -0.05797 0.13076 0.02510 
v -0.05585 0.12768 0.03279 
v -0.07895 0.12103 0.02506 
v -0.07631 0.11735 0.03495 
v -0.06668 0.12182 0.03890 
v -0.06881 0.12570 0.02676 
v -0.00732 0.07887 0.06906 
v -0.01965 0.07419 0.08392 
v -0.01264 0.07422 0.06588 
v 0.07794 0.18297 0.00496 
v 0.07260 0.18233 0.00363 
v 0.07170 0.18395 0.00777 
v 0.07845 0.18290 0.00748 
v 0.09586 0.16368 -0.00370 
v 0.09416 0.16774 -0.00415 
v 0.10097 0.16802 -0.00350 
v 0.10107 0.16482 -0.00272 
v 0.02109 0.16380 0.02113 
v 0.00815 0.15827 0.02386 
v 0.01333 0.15228 0.02730 
v 0.02292 0.15851 0.02442 
v 0.06650 0.16339 0.01783 
v 0.06102 0.16962 0.01536 
v 0.05673 0.16645 0.01715 
v 0.05245 0.16312 0.01909 
v 0.05931 0.15970 0.01987 
v -0.03809 0.07806 0.00232 
v -0.02744 0.07900 0.00582 
v -0.02738 0.07426 0.01289 
v -0.03965 0.07331 0.00759 
v -0.08713 0.07087 0.00761 
v -0.09823 0.07885 0.00606 
v -0.07979 0.07149 0.00258 
v -0.08840 0.07097 0.01273 
v -0.09805 0.07620 0.01354 
v -0.09416 0.11264 0.00960 
v -0.09025 0.11717 0.01354 
v -0.08878 0.11754 0.00814 
v 0.10399 0.12329 0.01873 
v 0.10502 0.12983 0.01275 
v 0.10156 0.12756 0.01294 
v 0.10831 0.13567 0.01316 
v 0.11613 0.13677 0.01052 
v 0.11702 0.14059 0.01353 
v 0.10940 0.13789 0.01578 
v -0.01055 0.13607 0.04123 
v -0.00538 0.12964 0.04815 
v 0.12464 0.14988 0.00853 
v 0.12587 0.15020 0.00781 
v 0.12343 0.15362 0.00673 
v 0.12295 0.15310 0.00787 
v 0.10444 0.16131 0.01128 
v 0.10073 0.16127 0.01284 
v 0.10178 0.15728 0.01431 
v 0.10579 0.15776 0.01194 
v 0.03617 0.15245 0.00069 
v 0.03615 0.17086 0.00107 
v 0.05475 0.17342 0.00031 
v 0.05052 0.15578 0.00032 
v -0.05594 0.12959 0.00444 
v -0.05457 0.12036 0.00217 
v -0.09225 0.09324 0.07991 
v -0.09184 0.09113 0.08617 
v -0.09035 0.09622 0.08082 
v 0.05448 0.17879 0.00815 
v 0.05579 0.17692 0.00495 
v 0.04146 0.17795 0.00868 
v 0.09731 0.11904 -0.00123 
v 0.09879 0.11289 -0.00272 
v 0.09221 0.11218 0.00039 
v 0.08985 0.11104 -0.00235 
v 0.09080 0.12004 -0.00275 
v 0.09202 0.11932 0.00086 
v 0.06586 0.16693 0.01544 
v 0.07788 0.16763 0.01694 
v 0.07412 0.17045 0.01517 
v -0.02141 0.07086 0.07471 
v -0.01763 0.07268 0.06169 
v -0.04072 0.07009 0.03124 
v -0.03132 0.07132 0.03355 
v -0.03023 0.07031 0.04098 
v -0.03918 0.06906 0.04129 
v 0.07812 0.09394 0.00327 
v 0.07202 0.09628 0.00058 
v 0.08166 0.09914 -0.00039 
v 0.09698 0.13861 -0.00012 
v 0.10112 0.13953 -0.00008 
v 0.10096 0.13600 0.00170 
v 0.09699 0.13355 0.00388 
v 0.10384 0.15332 -0.00523 
v 0.10416 0.14949 -0.00079 
v 0.10000 0.15102 0.00084 
v 0.09841 0.15341 -0.00187 
v -0.09776 0.08418 0.04491 
v -0.09974 0.09276 0.04243 
v -0.10296 0.09393 0.03250 
v -0.10182 0.08417 0.03332 
v -0.10315 0.08508 0.01557 
v -0.10433 0.09357 0.01761 
v -0.10159 0.09497 0.00696 
v -0.10191 0.08758 0.00646 
v -0.07324 0.07129 0.04230 
v -0.07456 0.07242 0.05039 
v -0.05646 0.07050 0.02483 
v -0.06905 0.06850 0.02181 
v -0.06574 0.06674 0.01046 
v -0.05416 0.06978 0.01461 
v 0.12270 0.10797 0.00138 
v 0.12939 0.11323 0.00188 
v 0.01800 0.09417 0.05491 
v 0.00836 0.09325 0.06103 
v 0.00726 0.08656 0.05791 
v 0.02024 0.10239 0.05643 
v 0.00645 0.09688 0.06427 
v -0.07081 0.11905 0.08216 
v -0.07708 0.10783 0.08296 
v 0.09954 0.17374 0.00060 
v 0.09692 0.17476 0.00171 
v 0.09733 0.17274 0.00500 
v 0.10042 0.17209 0.00406 
v 0.09963 0.17161 -0.00304 
v 0.09224 0.17239 -0.00411 
v 0.09566 0.17514 -0.00196 
v 0.07792 0.11175 0.03111 
v 0.07487 0.11906 0.03053 
v 0.06119 0.11612 0.03751 
v 0.06628 0.11103 0.03554 
v 0.07975 0.10410 0.02939 
v 0.06972 0.10504 0.03297 
v 0.06158 0.14839 -0.00045 
v 0.06146 0.15949 -0.00030 
v 0.07194 0.16346 -0.00117 
v 0.07906 0.17372 -0.00088 
v 0.07124 0.17374 -0.00115 
v 0.07170 0.17756 -0.00039 
v 0.07882 0.17736 -0.00045 
v 0.08944 0.13820 0.02093 
v 0.09451 0.13890 0.01993 
v 0.08989 0.14467 0.01774 
v 0.10650 0.14834 0.01531 
v 0.11538 0.15101 0.01300 
v 0.11139 0.15444 0.00982 
v 0.10525 0.15090 0.01243 
v 0.12497 0.15450 0.00109 
v 0.12430 0.15183 -0.00089 
v 0.12163 0.15402 -0.00165 
v 0.12008 0.15617 -0.00089 
v 0.12726 0.13828 0.00330 
v 0.12944 0.13825 0.00583 
v 0.13255 0.13491 0.00602 
v 0.13120 0.13439 0.00232 
v -0.03208 0.06322 0.07545 
v -0.03100 0.07048 0.09113 
v -0.04111 0.06814 0.08881 
v -0.04038 0.06293 0.07675 
v 0.13541 0.12173 0.01278 
v 0.13567 0.12092 0.00663 
v 0.13636 0.12526 0.00659 
v 0.13658 0.12501 0.01222 
v -0.02501 0.14044 0.02822 
v -0.02563 0.14494 0.01936 
v -0.03705 0.13786 0.02682 
v 0.00760 0.16416 0.01493 
v 0.00792 0.16139 0.01952 
v 0.02046 0.16904 0.01651 
v 0.07916 0.16202 0.01624 
v 0.10348 0.17061 0.00164 
v 0.10253 0.17023 0.00466 
v 0.10341 0.16783 0.00584 
v 0.10491 0.16656 0.00239 
v -0.01690 0.11273 0.07437 
v -0.01071 0.11645 0.06372 
v -0.02063 0.11987 0.06062 
v -0.02350 0.11694 0.07152 
v 0.02397 0.15422 0.02711 
v 0.01450 0.14967 0.02889 
v 0.05438 0.17821 0.01712 
v 0.06514 0.18208 0.01551 
v 0.05954 0.18069 0.01212 
v 0.05318 0.17947 0.01308 
v 0.08643 0.15391 -0.00327 
v 0.09059 0.15461 -0.00086 
v 0.09176 0.15159 -0.00154 
v 0.09443 0.13998 -0.00110 
v 0.09659 0.14524 0.00211 
v 0.10056 0.14332 0.00038 
v -0.08296 0.07504 0.06718 
v -0.08354 0.07554 0.07669 
v -0.08978 0.07908 0.07790 
v 0.08489 0.09636 0.00385 
v 0.09311 0.10506 0.00037 
v 0.09543 0.10154 0.00461 
v 0.10882 0.10874 -0.00356 
v 0.11549 0.10674 -0.00138 
v 0.10908 0.10379 -0.00086 
v -0.09822 0.10602 0.00718 
v -0.09509 0.10467 0.00403 
v -0.09654 0.09409 0.00342 
v 0.12445 0.15515 0.00399 
v 0.12118 0.15733 0.00330 
v 0.12205 0.15492 0.00698 
v 0.11766 0.16126 0.00034 
v 0.11555 0.16322 0.00014 
v 0.11789 0.16126 0.00217 
v 0.10031 0.11401 0.02260 
v 0.10097 0.10935 0.02109 
v 0.10686 0.11163 0.01876 
v 0.10561 0.11803 0.02009 
v 0.09985 0.10563 0.01750 
v 0.10731 0.10718 0.01585 
v 0.05553 0.16988 0.01807 
v 0.05427 0.17293 0.01973 
v 0.04942 0.16956 0.02149 
v 0.05079 0.16635 0.01985 
v 0.08396 0.17496 0.01232 
v 0.08214 0.17523 0.01358 
v 0.08222 0.17272 0.01251 
v 0.08528 0.17256 0.01106 
v 0.08289 0.09347 0.00635 
v 0.09355 0.09863 0.00909 
v 0.08214 0.09005 0.01507 
v -0.07581 0.11677 0.04303 
v -0.06776 0.11942 0.04660 
v -0.01220 0.10352 0.00116 
v 0.00601 0.14800 0.00179 
v -0.00947 0.13714 0.00102 
v -0.01157 0.14882 0.00346 
v 0.00205 0.15659 0.00325 
v -0.09377 0.11247 0.01385 
v -0.10123 0.10304 0.01530 
v -0.05940 0.13228 0.01720 
v 0.10290 0.13609 0.01717 
v 0.10097 0.13299 0.01373 
v 0.02884 0.10044 0.00375 
v 0.03720 0.09177 0.00836 
v 0.01964 0.09421 0.00640 
v -0.02310 0.14602 0.00576 
v -0.01205 0.15115 0.00459 
v -0.02176 0.14344 0.00369 
v 0.00860 0.16063 0.00305 
v 0.00527 0.07785 0.03058 
v -0.07147 0.06740 0.00499 
v -0.06841 0.07014 0.00071 
v -0.06414 0.06706 0.00557 
v -0.06319 0.08727 -0.00014 
v -0.05993 0.07623 -0.00100 
v -0.08020 0.07559 0.00056 
v -0.08246 0.08181 0.00099 
v 0.07797 0.17171 0.01466 
v 0.08288 0.17398 0.01171 
v 0.07968 0.17464 0.01019 
v 0.07591 0.17298 0.01207 
v -0.03928 0.06603 0.05154 
v -0.08295 0.10219 0.08405 
v -0.08656 0.10133 0.07387 
v -0.09131 0.09707 0.07287 
v -0.09375 0.09107 0.07181 
v -0.09296 0.08725 0.07938 
v -0.05980 0.13178 0.00962 
v -0.04180 0.13826 0.01006 
v -0.01205 0.14650 0.02729 
v -0.01363 0.15241 0.01931 
v -0.00924 0.07501 0.01990 
v -0.00483 0.07542 0.03081 
v -0.01836 0.07143 0.02735 
v -0.08524 0.07470 0.05292 
v -0.08720 0.07466 0.04411 
v -0.08338 0.07361 0.04385 
v 0.12726 0.14409 0.00731 
v 0.12758 0.14236 0.00394 
v 0.12787 0.14804 0.00325 
v 0.12738 0.14965 0.00679 
v 0.12580 0.14722 0.00841 
v -0.08147 0.12231 0.01155 
v 0.13038 0.11933 0.01239 
v 0.12651 0.11578 0.01291 
v 0.11245 0.10561 0.01010 
v 0.09964 0.10242 0.01192 
v 0.10252 0.10190 0.00782 
v 0.08061 0.15853 -0.00164 
v 0.08130 0.16202 0.00075 
v 0.08500 0.15919 0.00026 
v 0.04427 0.13313 0.03653 
v 0.03900 0.13150 0.03853 
v 0.04220 0.12687 0.04061 
v 0.05128 0.12964 0.03639 
v 0.04981 0.11202 0.04368 
v 0.03935 0.11069 0.04820 
v 0.04050 0.10384 0.04683 
v 0.05090 0.10867 0.04269 
v 0.08619 0.14409 0.01947 
v 0.08760 0.14704 0.01796 
v 0.10833 0.14655 -0.00243 
v 0.11052 0.15283 -0.00256 
v 0.11306 0.14773 -0.00258 
v -0.10471 0.09314 0.02476 
v 0.13457 0.12514 0.00212 
v 0.13319 0.11873 0.00234 
v -0.03352 0.12076 0.07040 
v -0.02644 0.12236 0.05821 
v 0.05643 0.15107 0.02347 
v 0.05082 0.15510 0.02275 
v 0.04050 0.14797 0.02807 
v 0.04553 0.14479 0.02876 
v 0.11219 0.15634 0.00804 
v 0.10946 0.15530 0.01085 
v 0.10955 0.15237 0.00968 
v 0.11314 0.15373 0.00662 
v 0.11712 0.15482 0.00352 
v 0.11812 0.15515 0.00175 
v 0.11877 0.15672 0.00332 
v 0.11710 0.15629 0.00486 
v 0.09950 0.12732 0.00152 
v 0.10338 0.12866 -0.00200 
v 0.09111 0.12784 -0.00219 
v 0.09439 0.13106 0.00368 
v -0.06591 0.12651 0.06561 
v -0.07638 0.11446 0.06395 
v -0.06747 0.12479 0.07148 
v -0.05932 0.12749 0.04989 
v -0.05763 0.12779 0.04057 
v -0.05747 0.07266 -0.00007 
v -0.05487 0.07034 0.00380 
v -0.01807 0.08004 0.00818 
v 0.11890 0.12704 0.01465 
v 0.11949 0.12419 0.01496 
v 0.12549 0.12655 0.01727 
v 0.12418 0.12987 0.01659 
v 0.12094 0.12028 0.01429 
v 0.12669 0.12216 0.01643 
v 0.05721 0.09155 0.00734 
v 0.05536 0.09429 0.00407 
v 0.06292 0.09643 0.00076 
v 0.06352 0.09174 0.00499 
v 0.05414 0.09717 0.00279 
v 0.06229 0.09947 0.00012 
v 0.09009 0.16061 0.01043 
v 0.09317 0.15974 0.01403 
v 0.09879 0.16263 0.01163 
v 0.08904 0.16603 0.01296 
v 0.09023 0.16385 0.01111 
v 0.09354 0.16378 0.00976 
v 0.09437 0.16790 0.01134 
v 0.09699 0.15691 -0.00195 
v 0.05786 0.08974 0.01472 
v 0.06555 0.08956 0.01476 
v 0.06428 0.08981 0.00900 
v 0.05786 0.09011 0.01120 
v 0.08797 0.17745 0.00599 
v 0.08743 0.17722 0.00256 
v 0.08523 0.17346 -0.00040 
v 0.08991 0.17263 0.00289 
v 0.08781 0.16965 0.00307 
v -0.07798 0.07396 0.06022 
v -0.07249 0.07345 0.05940 
v -0.07533 0.07410 0.06578 
v 0.06498 0.17828 0.00411 
v 0.06417 0.18027 0.00728 
v 0.08177 0.18135 0.00741 
v 0.01972 0.10789 0.05633 
v 0.00352 0.08918 0.06419 
v -0.00280 0.08933 0.07437 
v -0.00106 0.08158 0.06121 
v -0.09700 0.07498 0.02275 
v -0.10371 0.08338 0.02528 
v -0.09343 0.07814 0.04442 
v -0.09292 0.07979 0.05241 
v 0.00870 0.16305 0.00747 
v 0.00742 0.16461 0.01105 
v -0.01500 0.15251 0.00969 
v -0.02438 0.14739 0.00974 
v -0.02734 0.14605 0.01480 
v -0.01535 0.15362 0.01356 
v -0.09485 0.09217 0.06094 
v -0.09766 0.09359 0.04977 
v -0.09543 0.08361 0.05179 
v -0.08139 0.06869 0.01220 
v -0.07877 0.06874 0.00616 
v -0.07509 0.06703 0.01106 
v -0.01518 0.12695 0.05357 
v 0.12556 0.14019 0.00607 
v 0.11056 0.14035 -0.00210 
v 0.11582 0.14193 -0.00237 
v 0.11803 0.13777 -0.00006 
v 0.11230 0.13681 0.00012 
v 0.09449 0.12755 0.01600 
v 0.09073 0.12324 0.01916 
v 0.09633 0.12535 0.01457 
v 0.09384 0.11251 0.02420 
v 0.09294 0.10650 0.02298 
v 0.10063 0.10267 0.00376 
v 0.10075 0.10719 -0.00085 
v 0.10865 0.10326 0.00340 
v 0.11474 0.10444 0.00482 
v 0.05173 0.10479 0.04069 
v 0.04012 0.10103 0.04526 
v 0.05219 0.10097 0.03849 
v -0.02069 0.10841 -0.00110 
v -0.03416 0.10884 -0.00040 
v 0.02933 0.17397 0.01162 
v 0.05937 0.17927 0.00767 
v 0.06048 0.17726 0.00482 
v 0.06340 0.16929 -0.00040 
v 0.06345 0.17104 0.00081 
v 0.06850 0.16817 0.00123 
v -0.03400 0.06260 0.06790 
v -0.03967 0.06299 0.06711 
v 0.08355 0.13639 0.02301 
v 0.08417 0.13225 0.02255 
v 0.09025 0.13383 0.02011 
v 0.07253 0.08998 0.00744 
v 0.07477 0.08850 0.01483 
v 0.07259 0.09173 0.00373 
v 0.08983 0.12964 0.01792 
v 0.09403 0.13040 0.01665 
v 0.09590 0.13385 0.01851 
v 0.09673 0.12244 0.01697 
v 0.10288 0.16416 -0.00143 
v 0.10681 0.16524 -0.00245 
v 0.10456 0.16193 -0.00565 
v 0.12081 0.11999 0.01504 
v 0.11947 0.12394 0.01572 
v 0.11633 0.11670 0.01602 
v 0.11341 0.10930 0.01520 
v 0.11719 0.10837 0.01076 
v 0.11732 0.11265 0.01381 
v 0.03765 0.16744 0.02252 
v 0.04194 0.16494 0.02320 
v -0.07794 0.10832 0.07687 
v -0.08176 0.10507 0.07366 
v -0.08802 0.10212 0.06148 
v 0.08314 0.17738 0.01156 
v 0.08717 0.17701 0.01040 
v 0.08527 0.17917 0.00972 
v 0.08283 0.17899 0.01057 
v -0.03877 0.13955 0.02102 
v 0.05909 0.17596 0.01978 
v 0.06042 0.17255 0.01787 
v 0.06655 0.17472 0.01798 
v 0.06657 0.17809 0.01870 
v 0.12329 0.14612 0.01041 
v 0.12487 0.14688 0.00864 
v 0.12356 0.14721 0.00924 
v 0.12216 0.14655 0.00931 
v 0.11649 0.15801 0.00524 
v 0.11382 0.15719 0.00595 
v 0.11451 0.15614 0.00570 
v 0.11702 0.15651 0.00456 
v -0.04865 0.06798 0.05093 
v -0.09276 0.09410 0.07230 
v -0.09591 0.10145 0.04099 
v -0.08929 0.10737 0.04076 
v 0.08423 0.17644 0.00749 
v 0.08531 0.17445 0.01086 
v 0.09094 0.17403 0.00874 
v 0.09070 0.17584 0.00424 
v 0.10836 0.14308 0.01699 
v 0.10268 0.14101 0.01789 
v 0.11879 0.15174 0.01049 
v 0.11833 0.15236 0.01095 
v 0.12086 0.14662 0.01105 
v 0.12041 0.14773 0.01031 
v 0.10297 0.16342 0.00946 
v 0.10150 0.16446 0.00701 
v 0.09764 0.16239 0.00830 
v 0.09899 0.16668 0.00709 
v 0.10125 0.16662 0.00569 
v 0.10209 0.16809 0.00626 
v 0.09900 0.16824 0.00747 
v 0.03227 0.12534 0.00187 
v 0.02559 0.11213 0.00240 
v 0.01740 0.12629 0.00167 
v 0.02919 0.13738 -0.00014 
v 0.03077 0.15163 0.00056 
v 0.03659 0.13766 -0.00016 
v -0.07161 0.12531 0.00530 
v -0.07350 0.12679 0.00993 
v -0.07733 0.12229 0.00499 
v 0.08757 0.10124 -0.00014 
v -0.00936 0.07364 0.03951 
v -0.01747 0.07277 0.03763 
v 0.00084 0.07801 0.04705 
v -0.00428 0.07539 0.04168 
v 0.09942 0.11952 0.02119 
v 0.09301 0.11720 0.02337 
v 0.11801 0.15783 -0.00396 
v 0.11755 0.15401 -0.00319 
v -0.08620 0.11851 0.02239 
v -0.07856 0.12328 0.01761 
v -0.08443 0.12074 0.01625 
v -0.00207 0.15395 0.02411 
v -0.00287 0.15629 0.01990 
v -0.00888 0.14402 0.03038 
v 0.00469 0.14448 0.03071 
v -0.00083 0.15167 0.02612 
v 0.00087 0.11708 0.05848 
v -0.00517 0.11375 0.06509 
v -0.00429 0.10958 0.06758 
v -0.00193 0.12174 0.05641 
v -0.00023 0.07639 0.02524 
v -0.01956 0.13187 0.04883 
v -0.03281 0.14012 0.00605 
v 0.07855 0.11983 0.02920 
v -0.00635 0.07624 0.05669 
v -0.01273 0.07441 0.05171 
v 0.00512 0.08310 0.05460 
v 0.12341 0.13867 0.00132 
v 0.12671 0.14246 0.00056 
v 0.12644 0.13982 0.00435 
v 0.01972 0.08819 0.00998 
v 0.06058 0.11050 0.03792 
v 0.09786 0.14693 0.01305 
v 0.09969 0.14562 0.01585 
v 0.09646 0.15017 0.01340 
v 0.10095 0.15049 0.01296 
v 0.10268 0.15379 0.01441 
v 0.09660 0.15292 0.01524 
v 0.10361 0.16916 -0.00168 
v 0.10507 0.16614 -0.00042 
v -0.06302 0.07182 0.03378 
v -0.07135 0.07171 0.03134 
v 0.06969 0.14977 0.02158 
v 0.06581 0.15499 0.01965 
v 0.05059 0.14170 0.03046 
v 0.06080 0.14593 0.02489 
v 0.03736 0.09262 0.03886 
v 0.05140 0.09484 0.03269 
v 0.03697 0.10662 0.00222 
v 0.07230 0.17971 0.00080 
v 0.07683 0.18124 0.00161 
v 0.05717 0.17579 0.00339 
v 0.06146 0.17598 0.00332 
v 0.06257 0.17321 0.00138 
v 0.10385 0.13247 0.00106 
v 0.10059 0.13070 0.00341 
v 0.11399 0.13255 -0.00303 
v 0.10567 0.12917 -0.00314 
v 0.10657 0.13496 0.00009 
v 0.11070 0.13644 -0.00007 
v 0.08730 0.15815 0.01448 
v 0.08469 0.16011 0.01258 
v 0.09156 0.15181 0.01757 
v 0.09107 0.14824 0.01699 
v 0.12170 0.10716 0.00666 
v 0.12218 0.11261 0.01164 
v -0.03879 0.12313 0.00137 
v -0.01565 0.12863 0.00018 
v 0.13022 0.11904 0.01328 
v 0.13217 0.12398 0.01725 
v 0.12641 0.11820 0.01355 
v 0.13569 0.12559 0.01486 
v 0.00794 0.12818 -0.00133 
v -0.00486 0.11682 -0.00046 
v 0.01768 0.13352 -0.00056 
v -0.04687 0.12333 0.07587 
v -0.04534 0.12488 0.06571 
v -0.04212 0.12135 0.07553 
v 0.04715 0.17482 0.02135 
v 0.05078 0.17651 0.01922 
v 0.09630 0.12690 0.00329 
v 0.00347 0.09435 0.06753 
v 0.09400 0.14987 0.00047 
v -0.07483 0.07463 0.07607 
v -0.06821 0.07267 0.06432 
v -0.06685 0.07152 0.07471 
v -0.08641 0.09578 0.00203 
v 0.03254 0.13604 0.03550 
v 0.02870 0.14077 0.03317 
v 0.02294 0.13726 0.03528 
v 0.02889 0.13369 0.03822 
v 0.01214 0.12361 0.05193 
v 0.01561 0.11842 0.05346 
v 0.01918 0.11330 0.05598 
v 0.07304 0.17916 0.01750 
v 0.07277 0.17627 0.01770 
v 0.07912 0.17750 0.01573 
v 0.07838 0.17967 0.01494 
v 0.11676 0.13845 0.00038 
v 0.12013 0.13382 -0.00232 
v -0.06545 0.12171 0.08508 
v -0.00370 0.15938 0.01419 
v -0.00286 0.15987 0.01134 
v 0.08694 0.12830 0.02116 
v 0.11857 0.15526 -0.00013 
v 0.11910 0.15825 0.00016 
v 0.11912 0.15825 0.00248 
v -0.06492 0.12169 0.05194 
v -0.07280 0.11896 0.05799 
v -0.04059 0.08228 -0.00083 
v -0.04530 0.09296 -0.00081 
v -0.09479 0.07563 0.03397 
v 0.03065 0.13157 0.03938 
v 0.03509 0.13356 0.03688 
v -0.09025 0.08028 0.08622 
v -0.09225 0.08736 0.08612 
v -0.09071 0.08060 0.07824 
v 0.08991 0.16142 -0.00176 
v 0.08570 0.16585 -0.00194 
v 0.08845 0.16749 -0.00403 
v 0.09158 0.16218 -0.00374 
v -0.02678 0.06735 0.07489 
v 0.07478 0.16972 0.00090 
v 0.07075 0.16984 0.00110 
v 0.06812 0.17377 0.00152 
v 0.06706 0.17749 0.00206 
v -0.04185 0.12385 0.06516 
v -0.05976 0.12798 0.06151 
v -0.06600 0.12521 0.05912 
v 0.11719 0.14613 0.01397 
v 0.12154 0.14300 0.01042 
v -0.09333 0.09713 0.06100 
v -0.09572 0.09800 0.04941 
v 0.01896 0.16525 0.00213 
v 0.01976 0.16808 0.00426 
v 0.11185 0.11338 0.01813 
v 0.12673 0.14705 -0.00000 
v -0.09129 0.07896 0.00164 
v 0.12431 0.13925 0.00810 
v 0.12889 0.13753 0.01123 
v 0.13077 0.13777 0.00940 
v 0.04846 0.08981 0.02341 
v 0.04022 0.08721 0.01906 
v 0.04872 0.08851 0.01692 
v 0.11571 0.10499 0.00183 
v 0.06570 0.17017 0.01344 
v 0.06638 0.17171 0.01598 
v -0.08836 0.11134 0.00326 
v -0.09298 0.11235 0.00576 
v 0.07557 0.12775 0.02716 
v 0.07481 0.13561 0.02569 
v 0.04311 0.11520 -0.00013 
v 0.04039 0.12655 0.00041 
v -0.00780 0.12511 -0.00132 
v -0.01146 0.10588 0.08022 
v -0.04114 0.07183 0.01115 
v -0.02951 0.07218 0.01707 
v 0.11304 0.16038 0.00587 
v 0.11533 0.16129 0.00421 
v 0.11220 0.16350 0.00310 
v 0.11141 0.16289 0.00450 
v 0.11371 0.16360 0.00148 
v 0.11646 0.16180 0.00284 
v -0.08745 0.11359 0.03254 
v 0.12487 0.13466 0.01257 
v 0.12155 0.13878 0.00909 
v -0.07868 0.06989 0.02152 
v 0.09132 0.14609 0.01652 
v 0.05880 0.10649 0.03828 
v 0.01690 0.14966 0.00118 
v -0.04074 0.13972 0.01562 
v -0.03122 0.14356 0.00975 
v 0.07944 0.18149 0.01153 
v 0.07126 0.18436 0.01147 
v 0.07092 0.18279 0.01470 
v 0.04449 0.17814 0.01732 
v 0.03406 0.16904 0.02056 
v 0.02913 0.17229 0.01630 
v -0.03147 0.07059 0.02440 
v -0.04305 0.07034 0.01888 
v 0.09373 0.17406 0.00714 
v 0.10866 0.14937 -0.00306 
v -0.05024 0.10498 0.00052 
v 0.08405 0.17702 -0.00038 
v 0.09669 0.12830 0.01181 
v -0.01548 0.14001 0.03573 
v 0.12677 0.13469 -0.00085 
v 0.12210 0.13940 0.00096 
v 0.07240 0.17357 0.01681 
v 0.07249 0.17142 0.01283 
v 0.07655 0.17258 0.01385 
v 0.07856 0.17493 0.01549 
v 0.04127 0.17802 0.01251 
v 0.09997 0.15779 -0.00476 
v -0.00316 0.08160 0.01308 
v 0.12624 0.14166 0.00764 
v 0.12474 0.14336 0.00782 
v 0.12123 0.13883 0.00901 
v 0.05854 0.12420 0.03650 
v 0.04522 0.12139 0.04227 
v 0.07598 0.09066 0.02221 
v -0.01316 0.11019 0.07297 
v 0.08698 0.17456 0.01072 
v 0.10514 0.15224 0.01141 
v 0.08020 0.16912 -0.00103 
v 0.07837 0.16860 0.00209 
v 0.11620 0.16211 -0.00403 
v 0.11265 0.16081 -0.00613 
v 0.11181 0.16391 -0.00495 
v 0.11291 0.16484 -0.00344 
v 0.04484 0.09594 0.00482 
v 0.04778 0.09203 0.00745 
v 0.09823 0.12975 0.00466 
v -0.08452 0.07472 0.08666 
v 0.08733 0.17195 -0.00317 
v 0.11486 0.15428 0.00465 
v 0.11443 0.15605 0.00608 
v -0.02359 0.06863 0.05334 
v -0.03056 0.06566 0.06061 
v -0.02581 0.06812 0.06712 
v -0.03332 0.13709 0.00403 
v -0.04347 0.13589 0.00651 
v -0.04460 0.13325 0.00435 
v 0.13259 0.12451 0.01634 
v 0.13183 0.12900 0.01739 
v 0.13124 0.12885 0.01823 
v 0.11673 0.15629 -0.00136 
v 0.03259 0.15070 0.02772 
v 0.04401 0.16148 0.02240 
v 0.08811 0.14314 -0.00409 
v 0.11906 0.15667 0.00531 
v 0.12061 0.15452 0.00814 
v 0.11603 0.15780 0.00320 
v -0.01583 0.10973 0.07869 
v 0.11804 0.13111 0.01360 
v 0.12131 0.13291 0.01388 
v -0.00828 0.10781 0.07150 
v 0.10969 0.15794 0.01050 
v 0.11035 0.16122 0.00836 
v 0.10685 0.16132 0.01070 
v 0.10775 0.15786 0.01136 
v 0.10527 0.16515 0.00485 
v 0.10547 0.16386 0.00818 
v 0.10739 0.16382 0.00673 
v 0.07053 0.12649 0.02954 
v 0.02419 0.14998 0.02841 
v 0.02544 0.14562 0.03085 
v 0.03573 0.08924 0.03436 
v -0.05250 0.07116 0.03707 
v 0.08401 0.14956 0.01778 
v 0.09547 0.14755 0.00451 
v 0.09159 0.14550 0.00173 
v 0.09112 0.14642 -0.00274 
v -0.06686 0.07054 0.08568 
v -0.06246 0.07070 0.05422 
v -0.05548 0.06888 0.06474 
v 0.02999 0.10146 0.05115 
v 0.02945 0.11082 0.05262 
v 0.09886 0.16111 -0.00369 
v 0.00102 0.15772 0.00496 
v 0.00889 0.16238 0.00480 
v -0.01874 0.07309 0.01870 
v -0.01977 0.07678 0.01324 
v -0.01923 0.07488 0.01639 
v -0.00075 0.08841 0.00841 
v -0.01720 0.07216 0.04454 
v 0.08981 0.17592 0.00113 
v 0.12447 0.14464 -0.00116 
v 0.12281 0.15020 -0.00179 
v -0.08492 0.07041 0.02155 
v 0.04710 0.10034 0.00265 
v -0.04427 0.13295 0.03236 
v 0.07066 0.10275 -0.00016 
v 0.06657 0.16919 0.01352 
v 0.08508 0.17930 0.00905 
v 0.08723 0.17688 0.00982 
v 0.06423 0.18192 0.01156 
v 0.08317 0.17740 0.01217 
v 0.08201 0.17946 0.01053 
v 0.08048 0.17940 0.01274 
v 0.08161 0.17733 0.01345 
v 0.08651 0.15883 0.00220 
v 0.08941 0.15656 -0.00049 
v 0.08772 0.16878 0.01447 
v 0.08709 0.17046 0.01450 
v 0.08185 0.16896 0.01595 
v 0.08370 0.16507 0.01502 
v 0.08362 0.16172 0.01308 
v 0.05013 0.14277 0.00015 
v 0.13349 0.12911 0.00222 
v 0.07250 0.17038 0.01283 
v 0.12281 0.14889 0.00985 
v 0.11764 0.13719 0.00985 
v 0.12132 0.13334 0.01381 
v 0.10710 0.13531 0.00345 
v 0.10704 0.13862 0.00042 
v 0.08722 0.16139 0.00027 
v 0.08371 0.16426 0.00011 
v 0.11928 0.15322 0.00969 
v 0.12062 0.15372 0.00837 
v 0.11863 0.15376 0.00922 
v 0.08170 0.16809 0.00338 
v 0.07358 0.16397 -0.00016 
v 0.10057 0.16163 -0.00041 
v 0.09702 0.16112 -0.00094 
v 0.10425 0.14890 0.00172 
v 0.12225 0.11668 0.01315 
v 0.12653 0.11783 0.01354 
v 0.09999 0.14912 0.00294 
v 0.09796 0.13025 0.00498 
v 0.01348 0.13130 0.04213 
v 0.00601 0.12706 0.04782 
v 0.01357 0.13899 0.03549 
v 0.02706 0.11560 0.05116 
v 0.02753 0.09550 0.04926 
v 0.03610 0.11913 0.04669 
v 0.11010 0.13266 0.01221 
v 0.12426 0.13461 0.01323 
v 0.12919 0.13265 0.01719 
v 0.12954 0.13250 0.01641 
v 0.13468 0.12963 0.01537 
v 0.13201 0.13436 0.01335 
v 0.13599 0.12968 0.01168 
v 0.13315 0.13503 0.01016 
v 0.13538 0.12942 0.00659 
v 0.11760 0.13149 0.01393 
v 0.11858 0.12666 0.01542 
v 0.12655 0.11811 0.01337 
v 0.12227 0.11725 0.01282 
v 0.12154 0.13316 0.01365 
v 0.09837 0.12864 0.01050 
v 0.10128 0.12955 0.00952 
v 0.09709 0.12779 0.01172 
v 0.10420 0.13143 0.00651 
v 0.12183 0.14026 0.00504 
v 0.10788 0.13440 0.00598 
v 0.11186 0.13689 0.00546 
v 0.11729 0.13879 0.00520 
v 0.11382 0.13509 0.01093 
v 0.09217 0.14196 -0.00204 
v 0.09236 0.14444 0.00065 
v 0.11394 0.15572 0.00785 
v 0.10455 0.14514 0.00041 
v 0.10670 0.14107 -0.00006 
v 0.11639 0.15559 0.00742 
v 0.12434 0.14768 0.00830 
v 0.12155 0.15393 0.00790 
v 0.12115 0.15251 0.00962 
v 0.10729 0.13299 0.00741 
v 0.11398 0.13526 0.00552 
v 0.09967 0.13071 0.00956 
v 0.10302 0.13161 0.00862 
v 0.12083 0.13705 0.00453 
v 0.10206 0.13302 0.00401 
v 0.11113 0.15588 0.00419 
v 0.10465 0.15218 0.00704 
v 0.09732 0.14859 0.00828 
v 0.11385 0.15732 0.00335 
v 0.11013 0.15505 0.00067 
v 0.10423 0.15048 0.00342 
v 0.09809 0.12928 0.01038 
v 0.11828 0.15840 0.00393 
v 0.11734 0.16087 0.00370 
v 0.11562 0.16033 0.00501 
v 0.11878 0.15828 0.00277 
v 0.11762 0.16116 0.00247 
v 0.10936 0.16591 -0.00074 
v 0.10597 0.16593 0.00203 
v 0.09638 0.15597 0.01509 
v 0.11132 0.15861 0.00826 
v 0.11287 0.15938 0.00592 
v 0.11298 0.16022 0.00564 
v 0.11522 0.16109 0.00409 
v 0.11380 0.15725 0.00637 
v 0.11285 0.15943 0.00637 
v 0.08954 0.15527 0.01669 
v 0.11644 0.16148 0.00282 
v 0.11873 0.15716 0.00334 
v 0.10523 0.14969 0.00660 
v 0.10965 0.14983 0.00488 
v 0.11337 0.15112 0.00337 
v 0.09545 0.14838 0.00854 
v 0.10052 0.14972 0.00753 
v 0.09059 0.14691 0.00780 
v 0.10907 0.14916 0.00068 
v 0.10464 0.14892 0.00187 
v 0.11250 0.15035 -0.00090 
v 0.11535 0.15189 -0.00218 
v 0.11540 0.15210 0.00175 
v 0.11738 0.15383 0.00035 
v 0.09472 0.16028 -0.00192 
v 0.10846 0.16499 0.00246 
v 0.09527 0.16177 0.00283 
v 0.08882 0.15941 0.00501 
v 0.08465 0.15943 0.00707 
v 0.10063 0.16406 0.00141 
v 0.09123 0.14581 0.00763 
v 0.05392 0.13041 0.00018 
v 0.05623 0.11726 -0.00010 
v 0.05107 0.10779 0.00004 
v 0.09476 0.17167 0.01055 
v 0.09761 0.16830 0.00877 
v 0.09755 0.17032 0.00784 
v 0.09893 0.17034 0.00691 
v 0.10125 0.17027 0.00567 
v 0.09985 0.17156 0.00492 
v 0.09881 0.17186 0.00532 
v 0.08640 0.17209 0.01397 
v 0.10402 0.16359 0.00089 
v 0.10393 0.16376 0.00342 
v 0.10196 0.16520 0.00545 
v 0.08396 0.16973 -0.00138 
v 0.07795 0.16484 0.00042 
v 0.08076 0.16684 -0.00032 
v 0.09752 0.16542 0.00791 
v 0.09627 0.16238 0.00469 
v 0.10112 0.16234 0.00261 
v 0.09056 0.16226 0.00576 
v 0.09336 0.16158 0.00533 
v 0.09030 0.16177 0.00203 
v 0.09349 0.16058 -0.00148 
v 0.01985 0.14259 0.03314 
v 0.01577 0.14627 0.03013 
v 0.07325 0.16773 0.00623 
v 0.07241 0.16831 0.00615 
v 0.07001 0.16941 0.01052 
v 0.07885 0.17217 0.00450 
v 0.07633 0.16960 0.00571 
v 0.08164 0.17478 0.00341 
v 0.08668 0.17445 -0.00036 
v 0.07294 0.17094 0.00707 
v 0.06990 0.17005 0.01015 
v 0.07210 0.16977 0.00678 
v 0.07998 0.16989 0.00887 
v 0.08534 0.17038 0.00821 
v 0.07700 0.17008 0.00783 
v 0.08928 0.17323 0.00765 
v 0.08385 0.17526 0.01171 
v 0.08696 0.17510 0.01112 
v 0.04547 0.15862 0.02200 
v 0.03163 0.08483 0.02471 
v 0.04863 0.08886 0.01367 
v 0.06777 0.11890 -0.00072 
v 0.06359 0.13360 -0.00036 
v -0.08435 0.10953 0.04675 
v -0.09253 0.10171 0.04901 
v -0.07136 0.12678 0.01755 
v -0.08839 0.07384 0.03393 
v -0.09090 0.07219 0.02162 
v -0.08174 0.07175 0.03328 
v -0.04698 0.06679 0.06558 
v -0.06783 0.09897 0.00115 
v -0.04701 0.06651 0.07548 
v -0.05670 0.06932 0.07470 
v -0.05936 0.06969 0.08632 
v -0.04967 0.06753 0.08746 
v 0.01208 -0.13658 0.04231 
v 0.00153 -0.14058 0.03500 
v 0.00381 -0.13188 0.04753 
v 0.02731 -0.08616 0.01711 
v 0.02980 -0.08550 0.02168 
v 0.01509 -0.08094 0.02530 
v 0.00569 -0.08061 0.02070 
v 0.08781 -0.12273 -0.00375 
v 0.07712 -0.12074 -0.00136 
v 0.07277 -0.13824 -0.00013 
v 0.08914 -0.13057 -0.00335 
v 0.02363 -0.12102 0.05040 
v 0.03524 -0.12496 0.04537 
v 0.03428 -0.13067 0.04249 
v 0.01999 -0.12774 0.04830 
v 0.01143 -0.08197 0.03930 
v 0.02108 -0.08412 0.03228 
v 0.02515 -0.08891 0.04202 
v 0.01461 -0.08544 0.04647 
v -0.05285 -0.12497 0.07372 
v -0.05537 -0.12628 0.06644 
v -0.05844 -0.12354 0.07206 
v -0.09036 -0.11098 0.02161 
v -0.09805 -0.10276 0.02127 
v -0.09534 -0.10106 0.03235 
v -0.08949 -0.10604 0.03200 
v -0.02970 -0.08186 0.00306 
v -0.03226 -0.09415 -0.00181 
v -0.01916 -0.09328 0.00224 
v -0.01992 -0.08453 0.00571 
v 0.06247 -0.14443 0.02696 
v 0.05358 -0.13944 0.03261 
v 0.05561 -0.13276 0.03429 
v 0.06582 -0.13692 0.02871 
v 0.07152 -0.15298 0.00022 
v 0.07878 -0.15697 -0.00113 
v 0.08644 -0.15062 -0.00311 
v -0.07051 -0.07219 0.04923 
v -0.06958 -0.07305 0.04330 
v -0.05753 -0.07235 0.04308 
v -0.05776 -0.07068 0.05208 
v 0.07671 -0.15687 0.01909 
v 0.07769 -0.16273 0.01662 
v 0.07262 -0.16178 0.01870 
v 0.04637 -0.17509 0.00051 
v 0.03525 -0.17395 0.00226 
v 0.03345 -0.17477 0.00455 
v 0.04368 -0.17634 0.00254 
v 0.13353 -0.11833 0.00868 
v 0.13086 -0.11832 0.01304 
v 0.12564 -0.11234 0.01007 
v 0.12703 -0.11194 0.00700 
v 0.06843 -0.09481 0.02573 
v 0.06940 -0.10029 0.03173 
v 0.06058 -0.10078 0.03463 
v 0.06157 -0.09600 0.02811 
v -0.03963 -0.12783 0.05773 
v -0.02974 -0.12722 0.05263 
v -0.04089 -0.12694 0.04450 
v -0.04722 -0.12689 0.05315 
v -0.09180 -0.07686 0.07069 
v -0.09378 -0.07790 0.06034 
v -0.08958 -0.07265 0.06046 
v -0.08975 -0.07408 0.06953 
v -0.03824 -0.12836 0.03852 
v -0.02179 -0.13397 0.04428 
v -0.02959 -0.13420 0.03259 
v -0.07119 -0.11093 0.00205 
v -0.07554 -0.11839 0.00358 
v -0.06898 -0.12175 0.00396 
v -0.07346 -0.11410 0.05044 
v -0.08207 -0.10663 0.05436 
v -0.07870 -0.10910 0.05814 
v 0.10647 -0.11470 -0.00293 
v 0.10466 -0.12091 -0.00292 
v 0.11738 -0.12356 -0.00171 
v 0.12076 -0.11401 -0.00157 
v 0.07876 -0.14624 0.02250 
v 0.07756 -0.15172 0.02043 
v 0.06994 -0.14852 0.02370 
v 0.07124 -0.14373 0.02475 
v 0.00340 -0.11165 0.06360 
v -0.00308 -0.10394 0.07066 
v 0.00176 -0.09769 0.06864 
v 0.00589 -0.10236 0.06505 
v -0.00807 -0.10091 0.07957 
v -0.00324 -0.09432 0.07793 
v 0.08107 -0.10717 -0.00151 
v 0.08751 -0.11025 -0.00300 
v 0.08209 -0.09966 0.02797 
v 0.08295 -0.09312 0.02218 
v 0.09387 -0.10165 0.01790 
v 0.09346 -0.10456 0.02131 
v 0.08485 -0.17882 0.00153 
v 0.08170 -0.17983 0.00090 
v 0.08226 -0.18144 0.00408 
v 0.08649 -0.17966 0.00502 
v 0.10715 -0.15732 -0.00470 
v 0.11283 -0.15931 -0.00504 
v 0.11283 -0.15596 -0.00396 
v 0.11006 -0.15363 -0.00364 
v 0.02098 -0.16920 0.00501 
v 0.02222 -0.17057 0.00962 
v 0.03093 -0.17387 0.00755 
v 0.12769 -0.11698 0.00010 
v 0.12422 -0.12609 -0.00101 
v 0.12987 -0.12802 0.00072 
v 0.13221 -0.12257 0.00153 
v 0.10623 -0.12823 0.01822 
v 0.10882 -0.12205 0.02058 
v 0.11418 -0.12461 0.01811 
v 0.11216 -0.13074 0.01660 
v 0.00545 -0.11884 0.00142 
v 0.01643 -0.10160 0.00536 
v 0.00139 -0.09723 0.00506 
v 0.01864 -0.08682 0.01390 
v 0.03416 -0.08886 0.01313 
v 0.03774 -0.08810 0.01642 
v -0.04464 -0.13168 0.02673 
v -0.05008 -0.13249 0.01644 
v -0.05516 -0.12756 0.02466 
v -0.05274 -0.12464 0.03218 
v -0.07606 -0.11820 0.02452 
v -0.07361 -0.11509 0.03439 
v -0.06387 -0.11942 0.03826 
v -0.06595 -0.12268 0.02625 
v -0.00807 -0.07837 0.06927 
v -0.01971 -0.07458 0.08396 
v -0.01401 -0.07440 0.06600 
v 0.07871 -0.18248 0.00330 
v 0.07340 -0.18178 0.00165 
v 0.07226 -0.18384 0.00543 
v 0.07904 -0.18276 0.00582 
v 0.09505 -0.16427 -0.00260 
v 0.09336 -0.16827 -0.00352 
v 0.10015 -0.16868 -0.00268 
v 0.10022 -0.16556 -0.00156 
v 0.02225 -0.16377 0.02028 
v 0.00972 -0.15766 0.02295 
v 0.01508 -0.15254 0.02742 
v 0.02420 -0.15893 0.02416 
v 0.06562 -0.16647 0.01922 
v 0.06077 -0.17128 0.01556 
v 0.05668 -0.16821 0.01789 
v 0.05259 -0.16488 0.02025 
v 0.05881 -0.16240 0.02157 
v -0.04087 -0.07720 0.00288 
v -0.03005 -0.07854 0.00635 
v -0.03050 -0.07479 0.01390 
v -0.04299 -0.07332 0.00877 
v -0.09092 -0.06914 0.00825 
v -0.09987 -0.07837 0.00680 
v -0.08345 -0.06970 0.00331 
v -0.09262 -0.06875 0.01337 
v -0.10051 -0.07529 0.01418 
v -0.09232 -0.11129 0.00939 
v -0.08786 -0.11515 0.01328 
v -0.08685 -0.11571 0.00788 
v 0.10245 -0.12535 0.01997 
v 0.10333 -0.13186 0.01393 
v 0.09978 -0.12973 0.01414 
v 0.10645 -0.13827 0.01411 
v 0.11427 -0.13952 0.01138 
v 0.11506 -0.14341 0.01428 
v 0.10749 -0.14055 0.01670 
v -0.00725 -0.13610 0.04194 
v -0.00253 -0.13092 0.05035 
v 0.12218 -0.15277 0.00883 
v 0.12339 -0.15312 0.00808 
v 0.12084 -0.15646 0.00704 
v 0.12040 -0.15595 0.00819 
v 0.10246 -0.16427 0.01198 
v 0.09883 -0.16416 0.01357 
v 0.09997 -0.16021 0.01509 
v 0.10392 -0.16081 0.01271 
v 0.03639 -0.15200 0.00086 
v 0.03680 -0.16998 -0.00011 
v 0.05546 -0.17251 -0.00126 
v 0.05072 -0.15534 0.00078 
v -0.05462 -0.12713 0.00417 
v -0.05388 -0.11822 0.00164 
v -0.09218 -0.08879 0.07927 
v -0.09181 -0.08617 0.08548 
v -0.09047 -0.09181 0.08004 
v 0.05512 -0.17852 0.00554 
v 0.05648 -0.17656 0.00261 
v 0.04227 -0.17712 0.00655 
v 0.09765 -0.11997 -0.00087 
v 0.09942 -0.11374 -0.00215 
v 0.09293 -0.11297 0.00034 
v 0.09092 -0.11169 -0.00255 
v 0.09133 -0.12087 -0.00325 
v 0.09235 -0.12006 0.00054 
v 0.06519 -0.16928 0.01622 
v 0.07666 -0.17102 0.01748 
v 0.07301 -0.17327 0.01529 
v -0.02213 -0.07113 0.07480 
v -0.01931 -0.07303 0.06184 
v -0.04467 -0.07222 0.03270 
v -0.03473 -0.07314 0.03478 
v -0.03332 -0.07173 0.04196 
v -0.04281 -0.07103 0.04254 
v 0.07968 -0.09476 0.00373 
v 0.07349 -0.09696 0.00071 
v 0.08327 -0.09965 -0.00019 
v 0.09592 -0.14010 0.00072 
v 0.09973 -0.14138 0.00097 
v 0.09969 -0.13774 0.00262 
v 0.09581 -0.13483 0.00439 
v 0.10246 -0.15548 -0.00431 
v 0.10301 -0.15182 0.00024 
v 0.09872 -0.15299 0.00180 
v 0.09705 -0.15519 -0.00095 
v -0.09868 -0.08276 0.04514 
v -0.09848 -0.09166 0.04224 
v -0.10114 -0.09344 0.03238 
v -0.10235 -0.08365 0.03353 
v -0.10323 -0.08504 0.01611 
v -0.10310 -0.09358 0.01788 
v -0.10099 -0.09475 0.00723 
v -0.10205 -0.08747 0.00705 
v -0.07777 -0.07128 0.04291 
v -0.07815 -0.07168 0.05098 
v -0.06117 -0.07221 0.02608 
v -0.07404 -0.06954 0.02277 
v -0.07013 -0.06723 0.01178 
v -0.05838 -0.07065 0.01598 
v 0.12233 -0.10902 0.00330 
v 0.12896 -0.11373 0.00386 
v 0.01772 -0.09328 0.05531 
v 0.00810 -0.09193 0.06133 
v 0.00668 -0.08555 0.05822 
v 0.02015 -0.10146 0.05681 
v 0.00627 -0.09543 0.06440 
v -0.07030 -0.11595 0.08064 
v -0.07772 -0.10437 0.08175 
v -0.06936 -0.11616 0.08855 
v 0.09858 -0.17482 0.00075 
v 0.09592 -0.17596 0.00166 
v 0.09621 -0.17431 0.00516 
v 0.09932 -0.17355 0.00439 
v 0.09878 -0.17230 -0.00264 
v 0.09141 -0.17291 -0.00401 
v 0.09476 -0.17591 -0.00207 
v 0.07734 -0.11342 0.03175 
v 0.07377 -0.12083 0.03086 
v 0.06070 -0.11700 0.03801 
v 0.06604 -0.11211 0.03630 
v 0.07982 -0.10555 0.03048 
v 0.06986 -0.10622 0.03406 
v 0.06149 -0.14828 0.00116 
v 0.06159 -0.15912 0.00058 
v 0.07185 -0.16331 0.00035 
v 0.07975 -0.17259 -0.00084 
v 0.07195 -0.17278 -0.00171 
v 0.07258 -0.17660 -0.00168 
v 0.07970 -0.17621 -0.00109 
v 0.08722 -0.14125 0.02184 
v 0.09240 -0.14177 0.02091 
v 0.08786 -0.14775 0.01880 
v 0.10445 -0.15100 0.01635 
v 0.11315 -0.15383 0.01368 
v 0.10902 -0.15716 0.01060 
v 0.10310 -0.15348 0.01343 
v 0.12228 -0.15738 0.00136 
v 0.12166 -0.15467 -0.00057 
v 0.11892 -0.15680 -0.00126 
v 0.11733 -0.15894 -0.00046 
v 0.12692 -0.13853 0.00482 
v 0.12895 -0.13842 0.00744 
v 0.13189 -0.13490 0.00782 
v 0.13079 -0.13436 0.00409 
v -0.03231 -0.06291 0.07565 
v -0.03052 -0.07168 0.09090 
v -0.04083 -0.06961 0.08828 
v -0.04087 -0.06283 0.07682 
v 0.13417 -0.12200 0.01497 
v 0.13500 -0.12094 0.00887 
v 0.13562 -0.12518 0.00878 
v 0.13539 -0.12516 0.01442 
v -0.02211 -0.13825 0.02764 
v -0.02361 -0.14282 0.01894 
v -0.03421 -0.13520 0.02623 
v 0.00870 -0.16360 0.01421 
v 0.00932 -0.16064 0.01858 
v 0.02143 -0.16881 0.01555 
v 0.07778 -0.16539 0.01730 
v 0.10247 -0.17181 0.00226 
v 0.10141 -0.17176 0.00527 
v 0.10223 -0.16949 0.00674 
v 0.10386 -0.16786 0.00349 
v -0.01607 -0.11298 0.07540 
v -0.00890 -0.11701 0.06552 
v -0.01782 -0.12122 0.06207 
v -0.02181 -0.11796 0.07243 
v 0.02525 -0.15523 0.02768 
v 0.01629 -0.15035 0.02955 
v 0.05479 -0.17860 0.01436 
v 0.06509 -0.18308 0.01282 
v 0.05994 -0.18083 0.00933 
v 0.05376 -0.17937 0.01026 
v 0.08540 -0.15472 -0.00192 
v 0.08942 -0.15577 0.00034 
v 0.09065 -0.15283 -0.00047 
v 0.09349 -0.14131 -0.00030 
v 0.09506 -0.14688 0.00321 
v 0.09896 -0.14520 0.00151 
v -0.08377 -0.07215 0.06756 
v -0.08318 -0.07238 0.07679 
v -0.08956 -0.07461 0.07796 
v 0.08640 -0.09713 0.00455 
v 0.09421 -0.10581 0.00098 
v 0.09635 -0.10250 0.00583 
v 0.10920 -0.10958 -0.00227 
v 0.11559 -0.10766 0.00029 
v 0.10942 -0.10476 0.00074 
v -0.09698 -0.10530 0.00708 
v -0.09422 -0.10371 0.00376 
v -0.09642 -0.09336 0.00351 
v 0.12179 -0.15802 0.00427 
v 0.11848 -0.16013 0.00367 
v 0.11945 -0.15774 0.00732 
v 0.11565 -0.16465 0.00108 
v 0.11342 -0.16644 0.00080 
v 0.11589 -0.16474 0.00292 
v 0.09924 -0.11599 0.02391 
v 0.10040 -0.11113 0.02272 
v 0.10604 -0.11346 0.02032 
v 0.10433 -0.12000 0.02139 
v 0.09987 -0.10694 0.01928 
v 0.10692 -0.10881 0.01759 
v 0.05561 -0.17131 0.01783 
v 0.05442 -0.17418 0.01834 
v 0.04964 -0.17094 0.02060 
v 0.05100 -0.16783 0.02009 
v 0.08405 -0.17569 0.01230 
v 0.08217 -0.17624 0.01339 
v 0.08213 -0.17362 0.01275 
v 0.08527 -0.17308 0.01151 
v 0.08436 -0.09436 0.00712 
v 0.09447 -0.09961 0.01045 
v 0.08329 -0.09111 0.01605 
v -0.07351 -0.11494 0.04241 
v -0.06535 -0.11737 0.04590 
v -0.01322 -0.10285 0.00083 
v 0.00635 -0.14777 0.00151 
v -0.00925 -0.13668 0.00052 
v -0.01103 -0.14838 0.00313 
v 0.00257 -0.15637 0.00278 
v -0.09155 -0.11087 0.01358 
v -0.09942 -0.10247 0.01535 
v -0.05705 -0.12909 0.01696 
v 0.10088 -0.13871 0.01809 
v 0.09902 -0.13548 0.01461 
v 0.02862 -0.10077 0.00439 
v 0.03733 -0.09250 0.00903 
v 0.01902 -0.09459 0.00709 
v -0.02238 -0.14522 0.00552 
v -0.01144 -0.15068 0.00437 
v -0.02118 -0.14277 0.00328 
v 0.00914 -0.16047 0.00250 
v 0.00348 -0.07879 0.03115 
v -0.07548 -0.06657 0.00618 
v -0.07197 -0.06890 0.00172 
v -0.06819 -0.06693 0.00702 
v -0.06507 -0.08559 -0.00027 
v -0.06292 -0.07479 -0.00055 
v -0.08325 -0.07383 0.00111 
v -0.08465 -0.08013 0.00126 
v 0.07676 -0.17464 0.01460 
v 0.08167 -0.17644 0.01138 
v 0.07852 -0.17675 0.00973 
v 0.07479 -0.17525 0.01178 
v -0.04227 -0.06749 0.05239 
v -0.08371 -0.09839 0.08297 
v -0.08641 -0.09780 0.07305 
v -0.09095 -0.09328 0.07222 
v -0.09347 -0.08743 0.07134 
v -0.09282 -0.08278 0.07904 
v -0.05798 -0.12886 0.00948 
v -0.04047 -0.13623 0.00977 
v -0.00939 -0.14468 0.02659 
v -0.01184 -0.15079 0.01904 
v -0.01166 -0.07563 0.02073 
v -0.00708 -0.07635 0.03142 
v -0.02136 -0.07248 0.02823 
v -0.08797 -0.07139 0.05364 
v -0.09111 -0.07139 0.04496 
v -0.08746 -0.07072 0.04459 
v 0.12499 -0.14710 0.00763 
v 0.12532 -0.14535 0.00431 
v 0.12541 -0.15101 0.00351 
v 0.12491 -0.15261 0.00704 
v 0.12341 -0.15017 0.00871 
v -0.07920 -0.11978 0.01132 
v 0.12917 -0.12003 0.01419 
v 0.12526 -0.11693 0.01456 
v 0.11210 -0.10722 0.01186 
v 0.10013 -0.10348 0.01354 
v 0.10301 -0.10304 0.00941 
v 0.07986 -0.15911 -0.00020 
v 0.08065 -0.16284 0.00181 
v 0.08408 -0.16012 0.00138 
v 0.04437 -0.13424 0.03773 
v 0.03943 -0.13254 0.04006 
v 0.04229 -0.12756 0.04164 
v 0.05087 -0.13069 0.03702 
v 0.04966 -0.11220 0.04436 
v 0.03933 -0.11049 0.04894 
v 0.04048 -0.10356 0.04774 
v 0.05085 -0.10884 0.04352 
v 0.08408 -0.14732 0.02052 
v 0.08560 -0.15021 0.01899 
v 0.10610 -0.14897 -0.00144 
v 0.10794 -0.15535 -0.00172 
v 0.11067 -0.15030 -0.00179 
v -0.10314 -0.09310 0.02487 
v 0.13426 -0.12485 0.00420 
v 0.13285 -0.11880 0.00442 
v -0.03086 -0.12266 0.07085 
v -0.02297 -0.12396 0.05929 
v 0.05589 -0.15355 0.02517 
v 0.05082 -0.15729 0.02469 
v 0.04100 -0.14989 0.03024 
v 0.04564 -0.14670 0.03061 
v 0.11043 -0.15966 0.00893 
v 0.10770 -0.15854 0.01173 
v 0.10796 -0.15560 0.01066 
v 0.11155 -0.15710 0.00761 
v 0.11551 -0.15835 0.00450 
v 0.11650 -0.15867 0.00272 
v 0.11704 -0.16033 0.00424 
v 0.11539 -0.15984 0.00579 
v 0.09905 -0.12846 0.00223 
v 0.10322 -0.12973 -0.00103 
v 0.09111 -0.12884 -0.00247 
v 0.09345 -0.13210 0.00383 
v -0.06327 -0.12420 0.06441 
v -0.07527 -0.11237 0.06311 
v -0.06545 -0.12252 0.07019 
v -0.05607 -0.12506 0.04896 
v -0.05436 -0.12504 0.03979 
v -0.06077 -0.07147 0.00075 
v -0.05846 -0.06975 0.00505 
v -0.02035 -0.07974 0.00874 
v 0.11758 -0.12860 0.01611 
v 0.11814 -0.12573 0.01633 
v 0.12403 -0.12745 0.01888 
v 0.12288 -0.13087 0.01822 
v 0.11967 -0.12177 0.01562 
v 0.12519 -0.12304 0.01803 
v 0.05819 -0.09269 0.00797 
v 0.05631 -0.09508 0.00448 
v 0.06414 -0.09709 0.00090 
v 0.06474 -0.09288 0.00554 
v 0.05502 -0.09781 0.00309 
v 0.06342 -0.10005 0.00020 
v 0.08845 -0.16305 0.01139 
v 0.09147 -0.16258 0.01497 
v 0.09687 -0.16540 0.01235 
v 0.08766 -0.16870 0.01354 
v 0.08882 -0.16624 0.01195 
v 0.09216 -0.16592 0.01071 
v 0.09305 -0.17022 0.01188 
v 0.09546 -0.15857 -0.00103 
v 0.05869 -0.09109 0.01543 
v 0.06658 -0.09101 0.01547 
v 0.06547 -0.09121 0.00965 
v 0.05879 -0.09145 0.01190 
v 0.08852 -0.17698 0.00588 
v 0.08815 -0.17623 0.00251 
v 0.08588 -0.17216 0.00010 
v 0.09034 -0.17166 0.00375 
v 0.08802 -0.16886 0.00430 
v -0.07998 -0.07222 0.06076 
v -0.07492 -0.07308 0.05990 
v -0.07674 -0.07314 0.06618 
v 0.06561 -0.17798 0.00200 
v 0.06471 -0.18016 0.00487 
v 0.08237 -0.18120 0.00623 
v 0.01972 -0.10701 0.05666 
v 0.00322 -0.08779 0.06453 
v -0.00283 -0.08821 0.07468 
v -0.00194 -0.08087 0.06150 
v -0.10063 -0.07325 0.02339 
v -0.10419 -0.08328 0.02562 
v -0.09626 -0.07581 0.04506 
v -0.09497 -0.07701 0.05293 
v 0.00938 -0.16290 0.00685 
v 0.00829 -0.16427 0.01044 
v -0.01405 -0.15160 0.00967 
v -0.02332 -0.14613 0.00966 
v -0.02578 -0.14417 0.01460 
v -0.01408 -0.15234 0.01360 
v -0.09425 -0.08955 0.06061 
v -0.09653 -0.09206 0.04949 
v -0.09654 -0.08141 0.05210 
v -0.08603 -0.06659 0.01295 
v -0.08292 -0.06703 0.00698 
v -0.07954 -0.06613 0.01207 
v -0.01193 -0.12803 0.05519 
v 0.12518 -0.14064 0.00749 
v 0.10858 -0.14284 -0.00113 
v 0.11362 -0.14455 -0.00159 
v 0.11599 -0.14044 0.00071 
v 0.11045 -0.13933 0.00106 
v 0.09251 -0.13021 0.01711 
v 0.08902 -0.12585 0.02024 
v 0.09449 -0.12780 0.01583 
v 0.09293 -0.11438 0.02536 
v 0.09275 -0.10803 0.02448 
v 0.10128 -0.10371 0.00517 
v 0.10140 -0.10809 0.00018 
v 0.10888 -0.10445 0.00505 
v 0.11456 -0.10588 0.00665 
v 0.05186 -0.10498 0.04174 
v 0.04010 -0.10078 0.04616 
v 0.05238 -0.10127 0.03954 
v -0.02140 -0.10747 -0.00178 
v -0.03466 -0.10754 -0.00118 
v 0.03019 -0.17356 0.01035 
v 0.05994 -0.17914 0.00510 
v 0.06110 -0.17701 0.00254 
v 0.06395 -0.16858 -0.00070 
v 0.06403 -0.17045 0.00007 
v 0.06868 -0.16797 0.00159 
v -0.03487 -0.06222 0.06809 
v -0.04104 -0.06273 0.06740 
v 0.08128 -0.13946 0.02378 
v 0.08197 -0.13518 0.02326 
v 0.08803 -0.13681 0.02097 
v 0.07391 -0.09127 0.00802 
v 0.07594 -0.08986 0.01559 
v 0.07405 -0.09276 0.00420 
v 0.08767 -0.13254 0.01885 
v 0.09195 -0.13315 0.01761 
v 0.09377 -0.13665 0.01941 
v 0.09506 -0.12481 0.01828 
v 0.10074 -0.16632 -0.00080 
v 0.10455 -0.16767 -0.00188 
v 0.10255 -0.16406 -0.00495 
v 0.11953 -0.12151 0.01636 
v 0.11810 -0.12548 0.01707 
v 0.11516 -0.11843 0.01745 
v 0.11268 -0.11110 0.01691 
v 0.11645 -0.11014 0.01251 
v 0.11635 -0.11436 0.01540 
v 0.03830 -0.16817 0.02131 
v 0.04239 -0.16618 0.02274 
v -0.07812 -0.10519 0.07585 
v -0.08171 -0.10195 0.07275 
v -0.08693 -0.09956 0.06089 
v 0.08339 -0.17796 0.01109 
v 0.08749 -0.17727 0.01025 
v 0.08571 -0.17935 0.00910 
v 0.08318 -0.17938 0.00981 
v -0.03646 -0.13695 0.02058 
v 0.05899 -0.17757 0.01786 
v 0.06029 -0.17428 0.01718 
v 0.06628 -0.17673 0.01709 
v 0.06629 -0.18005 0.01695 
v 0.12101 -0.14904 0.01080 
v 0.12249 -0.14980 0.00897 
v 0.12119 -0.15010 0.00961 
v 0.11981 -0.14942 0.00975 
v 0.11468 -0.16152 0.00611 
v 0.11206 -0.16055 0.00683 
v 0.11280 -0.15955 0.00663 
v 0.11530 -0.16006 0.00547 
v -0.05231 -0.06953 0.05197 
v -0.09236 -0.09036 0.07171 
v -0.09355 -0.09981 0.04054 
v -0.08685 -0.10540 0.04020 
v 0.08308 -0.17824 0.00689 
v 0.08412 -0.17679 0.01051 
v 0.08978 -0.17608 0.00856 
v 0.08963 -0.17732 0.00388 
v 0.10641 -0.14574 0.01797 
v 0.10069 -0.14364 0.01892 
v 0.11641 -0.15459 0.01103 
v 0.11597 -0.15520 0.01151 
v 0.11861 -0.14949 0.01155 
v 0.11809 -0.15058 0.01082 
v 0.10092 -0.16624 0.01010 
v 0.09940 -0.16703 0.00762 
v 0.09575 -0.16484 0.00907 
v 0.09775 -0.16847 0.00793 
v 0.10006 -0.16826 0.00663 
v 0.10089 -0.16979 0.00708 
v 0.09775 -0.17007 0.00813 
v 0.03211 -0.12531 0.00289 
v 0.02532 -0.11221 0.00309 
v 0.01714 -0.12611 0.00218 
v 0.02917 -0.13713 0.00058 
v 0.03101 -0.15120 0.00063 
v 0.03658 -0.13743 0.00081 
v -0.06989 -0.12266 0.00509 
v -0.07141 -0.12392 0.00977 
v -0.07561 -0.11990 0.00471 
v 0.08908 -0.10183 0.00028 
v -0.01166 -0.07454 0.03994 
v -0.02014 -0.07384 0.03827 
v -0.00084 -0.07849 0.04734 
v -0.00634 -0.07626 0.04205 
v 0.09807 -0.12157 0.02251 
v 0.09175 -0.11930 0.02445 
v 0.11624 -0.16110 -0.00310 
v 0.11604 -0.15731 -0.00220 
v -0.08319 -0.11583 0.02190 
v -0.07595 -0.12039 0.01727 
v -0.08180 -0.11814 0.01593 
v -0.00003 -0.15261 0.02323 
v -0.00118 -0.15504 0.01923 
v -0.00595 -0.14255 0.02987 
v 0.00715 -0.14469 0.03151 
v 0.00138 -0.15053 0.02535 
v 0.00222 -0.11724 0.06019 
v -0.00390 -0.11363 0.06662 
v -0.00364 -0.10893 0.06846 
v 0.00010 -0.12250 0.05874 
v -0.00228 -0.07730 0.02596 
v -0.01583 -0.13217 0.04943 
v -0.03197 -0.13890 0.00563 
v 0.07730 -0.12180 0.02960 
v -0.00799 -0.07644 0.05688 
v -0.01475 -0.07499 0.05199 
v 0.00420 -0.08255 0.05489 
v 0.12128 -0.14150 0.00191 
v 0.12441 -0.14537 0.00095 
v 0.12430 -0.14278 0.00481 
v 0.01903 -0.08883 0.01083 
v 0.06044 -0.11123 0.03878 
v 0.09595 -0.14943 0.01421 
v 0.09773 -0.14829 0.01703 
v 0.09475 -0.15289 0.01432 
v 0.09932 -0.15332 0.01394 
v 0.10094 -0.15675 0.01524 
v 0.09483 -0.15576 0.01606 
v 0.10272 -0.17002 -0.00090 
v 0.10414 -0.16715 0.00074 
v -0.06808 -0.07360 0.03479 
v -0.07675 -0.07244 0.03216 
v 0.06817 -0.15298 0.02289 
v 0.06471 -0.15817 0.02125 
v 0.05034 -0.14339 0.03171 
v 0.05978 -0.14840 0.02600 
v 0.03715 -0.09282 0.03949 
v 0.05162 -0.09550 0.03353 
v 0.03703 -0.10691 0.00293 
v 0.07320 -0.17888 -0.00081 
v 0.07776 -0.18037 0.00016 
v 0.05787 -0.17532 0.00127 
v 0.06210 -0.17562 0.00131 
v 0.06322 -0.17262 0.00007 
v 0.10325 -0.13370 0.00195 
v 0.09963 -0.13206 0.00418 
v 0.11388 -0.13332 -0.00181 
v 0.10558 -0.13020 -0.00210 
v 0.10618 -0.13608 0.00100 
v 0.11042 -0.13744 0.00096 
v 0.08565 -0.16111 0.01562 
v 0.08312 -0.16290 0.01363 
v 0.08974 -0.15478 0.01847 
v 0.08913 -0.15123 0.01789 
v 0.12095 -0.10895 0.00858 
v 0.12115 -0.11411 0.01328 
v -0.03841 -0.12166 0.00070 
v -0.01557 -0.12800 -0.00046 
v 0.12892 -0.11977 0.01506 
v 0.13057 -0.12440 0.01911 
v 0.12513 -0.11928 0.01512 
v 0.13430 -0.12584 0.01698 
v 0.00782 -0.12786 -0.00123 
v -0.00533 -0.11630 -0.00074 
v 0.01761 -0.13327 -0.00013 
v -0.04434 -0.12542 0.07554 
v -0.04161 -0.12692 0.06534 
v -0.04084 -0.12290 0.08871 
v -0.03948 -0.12396 0.07543 
v -0.04888 -0.12382 0.08814 
v 0.04757 -0.17567 0.01901 
v 0.05122 -0.17707 0.01664 
v 0.09571 -0.12798 0.00364 
v 0.00332 -0.09284 0.06768 
v 0.09286 -0.15133 0.00144 
v -0.07505 -0.07375 0.07619 
v -0.06998 -0.07283 0.06473 
v -0.06726 -0.07169 0.07475 
v -0.08674 -0.09427 0.00181 
v 0.03337 -0.13761 0.03789 
v 0.02983 -0.14253 0.03573 
v 0.02435 -0.13900 0.03797 
v 0.02991 -0.13507 0.04063 
v 0.01362 -0.12384 0.05396 
v 0.01640 -0.11816 0.05471 
v 0.01945 -0.11251 0.05657 
v 0.07287 -0.18096 0.01595 
v 0.07255 -0.17824 0.01678 
v 0.07909 -0.17894 0.01491 
v 0.07842 -0.18090 0.01368 
v 0.11658 -0.13921 0.00155 
v 0.12001 -0.13434 -0.00096 
v -0.06477 -0.11861 0.08350 
v -0.00248 -0.15843 0.01389 
v -0.00187 -0.15915 0.01109 
v 0.08489 -0.13114 0.02198 
v 0.11696 -0.15874 0.00083 
v 0.11729 -0.16175 0.00102 
v 0.11730 -0.16184 0.00334 
v -0.06233 -0.11944 0.05108 
v -0.07096 -0.11705 0.05712 
v -0.04298 -0.08100 -0.00074 
v -0.04682 -0.09146 -0.00131 
v -0.09871 -0.07351 0.03470 
v 0.03153 -0.13277 0.04153 
v 0.03575 -0.13494 0.03890 
v -0.08931 -0.07521 0.08599 
v -0.09197 -0.08231 0.08560 
v -0.09056 -0.07605 0.07828 
v 0.08904 -0.16216 -0.00065 
v 0.08490 -0.16650 -0.00130 
v 0.08765 -0.16798 -0.00352 
v 0.09078 -0.16273 -0.00264 
v -0.02719 -0.06725 0.07504 
v 0.07505 -0.16926 0.00143 
v 0.07101 -0.16954 0.00131 
v 0.06865 -0.17334 0.00058 
v 0.06776 -0.17697 0.00028 
v -0.03806 -0.12624 0.06505 
v -0.05659 -0.12571 0.06035 
v -0.06323 -0.12283 0.05805 
v 0.11510 -0.14897 0.01464 
v 0.11940 -0.14589 0.01096 
v -0.09224 -0.09443 0.06050 
v -0.09394 -0.09619 0.04900 
v 0.01953 -0.16497 0.00140 
v 0.02042 -0.16784 0.00348 
v 0.11085 -0.11526 0.01966 
v 0.12426 -0.14996 0.00031 
v -0.09339 -0.07777 0.00225 
v 0.12378 -0.13990 0.00952 
v 0.12813 -0.13794 0.01284 
v 0.13007 -0.13797 0.01105 
v 0.04876 -0.09083 0.02413 
v 0.04028 -0.08825 0.01976 
v 0.04919 -0.08971 0.01764 
v 0.11564 -0.10621 0.00365 
v 0.06516 -0.17178 0.01354 
v 0.06605 -0.17356 0.01580 
v -0.08718 -0.10978 0.00283 
v -0.09147 -0.11105 0.00546 
v 0.07394 -0.13003 0.02751 
v 0.07296 -0.13830 0.02629 
v 0.04324 -0.11542 0.00082 
v 0.04035 -0.12657 0.00160 
v -0.00793 -0.12459 -0.00183 
v -0.01153 -0.10543 0.08072 
v -0.01411 -0.10557 0.09069 
v -0.01111 -0.09798 0.09169 
v -0.04474 -0.07240 0.01252 
v -0.03291 -0.07333 0.01828 
v 0.11110 -0.16367 0.00665 
v 0.11333 -0.16467 0.00496 
v 0.11006 -0.16661 0.00375 
v 0.10931 -0.16600 0.00517 
v 0.11155 -0.16675 0.00213 
v 0.11442 -0.16521 0.00357 
v -0.08449 -0.11123 0.03184 
v 0.12387 -0.13553 0.01424 
v 0.12096 -0.13972 0.01044 
v -0.08384 -0.06869 0.02235 
v 0.08936 -0.14904 0.01757 
v 0.05891 -0.10708 0.03936 
v 0.01716 -0.14943 0.00104 
v -0.03893 -0.13733 0.01533 
v -0.03010 -0.14203 0.00957 
v 0.07974 -0.18204 0.01008 
v 0.07153 -0.18478 0.00894 
v 0.07094 -0.18384 0.01234 
v 0.04518 -0.17812 0.01460 
v 0.03485 -0.16936 0.01917 
v 0.03001 -0.17222 0.01499 
v -0.03510 -0.07237 0.02571 
v -0.04703 -0.07183 0.02040 
v 0.09258 -0.17588 0.00704 
v 0.10754 -0.15203 -0.00198 
v -0.05076 -0.10327 -0.00016 
v 0.08492 -0.17571 -0.00057 
v 0.09478 -0.13068 0.01287 
v -0.01220 -0.13868 0.03538 
v 0.12659 -0.13490 0.00070 
v 0.12194 -0.13990 0.00228 
v 0.07213 -0.17549 0.01643 
v 0.07209 -0.17290 0.01282 
v 0.07631 -0.17397 0.01381 
v 0.07844 -0.17640 0.01513 
v 0.04207 -0.17744 0.01017 
v 0.09829 -0.15962 -0.00391 
v -0.00497 -0.08195 0.01384 
v 0.12408 -0.14465 0.00805 
v 0.12250 -0.14629 0.00823 
v 0.11925 -0.14170 0.00966 
v 0.05784 -0.12524 0.03686 
v 0.04511 -0.12181 0.04299 
v -0.06162 -0.11989 0.08823 
v 0.07685 -0.09197 0.02318 
v -0.01253 -0.11010 0.07395 
v 0.08715 -0.17491 0.01095 
v 0.10350 -0.15522 0.01233 
v 0.08059 -0.16806 -0.00001 
v 0.07850 -0.16822 0.00303 
v 0.11414 -0.16521 -0.00333 
v 0.11070 -0.16356 -0.00539 
v 0.10963 -0.16662 -0.00433 
v 0.11066 -0.16770 -0.00285 
v 0.04533 -0.09658 0.00531 
v 0.04839 -0.09292 0.00806 
v 0.09722 -0.13112 0.00529 
v -0.08292 -0.07093 0.08659 
v -0.08307 -0.07007 0.09255 
v 0.08647 -0.17249 -0.00312 
v 0.11327 -0.15770 0.00564 
v 0.11273 -0.15947 0.00701 
v -0.02568 -0.06870 0.05354 
v -0.03213 -0.06552 0.06087 
v -0.02687 -0.06793 0.06731 
v -0.03260 -0.13592 0.00349 
v -0.04235 -0.13400 0.00616 
v -0.04358 -0.13138 0.00393 
v 0.13107 -0.12490 0.01824 
v 0.13031 -0.12931 0.01920 
v 0.12967 -0.12916 0.02000 
v 0.11399 -0.15899 -0.00082 
v 0.03355 -0.15238 0.02952 
v 0.04444 -0.16297 0.02302 
v 0.08732 -0.14418 -0.00314 
v -0.08949 -0.09452 0.08962 
v 0.11643 -0.15946 0.00576 
v 0.11807 -0.15733 0.00854 
v 0.11335 -0.16055 0.00375 
v -0.01564 -0.10971 0.07941 
v 0.11686 -0.13272 0.01521 
v 0.12021 -0.13420 0.01552 
v -0.00784 -0.10724 0.07224 
v 0.10781 -0.16117 0.01131 
v 0.10834 -0.16441 0.00909 
v 0.10484 -0.16438 0.01139 
v 0.10587 -0.16100 0.01214 
v 0.10305 -0.16785 0.00542 
v 0.10335 -0.16674 0.00880 
v 0.10525 -0.16676 0.00735 
v 0.06915 -0.12839 0.02983 
v 0.02558 -0.15134 0.02985 
v 0.02678 -0.14732 0.03300 
v 0.03546 -0.08968 0.03490 
v -0.05703 -0.07328 0.03841 
v 0.08207 -0.15289 0.01896 
v 0.09421 -0.14935 0.00557 
v 0.09038 -0.14688 0.00273 
v 0.09016 -0.14759 -0.00171 
v -0.06598 -0.07159 0.08534 
v -0.06590 -0.07166 0.05493 
v -0.05777 -0.06868 0.06516 
v 0.02991 -0.10088 0.05182 
v 0.02948 -0.11032 0.05318 
v 0.09696 -0.16285 -0.00289 
v 0.00161 -0.15747 0.00451 
v 0.00948 -0.16225 0.00420 
v -0.02167 -0.07370 0.01962 
v -0.02246 -0.07702 0.01400 
v -0.02206 -0.07536 0.01724 
v -0.00220 -0.08849 0.00896 
v -0.01958 -0.07290 0.04497 
v 0.08881 -0.17699 0.00077 
v 0.12207 -0.14747 -0.00074 
v 0.12022 -0.15300 -0.00139 
v -0.08998 -0.06765 0.02238 
v -0.01015 -0.09026 0.09278 
v 0.04763 -0.10089 0.00313 
v -0.04098 -0.13026 0.03176 
v 0.07193 -0.10330 -0.00009 
v 0.06593 -0.17096 0.01376 
v 0.08555 -0.17938 0.00841 
v 0.08757 -0.17705 0.00970 
v 0.06454 -0.18221 0.00890 
v 0.08338 -0.17809 0.01168 
v 0.08237 -0.17985 0.00963 
v 0.08068 -0.18020 0.01171 
v 0.08173 -0.17829 0.01285 
v 0.08534 -0.15999 0.00337 
v 0.08818 -0.15765 0.00075 
v 0.08642 -0.17166 0.01478 
v 0.08583 -0.17337 0.01463 
v 0.08059 -0.17218 0.01626 
v 0.08233 -0.16815 0.01565 
v 0.08210 -0.16459 0.01398 
v 0.05014 -0.14258 0.00146 
v 0.13303 -0.12880 0.00419 
v 0.07160 -0.17256 0.01295 
v 0.12043 -0.15177 0.01023 
v 0.11689 -0.13850 0.01116 
v 0.12024 -0.13463 0.01544 
v 0.10553 -0.13753 0.00446 
v 0.10534 -0.14088 0.00144 
v 0.08629 -0.16231 0.00129 
v 0.08296 -0.16507 0.00089 
v 0.11683 -0.15605 0.01018 
v 0.11809 -0.15654 0.00878 
v 0.11616 -0.15659 0.00973 
v 0.08175 -0.16773 0.00457 
v 0.07335 -0.16401 0.00132 
v 0.09963 -0.16262 0.00107 
v 0.09610 -0.16202 0.00047 
v 0.10212 -0.15111 0.00281 
v 0.12107 -0.11813 0.01459 
v 0.12526 -0.11892 0.01512 
v 0.09877 -0.15118 0.00397 
v 0.09688 -0.13164 0.00556 
v 0.01526 -0.13281 0.04483 
v 0.00806 -0.12832 0.05044 
v 0.01551 -0.14064 0.03788 
v 0.02729 -0.11526 0.05188 
v 0.02730 -0.09498 0.04982 
v -0.08463 -0.09957 0.08958 
v 0.03626 -0.11921 0.04754 
v 0.10881 -0.13450 0.01343 
v 0.12327 -0.13556 0.01488 
v 0.12794 -0.13316 0.01891 
v 0.12829 -0.13298 0.01813 
v 0.13331 -0.12984 0.01734 
v 0.13095 -0.13461 0.01511 
v 0.13486 -0.12975 0.01373 
v 0.13227 -0.13513 0.01196 
v 0.13458 -0.12929 0.00863 
v 0.11642 -0.13311 0.01551 
v 0.11722 -0.12822 0.01686 
v 0.12528 -0.11918 0.01494 
v 0.12109 -0.11868 0.01423 
v 0.12045 -0.13442 0.01530 
v 0.09650 -0.13085 0.01156 
v 0.09966 -0.13153 0.01059 
v 0.09518 -0.13015 0.01283 
v 0.10301 -0.13310 0.00757 
v 0.12151 -0.14094 0.00633 
v 0.10702 -0.13589 0.00701 
v 0.11126 -0.13818 0.00653 
v 0.11686 -0.13978 0.00639 
v 0.11282 -0.13671 0.01222 
v 0.09127 -0.14315 -0.00115 
v 0.09117 -0.14574 0.00168 
v 0.11145 -0.15849 0.00852 
v 0.10262 -0.14734 0.00153 
v 0.10488 -0.14335 0.00098 
v 0.11386 -0.15839 0.00800 
v 0.12192 -0.15057 0.00863 
v 0.11899 -0.15675 0.00827 
v 0.11870 -0.15536 0.01002 
v 0.10573 -0.13531 0.00850 
v 0.11220 -0.13785 0.00647 
v 0.09800 -0.13277 0.01044 
v 0.10144 -0.13373 0.00965 
v 0.11885 -0.13985 0.00524 
v 0.10080 -0.13482 0.00491 
v 0.10858 -0.15850 0.00495 
v 0.10240 -0.15456 0.00802 
v 0.09543 -0.15064 0.00933 
v 0.11121 -0.16003 0.00399 
v 0.10755 -0.15757 0.00148 
v 0.10202 -0.15274 0.00447 
v 0.09628 -0.13148 0.01134 
v 0.11644 -0.16199 0.00479 
v 0.11535 -0.16437 0.00447 
v 0.11367 -0.16377 0.00580 
v 0.11696 -0.16186 0.00364 
v 0.11562 -0.16463 0.00323 
v 0.10705 -0.16861 -0.00020 
v 0.10368 -0.16851 0.00257 
v 0.09464 -0.15883 0.01595 
v 0.10945 -0.16187 0.00907 
v 0.11099 -0.16267 0.00672 
v 0.11105 -0.16349 0.00642 
v 0.11323 -0.16447 0.00484 
v 0.11203 -0.16062 0.00726 
v 0.11096 -0.16273 0.00718 
v 0.08783 -0.15830 0.01779 
v 0.11443 -0.16489 0.00356 
v 0.11697 -0.16077 0.00425 
v 0.10388 -0.15245 0.00764 
v 0.10834 -0.15289 0.00596 
v 0.11200 -0.15441 0.00445 
v 0.09396 -0.15057 0.00954 
v 0.09910 -0.15211 0.00853 
v 0.08906 -0.14879 0.00873 
v 0.10791 -0.15200 0.00178 
v 0.10347 -0.15139 0.00294 
v 0.11126 -0.15341 0.00019 
v 0.11399 -0.15509 -0.00112 
v 0.11399 -0.15546 0.00282 
v 0.11586 -0.15726 0.00136 
v 0.09298 -0.16173 -0.00099 
v 0.10622 -0.16780 0.00304 
v 0.09349 -0.16358 0.00369 
v 0.08739 -0.16102 0.00613 
v 0.08323 -0.16132 0.00820 
v 0.09855 -0.16619 0.00207 
v 0.08970 -0.14768 0.00869 
v 0.05397 -0.13046 0.00158 
v 0.05658 -0.11755 0.00085 
v 0.05157 -0.10823 0.00066 
v 0.09353 -0.17389 0.01070 
v 0.09633 -0.17027 0.00937 
v 0.09632 -0.17219 0.00823 
v 0.09772 -0.17210 0.00736 
v 0.10008 -0.17189 0.00622 
v 0.09873 -0.17310 0.00528 
v 0.09767 -0.17345 0.00561 
v 0.08518 -0.17493 0.01390 
v 0.10303 -0.16474 0.00227 
v 0.10284 -0.16518 0.00478 
v 0.10078 -0.16682 0.00657 
v 0.08312 -0.17039 -0.00112 
v 0.07743 -0.16536 0.00145 
v 0.08004 -0.16748 0.00032 
v 0.09623 -0.16730 0.00883 
v 0.09508 -0.16389 0.00592 
v 0.10005 -0.16366 0.00403 
v 0.08929 -0.16390 0.00676 
v 0.09212 -0.16317 0.00652 
v 0.08922 -0.16293 0.00309 
v 0.09260 -0.16138 -0.00015 
v 0.02146 -0.14433 0.03544 
v 0.01764 -0.14735 0.03157 
v 0.07287 -0.16865 0.00696 
v 0.07206 -0.16914 0.00673 
v 0.06939 -0.17085 0.01077 
v 0.07797 -0.17332 0.00449 
v 0.07570 -0.17071 0.00614 
v 0.08062 -0.17592 0.00304 
v 0.08574 -0.17527 -0.00060 
v 0.07266 -0.17177 0.00720 
v 0.06932 -0.17139 0.01030 
v 0.07173 -0.17063 0.00707 
v 0.07978 -0.17045 0.00953 
v 0.08531 -0.17051 0.00908 
v 0.07678 -0.17069 0.00832 
v 0.08950 -0.17303 0.00829 
v 0.08399 -0.17589 0.01163 
v 0.08714 -0.17551 0.01125 
v 0.04587 -0.16029 0.02335 
v 0.03119 -0.08568 0.02528 
v 0.04916 -0.09005 0.01440 
v 0.06829 -0.11928 0.00005 
v 0.06360 -0.13374 0.00108 
v -0.08237 -0.10772 0.04620 
v -0.09063 -0.09975 0.04854 
v -0.06885 -0.12372 0.01724 
v -0.09327 -0.07065 0.03481 
v -0.09570 -0.06922 0.02239 
v -0.08675 -0.06961 0.03407 
v -0.04911 -0.06633 0.06599 
v -0.06848 -0.09707 0.00072 
v -0.04803 -0.06579 0.07548 
v -0.05765 -0.06900 0.07472 
v -0.09243 -0.08199 0.09054 
v -0.01928 -0.11180 0.09013 
v -0.05879 -0.07098 0.08583 
v -0.04948 -0.06872 0.08702 
v -0.05148 -0.06913 0.09371 
v -0.05393 0.06085 1.57343 
v -0.05379 0.06367 1.56106 
v -0.06077 0.05977 1.56039 
v -0.06023 0.05686 1.57341 
v -0.02257 0.07474 1.56506 
v -0.03114 0.07283 1.56398 
v -0.03419 0.06956 1.57471 
v -0.02627 0.07150 1.57568 
v -0.05913 0.05308 1.58501 
v -0.05334 0.05737 1.58437 
v -0.01010 0.02450 1.62825 
v -0.00238 0.02440 1.62814 
v 0.00149 0.03483 1.62318 
v -0.00765 0.03527 1.62316 
v -0.04929 0.03258 1.61543 
v -0.04148 0.02806 1.62212 
v -0.04010 0.03652 1.61714 
v -0.04930 0.03653 1.61261 
v -0.01478 0.07303 1.57739 
v -0.02729 0.06723 1.58690 
v -0.01755 0.06821 1.58857 
v 0.07559 0.01039 1.60897 
v 0.07027 0.00647 1.61359 
v 0.07082 0.00215 1.61356 
v 0.07959 0.00452 1.60678 
v 0.08782 0.04351 1.56138 
v 0.08287 0.03118 1.59016 
v 0.07513 0.03173 1.59864 
v -0.01355 0.04398 1.61709 
v -0.02303 0.04421 1.61587 
v -0.01178 0.07626 1.56620 
v -0.01052 0.07782 1.55626 
v -0.01916 0.07672 1.55542 
v 0.01935 0.07572 1.56047 
v 0.01326 0.07656 1.55993 
v 0.00759 0.07565 1.56938 
v 0.01480 0.07423 1.57094 
v -0.05879 0.01824 1.61770 
v -0.05470 0.01833 1.62023 
v -0.05409 0.02670 1.61667 
v -0.07439 0.02757 1.59738 
v -0.06708 0.02776 1.60571 
v -0.06836 0.03564 1.59682 
v -0.04824 0.04337 1.60738 
v -0.05508 0.03891 1.60685 
v 0.03873 0.01656 1.62493 
v 0.02811 0.01695 1.62712 
v 0.02922 0.00575 1.62927 
v 0.03986 0.00487 1.62651 
v 0.09338 0.03145 1.57428 
v 0.09010 0.02972 1.58237 
v 0.08005 0.01146 1.60512 
v 0.08318 0.01040 1.60239 
v 0.07352 0.05506 1.55803 
v -0.04221 0.04655 1.60771 
v -0.04101 0.04313 1.61176 
v -0.03540 0.04950 1.60801 
v -0.00764 0.00632 1.63224 
v 0.00253 0.00607 1.63176 
v 0.05970 0.03600 1.60672 
v 0.06692 0.03415 1.60352 
v 0.06211 0.04048 1.60099 
v 0.05694 0.04181 1.60296 
v 0.04125 0.06097 1.58635 
v 0.04639 0.06376 1.57616 
v 0.03983 0.06658 1.57515 
v 0.03505 0.06385 1.58535 
v 0.00350 0.07776 1.55912 
v 0.01027 0.07804 1.55145 
v 0.00027 0.07871 1.54906 
v -0.00470 0.07793 1.55743 
v 0.00556 0.07830 1.54030 
v 0.01554 0.07688 1.54297 
v -0.04314 0.06964 1.55185 
v -0.03233 0.07370 1.55018 
v -0.03418 0.07310 1.54063 
v -0.04400 0.06927 1.54142 
v 0.01035 0.07153 1.58124 
v -0.00479 0.07324 1.57911 
v -0.00753 0.06788 1.59066 
v 0.00485 0.06630 1.59286 
v 0.09079 0.00826 1.59298 
v 0.09537 0.00684 1.58708 
v 0.03583 0.05593 1.59770 
v 0.03333 0.05336 1.60219 
v 0.04202 0.04843 1.60409 
v 0.04563 0.05142 1.59860 
v 0.08593 0.04137 1.57226 
v 0.08164 0.03967 1.58195 
v 0.08692 0.03395 1.58224 
v 0.02365 0.06808 1.58348 
v 0.02835 0.07059 1.57333 
v -0.00390 0.07830 1.53765 
v -0.01035 0.07765 1.53577 
v 0.06538 0.05297 1.57922 
v 0.06346 0.04772 1.59044 
v 0.07190 0.04202 1.59009 
v 0.07629 0.04492 1.58101 
v 0.05439 0.04680 1.59926 
v 0.04997 0.04347 1.60536 
v -0.07344 0.04588 1.57395 
v -0.07653 0.04674 1.56029 
v -0.03612 0.07190 1.53341 
v 0.04472 0.03977 1.61102 
v 0.03406 0.04161 1.61334 
v 0.06740 0.05730 1.56589 
v 0.05928 0.05654 1.57822 
v 0.07306 0.05297 1.56777 
v 0.09845 0.00544 1.58227 
v 0.08556 0.00974 1.59946 
v 0.08921 0.01431 1.59279 
v 0.08359 0.01566 1.59949 
v -0.02024 0.07676 1.54860 
v -0.02655 0.07536 1.54939 
v -0.02868 0.07454 1.55468 
v 0.01604 0.00595 1.63080 
v 0.01836 0.01698 1.62886 
v 0.09722 0.01205 1.58207 
v 0.10086 0.01107 1.57516 
v 0.09911 0.01818 1.57539 
v 0.09566 0.01948 1.58178 
v -0.00646 0.07866 1.54699 
v -0.01354 0.07789 1.54786 
v 0.05213 0.03826 1.60900 
v 0.04366 0.04424 1.60764 
v 0.05966 0.05035 1.58979 
v 0.05177 0.05521 1.58840 
v -0.03506 0.07163 1.52873 
v -0.04107 0.06923 1.52714 
v -0.08557 0.00884 1.58893 
v -0.07988 0.00847 1.59796 
v -0.07786 0.01963 1.59771 
v -0.08322 0.02021 1.58754 
v 0.05926 0.00336 1.61996 
v 0.04998 0.06517 1.56690 
v 0.04345 0.06802 1.56570 
v 0.10165 0.00566 1.57486 
v -0.00215 0.07634 1.56823 
v 0.09166 0.02105 1.58678 
v 0.08564 0.02299 1.59314 
v 0.09445 0.01307 1.58653 
v 0.05285 0.06014 1.57723 
v 0.04532 0.05875 1.58717 
v -0.01625 0.07682 1.53403 
v 0.02800 0.07330 1.56257 
v 0.03230 0.07284 1.55648 
v 0.02214 0.07594 1.55397 
v -0.05328 0.06481 1.55384 
v -0.05157 0.06558 1.54215 
v -0.05916 0.06149 1.54305 
v -0.06085 0.06026 1.55578 
v 0.03952 0.04629 1.60737 
v -0.06697 0.05620 1.54392 
v -0.06842 0.05442 1.55778 
v -0.04142 0.02462 1.62390 
v -0.02289 0.02476 1.62827 
v 0.06722 0.03889 1.59866 
v 0.02790 0.02409 1.62511 
v 0.01931 0.02414 1.62675 
v 0.07848 0.01571 1.60499 
v 0.07276 0.01599 1.60946 
v 0.04772 0.00441 1.62445 
v 0.04676 0.01647 1.62255 
v -0.03615 0.06524 1.58520 
v 0.02371 0.05316 1.60593 
v 0.02654 0.05707 1.60050 
v 0.01388 0.05964 1.60091 
v 0.01200 0.05686 1.60469 
v 0.00709 0.04812 1.61360 
v 0.01893 0.04543 1.61403 
v 0.02084 0.04877 1.61104 
v 0.00951 0.05283 1.60930 
v 0.03295 0.04927 1.60684 
v 0.03262 0.04614 1.60994 
v 0.03826 0.04521 1.60885 
v -0.07198 0.01885 1.60611 
v 0.00614 0.01704 1.62971 
v 0.00863 0.02430 1.62780 
v -0.00450 0.01711 1.63008 
v -0.02730 0.07528 1.54019 
v -0.04955 0.06603 1.53319 
v -0.04307 0.06920 1.53321 
v -0.02956 0.07348 1.53025 
v -0.06882 0.05267 1.56570 
v -0.02103 0.06030 1.60057 
v -0.00957 0.05993 1.60266 
v 0.06724 0.01607 1.61313 
v 0.00472 0.04371 1.61749 
v -0.00500 0.04383 1.61751 
v 0.05554 0.04820 1.59660 
v 0.04744 0.05435 1.59327 
v 0.07162 0.03484 1.59893 
v -0.05640 0.03061 1.61236 
v 0.06042 0.04333 1.59916 
v -0.04446 0.06579 1.57380 
v -0.04377 0.06864 1.56218 
v 0.05533 0.02367 1.61653 
v 0.06499 0.02352 1.61151 
v 0.06310 0.02987 1.60885 
v 0.05280 0.03103 1.61351 
v -0.07550 0.03447 1.58658 
v 0.01294 0.03420 1.62253 
v 0.08059 0.02312 1.59930 
v 0.03516 0.07125 1.56429 
v 0.07682 0.03731 1.59042 
v -0.04879 0.02613 1.61990 
v -0.04465 0.06206 1.58447 
v 0.06226 0.06018 1.56431 
v 0.07058 0.02333 1.60793 
v 0.07521 0.02323 1.60442 
v 0.07445 0.02833 1.60165 
v 0.06964 0.02903 1.60512 
v -0.05626 0.06244 1.53329 
v -0.06507 0.05678 1.53356 
v 0.06757 0.05858 1.55664 
v 0.05747 0.06359 1.55426 
v -0.02359 0.01733 1.63002 
v -0.04052 0.01768 1.62651 
v -0.07749 0.04467 1.52486 
v -0.07807 0.04579 1.53363 
v 0.10126 0.02182 1.56492 
v -0.06848 0.05028 1.57370 
v -0.06732 0.04515 1.58628 
v -0.02278 0.05020 1.61097 
v -0.03037 0.05008 1.60899 
v -0.03055 0.04450 1.61407 
v 0.09101 0.02519 1.58471 
v 0.08455 0.02654 1.59188 
v 0.07818 0.02775 1.59866 
v 0.05712 0.01630 1.61841 
v 0.03625 0.03258 1.61865 
v 0.03789 0.02396 1.62268 
v 0.04635 0.02383 1.61995 
v 0.04559 0.03174 1.61602 
v -0.05137 0.05095 1.59652 
v -0.04394 0.05484 1.59702 
v -0.05912 0.02711 1.61290 
v -0.03627 0.05751 1.59822 
v -0.02941 0.05889 1.59956 
v -0.05708 0.04687 1.59647 
v 0.01703 0.06305 1.59498 
v 0.08183 0.04552 1.57077 
v -0.07828 0.04653 1.54560 
v 0.02123 0.03369 1.62158 
v 0.02915 0.03314 1.62026 
v 0.04891 0.06745 1.55208 
v 0.09119 0.03969 1.56221 
v -0.02266 0.07653 1.53996 
v -0.01756 0.07748 1.53973 
v 0.03755 0.05761 1.59431 
v 0.01789 0.07701 1.55284 
v -0.01151 0.07813 1.53956 
v 0.09815 0.02886 1.56403 
v 0.07901 0.05127 1.55931 
v 0.05216 0.06531 1.56121 
v 0.04630 0.06782 1.55983 
v 0.03952 0.07051 1.55821 
v -0.02170 0.07571 1.53246 
v -0.06278 0.05639 1.52151 
v -0.05430 0.06215 1.52369 
v -0.04871 0.06562 1.52514 
v -0.09513 0.01021 1.53545 
v -0.09691 0.00869 1.54814 
v -0.09420 0.01972 1.54778 
v -0.09406 0.01907 1.53742 
v -0.04329 0.06942 1.55400 
v -0.09439 0.00881 1.56561 
v -0.09069 0.00905 1.57658 
v 0.02586 0.07476 1.54581 
v -0.09159 0.02032 1.56378 
v -0.08801 0.02052 1.57582 
v -0.09292 0.01840 1.52659 
v -0.09283 0.01021 1.52253 
v -0.08700 0.03170 1.56256 
v -0.08932 0.02979 1.54665 
v -0.07354 0.00796 1.60619 
v -0.05539 0.00708 1.62162 
v -0.06099 0.00711 1.61816 
v -0.04831 0.00704 1.62544 
v -0.04891 0.01793 1.62329 
v -0.03774 0.00686 1.62870 
v -0.02372 0.00661 1.63163 
v -0.01214 0.01717 1.63031 
v -0.01546 0.00649 1.63238 
v -0.06135 0.04312 1.59664 
v 0.01767 0.04325 1.61599 
v 0.02900 0.04233 1.61431 
v 0.02335 0.04279 1.61518 
v 0.00098 0.05906 1.60362 
v 0.02825 0.05910 1.59693 
v -0.02228 0.05598 1.60534 
v -0.01005 0.05616 1.60653 
v -0.00266 0.05030 1.61245 
v -0.03041 0.03625 1.62012 
v -0.01177 0.05117 1.61148 
v 0.00006 0.05522 1.60769 
v -0.01567 0.03567 1.62277 
v 0.02694 0.04740 1.61049 
v -0.06442 0.01849 1.61350 
v -0.06596 0.00751 1.61410 
v 0.03594 0.07196 1.54880 
v 0.10390 0.01011 1.56571 
v -0.08934 0.00772 1.51056 
v -0.08988 0.01767 1.51440 
v 0.10300 0.01599 1.56545 
v 0.10419 0.00535 1.56578 
v -0.08639 0.02546 1.51531 
v -0.07592 0.04382 1.51805 
v -0.08885 0.02661 1.52589 
v 0.04306 0.06968 1.55055 
v 0.09330 0.02468 1.58198 
v 0.09730 0.02351 1.57536 
v -0.02338 0.03598 1.62161 
v -0.08959 0.02792 1.53569 
v -0.05823 0.03634 1.60661 
v -0.08298 0.03329 1.57479 
v 0.10409 0.02137 1.55216 
v 0.09759 0.03574 1.54978 
v 0.10043 0.03073 1.55069 
v -0.07090 0.04183 1.50128 
v 0.08665 0.04782 1.54702 
v 0.08992 0.04496 1.54779 
v 0.03950 0.06960 1.53532 
v 0.09332 0.04141 1.54862 
v 0.06804 0.05954 1.54281 
v 0.07654 0.05479 1.54475 
v -0.02513 0.07131 1.51520 
v -0.03204 0.06916 1.51305 
v -0.03747 0.06712 1.51139 
v 0.10525 0.01763 1.55270 
v 0.01334 0.07508 1.52770 
v 0.03077 0.07180 1.53264 
v 0.05075 0.06602 1.53849 
v 0.05762 0.06351 1.54025 
v -0.05895 0.05414 1.50491 
v -0.08451 0.00724 1.49714 
v 0.10196 0.02726 1.55126 
v 0.10616 0.01068 1.55324 
v 0.10629 0.00619 1.55337 
v -0.00355 0.07608 1.52265 
v -0.00043 0.07687 1.52606 
v 0.00340 0.07697 1.52740 
v 0.00731 0.07613 1.52631 
v -0.05235 -0.06339 1.57365 
v -0.05221 -0.06638 1.56135 
v -0.05916 -0.06242 1.56059 
v -0.05862 -0.05935 1.57356 
v -0.02116 -0.07719 1.56545 
v -0.02967 -0.07538 1.56439 
v -0.03270 -0.07207 1.57505 
v -0.02483 -0.07397 1.57603 
v -0.05759 -0.05539 1.58510 
v -0.05178 -0.05972 1.58451 
v -0.00954 -0.02640 1.62780 
v -0.00189 -0.02633 1.62774 
v 0.00218 -0.03699 1.62299 
v -0.00689 -0.03743 1.62297 
v -0.04818 -0.03457 1.61493 
v -0.04051 -0.02995 1.62143 
v -0.03898 -0.03855 1.61672 
v -0.04812 -0.03857 1.61223 
v -0.01344 -0.07538 1.57769 
v -0.02589 -0.06964 1.58720 
v -0.01623 -0.07057 1.58884 
v 0.07552 -0.01181 1.60880 
v 0.07024 -0.00794 1.61346 
v 0.07081 -0.00358 1.61350 
v 0.07955 -0.00583 1.60669 
v 0.08254 -0.03256 1.58978 
v 0.07500 -0.03339 1.59836 
v 0.07797 -0.02928 1.59835 
v 0.08420 -0.02783 1.59150 
v -0.01257 -0.04630 1.61713 
v -0.02196 -0.04650 1.61586 
v -0.02244 -0.03809 1.62132 
v -0.01483 -0.03781 1.62253 
v -0.01046 -0.07857 1.56654 
v -0.00921 -0.08006 1.55665 
v -0.01778 -0.07908 1.55585 
v 0.02026 -0.07769 1.56058 
v 0.01428 -0.07858 1.56010 
v 0.00870 -0.07783 1.56959 
v 0.01581 -0.07640 1.57111 
v -0.05793 -0.02015 1.61703 
v -0.05385 -0.02020 1.61950 
v -0.05306 -0.02865 1.61604 
v -0.07336 -0.02965 1.59715 
v -0.06605 -0.02981 1.60536 
v -0.06717 -0.03778 1.59667 
v -0.04694 -0.04548 1.60721 
v -0.05385 -0.04101 1.60664 
v 0.03887 -0.01838 1.62454 
v 0.02831 -0.01878 1.62670 
v 0.02928 -0.00744 1.62906 
v 0.03989 -0.00652 1.62633 
v 0.09672 -0.02428 1.57487 
v 0.09279 -0.03240 1.57377 
v 0.08959 -0.03082 1.58191 
v 0.09276 -0.02563 1.58151 
v 0.07994 -0.01280 1.60493 
v 0.08304 -0.01166 1.60221 
v -0.04089 -0.04871 1.60762 
v -0.03976 -0.04524 1.61154 
v -0.03410 -0.05176 1.60804 
v -0.00748 -0.00795 1.63202 
v -0.00789 -0.00080 1.63300 
v 0.00255 -0.00082 1.63221 
v 0.00265 -0.00774 1.63157 
v 0.05994 -0.03810 1.60661 
v 0.06699 -0.03607 1.60335 
v 0.06232 -0.04257 1.60087 
v 0.05727 -0.04403 1.60289 
v 0.04193 -0.06331 1.58644 
v 0.04685 -0.06581 1.57614 
v 0.04041 -0.06867 1.57517 
v 0.03581 -0.06618 1.58545 
v 0.00465 -0.07986 1.55939 
v 0.01127 -0.07991 1.55165 
v 0.00137 -0.08073 1.54941 
v -0.00346 -0.08011 1.55777 
v 0.00644 -0.07998 1.54064 
v 0.01640 -0.07842 1.54307 
v -0.04166 -0.07235 1.55228 
v -0.03089 -0.07625 1.55067 
v -0.03284 -0.07565 1.54118 
v -0.04262 -0.07194 1.54191 
v 0.01142 -0.07376 1.58139 
v -0.00356 -0.07549 1.57933 
v -0.00631 -0.07017 1.59087 
v 0.00596 -0.06858 1.59300 
v 0.09061 -0.00927 1.59280 
v 0.09117 -0.00050 1.59348 
v 0.09515 -0.00042 1.58787 
v 0.09518 -0.00769 1.58692 
v 0.03663 -0.05842 1.59779 
v 0.03415 -0.05584 1.60225 
v 0.04269 -0.05088 1.60412 
v 0.04626 -0.05384 1.59864 
v 0.08541 -0.04257 1.57180 
v 0.08130 -0.04111 1.58159 
v 0.08646 -0.03519 1.58182 
v 0.02456 -0.07037 1.58360 
v 0.02914 -0.07271 1.57342 
v -0.00305 -0.08017 1.53818 
v -0.00947 -0.07975 1.53635 
v 0.06542 -0.05482 1.57903 
v 0.06365 -0.04975 1.59031 
v 0.07186 -0.04381 1.58985 
v 0.07607 -0.04652 1.58071 
v 0.05481 -0.04909 1.59923 
v 0.05046 -0.04581 1.60533 
v -0.07195 -0.04826 1.57390 
v -0.07513 -0.04934 1.56019 
v -0.08585 -0.03425 1.56230 
v -0.08172 -0.03556 1.57459 
v -0.03400 -0.07431 1.52939 
v -0.03492 -0.07452 1.53402 
v -0.02853 -0.07606 1.53089 
v 0.04596 -0.03390 1.61585 
v 0.04524 -0.04210 1.61096 
v 0.03471 -0.04398 1.61327 
v 0.03671 -0.03477 1.61845 
v 0.06718 -0.05884 1.56555 
v 0.05946 -0.05849 1.57810 
v 0.07272 -0.05443 1.56739 
v 0.09846 -0.00035 1.58219 
v 0.09828 -0.00616 1.58214 
v 0.08541 -0.01093 1.59928 
v 0.08893 -0.01538 1.59250 
v 0.08339 -0.01694 1.59923 
v 0.08662 -0.00057 1.59979 
v -0.01889 -0.07911 1.54910 
v -0.02514 -0.07782 1.54989 
v -0.02724 -0.07705 1.55515 
v 0.01612 -0.00764 1.63060 
v 0.01860 -0.01881 1.62845 
v 0.09687 -0.01281 1.58178 
v 0.10050 -0.01166 1.57488 
v 0.09859 -0.01886 1.57497 
v 0.09516 -0.02033 1.58137 
v -0.00530 -0.08077 1.54742 
v -0.01228 -0.08013 1.54834 
v 0.05252 -0.04050 1.60893 
v 0.04426 -0.04666 1.60764 
v 0.05995 -0.05247 1.58971 
v 0.05224 -0.05747 1.58840 
v -0.04002 -0.07198 1.52780 
v -0.08501 -0.01074 1.58875 
v -0.07937 -0.01033 1.59774 
v -0.07698 -0.02160 1.59742 
v -0.08228 -0.02222 1.58731 
v 0.05925 -0.00492 1.61986 
v 0.05023 -0.06694 1.56673 
v 0.04386 -0.06983 1.56559 
v 0.07433 -0.02998 1.60138 
v 0.10145 -0.00622 1.57471 
v -0.00092 -0.07855 1.56850 
v 0.09121 -0.02207 1.58637 
v 0.08530 -0.02423 1.59277 
v 0.09411 -0.01395 1.58623 
v 0.05317 -0.06215 1.57715 
v 0.04593 -0.06107 1.58722 
v 0.07840 -0.05242 1.55873 
v 0.07304 -0.05633 1.55747 
v -0.01532 -0.07910 1.53463 
v 0.02875 -0.07522 1.56260 
v 0.03292 -0.07455 1.55639 
v 0.02297 -0.07770 1.55401 
v -0.05174 -0.06754 1.55416 
v -0.05015 -0.06827 1.54256 
v -0.05773 -0.06414 1.54335 
v -0.05926 -0.06292 1.55599 
v 0.04020 -0.04874 1.60737 
v -0.06563 -0.05888 1.54406 
v -0.06687 -0.05703 1.55785 
v -0.04052 -0.02646 1.62315 
v -0.02219 -0.02661 1.62769 
v 0.06730 -0.04083 1.59847 
v 0.02822 -0.02606 1.62471 
v 0.01968 -0.02611 1.62635 
v 0.07836 -0.01713 1.60476 
v 0.07270 -0.01753 1.60924 
v 0.04774 -0.00603 1.62429 
v 0.04687 -0.01827 1.62221 
v -0.03468 -0.06766 1.58548 
v 0.02460 -0.05559 1.60596 
v 0.02744 -0.05954 1.60058 
v 0.01489 -0.06201 1.60099 
v 0.01300 -0.05922 1.60476 
v 0.00799 -0.05046 1.61362 
v 0.01975 -0.04779 1.61399 
v 0.02169 -0.05117 1.61103 
v 0.01047 -0.05518 1.60935 
v 0.03373 -0.05173 1.60685 
v 0.03336 -0.04857 1.60992 
v 0.03894 -0.04765 1.60884 
v -0.07113 -0.02082 1.60572 
v 0.00644 -0.01886 1.62933 
v 0.00906 -0.02624 1.62742 
v -0.00414 -0.01889 1.62966 
v -0.02601 -0.07771 1.54076 
v -0.04834 -0.06877 1.53372 
v -0.04185 -0.07191 1.53379 
v -0.04773 -0.06844 1.52581 
v -0.06725 -0.05521 1.56575 
v -0.01975 -0.06269 1.60083 
v -0.00841 -0.06231 1.60288 
v 0.06723 -0.01770 1.61290 
v 0.00556 -0.04602 1.61747 
v -0.00410 -0.04615 1.61754 
v 0.05594 -0.05046 1.59657 
v 0.04803 -0.05672 1.59331 
v 0.07157 -0.03662 1.59869 
v -0.05529 -0.03263 1.61189 
v 0.06068 -0.04547 1.59906 
v -0.04292 -0.06835 1.57410 
v -0.04225 -0.07132 1.56256 
v 0.10248 -0.01641 1.56502 
v 0.10064 -0.02232 1.56439 
v 0.05549 -0.02559 1.61629 
v 0.06505 -0.02532 1.61129 
v 0.06323 -0.03181 1.60869 
v 0.05309 -0.03313 1.61336 
v -0.07427 -0.03666 1.58645 
v 0.01355 -0.03637 1.62231 
v 0.08037 -0.02454 1.59899 
v 0.03576 -0.07314 1.56426 
v 0.07664 -0.03893 1.59011 
v -0.04780 -0.02803 1.61919 
v -0.04312 -0.06447 1.58470 
v 0.06216 -0.06175 1.56398 
v 0.08327 -0.00061 1.60363 
v 0.07056 -0.02503 1.60771 
v 0.07511 -0.02481 1.60417 
v 0.06964 -0.03082 1.60491 
v -0.05509 -0.06518 1.53374 
v -0.05341 -0.06501 1.52435 
v -0.06219 -0.05950 1.52210 
v -0.06412 -0.05968 1.53387 
v -0.02306 -0.01905 1.62942 
v -0.03981 -0.01942 1.62577 
v -0.07739 -0.04492 1.52519 
v -0.07950 -0.04464 1.53665 
v -0.06692 -0.05271 1.57373 
v -0.06589 -0.04742 1.58627 
v -0.02162 -0.05256 1.61111 
v -0.02911 -0.05240 1.60908 
v -0.02939 -0.04672 1.61400 
v 0.06725 -0.05994 1.55612 
v 0.09051 -0.02624 1.58427 
v 0.05717 -0.01805 1.61814 
v 0.03816 -0.02594 1.62233 
v 0.04657 -0.02580 1.61966 
v -0.04993 -0.05317 1.59657 
v -0.04250 -0.05712 1.59714 
v -0.05807 -0.02911 1.61238 
v -0.07242 -0.04597 1.51158 
v -0.03487 -0.05984 1.59841 
v -0.02807 -0.06126 1.59979 
v -0.05568 -0.04907 1.59646 
v 0.01803 -0.06542 1.59510 
v 0.08135 -0.04681 1.57033 
v -0.07736 -0.04958 1.54544 
v -0.08866 -0.03305 1.54634 
v 0.02179 -0.03587 1.62135 
v 0.02966 -0.03533 1.62004 
v 0.04910 -0.06892 1.55168 
v 0.05743 -0.06504 1.55378 
v 0.09746 -0.02949 1.56342 
v 0.09046 -0.04054 1.56157 
v -0.02143 -0.07888 1.54053 
v -0.01640 -0.07975 1.54029 
v 0.03833 -0.06007 1.59440 
v 0.01878 -0.07880 1.55294 
v -0.01046 -0.08027 1.54011 
v 0.05230 -0.06692 1.56093 
v 0.04659 -0.06946 1.55960 
v 0.03998 -0.07219 1.55805 
v -0.02073 -0.07814 1.53308 
v 0.10398 -0.00569 1.56562 
v 0.10353 -0.01047 1.56542 
v -0.08547 -0.03431 1.52493 
v -0.08324 -0.03249 1.51449 
v -0.09456 -0.01486 1.53552 
v -0.09659 -0.01199 1.54798 
v -0.09367 -0.02301 1.54749 
v -0.09137 -0.02594 1.53793 
v -0.04179 -0.07214 1.55442 
v -0.09386 -0.01123 1.56546 
v -0.09499 -0.00121 1.56545 
v -0.09185 -0.00102 1.57666 
v -0.09009 -0.01111 1.57642 
v 0.02658 -0.07625 1.54571 
v -0.08638 -0.03475 1.53292 
v -0.09068 -0.02283 1.56353 
v -0.08701 -0.02268 1.57560 
v -0.09008 -0.02519 1.52653 
v -0.09255 -0.01482 1.52284 
v 0.01608 -0.00084 1.63088 
v -0.07307 -0.00983 1.60592 
v -0.05494 -0.00883 1.62116 
v -0.06054 -0.00892 1.61775 
v -0.04790 -0.00871 1.62495 
v -0.04811 -0.01973 1.62251 
v -0.03741 -0.00847 1.62827 
v -0.02348 -0.00819 1.63128 
v -0.01171 -0.01893 1.62983 
v -0.01527 -0.00808 1.63210 
v -0.02939 -0.03833 1.61976 
v -0.05704 -0.03844 1.60636 
v -0.06001 -0.04530 1.59659 
v 0.01845 -0.04558 1.61593 
v 0.02970 -0.04470 1.61424 
v 0.02409 -0.04514 1.61510 
v 0.00206 -0.06139 1.60376 
v 0.02915 -0.06157 1.59704 
v -0.08063 -0.00092 1.59813 
v -0.07396 -0.00092 1.60651 
v -0.02105 -0.05836 1.60556 
v -0.00893 -0.05855 1.60675 
v -0.00167 -0.05266 1.61256 
v -0.01070 -0.05356 1.61165 
v 0.00110 -0.05757 1.60781 
v 0.02774 -0.04981 1.61047 
v -0.06356 -0.02043 1.61295 
v -0.06551 -0.00936 1.61375 
v -0.02354 -0.00077 1.63169 
v -0.01651 -0.00078 1.63259 
v 0.03645 -0.07344 1.54855 
v 0.04340 -0.07116 1.55020 
v -0.08936 -0.01192 1.51088 
v -0.08872 -0.02082 1.51489 
v -0.09669 -0.00195 1.54018 
v -0.09828 -0.00165 1.54866 
v -0.09376 -0.00222 1.52358 
v -0.08844 -0.00216 1.50634 
v 0.07079 -0.00071 1.61352 
v 0.07941 -0.00065 1.60669 
v -0.03684 -0.00079 1.62886 
v 0.06002 -0.00077 1.61976 
v -0.08563 -0.00093 1.58952 
v 0.03986 -0.00081 1.62651 
v 0.04776 -0.00080 1.62414 
v -0.06645 -0.00091 1.61402 
v -0.04685 -0.00081 1.62598 
v -0.05501 -0.00085 1.62229 
v -0.06168 -0.00089 1.61788 
v 0.02926 -0.00083 1.62877 
v 0.10196 -0.00027 1.57442 
v 0.10404 -0.00016 1.56568 
v 0.08711 -0.04445 1.56075 
v -0.02105 0.15843 0.98555 
v 0.15139 0.03882 0.93248 
v 0.15527 0.00077 0.93028 
v -0.08823 0.11177 0.97797 
v -0.12152 0.03084 0.75516 
v 0.11934 0.03928 0.81609 
v -0.14448 0.09600 0.85768 
v 0.12123 0.08014 0.85407 
v 0.10911 0.02282 0.79333 
v -0.09755 0.01919 0.74018 
v 0.06671 0.00965 0.74918 
v 0.08975 0.13581 0.89739 
v 0.04141 0.16954 0.92773 
v -0.07100 0.01352 0.73845 
v -0.08735 0.15697 0.91728 
v 0.07557 0.01138 0.75648 
v 0.11103 0.10609 0.87511 
v 0.00861 0.17938 0.93726 
v -0.05069 0.17636 0.93199 
v -0.02242 0.00336 0.73608 
v 0.02237 0.00298 0.74000 
v -0.02284 0.18123 0.93782 
v -0.15063 0.08228 0.83840 
v 0.10018 0.01537 0.78010 
v 0.05099 0.00576 0.74242 
v 0.06523 0.15639 0.91723 
v -0.12040 0.12886 0.89127 
v -0.14107 0.04587 0.78049 
v -0.15086 0.06187 0.80604 
v 0.09941 0.05611 0.75870 
v -0.04129 0.19411 0.79208 
v -0.00351 0.06493 0.38271 
v -0.07696 0.03708 0.47312 
v -0.08673 0.06880 0.53194 
v -0.08210 0.05089 0.49977 
v -0.09309 0.16681 0.78973 
v -0.06983 0.15136 0.61218 
v 0.05328 0.00634 0.72967 
v 0.08355 0.02895 0.74300 
v 0.06488 0.12104 0.56996 
v -0.13250 0.08562 0.76500 
v 0.08549 0.14853 0.79312 
v 0.00320 0.03024 0.48437 
v -0.11828 0.09984 0.34515 
v 0.00210 0.10971 0.35447 
v -0.00649 0.13301 0.34251 
v 0.05027 0.14739 0.59162 
v -0.04241 0.16599 0.61244 
v -0.06816 0.18377 0.78981 
v 0.09878 0.11669 0.78409 
v 0.03172 0.15875 0.60000 
v 0.07120 0.16496 0.79573 
v -0.10212 0.06564 0.37703 
v -0.02648 0.03665 0.40394 
v -0.03339 0.01733 0.46043 
v -0.09761 0.03439 0.73642 
v -0.01965 -0.00417 0.72387 
v 0.05624 0.17781 0.79744 
v -0.01188 0.16843 0.60887 
v -0.06759 0.01060 0.72981 
v 0.02000 -0.00260 0.72405 
v 0.01083 0.19665 0.79656 
v -0.01567 0.19736 0.79460 
v 0.03509 0.18900 0.79836 
v -0.13081 0.11744 0.77745 
v -0.12722 0.06623 0.75443 
v 0.10323 0.08956 0.77407 
v -0.09297 0.09236 0.56825 
v 0.06524 0.10681 0.55658 
v 0.04257 0.05827 0.50961 
v 0.02202 0.04216 0.49699 
v 0.00036 0.07915 0.37245 
v -0.03230 0.03347 0.40645 
v -0.11585 0.14374 0.78460 
v -0.05993 0.02361 0.45403 
v -0.04368 0.01798 0.45584 
v -0.01435 0.02234 0.47228 
v 0.06335 0.09307 0.54441 
v 0.06225 0.13135 0.57934 
v 0.01587 0.16460 0.60437 
v -0.05489 0.03398 0.40775 
v -0.09193 0.05632 0.38813 
v -0.07647 0.04553 0.40055 
v -0.01090 0.05245 0.39110 
v -0.10614 0.07160 0.37137 
v 0.00155 0.09341 0.36372 
v -0.11299 0.08223 0.36081 
v -0.10930 0.13476 0.31991 
v -0.03246 0.15196 0.33074 
v -0.01792 0.14501 0.33589 
v 0.09988 0.05548 0.76848 
v -0.04028 0.19477 0.77853 
v -0.01792 0.19880 0.78052 
v -0.11747 0.11908 0.29606 
v -0.12016 0.10386 0.29547 
v -0.12086 0.10285 0.32439 
v -0.11760 0.12027 0.32362 
v -0.00319 0.19014 0.69216 
v 0.02016 0.18535 0.68904 
v 0.02068 0.16918 0.62314 
v -0.01214 0.17174 0.62060 
v -0.00402 0.08232 0.33223 
v -0.01340 0.06039 0.34791 
v -0.01639 0.06084 0.31870 
v -0.00891 0.08019 0.30565 
v -0.07971 0.15605 0.94073 
v -0.07529 0.14631 0.96123 
v -0.05079 0.16188 0.96428 
v -0.05076 0.17337 0.93969 
v 0.02108 -0.00777 0.69572 
v 0.02617 -0.00679 0.67468 
v 0.05818 0.00610 0.70083 
v -0.02175 0.07138 0.23262 
v -0.04043 0.04911 0.23588 
v -0.03951 0.05488 0.21119 
v -0.02287 0.07750 0.19849 
v -0.11013 0.06169 0.32468 
v -0.10645 0.06149 0.34293 
v -0.11658 0.08143 0.34368 
v -0.11948 0.08383 0.32442 
v -0.01849 0.13903 0.41208 
v -0.04316 0.14638 0.40010 
v -0.04303 0.14602 0.41168 
v -0.06956 0.15073 0.38676 
v -0.06948 0.15248 0.37477 
v -0.08659 0.14748 0.37331 
v -0.08088 0.14665 0.38787 
v -0.14313 0.06294 0.78002 
v -0.09160 0.10212 0.12017 
v -0.09418 0.09094 0.11399 
v -0.10000 0.10332 0.16554 
v 0.04805 0.11046 0.50608 
v 0.02558 0.13594 0.50889 
v 0.05250 0.11049 0.52289 
v 0.02002 0.01787 0.57824 
v 0.01696 0.01948 0.56092 
v 0.03439 0.03194 0.55431 
v 0.04034 0.03185 0.57354 
v 0.13420 0.04739 0.85605 
v -0.06260 0.01100 0.66579 
v -0.03987 -0.00736 0.65964 
v -0.04507 -0.00843 0.68872 
v -0.06282 0.00863 0.69280 
v -0.07687 0.15425 0.28326 
v -0.07488 0.15682 0.31149 
v -0.05793 0.15701 0.31077 
v -0.05666 0.15345 0.27627 
v -0.00446 0.11737 0.29356 
v -0.00707 0.12886 0.30870 
v -0.00029 0.11872 0.33568 
v 0.10186 0.10071 0.73171 
v 0.09788 0.05948 0.72776 
v 0.09360 0.06426 0.68790 
v 0.10021 0.09757 0.70091 
v -0.05917 0.04984 0.20657 
v -0.03324 0.06462 0.19115 
v -0.07570 0.03726 0.31067 
v -0.05769 0.03627 0.30089 
v -0.06387 0.03667 0.33095 
v -0.03311 0.03609 0.39513 
v -0.10343 0.10242 0.18714 
v -0.09694 0.11973 0.17900 
v -0.09493 0.11504 0.16138 
v -0.05491 0.13391 0.15720 
v -0.08110 0.12669 0.15620 
v -0.07417 0.13601 0.17897 
v -0.05383 0.13828 0.17784 
v 0.04852 0.17345 0.86607 
v 0.07273 0.15557 0.85721 
v 0.06761 0.16459 0.82851 
v 0.05248 0.17640 0.83015 
v 0.09926 0.12131 0.75297 
v 0.09719 0.12652 0.72623 
v 0.08263 0.15441 0.75552 
v -0.12228 0.13377 0.86062 
v -0.14134 0.10504 0.85515 
v -0.13752 0.03771 0.90583 
v -0.12776 0.04045 0.92724 
v -0.10047 0.13369 0.37911 
v -0.09261 0.13644 0.39648 
v -0.08671 0.13633 0.65587 
v -0.09302 0.12425 0.67522 
v -0.08434 0.14621 0.68222 
v -0.07409 0.15438 0.66113 
v 0.06634 0.15830 0.89479 
v 0.08205 0.14268 0.87535 
v 0.05721 0.16603 0.88057 
v -0.09696 0.12092 0.95913 
v -0.13456 0.11535 0.78579 
v -0.14279 0.08094 0.78219 
v -0.14672 0.08844 0.80956 
v -0.13646 0.11823 0.81653 
v -0.08626 0.16020 0.72096 
v -0.06176 0.18526 0.73559 
v -0.05710 0.17987 0.69671 
v -0.07205 0.16642 0.68914 
v 0.02165 0.10879 0.42714 
v -0.00471 0.12974 0.41723 
v 0.00468 0.12901 0.45670 
v 0.03036 0.10732 0.45507 
v -0.01853 0.04853 0.38131 
v -0.00552 0.06721 0.36193 
v -0.09027 0.06882 0.15980 
v -0.08323 0.06771 0.12592 
v -0.06908 0.06340 0.13352 
v -0.07942 0.06034 0.16826 
v 0.08522 0.13968 0.68586 
v 0.08331 0.13527 0.65858 
v 0.06500 0.15801 0.66457 
v 0.07428 0.15660 0.69473 
v 0.08314 0.11782 0.62258 
v 0.07334 0.10533 0.57755 
v 0.07303 0.12535 0.59888 
v -0.07209 0.03276 0.50047 
v -0.05911 0.02355 0.46660 
v -0.06291 0.02365 0.49233 
v -0.08164 0.04810 0.52014 
v 0.09040 0.08080 0.64715 
v 0.09512 0.08949 0.66967 
v 0.07987 0.05465 0.64468 
v 0.04744 0.04877 0.54179 
v 0.05924 0.06775 0.54444 
v 0.06905 0.07138 0.56844 
v 0.05640 0.04892 0.57176 
v -0.02388 0.11416 0.12327 
v -0.03393 0.12150 0.12047 
v -0.03757 0.12605 0.13609 
v -0.02352 0.11682 0.13304 
v -0.06830 0.05687 0.17699 
v -0.05871 0.06245 0.13884 
v -0.05038 0.06009 0.16616 
v 0.01917 0.00429 0.63460 
v 0.00689 0.00835 0.60245 
v 0.02952 0.01492 0.61008 
v 0.03819 0.01188 0.63670 
v -0.01161 0.00125 0.60490 
v -0.03452 0.00544 0.61145 
v -0.04748 0.01622 0.58406 
v -0.01370 0.00901 0.57270 
v -0.11972 0.08663 0.28988 
v -0.11783 0.08700 0.27201 
v -0.11260 0.06490 0.28530 
v -0.02325 0.14852 0.47964 
v -0.02784 0.15183 0.51765 
v -0.06398 0.13527 0.47872 
v -0.06459 0.13596 0.51311 
v -0.04794 0.14898 0.51782 
v -0.04618 0.14706 0.47676 
v 0.11225 0.05996 0.80770 
v 0.11099 0.08400 0.83010 
v 0.10243 0.05839 0.79248 
v 0.10510 0.08483 0.79960 
v 0.10660 0.08309 0.80968 
v 0.05167 0.09525 0.50792 
v -0.00718 0.13470 0.36497 
v -0.01279 0.13705 0.39105 
v 0.00130 0.11897 0.38693 
v 0.00090 0.11492 0.36881 
v -0.00267 0.12407 0.36166 
v 0.01505 0.09386 0.41152 
v 0.01100 0.10990 0.41276 
v 0.02712 0.09293 0.43081 
v 0.08625 0.03049 0.76734 
v 0.10175 0.04150 0.78575 
v -0.08854 0.11675 0.44628 
v -0.07224 0.13571 0.44238 
v -0.08284 0.13979 0.40856 
v -0.09596 0.11646 0.42055 
v -0.09088 0.07227 0.41843 
v -0.08283 0.05365 0.41022 
v -0.08790 0.07581 0.44039 
v -0.02096 0.06252 0.27359 
v -0.01167 0.08359 0.27059 
v -0.11185 0.06739 0.73780 
v -0.09856 0.05481 0.71811 
v -0.07833 0.02568 0.71245 
v -0.08933 0.03067 0.73136 
v -0.00474 0.09336 0.30327 
v -0.00939 0.09611 0.26806 
v -0.01977 0.12424 0.20377 
v -0.01216 0.12079 0.25118 
v -0.00843 0.11302 0.25310 
v -0.02193 0.16971 0.96344 
v 0.03739 0.17849 0.87989 
v 0.04655 0.17087 0.91328 
v 0.05281 0.15813 0.63363 
v 0.04311 0.17261 0.67690 
v 0.04349 0.13958 0.55211 
v 0.02089 0.15269 0.56052 
v 0.04722 0.14653 0.58041 
v 0.13745 0.07233 0.90455 
v 0.11865 0.10150 0.92016 
v -0.03347 0.18859 0.85199 
v -0.00973 0.19105 0.85666 
v -0.01292 0.19225 0.83222 
v -0.03529 0.19079 0.83275 
v -0.12165 0.13878 0.79865 
v -0.10528 0.07461 0.72323 
v -0.10304 0.11490 0.71415 
v -0.09624 0.13833 0.71722 
v -0.09414 0.14825 0.31527 
v -0.09453 0.14102 0.25230 
v -0.08881 0.14143 0.23777 
v -0.09665 0.13215 0.21934 
v -0.10672 0.12955 0.25527 
v -0.06140 0.02520 0.52211 
v -0.04908 0.01764 0.51355 
v -0.04232 0.01524 0.53705 
v -0.05928 0.02343 0.55350 
v -0.02061 0.01634 0.50191 
v -0.00612 0.02439 0.49336 
v 0.00111 0.02433 0.50937 
v -0.01269 0.01651 0.51879 
v 0.08841 0.14155 0.71875 
v 0.05927 0.17059 0.70770 
v 0.07482 0.16031 0.73435 
v -0.03134 0.18877 0.69420 
v -0.02283 0.19908 0.74496 
v 0.00301 0.19800 0.75086 
v -0.01940 0.11093 0.17244 
v -0.02327 0.12199 0.17423 
v -0.01582 0.10882 0.20270 
v -0.03793 0.13198 0.15676 
v -0.02425 0.11991 0.15328 
v 0.03626 0.16474 0.95608 
v 0.06743 0.14868 0.94884 
v -0.09281 0.11218 0.60784 
v -0.09020 0.12365 0.63751 
v -0.07174 0.15173 0.62667 
v -0.03088 0.15007 0.30860 
v -0.02793 0.14644 0.27658 
v 0.07318 0.01866 0.75109 
v 0.01904 0.06769 0.43314 
v 0.01438 0.07764 0.41225 
v 0.03267 0.07452 0.45292 
v 0.04444 0.08251 0.47738 
v 0.03996 0.06852 0.48003 
v 0.01786 0.05471 0.45520 
v -0.08087 0.03763 0.62190 
v -0.08820 0.05697 0.62825 
v -0.09457 0.07643 0.60771 
v -0.08612 0.05220 0.59676 
v 0.07042 0.08816 0.56769 
v -0.11673 0.12537 0.75389 
v -0.11044 0.12927 0.74330 
v -0.11231 0.10419 0.73278 
v -0.11933 0.09637 0.74421 
v -0.04994 0.03732 0.35752 
v -0.06752 0.03875 0.37705 
v -0.07140 0.03916 0.36467 
v -0.09719 0.09170 0.42563 
v -0.10422 0.08708 0.39768 
v -0.09872 0.06816 0.39311 
v 0.09709 0.11791 0.81198 
v 0.09123 0.12922 0.83901 
v 0.08696 0.14019 0.82095 
v -0.01386 -0.01228 0.69001 
v -0.00704 -0.00817 0.66119 
v -0.06407 0.01521 0.65277 
v -0.06609 0.01835 0.64093 
v -0.03471 -0.00512 0.64075 
v -0.11796 0.10559 0.26529 
v -0.11277 0.11783 0.26027 
v -0.10238 0.11753 0.20081 
v -0.10726 0.09999 0.20928 
v -0.05303 0.14337 0.20429 
v -0.06785 0.14147 0.20218 
v -0.06844 0.14798 0.23168 
v -0.04962 0.14783 0.23915 
v -0.03476 0.13474 0.17697 
v -0.02977 0.13403 0.20446 
v 0.03482 0.09349 0.45304 
v 0.04223 0.10166 0.47716 
v 0.13389 0.07527 0.89015 
v 0.11744 0.10089 0.89665 
v 0.01320 0.03044 0.50284 
v -0.06759 0.14819 0.40918 
v 0.08796 0.10548 0.63269 
v 0.09180 0.10823 0.65534 
v -0.00070 0.09610 0.33060 
v 0.00088 0.09385 0.35573 
v -0.03787 0.06958 0.15285 
v -0.04122 0.06808 0.13825 
v -0.02752 0.07792 0.13057 
v -0.02738 0.07895 0.14907 
v -0.11267 0.01124 0.75619 
v -0.08980 0.00857 0.74267 
v -0.15373 0.06350 0.84236 
v -0.15167 0.02728 0.84061 
v -0.14898 0.03153 0.86871 
v -0.14866 0.07205 0.86500 
v -0.03699 0.04131 0.34553 
v -0.02283 0.05100 0.33082 
v -0.02619 0.04520 0.36624 
v -0.09395 0.09686 0.44412 
v -0.05374 0.12925 0.13708 
v -0.06541 0.12853 0.13342 
v 0.04325 0.18221 0.72610 
v 0.03128 0.19135 0.75360 
v -0.01339 0.08995 0.23274 
v -0.01641 0.09568 0.19406 
v -0.07757 0.02863 0.69751 
v -0.08495 0.04079 0.66022 
v 0.08927 0.13175 0.94057 
v -0.09989 0.05170 0.34161 
v -0.08952 0.04262 0.31179 
v -0.08131 0.04051 0.34811 
v -0.10184 0.05240 0.30031 
v -0.09350 0.04648 0.28465 
v 0.07385 0.14238 0.63857 
v 0.06202 0.14298 0.60711 
v -0.03678 0.17380 0.63936 
v -0.05922 0.17103 0.66612 
v -0.00967 0.18957 0.87983 
v -0.05757 0.18004 0.86969 
v -0.05952 0.17763 0.89308 
v 0.00802 0.18367 0.92482 
v -0.04659 0.18166 0.91452 
v -0.00248 0.14898 0.52417 
v -0.00250 0.15329 0.53832 
v -0.07978 0.04408 0.38019 
v -0.09003 0.15954 0.89245 
v -0.09047 0.16305 0.86521 
v -0.06007 0.18173 0.83251 
v -0.09031 0.16655 0.83307 
v -0.01857 0.13112 0.24438 
v -0.01698 0.13792 0.28098 
v -0.00803 0.12520 0.28894 
v -0.02785 0.14113 0.23945 
v -0.07901 0.04483 0.54076 
v -0.08269 0.04618 0.57550 
v -0.09158 0.07123 0.57736 
v -0.07306 0.03559 0.57310 
v -0.07070 0.03437 0.53261 
v -0.00063 0.03771 0.45912 
v 0.01138 0.04038 0.48224 
v -0.00939 0.02918 0.46088 
v -0.02970 0.02460 0.43647 
v -0.03320 0.01931 0.44711 
v -0.06113 0.02651 0.44244 
v -0.05820 0.03338 0.41327 
v -0.00393 -0.00587 0.63263 
v -0.00494 -0.00627 0.64357 
v 0.00450 0.09338 0.38544 
v 0.00639 0.07908 0.39584 
v -0.00166 0.07996 0.35902 
v -0.03601 0.01307 0.51126 
v -0.02701 0.01218 0.52864 
v -0.03563 0.01267 0.55959 
v -0.10508 0.12631 0.93777 
v -0.11332 0.12732 0.91529 
v -0.13279 0.09003 0.90997 
v -0.12222 0.08877 0.93053 
v 0.07477 0.08777 0.58461 
v 0.01828 0.14698 0.53058 
v 0.04974 0.12631 0.53681 
v -0.06602 0.18441 0.77217 
v -0.08293 0.06080 0.18057 
v -0.09284 0.06815 0.18209 
v -0.09975 0.05533 0.26375 
v -0.10488 0.07088 0.23653 
v -0.09047 0.05759 0.21993 
v -0.07964 0.04580 0.25100 
v -0.09348 0.10404 0.59034 
v -0.04456 0.14907 0.38838 
v -0.05620 0.03947 0.27069 
v -0.03764 0.04414 0.27244 
v -0.03292 0.04563 0.31085 
v -0.08565 0.13642 0.19971 
v -0.07920 0.14350 0.21934 
v 0.14759 0.02747 0.87948 
v 0.14020 0.01993 0.85767 
v 0.09940 0.11829 0.85718 
v -0.05628 0.04503 0.23869 
v -0.07522 0.15654 0.33339 
v -0.09481 0.14698 0.33933 
v -0.08895 0.09696 0.50210 
v -0.08747 0.10080 0.53300 
v -0.08062 0.12155 0.47791 
v -0.01814 0.10543 0.13444 
v -0.01753 0.10500 0.12321 
v -0.10759 0.14930 0.76722 
v -0.09061 0.16919 0.78156 
v -0.08190 0.17436 0.76788 
v -0.10172 0.15223 0.75488 
v -0.11065 0.08683 0.95525 
v -0.11562 0.04193 0.95156 
v -0.06795 0.14154 0.55061 
v -0.04497 0.15394 0.54344 
v -0.06589 0.13748 0.52595 
v -0.09128 0.05449 0.38547 
v 0.08111 0.02742 0.71328 
v 0.09906 0.05676 0.74902 
v 0.00412 0.17157 0.96045 
v -0.09620 0.09861 0.65902 
v -0.10063 0.08017 0.70772 
v -0.09588 0.08225 0.63635 
v -0.09016 0.05358 0.67797 
v -0.00097 0.18795 0.90264 
v -0.05136 0.01285 0.62106 
v -0.03067 -0.00365 0.62897 
v 0.00343 0.04649 0.44247 
v -0.00008 0.06019 0.41074 
v -0.02282 0.00297 0.73772 
v -0.06142 0.00566 0.74001 
v -0.08835 0.08018 0.47218 
v -0.07960 0.05579 0.43626 
v -0.08373 0.05245 0.46698 
v -0.04888 0.12397 0.11470 
v -0.06504 0.12509 0.11771 
v -0.10098 0.05171 0.32112 
v 0.04941 0.09163 0.49886 
v 0.05187 0.07971 0.51274 
v 0.04821 0.07616 0.50228 
v 0.03292 0.05487 0.48635 
v 0.03502 0.17950 0.86471 
v 0.03323 0.18513 0.83132 
v 0.01376 0.18889 0.86154 
v -0.10355 0.08785 0.18980 
v -0.10043 0.08872 0.16327 
v -0.02306 0.08447 0.16567 
v -0.02868 0.07333 0.17915 
v -0.08421 0.05882 0.19867 
v -0.09498 0.06843 0.20302 
v -0.01950 0.10886 0.15350 
v -0.04643 0.03864 0.32915 
v -0.05665 0.03668 0.34396 
v -0.09032 0.04954 0.70358 
v 0.06501 0.15596 0.92987 
v 0.08886 0.13548 0.92232 
v -0.01218 0.10263 0.23864 
v 0.05890 0.12949 0.56605 
v -0.05702 0.15072 0.25568 
v -0.07916 0.15072 0.25711 
v -0.04864 0.01580 0.48428 
v -0.10772 0.08529 0.21721 
v -0.08802 0.10986 0.47873 
v -0.07969 0.12143 0.50867 
v 0.06901 0.02867 0.66587 
v 0.04407 0.01055 0.65469 
v 0.02173 0.00142 0.64788 
v 0.05094 0.06617 0.52181 
v 0.04095 0.04869 0.52310 
v 0.03126 0.04621 0.50805 
v -0.02889 0.14481 0.44382 
v -0.01548 0.14304 0.46161 
v -0.04245 0.14324 0.42938 
v -0.05605 0.14559 0.43648 
v -0.07580 0.04522 0.42009 
v 0.12424 0.01588 0.82021 
v 0.04784 0.15349 0.60740 
v -0.06565 0.02361 0.60342 
v 0.04821 0.02119 0.63814 
v 0.06201 0.03013 0.64049 
v -0.04979 -0.00678 0.70274 
v -0.05595 -0.00286 0.71605 
v -0.06807 0.01345 0.71036 
v -0.01751 0.15711 0.55867 
v -0.07746 0.03958 0.27736 
v -0.08141 0.12598 0.55248 
v -0.06483 0.15065 0.58209 
v -0.04715 0.15947 0.58655 
v 0.10235 0.09528 0.75244 
v 0.10252 0.09757 0.74355 
v 0.09804 0.11769 0.70742 
v 0.09565 0.11074 0.67455 
v 0.01141 0.13581 0.48627 
v -0.10802 0.13516 0.34368 
v 0.01272 0.19155 0.83200 
v -0.12339 0.13835 0.83002 
v -0.14705 0.09510 0.83516 
v -0.07638 0.03547 0.60055 
v 0.08135 0.15543 0.76499 
v 0.03773 0.11245 0.47657 
v -0.00656 0.13224 0.33617 
v -0.09565 0.05313 0.36370 
v -0.08078 0.04240 0.36432 
v -0.10375 0.09868 0.40147 
v -0.10202 0.11468 0.40271 
v -0.10784 0.11502 0.38408 
v -0.10965 0.09782 0.38259 
v -0.10376 0.06352 0.36613 
v -0.03933 0.03792 0.37793 
v 0.04897 0.02711 0.61856 
v 0.06022 0.03482 0.62365 
v -0.03314 0.01560 0.47291 
v -0.13844 0.08675 0.89601 
v -0.06105 0.02236 0.58170 
v -0.01705 0.14135 0.30691 
v 0.00435 0.01108 0.58505 
v -0.14582 0.02306 0.80318 
v -0.13572 0.01619 0.78150 
v 0.15037 0.03883 0.89828 
v -0.05223 0.01772 0.46342 
v 0.02349 0.01598 0.59485 
v -0.02303 0.14565 0.37092 
v -0.05865 0.18300 0.84545 
v 0.02042 0.04305 0.49290 
v -0.03690 0.19501 0.74178 
v 0.06522 0.04835 0.60090 
v 0.07468 0.07011 0.59218 
v -0.10827 0.13469 0.29274 
v -0.09493 0.14661 0.28869 
v -0.08672 0.07539 0.50150 
v 0.05860 0.17621 0.77417 
v -0.01759 0.01237 0.54580 
v -0.01350 0.03227 0.43985 
v -0.04143 0.15088 0.37279 
v 0.06064 0.17450 0.75491 
v 0.12542 0.00081 0.82118 
v -0.00136 0.14750 0.50884 
v -0.01813 0.02156 0.46237 
v 0.07553 0.00132 0.75834 
v -0.11474 0.00108 0.95033 
v -0.01463 -0.01166 0.69733 
v 0.02259 0.00047 0.74065 
v -0.02281 0.00036 0.73716 
v -0.06168 0.00034 0.73838 
v 0.03344 0.19056 0.77851 
v 0.00786 0.19805 0.78003 
v 0.04660 0.03188 0.59216 
v 0.00152 0.01379 0.56685 
v -0.00259 0.01749 0.54002 
v 0.01211 0.02118 0.53520 
v 0.02705 0.03612 0.52884 
v -0.13968 0.03042 0.78122 
v -0.09049 0.10917 0.56346 
v -0.08174 0.12360 0.53479 
v -0.06168 0.15635 0.33186 
v -0.01485 0.03982 0.42382 
v -0.11629 0.11837 0.34626 
v -0.01797 0.09958 0.17225 
v -0.01920 0.09854 0.15566 
v -0.08549 0.11348 0.12565 
v 0.04307 0.05973 0.50597 
v 0.04581 0.10644 0.49576 
v 0.04298 0.11296 0.49362 
v -0.09392 0.08401 0.11574 
v -0.09074 0.07831 0.12035 
v -0.01967 0.09465 0.13870 
v -0.01892 0.09198 0.12448 
v -0.06392 0.03771 0.38917 
v -0.01991 0.07922 0.10300 
v -0.01506 0.08913 0.10184 
v -0.07167 0.07136 0.10178 
v -0.05045 0.12326 0.10007 
v -0.04202 0.12166 0.10024 
v -0.05199 0.06584 0.11365 
v -0.05992 0.06641 0.10921 
v -0.09080 0.09705 0.09698 
v -0.08132 0.10519 0.09905 
v -0.02282 0.11234 0.10085 
v -0.01689 0.10464 0.10142 
v -0.03915 0.07048 0.11048 
v -0.07580 0.11535 0.09929 
v -0.01332 0.09603 0.09861 
v -0.06377 0.12271 0.10014 
v -0.09226 0.08767 0.09598 
v -0.09066 0.08052 0.09677 
v -0.03103 0.11848 0.10022 
v -0.08538 0.07399 0.09836 
v -0.10927 0.08304 0.37832 
v -0.02805 0.16079 0.57550 
v 0.00888 0.15891 0.57441 
v -0.07663 0.11238 0.09087 
v -0.06262 0.06870 0.09345 
v -0.04924 0.12286 0.08903 
v -0.08349 0.10371 0.09094 
v -0.08864 0.09924 0.09081 
v -0.02243 0.07563 0.09496 
v -0.09277 0.08746 0.09125 
v -0.08328 0.00281 0.74422 
v -0.10545 0.00370 0.75817 
v -0.12974 0.00436 0.78335 
v -0.14065 0.00650 0.80519 
v -0.14764 0.00774 0.83632 
v -0.14613 0.00684 0.86861 
v -0.13547 0.00526 0.90781 
v -0.00072 0.16209 0.98545 
v 0.14117 0.06708 0.93905 
v 0.03740 0.15511 0.98057 
v -0.06924 0.13480 0.98063 
v -0.10441 0.04323 0.97516 
v -0.12673 0.00705 0.92915 
v -0.11805 0.01066 0.94995 
v -0.10471 0.01650 0.97655 
v -0.07249 0.04099 0.43883 
v -0.07291 0.03504 0.44974 
v -0.07941 0.04345 0.45771 
v -0.07104 0.03045 0.46040 
v -0.00237 0.11778 0.31420 
v -0.00160 0.09555 0.32571 
v -0.08849 0.12337 0.59987 
v 0.10200 -0.08757 0.77606 
v 0.09829 -0.05312 0.77040 
v 0.09842 -0.05360 0.76068 
v -0.04109 -0.19492 0.77814 
v -0.04191 -0.19396 0.79178 
v -0.01640 -0.19784 0.79460 
v -0.01879 -0.19942 0.78038 
v -0.11649 -0.12056 0.29622 
v -0.11947 -0.10523 0.29550 
v -0.12001 -0.10380 0.32492 
v -0.11626 -0.12141 0.32432 
v -0.00420 -0.19039 0.69156 
v 0.01927 -0.18508 0.68879 
v 0.02081 -0.16953 0.62286 
v -0.01184 -0.17318 0.61966 
v -0.00476 -0.08038 0.33298 
v -0.01442 -0.05919 0.34867 
v -0.01767 -0.05947 0.31903 
v -0.00974 -0.07842 0.30609 
v -0.07850 -0.15587 0.94011 
v -0.07376 -0.14610 0.96035 
v -0.04939 -0.16173 0.96310 
v -0.04971 -0.17362 0.93888 
v 0.02094 0.00887 0.69529 
v 0.02633 0.00791 0.67467 
v 0.05881 -0.00405 0.70114 
v -0.02285 -0.07163 0.23175 
v -0.04190 -0.05065 0.23498 
v -0.04049 -0.05667 0.21012 
v -0.02363 -0.07890 0.19737 
v -0.11093 -0.06187 0.32484 
v -0.10716 -0.06125 0.34336 
v -0.11658 -0.08160 0.34429 
v -0.11936 -0.08448 0.32476 
v -0.01632 -0.13935 0.41305 
v -0.04042 -0.14754 0.40166 
v -0.04020 -0.14714 0.41304 
v -0.06673 -0.14993 0.38848 
v -0.06672 -0.15174 0.37646 
v -0.08381 -0.14653 0.37494 
v -0.07802 -0.14548 0.38958 
v -0.14184 -0.04476 0.78180 
v -0.14418 -0.06171 0.78127 
v -0.12906 -0.06516 0.75470 
v -0.12254 -0.03009 0.75588 
v -0.09224 -0.09704 0.11816 
v -0.09391 -0.08531 0.11241 
v -0.10007 -0.09956 0.16338 
v 0.04788 -0.10934 0.50739 
v 0.02642 -0.13631 0.51004 
v 0.05220 -0.10908 0.52425 
v 0.01999 -0.01681 0.57986 
v 0.01646 -0.01855 0.56261 
v 0.03451 -0.03021 0.55563 
v 0.04086 -0.02993 0.57481 
v 0.11882 -0.07906 0.85501 
v 0.13198 -0.04620 0.85676 
v 0.11726 -0.03767 0.81692 
v -0.06410 -0.01073 0.66403 
v -0.04083 0.00748 0.65872 
v -0.04615 0.00920 0.68629 
v -0.06434 -0.00796 0.68985 
v -0.07431 -0.15434 0.28355 
v -0.07167 -0.15700 0.31237 
v -0.05491 -0.15815 0.31164 
v -0.05430 -0.15460 0.27639 
v -0.00520 -0.11611 0.29420 
v -0.00718 -0.12785 0.30965 
v -0.00305 -0.11646 0.31515 
v 0.10150 -0.09867 0.73341 
v 0.09817 -0.05707 0.72938 
v 0.09454 -0.06185 0.68915 
v 0.10026 -0.09544 0.70234 
v -0.05949 -0.05098 0.20535 
v -0.03350 -0.06666 0.19001 
v -0.07838 -0.03706 0.31049 
v -0.06062 -0.03743 0.30059 
v -0.06630 -0.03735 0.33100 
v -0.05528 -0.03331 0.40836 
v -0.03323 -0.03713 0.39609 
v -0.03210 -0.03435 0.40743 
v -0.10333 -0.09985 0.18506 
v -0.09784 -0.11710 0.17687 
v -0.09598 -0.11142 0.15911 
v -0.05762 -0.13279 0.15530 
v -0.08326 -0.12346 0.15400 
v -0.07586 -0.13420 0.17719 
v -0.05572 -0.13844 0.17601 
v 0.04775 -0.17282 0.86699 
v 0.07133 -0.15463 0.85837 
v 0.06648 -0.16370 0.82960 
v 0.05165 -0.17575 0.83106 
v 0.09850 -0.11952 0.75465 
v 0.09665 -0.12481 0.72763 
v 0.08187 -0.15322 0.75671 
v -0.12282 -0.13327 0.86134 
v -0.14189 -0.10416 0.85648 
v -0.12053 -0.12858 0.89191 
v -0.13720 -0.03534 0.90661 
v -0.13567 -0.00207 0.90799 
v -0.12715 -0.00426 0.92946 
v -0.12744 -0.03839 0.92796 
v -0.09823 -0.13322 0.38068 
v -0.09022 -0.13561 0.39817 
v -0.08715 -0.13715 0.65424 
v -0.09369 -0.12489 0.67351 
v -0.08507 -0.14677 0.68048 
v -0.07452 -0.15514 0.65948 
v 0.06499 -0.15752 0.89586 
v 0.08035 -0.14169 0.87662 
v 0.05616 -0.16533 0.88160 
v -0.09543 -0.12069 0.95868 
v -0.13583 -0.11432 0.78621 
v -0.14392 -0.07971 0.78326 
v -0.14727 -0.08713 0.81092 
v -0.13714 -0.11712 0.81740 
v -0.08737 -0.16020 0.71953 
v -0.06268 -0.18526 0.73464 
v -0.05787 -0.18029 0.69540 
v -0.07275 -0.16683 0.68759 
v 0.02238 -0.10759 0.42804 
v -0.00284 -0.12972 0.41802 
v 0.00573 -0.12953 0.45750 
v 0.03069 -0.10673 0.45605 
v -0.01894 -0.04861 0.38231 
v -0.00612 -0.06578 0.36289 
v -0.00373 -0.06406 0.38384 
v -0.01097 -0.05224 0.39218 
v -0.08824 -0.06539 0.15782 
v -0.08070 -0.06517 0.12443 
v -0.06687 -0.06394 0.13226 
v -0.07744 -0.05830 0.16626 
v 0.08467 -0.13806 0.68670 
v 0.08281 -0.13352 0.65936 
v 0.06451 -0.15691 0.66493 
v 0.07371 -0.15537 0.69536 
v 0.08293 -0.11582 0.62359 
v 0.07339 -0.10344 0.57882 
v 0.07292 -0.12370 0.59991 
v -0.07305 -0.03271 0.50189 
v -0.07716 -0.03669 0.47416 
v -0.07119 -0.02961 0.46127 
v -0.06408 -0.02308 0.49382 
v -0.08234 -0.05116 0.50099 
v -0.08246 -0.04862 0.52144 
v -0.08702 -0.06963 0.53291 
v 0.09105 -0.07847 0.64824 
v 0.09550 -0.08713 0.67087 
v 0.08129 -0.05228 0.64565 
v 0.04795 -0.04671 0.54286 
v 0.05990 -0.06562 0.54547 
v 0.06989 -0.06916 0.56951 
v 0.05733 -0.04669 0.57285 
v -0.02649 -0.11659 0.12190 
v -0.03651 -0.12369 0.11886 
v -0.04064 -0.12784 0.13415 
v -0.02643 -0.11939 0.13142 
v -0.06689 -0.05676 0.17529 
v -0.05656 -0.06477 0.13789 
v -0.04888 -0.06230 0.16498 
v 0.01952 -0.00442 0.63589 
v 0.00691 -0.00827 0.60419 
v 0.03026 -0.01369 0.61136 
v 0.03914 -0.01091 0.63774 
v -0.01190 -0.00166 0.60668 
v -0.03513 -0.00568 0.61262 
v -0.04866 -0.01612 0.58555 
v -0.01465 -0.00906 0.57486 
v -0.11946 -0.08778 0.28964 
v -0.11757 -0.08793 0.27150 
v -0.11310 -0.06559 0.28483 
v 0.00013 -0.14912 0.50972 
v -0.02165 -0.15008 0.48033 
v -0.02620 -0.15343 0.51839 
v -0.06203 -0.13518 0.47947 
v -0.06320 -0.13654 0.51379 
v -0.04629 -0.14973 0.51851 
v -0.04428 -0.14744 0.47742 
v -0.14488 -0.09495 0.85911 
v 0.10954 -0.05842 0.80896 
v 0.10848 -0.08279 0.83126 
v 0.09956 -0.05664 0.79407 
v 0.10267 -0.08331 0.80132 
v 0.10389 -0.08170 0.81121 
v 0.05141 -0.09370 0.50906 
v -0.00662 -0.13344 0.36630 
v -0.01151 -0.13626 0.39217 
v 0.00170 -0.11739 0.38785 
v 0.00069 -0.11310 0.36988 
v -0.00270 -0.12247 0.36290 
v 0.01578 -0.09268 0.41249 
v 0.01201 -0.10889 0.41366 
v 0.02757 -0.09173 0.43183 
v 0.09913 -0.01306 0.78090 
v 0.08475 -0.02806 0.76885 
v 0.09938 -0.03944 0.78723 
v 0.10763 -0.02078 0.79414 
v -0.08700 -0.11624 0.44743 
v -0.06981 -0.13491 0.44334 
v -0.08017 -0.13868 0.41010 
v -0.09426 -0.11572 0.42192 
v -0.09085 -0.07111 0.41937 
v -0.08325 -0.05224 0.41086 
v -0.08756 -0.07495 0.44144 
v -0.02214 -0.06189 0.27329 
v -0.01251 -0.08226 0.27051 
v -0.11383 -0.06646 0.73725 
v -0.10017 -0.05429 0.71648 
v -0.08017 -0.02477 0.70944 
v -0.09112 -0.02918 0.73001 
v -0.00560 -0.09170 0.30386 
v -0.01038 -0.09479 0.26809 
v -0.02120 -0.12491 0.20266 
v -0.01304 -0.11989 0.25103 
v -0.00959 -0.11195 0.25303 
v -0.02118 -0.17001 0.96245 
v 0.03671 -0.17801 0.88065 
v 0.04545 -0.17051 0.91391 
v 0.05263 -0.15733 0.63387 
v 0.04249 -0.17201 0.67692 
v 0.04399 -0.13899 0.55332 
v 0.02168 -0.15313 0.56142 
v 0.04755 -0.14590 0.58126 
v 0.13497 -0.07148 0.90529 
v 0.11670 -0.10080 0.92098 
v -0.03364 -0.18871 0.85201 
v -0.01010 -0.19121 0.85695 
v -0.01331 -0.19257 0.83244 
v -0.03553 -0.19077 0.83273 
v -0.11678 -0.14263 0.78447 
v -0.12248 -0.13770 0.79882 
v -0.09351 -0.16547 0.78934 
v -0.10678 -0.07424 0.72210 
v -0.10449 -0.11499 0.71248 
v -0.09760 -0.13842 0.71557 
v -0.09320 -0.14107 0.25170 
v -0.08775 -0.14102 0.23694 
v -0.09660 -0.13140 0.21798 
v -0.10600 -0.13017 0.25455 
v -0.06310 -0.02506 0.52388 
v -0.05091 -0.01710 0.51546 
v -0.04421 -0.01487 0.53910 
v -0.06090 -0.02337 0.55522 
v -0.02192 -0.01672 0.50359 
v -0.00637 -0.02390 0.49444 
v 0.00047 -0.02366 0.51070 
v -0.01419 -0.01676 0.52062 
v 0.08785 -0.14011 0.71986 
v 0.05869 -0.16977 0.70811 
v 0.07424 -0.15933 0.73522 
v -0.03231 -0.18955 0.69316 
v -0.02393 -0.19991 0.74444 
v 0.00208 -0.19829 0.75074 
v -0.09931 -0.03313 0.73569 
v -0.09853 -0.01842 0.74020 
v -0.02095 -0.11288 0.17091 
v -0.02520 -0.12377 0.17261 
v -0.01741 -0.10959 0.20168 
v -0.04090 -0.13336 0.15476 
v -0.02689 -0.12207 0.15149 
v 0.03556 -0.16468 0.95581 
v 0.06633 -0.14824 0.94907 
v -0.02921 -0.15054 0.30953 
v -0.02678 -0.14672 0.27680 
v 0.07232 -0.01641 0.75247 
v 0.05088 -0.00436 0.74283 
v 0.05335 -0.00487 0.73010 
v 0.08316 -0.02663 0.74456 
v 0.01975 -0.06665 0.43403 
v 0.01501 -0.07657 0.41319 
v 0.03336 -0.07335 0.45383 
v 0.04480 -0.08123 0.47831 
v 0.04070 -0.06683 0.48071 
v 0.01887 -0.05359 0.45590 
v -0.08174 -0.03857 0.62140 
v -0.08891 -0.05797 0.62746 
v -0.09495 -0.07753 0.60732 
v -0.08690 -0.05320 0.59689 
v 0.06343 -0.09114 0.54567 
v 0.07084 -0.08607 0.56890 
v 0.06487 -0.11952 0.57127 
v 0.06229 -0.13009 0.58047 
v -0.13425 -0.08458 0.76534 
v -0.11867 -0.12480 0.75309 
v -0.11230 -0.12891 0.74214 
v -0.11414 -0.10389 0.73167 
v -0.12149 -0.09574 0.74356 
v -0.05157 -0.03874 0.35789 
v -0.06870 -0.03804 0.37750 
v -0.07281 -0.03857 0.36508 
v -0.09644 -0.09080 0.42683 
v -0.10362 -0.08632 0.39874 
v -0.09885 -0.06732 0.39389 
v 0.09523 -0.11659 0.81357 
v 0.08911 -0.12802 0.84035 
v 0.07032 -0.16407 0.79687 
v 0.08537 -0.13903 0.82235 
v 0.08454 -0.14741 0.79453 
v -0.01445 0.01302 0.68863 
v -0.00733 0.00849 0.66111 
v -0.06525 -0.01533 0.65154 
v -0.06701 -0.01880 0.64010 
v -0.03540 0.00486 0.64092 
v -0.11748 -0.10659 0.26472 
v -0.11228 -0.11870 0.25959 
v -0.10274 -0.11595 0.19896 
v -0.10700 -0.09859 0.20761 
v -0.05346 -0.14427 0.20282 
v -0.06834 -0.14113 0.20075 
v -0.06731 -0.14809 0.23084 
v -0.04834 -0.14897 0.23845 
v -0.03686 -0.13622 0.17517 
v -0.03082 -0.13493 0.20320 
v 0.03507 -0.09262 0.45409 
v 0.04217 -0.10098 0.47829 
v 0.06622 -0.00747 0.75011 
v 0.13140 -0.07442 0.89096 
v 0.11524 -0.10008 0.89764 
v 0.01305 -0.02907 0.50390 
v 0.00366 -0.02907 0.48511 
v 0.02253 -0.04045 0.49769 
v -0.06473 -0.14741 0.41064 
v 0.08792 -0.10332 0.63374 
v 0.09171 -0.10601 0.65641 
v -0.00146 -0.09425 0.33146 
v -0.00076 -0.11722 0.33683 
v 0.00168 -0.10789 0.35554 
v 0.00046 -0.09196 0.35667 
v -0.03547 -0.07206 0.15204 
v -0.03877 -0.07077 0.13768 
v -0.02536 -0.08014 0.13011 
v -0.02520 -0.08141 0.14824 
v -0.11298 -0.01109 0.75672 
v -0.09023 -0.00840 0.74279 
v -0.08348 -0.00302 0.74428 
v -0.10556 -0.00387 0.75840 
v -0.15386 -0.06165 0.84383 
v -0.15109 -0.02474 0.84164 
v -0.14842 -0.02872 0.86965 
v -0.14855 -0.07039 0.86634 
v -0.11477 -0.11895 0.34726 
v -0.10596 -0.13563 0.34486 
v -0.10748 -0.13575 0.32069 
v -0.03882 -0.04210 0.34592 
v -0.02444 -0.05028 0.33119 
v -0.02723 -0.04558 0.36706 
v -0.09308 -0.09627 0.44532 
v -0.05672 -0.12780 0.13515 
v -0.06830 -0.12514 0.13142 
v 0.04260 -0.18170 0.72636 
v 0.03059 -0.19104 0.75387 
v -0.01446 -0.08961 0.23205 
v -0.01755 -0.09702 0.19291 
v -0.07912 -0.02843 0.69468 
v -0.08589 -0.04161 0.65866 
v 0.09010 -0.12442 0.96078 
v 0.08797 -0.13120 0.94118 
v -0.00622 -0.13194 0.34385 
v -0.10098 -0.05125 0.34195 
v -0.09172 -0.04218 0.31164 
v -0.08300 -0.03968 0.34841 
v -0.10314 -0.05247 0.29999 
v -0.09525 -0.04614 0.28399 
v 0.07349 -0.14083 0.63921 
v 0.06199 -0.14189 0.60777 
v 0.05047 -0.14674 0.59230 
v -0.03675 -0.17507 0.63809 
v -0.05964 -0.17179 0.66461 
v -0.06921 -0.15197 0.61129 
v -0.07145 -0.15242 0.62548 
v -0.04178 -0.16710 0.61150 
v -0.01019 -0.18996 0.87999 
v -0.05737 -0.17991 0.86947 
v -0.05910 -0.17782 0.89270 
v 0.00725 -0.18414 0.92483 
v -0.04599 -0.18216 0.91396 
v -0.02258 -0.18194 0.93731 
v -0.00108 -0.15077 0.52502 
v -0.00122 -0.15500 0.53913 
v -0.08077 -0.04287 0.38067 
v -0.08986 -0.15940 0.89239 
v -0.09048 -0.16252 0.86523 
v -0.06009 -0.18112 0.83234 
v -0.06859 -0.18276 0.78933 
v -0.09038 -0.16552 0.83300 
v -0.01889 -0.13072 0.24400 
v -0.01650 -0.13748 0.28135 
v -0.00843 -0.12416 0.28950 
v -0.02753 -0.14139 0.23888 
v -0.08016 -0.04543 0.54207 
v -0.08369 -0.04706 0.57629 
v -0.09194 -0.07240 0.57766 
v -0.07429 -0.03613 0.57420 
v -0.07216 -0.03468 0.53422 
v 0.00047 -0.03700 0.45977 
v 0.01226 -0.03890 0.48285 
v -0.00854 -0.02881 0.46157 
v -0.02938 -0.02535 0.43754 
v -0.03307 -0.02001 0.44820 
v -0.06100 -0.02546 0.44314 
v -0.05849 -0.03245 0.41385 
v -0.00411 0.00525 0.63388 
v -0.00513 0.00592 0.64440 
v 0.00464 -0.09188 0.38646 
v 0.00669 -0.07793 0.39686 
v -0.00206 -0.07819 0.35996 
v -0.03774 -0.01291 0.51325 
v -0.02887 -0.01230 0.53076 
v -0.03720 -0.01234 0.56165 
v -0.10390 -0.12597 0.93767 
v -0.11273 -0.12698 0.91558 
v -0.13186 -0.08914 0.91061 
v -0.12093 -0.08795 0.93082 
v 0.07525 -0.08568 0.58580 
v 0.01940 -0.14784 0.53159 
v 0.04989 -0.12528 0.53815 
v -0.05858 -0.15703 0.33313 
v -0.03058 -0.15271 0.33211 
v -0.06673 -0.18373 0.77155 
v -0.08134 -0.05848 0.17860 
v -0.09133 -0.06520 0.18010 
v -0.10058 -0.05499 0.26285 
v -0.10466 -0.07014 0.23534 
v -0.09025 -0.05611 0.21847 
v -0.08085 -0.04525 0.24990 
v -0.09008 -0.11028 0.56358 
v -0.09330 -0.10508 0.59009 
v -0.08808 -0.12425 0.59933 
v -0.04196 -0.15003 0.39006 
v -0.05839 -0.04073 0.27012 
v -0.03966 -0.04499 0.27194 
v -0.03502 -0.04576 0.31082 
v -0.08632 -0.13504 0.19816 
v -0.07882 -0.14275 0.21825 
v 0.14570 -0.02630 0.87992 
v 0.13864 -0.01861 0.85815 
v 0.10878 -0.10510 0.87623 
v 0.09724 -0.11721 0.85844 
v 0.08800 -0.13487 0.89859 
v 0.09766 -0.11513 0.78586 
v -0.05763 -0.04637 0.23776 
v -0.07198 -0.15641 0.33460 
v -0.09212 -0.14699 0.34055 
v -0.08820 -0.09749 0.50304 
v -0.08705 -0.10171 0.53361 
v -0.07889 -0.12145 0.47881 
v -0.01987 -0.10809 0.13300 
v -0.01927 -0.10737 0.12204 
v -0.14726 -0.00482 0.83675 
v -0.14585 -0.00325 0.86889 
v -0.10877 -0.14837 0.76659 
v -0.09115 -0.16791 0.78106 
v -0.08268 -0.17347 0.76717 
v -0.10304 -0.15156 0.75394 
v -0.10919 -0.08623 0.95520 
v -0.11504 -0.04033 0.95209 
v -0.10356 -0.04226 0.97553 
v -0.10010 -0.08047 0.97419 
v -0.06672 -0.14242 0.55090 
v -0.04340 -0.15505 0.54394 
v -0.06461 -0.13822 0.52652 
v -0.07715 -0.04402 0.40109 
v -0.09238 -0.05537 0.38869 
v -0.09181 -0.05355 0.38601 
v 0.08193 -0.02504 0.71428 
v 0.09859 -0.05423 0.75096 
v -0.00007 -0.16185 0.98407 
v 0.00414 -0.17207 0.95984 
v 0.01623 -0.16528 0.60420 
v 0.03204 -0.15884 0.60020 
v -0.09038 -0.12450 0.63622 
v -0.09662 -0.09931 0.65761 
v -0.10207 -0.08020 0.70599 
v -0.09621 -0.08321 0.63527 
v -0.09124 -0.05418 0.67618 
v -0.00161 -0.18834 0.90272 
v 0.04032 -0.16936 0.92809 
v 0.00798 -0.17988 0.93711 
v -0.05220 -0.01315 0.62142 
v -0.03117 0.00328 0.62970 
v 0.00431 -0.04586 0.44326 
v 0.00040 -0.05962 0.41178 
v -0.02261 -0.00264 0.73539 
v -0.02296 -0.00235 0.73719 
v -0.06177 -0.00493 0.73923 
v -0.07190 -0.01218 0.73709 
v -0.06005 -0.02257 0.45488 
v -0.05962 -0.02264 0.46769 
v -0.08777 -0.08006 0.47329 
v -0.07933 -0.05480 0.43706 
v -0.08337 -0.05218 0.46799 
v -0.05094 -0.12361 0.11303 
v -0.06735 -0.12164 0.11579 
v -0.00240 -0.09372 0.32653 
v -0.10234 -0.05155 0.32115 
v 0.04928 -0.09017 0.49992 
v 0.05198 -0.07783 0.51367 
v 0.04847 -0.07431 0.50311 
v 0.03373 -0.05303 0.48692 
v 0.03445 -0.17900 0.86550 
v 0.03261 -0.18473 0.83202 
v 0.01332 -0.18849 0.86208 
v -0.10281 -0.08522 0.18786 
v -0.09954 -0.08467 0.16128 
v -0.02194 -0.08672 0.16455 
v -0.02813 -0.07536 0.17805 
v -0.08338 -0.05704 0.19695 
v -0.09417 -0.06633 0.20128 
v -0.02128 -0.11122 0.15188 
v -0.08666 -0.15682 0.91698 
v -0.04890 -0.03986 0.32921 
v -0.05873 -0.03795 0.34414 
v -0.09199 -0.04942 0.70135 
v -0.13229 -0.11648 0.77759 
v 0.06385 -0.15577 0.91805 
v 0.06369 -0.15540 0.93044 
v 0.08739 -0.13482 0.92321 
v -0.01346 -0.10197 0.23822 
v 0.06518 -0.10501 0.55794 
v 0.05900 -0.12826 0.56732 
v -0.05498 -0.15189 0.25534 
v -0.07714 -0.15052 0.25680 
v -0.04967 -0.01522 0.48582 
v -0.10715 -0.08411 0.21572 
v -0.08659 -0.10988 0.47973 
v -0.07851 -0.12199 0.50938 
v 0.07069 -0.02635 0.66662 
v 0.04514 -0.00916 0.65539 
v 0.02212 -0.00122 0.64879 
v 0.05142 -0.06412 0.52269 
v 0.04128 -0.04672 0.52409 
v 0.03161 -0.04440 0.50889 
v 0.04309 -0.05623 0.51034 
v -0.02690 -0.14580 0.44464 
v -0.01403 -0.14434 0.46234 
v -0.03976 -0.14396 0.43039 
v -0.05335 -0.14521 0.43738 
v -0.07597 -0.04384 0.42068 
v 0.12300 -0.01418 0.82068 
v 0.04796 -0.15299 0.60776 
v -0.06676 -0.02391 0.60393 
v 0.04974 -0.01959 0.63903 
v 0.06372 -0.02804 0.64134 
v -0.05081 0.00780 0.69961 
v -0.05704 0.00431 0.71276 
v -0.06975 -0.01233 0.70688 
v -0.01628 -0.15870 0.55916 
v -0.07972 -0.03920 0.27659 
v -0.08057 -0.12698 0.55270 
v -0.06375 -0.15134 0.58186 
v -0.04608 -0.16039 0.58628 
v 0.10173 -0.09315 0.75436 
v 0.10204 -0.09546 0.74540 
v 0.09767 -0.11579 0.70876 
v 0.09548 -0.10857 0.67568 
v 0.01251 -0.13678 0.48722 
v 0.07483 -0.00885 0.75743 
v 0.01223 -0.19141 0.83247 
v -0.12388 -0.13737 0.83055 
v -0.14756 -0.09388 0.83661 
v -0.07738 -0.03620 0.60083 
v 0.08053 -0.15429 0.76621 
v 0.03794 -0.11209 0.47767 
v -0.00637 -0.13121 0.33748 
v -0.01679 -0.14483 0.33729 
v -0.09647 -0.05239 0.36421 
v -0.08208 -0.04136 0.36476 
v -0.10260 -0.09794 0.40266 
v -0.10029 -0.11405 0.40411 
v -0.10607 -0.11464 0.38540 
v -0.10854 -0.09737 0.38368 
v -0.10629 -0.07107 0.37212 
v -0.10421 -0.06299 0.36676 
v -0.10241 -0.06499 0.37772 
v -0.07222 -0.03993 0.43951 
v -0.02627 -0.03749 0.40497 
v -0.04017 -0.03910 0.37869 
v 0.05045 -0.02516 0.61953 
v 0.06189 -0.03265 0.62457 
v -0.01419 -0.02227 0.47318 
v -0.03383 -0.01616 0.47425 
v -0.03372 -0.01808 0.46161 
v -0.13784 -0.08570 0.89692 
v -0.06888 -0.00874 0.72777 
v -0.06230 -0.02244 0.58297 
v -0.01626 -0.14096 0.30784 
v -0.09287 -0.09353 0.56843 
v -0.04975 -0.17670 0.93126 
v 0.00400 -0.01093 0.58699 
v 0.01990 0.00353 0.72373 
v 0.02234 -0.00204 0.73989 
v -0.01993 0.00509 0.72262 
v -0.14575 -0.02152 0.80432 
v -0.13574 -0.01551 0.78248 
v -0.12963 -0.00395 0.78381 
v -0.14044 -0.00500 0.80571 
v 0.14816 -0.03782 0.89868 
v -0.05266 -0.01697 0.46454 
v 0.02393 -0.01475 0.59631 
v -0.07912 -0.04286 0.45862 
v -0.02144 -0.14573 0.37249 
v -0.05860 -0.18252 0.84528 
v 0.02108 -0.04133 0.49353 
v -0.03798 -0.19568 0.74108 
v 0.06668 -0.04609 0.60189 
v 0.07572 -0.06794 0.59325 
v -0.10679 -0.13587 0.29294 
v -0.09276 -0.14701 0.28896 
v -0.08645 -0.07582 0.50259 
v 0.05787 -0.17553 0.77501 
v 0.05545 -0.17714 0.79834 
v -0.01141 -0.16992 0.60812 
v -0.01920 -0.01251 0.54796 
v -0.01275 -0.03238 0.44071 
v -0.03913 -0.15178 0.37453 
v 0.06002 -0.17384 0.75564 
v 0.10924 0.00109 0.79631 
v -0.15102 -0.08083 0.83995 
v -0.15143 -0.06039 0.80753 
v -0.01787 -0.02176 0.46325 
v 0.15144 0.00070 0.89409 
v 0.14782 0.00070 0.87949 
v 0.10015 0.00116 0.78109 
v -0.11845 -0.00844 0.95036 
v 0.13917 0.00072 0.85691 
v -0.01520 0.01242 0.69583 
v 0.04823 0.00065 0.74273 
v 0.06525 0.00108 0.74903 
v 0.03437 -0.18860 0.79897 
v 0.01010 -0.19669 0.79687 
v 0.03274 -0.19022 0.77900 
v 0.00704 -0.19818 0.78020 
v 0.04764 -0.02979 0.59328 
v 0.00071 -0.01364 0.56891 
v -0.00394 -0.01750 0.54197 
v 0.01116 -0.02037 0.53682 
v 0.02699 -0.03451 0.53006 
v -0.14009 -0.02944 0.78249 
v -0.08086 -0.12453 0.53522 
v -0.01424 -0.04002 0.42482 
v -0.04391 -0.01804 0.45693 
v -0.11284 -0.08205 0.36159 
v -0.11743 -0.10026 0.34593 
v -0.01862 -0.10174 0.17089 
v -0.01954 -0.10096 0.15427 
v -0.09151 -0.14858 0.31611 
v -0.08708 -0.10899 0.12337 
v 0.04363 -0.05768 0.50666 
v 0.04565 -0.10548 0.49700 
v 0.04302 -0.11227 0.49486 
v -0.09290 -0.07845 0.11433 
v -0.08908 -0.07379 0.11892 
v -0.01954 -0.09715 0.13750 
v -0.01852 -0.09408 0.12370 
v 0.00127 -0.09156 0.36470 
v 0.00016 -0.07763 0.37350 
v -0.06481 -0.03682 0.38968 
v -0.01884 -0.08005 0.10293 
v -0.01501 -0.08239 0.09397 
v -0.01459 -0.08968 0.10174 
v -0.07026 -0.07238 0.10110 
v -0.06796 -0.07171 0.09256 
v -0.06130 -0.07091 0.09287 
v -0.05145 -0.12312 0.09872 
v -0.04293 -0.12339 0.09911 
v -0.05036 -0.06884 0.11310 
v -0.05823 -0.06899 0.10855 
v -0.04280 -0.07072 0.09440 
v -0.09141 -0.09186 0.09566 
v -0.08251 -0.10083 0.09737 
v -0.02432 -0.11353 0.10037 
v -0.01826 -0.10536 0.10103 
v -0.03781 -0.07296 0.11011 
v -0.03162 -0.07236 0.09513 
v -0.02176 -0.07640 0.09489 
v -0.07687 -0.11113 0.09748 
v -0.07738 -0.10856 0.08930 
v -0.01373 -0.09640 0.09842 
v -0.06490 -0.11942 0.09843 
v -0.09191 -0.08213 0.09509 
v -0.08958 -0.07486 0.09164 
v -0.08936 -0.07515 0.09625 
v -0.03213 -0.12045 0.09950 
v -0.08314 -0.07037 0.09795 
v -0.10892 -0.08256 0.37924 
v -0.09171 -0.09010 0.08976 
v -0.02891 -0.11911 0.08957 
v -0.10482 -0.01526 0.97707 
v -0.07273 -0.03411 0.45052 
v -0.02695 -0.16224 0.57553 
v 0.00965 -0.15972 0.57489 
v -0.09263 -0.11312 0.60722 
v -0.12232 0.00135 0.92996 
v -0.05057 -0.24645 1.06787 
v -0.05013 -0.26824 1.07543 
v -0.01522 -0.30146 1.10285 
v -0.05376 -0.26230 1.11504 
v 0.00911 -0.40782 0.88078 
v 0.00272 -0.39130 0.90256 
v 0.00560 -0.39410 0.90707 
v 0.01604 -0.41259 0.88292 
v 0.05430 -0.38027 0.88359 
v -0.01229 -0.33854 1.03060 
v -0.04160 -0.28093 1.08274 
v -0.03491 -0.29264 1.08880 
v 0.02859 -0.41330 0.88691 
v 0.03828 -0.41010 0.88940 
v 0.00638 -0.38347 0.86943 
v 0.00524 -0.39302 0.87285 
v 0.00571 -0.40238 0.87772 
v 0.08170 -0.46315 0.71912 
v 0.08318 -0.46263 0.72174 
v 0.08151 -0.46079 0.72067 
v 0.08151 -0.46501 0.71874 
v 0.08070 -0.46682 0.71889 
v 0.08158 -0.46721 0.72047 
v 0.08298 -0.46530 0.72135 
v 0.08317 -0.46055 0.72402 
v 0.08201 -0.45884 0.72273 
v 0.08385 -0.46218 0.72420 
v 0.08311 -0.46498 0.72335 
v 0.08187 -0.46706 0.72285 
v 0.07442 -0.46620 0.72038 
v 0.07502 -0.46673 0.72065 
v 0.07733 -0.46795 0.71901 
v 0.07552 -0.46660 0.71888 
v 0.08357 -0.45905 0.72643 
v 0.08222 -0.45683 0.72518 
v 0.08384 -0.46162 0.72655 
v 0.08303 -0.46480 0.72618 
v 0.08170 -0.46655 0.72553 
v 0.07376 -0.46529 0.72232 
v 0.07436 -0.46619 0.72287 
v 0.08362 -0.45790 0.72889 
v 0.08214 -0.45540 0.72828 
v 0.08352 -0.46101 0.72898 
v 0.08251 -0.46433 0.72876 
v 0.08044 -0.46643 0.72792 
v 0.07352 -0.46441 0.72478 
v 0.07410 -0.46524 0.72555 
v 0.07713 -0.45295 0.72653 
v 0.07642 -0.45169 0.72898 
v 0.07445 -0.45314 0.72825 
v 0.07474 -0.45402 0.72588 
v 0.07995 -0.45369 0.72720 
v 0.07959 -0.45217 0.72988 
v 0.08221 -0.45413 0.73076 
v 0.08366 -0.45714 0.73141 
v 0.08333 -0.46006 0.73141 
v 0.08172 -0.46465 0.73091 
v 0.07984 -0.46540 0.73019 
v 0.07816 -0.46613 0.72932 
v 0.07405 -0.46440 0.72709 
v 0.07583 -0.46518 0.72793 
v 0.07580 -0.45084 0.73138 
v 0.07404 -0.45268 0.73071 
v 0.08174 -0.45275 0.73324 
v 0.07929 -0.45132 0.73208 
v 0.08326 -0.45589 0.73380 
v 0.08171 -0.46383 0.73338 
v 0.08304 -0.45903 0.73376 
v 0.07844 -0.46479 0.73202 
v 0.07513 -0.46373 0.73121 
v 0.07313 -0.46374 0.72760 
v 0.07195 -0.46254 0.72792 
v 0.07231 -0.46218 0.73034 
v 0.07573 -0.45063 0.73355 
v 0.07364 -0.45244 0.73288 
v 0.07878 -0.45036 0.73463 
v 0.08129 -0.45202 0.73633 
v 0.08208 -0.45492 0.73662 
v 0.08298 -0.45879 0.73688 
v 0.08138 -0.46213 0.73623 
v 0.07824 -0.46368 0.73432 
v 0.07475 -0.46372 0.73297 
v 0.07217 -0.46198 0.73249 
v 0.07453 -0.44860 0.74081 
v 0.07201 -0.45026 0.73922 
v 0.07753 -0.44824 0.74171 
v 0.08213 -0.45464 0.74153 
v 0.08196 -0.45221 0.74183 
v 0.08187 -0.45813 0.74103 
v 0.08020 -0.46070 0.74049 
v 0.07800 -0.46296 0.73949 
v 0.07457 -0.46343 0.73815 
v 0.07113 -0.46156 0.73640 
v 0.07376 -0.44627 0.74352 
v 0.07023 -0.44729 0.74245 
v 0.07987 -0.44979 0.74177 
v 0.07954 -0.44737 0.74569 
v 0.07700 -0.44609 0.74469 
v 0.07125 -0.46169 0.74277 
v 0.07365 -0.46243 0.74347 
v 0.08226 -0.45051 0.74659 
v 0.08228 -0.45358 0.74661 
v 0.06948 -0.45874 0.74141 
v 0.07673 -0.44385 0.74873 
v 0.07275 -0.44371 0.74728 
v 0.08093 -0.44811 0.75114 
v 0.07915 -0.44582 0.75008 
v 0.08124 -0.45108 0.75126 
v 0.06828 -0.45639 0.74593 
v 0.07019 -0.45917 0.74733 
v 0.06926 -0.44552 0.74644 
v 0.08065 -0.45693 0.74605 
v 0.08061 -0.45489 0.75094 
v 0.07844 -0.45845 0.75003 
v 0.07951 -0.45961 0.74578 
v 0.07714 -0.46200 0.74479 
v 0.07626 -0.45930 0.74915 
v 0.07280 -0.46004 0.74815 
v 0.07154 -0.44178 0.75062 
v 0.06865 -0.44361 0.75067 
v 0.07748 -0.44358 0.75377 
v 0.07508 -0.44205 0.75181 
v 0.07891 -0.45298 0.75594 
v 0.08033 -0.44924 0.75652 
v 0.07423 -0.45794 0.75364 
v 0.07703 -0.45624 0.75518 
v 0.07203 -0.45850 0.75258 
v 0.06912 -0.45732 0.75163 
v 0.06564 -0.45083 0.75071 
v 0.06705 -0.45528 0.75096 
v 0.07955 -0.44619 0.75535 
v 0.07068 -0.44065 0.75385 
v 0.06770 -0.44226 0.75398 
v 0.07371 -0.44091 0.75457 
v 0.07677 -0.44139 0.75679 
v 0.07861 -0.44345 0.76042 
v 0.07889 -0.44712 0.76152 
v 0.07826 -0.45059 0.76153 
v 0.07609 -0.45369 0.76039 
v 0.07307 -0.45597 0.75927 
v 0.06516 -0.45267 0.75567 
v 0.06736 -0.45509 0.75715 
v 0.06458 -0.44973 0.75452 
v 0.06740 -0.43601 0.76271 
v 0.06504 -0.43946 0.76180 
v 0.07071 -0.43506 0.76364 
v 0.07407 -0.43579 0.76425 
v 0.07704 -0.43952 0.76584 
v 0.07675 -0.44789 0.76593 
v 0.07806 -0.44319 0.76635 
v 0.07523 -0.45175 0.76504 
v 0.07163 -0.45507 0.76355 
v 0.06405 -0.45080 0.75995 
v 0.06584 -0.45387 0.76105 
v 0.06301 -0.44797 0.75987 
v 0.06617 -0.43385 0.76652 
v 0.06270 -0.43761 0.76583 
v 0.07292 -0.43347 0.76876 
v 0.06942 -0.43278 0.76733 
v 0.07646 -0.43677 0.77170 
v 0.06252 -0.44939 0.76554 
v 0.06427 -0.45116 0.76623 
v 0.07712 -0.44018 0.77216 
v 0.07449 -0.44766 0.77045 
v 0.07613 -0.44405 0.77134 
v 0.07039 -0.45271 0.76860 
v 0.07322 -0.45095 0.76976 
v 0.06231 -0.43202 0.77267 
v 0.05957 -0.43586 0.77176 
v 0.06533 -0.43010 0.77293 
v 0.07459 -0.43288 0.77715 
v 0.07288 -0.43015 0.77640 
v 0.06730 -0.45297 0.76742 
v 0.06240 -0.44964 0.77180 
v 0.06553 -0.45068 0.77298 
v 0.06126 -0.44542 0.76503 
v 0.05970 -0.44479 0.77079 
v 0.06126 -0.44829 0.77138 
v 0.06878 -0.42938 0.77451 
v 0.07559 -0.43673 0.77800 
v 0.07530 -0.43970 0.77764 
v 0.06883 -0.45066 0.77420 
v 0.07007 -0.42648 0.78093 
v 0.06628 -0.42732 0.77942 
v 0.07256 -0.42474 0.78202 
v 0.07493 -0.42643 0.78365 
v 0.07399 -0.44343 0.77665 
v 0.07304 -0.44600 0.77605 
v 0.07269 -0.44429 0.78153 
v 0.07423 -0.43891 0.78285 
v 0.05754 -0.44397 0.77542 
v 0.05857 -0.44783 0.77574 
v 0.06031 -0.43085 0.77761 
v 0.05775 -0.43458 0.77663 
v 0.06294 -0.42863 0.77778 
v 0.07562 -0.43027 0.78434 
v 0.07516 -0.43429 0.78391 
v 0.07138 -0.44905 0.77520 
v 0.06685 -0.44925 0.77859 
v 0.06936 -0.44719 0.77960 
v 0.06331 -0.45038 0.77742 
v 0.06095 -0.44936 0.77610 
v 0.05865 -0.43037 0.77983 
v 0.05509 -0.43475 0.78115 
v 0.06538 -0.42587 0.78206 
v 0.06168 -0.42729 0.78066 
v 0.06872 -0.42319 0.78357 
v 0.07242 -0.42118 0.78688 
v 0.07548 -0.42527 0.78920 
v 0.07473 -0.42233 0.78824 
v 0.06791 -0.44546 0.78460 
v 0.07226 -0.44097 0.78719 
v 0.06556 -0.44815 0.78349 
v 0.06099 -0.44993 0.78185 
v 0.05889 -0.44863 0.78076 
v 0.05920 -0.42508 0.78355 
v 0.05485 -0.42952 0.78399 
v 0.06355 -0.42244 0.78458 
v 0.06938 -0.41979 0.78593 
v 0.07390 -0.43496 0.78775 
v 0.07509 -0.43033 0.78990 
v 0.05589 -0.42466 0.78514 
v 0.05864 -0.42366 0.78628 
v 0.06310 -0.42098 0.78810 
v 0.06956 -0.41723 0.78929 
v 0.07313 -0.41778 0.79258 
v 0.07171 -0.43969 0.79118 
v 0.07404 -0.43319 0.79187 
v 0.05604 -0.44668 0.78036 
v 0.05147 -0.44746 0.78641 
v 0.05576 -0.44824 0.78666 
v 0.06249 -0.41912 0.79054 
v 0.05606 -0.42265 0.78858 
v 0.06883 -0.41498 0.79261 
v 0.07224 -0.41383 0.79717 
v 0.01694 -0.41652 0.78886 
v 0.01412 -0.42158 0.78799 
v 0.01826 -0.42225 0.78732 
v 0.02061 -0.41765 0.78830 
v 0.04289 -0.42468 0.78674 
v 0.04199 -0.42166 0.78927 
v 0.03713 -0.42249 0.78926 
v 0.03776 -0.42616 0.78670 
v 0.04803 -0.42457 0.78716 
v 0.04908 -0.42000 0.79003 
v 0.06248 -0.41579 0.79294 
v 0.05622 -0.41868 0.79146 
v 0.06779 -0.41121 0.79679 
v 0.07052 -0.40943 0.80170 
v 0.05994 -0.44919 0.78747 
v 0.05870 -0.44782 0.79249 
v 0.06291 -0.44634 0.79351 
v 0.06383 -0.44803 0.78833 
v 0.05055 -0.44739 0.79218 
v 0.05458 -0.44753 0.79208 
v 0.02365 -0.44779 0.78357 
v 0.01983 -0.44545 0.78998 
v 0.02567 -0.44468 0.78967 
v 0.01997 -0.41158 0.79269 
v 0.01283 -0.41001 0.79359 
v 0.01066 -0.41463 0.79002 
v 0.04132 -0.41644 0.79355 
v 0.03765 -0.41724 0.79303 
v 0.04889 -0.41476 0.79417 
v 0.05606 -0.41356 0.79566 
v 0.06834 -0.40684 0.80084 
v 0.06240 -0.41149 0.79771 
v 0.07230 -0.43749 0.79628 
v 0.07500 -0.43017 0.79663 
v 0.03856 -0.45117 0.78652 
v 0.03466 -0.44901 0.78568 
v 0.03549 -0.44885 0.79116 
v 0.00904 -0.43859 0.79249 
v 0.00513 -0.43503 0.79851 
v 0.01327 -0.43908 0.79859 
v 0.02124 -0.40736 0.80026 
v 0.01400 -0.40686 0.80024 
v 0.02671 -0.41384 0.79301 
v 0.03036 -0.40931 0.80117 
v 0.04156 -0.41336 0.79952 
v 0.03821 -0.41428 0.79934 
v 0.05369 -0.41132 0.80071 
v 0.04744 -0.41285 0.80034 
v 0.08445 -0.40185 0.80519 
v 0.08501 -0.39513 0.80468 
v 0.07648 -0.39715 0.80569 
v 0.10141 -0.39960 0.80313 
v 0.10603 -0.40088 0.80405 
v 0.10218 -0.39984 0.80922 
v 0.09841 -0.39568 0.80556 
v 0.10693 -0.40671 0.80678 
v 0.10383 -0.41081 0.80726 
v 0.09885 -0.41044 0.81253 
v 0.10172 -0.40543 0.81138 
v 0.08620 -0.41364 0.80638 
v 0.07927 -0.41988 0.81089 
v 0.08582 -0.41756 0.81171 
v 0.08961 -0.41627 0.80775 
v 0.05539 -0.44534 0.80006 
v 0.06063 -0.44291 0.80116 
v 0.05004 -0.44637 0.79936 
v 0.02866 -0.44467 0.79032 
v 0.02491 -0.44232 0.79840 
v 0.03477 -0.44515 0.79865 
v 0.09838 -0.41367 0.81294 
v 0.10247 -0.41449 0.80843 
v 0.09875 -0.41618 0.80836 
v 0.09473 -0.41581 0.81262 
v 0.07423 -0.43196 0.80608 
v 0.07615 -0.42409 0.80723 
v 0.04464 -0.44616 0.79905 
v 0.04553 -0.44869 0.79180 
v -0.00325 -0.42629 0.79924 
v -0.00142 -0.41987 0.80655 
v 0.00388 -0.42951 0.80685 
v 0.00020 -0.43133 0.79909 
v 0.06090 -0.40743 0.80264 
v 0.05213 -0.40444 0.80968 
v 0.04662 -0.40617 0.80986 
v 0.09200 -0.39458 0.80439 
v 0.08728 -0.38939 0.80946 
v 0.08309 -0.38853 0.80871 
v 0.07158 -0.42773 0.81525 
v 0.07530 -0.42613 0.81693 
v 0.05362 -0.44135 0.80953 
v -0.00230 -0.41927 0.80079 
v -0.00118 -0.41389 0.80685 
v 0.02394 -0.40168 0.80765 
v 0.01570 -0.40290 0.80604 
v 0.04149 -0.40718 0.80971 
v 0.07384 -0.38902 0.80799 
v 0.06434 -0.39352 0.80825 
v 0.09683 -0.40391 0.81760 
v 0.09019 -0.41527 0.82101 
v 0.09416 -0.41312 0.82094 
v 0.08250 -0.41892 0.81871 
v 0.07927 -0.42323 0.81784 
v 0.03333 -0.44017 0.80820 
v 0.04334 -0.44211 0.80868 
v 0.02376 -0.43701 0.80778 
v 0.01327 -0.43417 0.80730 
v -0.00032 -0.41307 0.80097 
v 0.00653 -0.40807 0.80027 
v 0.00800 -0.40437 0.80510 
v 0.00115 -0.40862 0.80611 
v 0.03793 -0.40616 0.80939 
v 0.06849 -0.40218 0.80590 
v 0.05693 -0.40008 0.80910 
v 0.09612 -0.39700 0.81520 
v 0.09244 -0.39116 0.81152 
v 0.06574 -0.44050 0.80243 
v 0.06334 -0.43573 0.81159 
v 0.00095 -0.40740 0.81508 
v -0.00058 -0.41341 0.81499 
v 0.08215 -0.38428 0.81673 
v 0.07109 -0.38297 0.81667 
v 0.08727 -0.41291 0.82515 
v 0.09173 -0.41121 0.82508 
v 0.07735 -0.42236 0.82513 
v 0.07930 -0.41649 0.82487 
v 0.04213 -0.43767 0.81825 
v 0.05188 -0.43790 0.81886 
v 0.02199 -0.43251 0.81703 
v 0.03219 -0.43539 0.81765 
v 0.01252 -0.42869 0.81634 
v 0.00422 -0.42317 0.81552 
v 0.01906 -0.39444 0.81571 
v 0.02611 -0.39560 0.81651 
v 0.04060 -0.40238 0.81929 
v 0.04376 -0.39620 0.81923 
v 0.07043 -0.42522 0.82311 
v 0.06181 -0.43183 0.82007 
v 0.01183 -0.39508 0.81516 
v 0.00479 -0.40080 0.81548 
v 0.05929 -0.38721 0.81778 
v 0.05120 -0.39104 0.81821 
v 0.09366 -0.39376 0.82062 
v 0.08929 -0.38753 0.81787 
v 0.09456 -0.40155 0.82370 
v 0.01377 -0.39032 0.82403 
v 0.00655 -0.39505 0.82425 
v 0.03737 -0.40190 0.81821 
v 0.03617 -0.39735 0.82802 
v 0.07837 -0.38200 0.82603 
v 0.06826 -0.38008 0.82655 
v 0.08857 -0.39780 0.82881 
v 0.08874 -0.39210 0.82800 
v 0.05955 -0.42764 0.82918 
v 0.06825 -0.42199 0.83084 
v 0.04954 -0.43284 0.82841 
v 0.00507 -0.41809 0.82422 
v 0.01188 -0.42469 0.82531 
v 0.08759 -0.40691 0.83059 
v 0.07541 -0.41812 0.83118 
v 0.00198 -0.40780 0.82352 
v 0.02692 -0.39236 0.82557 
v 0.02047 -0.39018 0.82516 
v 0.03393 -0.39551 0.82685 
v 0.03343 -0.39819 0.81675 
v 0.04001 -0.39160 0.82810 
v 0.05708 -0.38150 0.82725 
v 0.04802 -0.38579 0.82843 
v 0.08606 -0.38605 0.82673 
v 0.08083 -0.41100 0.83031 
v 0.01978 -0.42952 0.82620 
v 0.00322 -0.40176 0.82366 
v 0.03923 -0.43369 0.82767 
v 0.03001 -0.43219 0.82808 
v 0.01342 -0.38764 0.83266 
v 0.00659 -0.39346 0.83294 
v 0.04776 -0.38067 0.83666 
v 0.03967 -0.38526 0.83608 
v 0.05428 -0.37832 0.83688 
v 0.06575 -0.37947 0.83640 
v 0.07889 -0.38709 0.83640 
v 0.07320 -0.38211 0.83567 
v 0.06255 -0.42010 0.84036 
v 0.06940 -0.41603 0.84001 
v 0.02023 -0.42662 0.83481 
v 0.02898 -0.42988 0.83594 
v 0.01114 -0.42163 0.83414 
v 0.00629 -0.41421 0.83307 
v 0.08271 -0.39254 0.83674 
v 0.07628 -0.41000 0.83899 
v 0.05573 -0.42525 0.84021 
v 0.03804 -0.43042 0.83839 
v 0.03454 -0.38918 0.83546 
v 0.02551 -0.38647 0.83384 
v 0.04679 -0.42854 0.83952 
v 0.00332 -0.40443 0.83246 
v 0.00414 -0.39914 0.83255 
v 0.01903 -0.38612 0.83313 
v 0.08198 -0.39654 0.83718 
v 0.08016 -0.40371 0.83822 
v 0.03249 -0.38570 0.84437 
v 0.02244 -0.38269 0.84303 
v 0.04023 -0.38094 0.84515 
v 0.05085 -0.37920 0.84610 
v 0.06787 -0.38309 0.84611 
v 0.06120 -0.37943 0.84636 
v 0.07229 -0.40287 0.84812 
v 0.07484 -0.39706 0.84731 
v 0.07064 -0.40838 0.84873 
v 0.06404 -0.41524 0.84857 
v 0.04291 -0.42703 0.84769 
v 0.05066 -0.42352 0.84861 
v 0.03554 -0.42798 0.84626 
v 0.02044 -0.42386 0.84348 
v 0.02835 -0.42660 0.84470 
v 0.00835 -0.41260 0.84187 
v 0.01303 -0.41902 0.84282 
v 0.01198 -0.38545 0.84195 
v 0.07404 -0.39080 0.84720 
v 0.00574 -0.40384 0.84116 
v 0.00729 -0.39372 0.84136 
v 0.05763 -0.41853 0.84895 
v 0.03100 -0.38220 0.85218 
v 0.02235 -0.38217 0.85115 
v 0.05391 -0.38083 0.85470 
v 0.04619 -0.37964 0.85411 
v 0.06100 -0.38426 0.85537 
v 0.05765 -0.41384 0.85845 
v 0.06173 -0.40906 0.85793 
v 0.05190 -0.41772 0.85810 
v 0.04543 -0.42164 0.85721 
v 0.03305 -0.42502 0.85466 
v 0.03855 -0.42483 0.85606 
v 0.02693 -0.42360 0.85307 
v 0.01242 -0.41600 0.85052 
v 0.01905 -0.42104 0.85155 
v 0.00741 -0.40138 0.84937 
v 0.00855 -0.40949 0.84984 
v 0.04050 -0.38014 0.85329 
v 0.06540 -0.39759 0.85632 
v 0.06600 -0.38991 0.85559 
v 0.00931 -0.39240 0.84962 
v 0.01404 -0.38569 0.85023 
v 0.06393 -0.40310 0.85714 
v 0.02117 -0.38082 0.85500 
v 0.01407 -0.38395 0.85410 
v 0.03899 -0.37803 0.85711 
v 0.02858 -0.38060 0.85593 
v 0.04457 -0.37776 0.85782 
v 0.05108 -0.38169 0.85865 
v 0.06297 -0.38853 0.86029 
v 0.05778 -0.38426 0.85954 
v 0.06359 -0.39635 0.86255 
v 0.05974 -0.40825 0.86533 
v 0.06227 -0.40269 0.86442 
v 0.04278 -0.41798 0.86621 
v 0.04942 -0.41619 0.86652 
v 0.03131 -0.42239 0.86368 
v 0.03647 -0.42142 0.86499 
v 0.02343 -0.42124 0.86010 
v 0.01723 -0.41837 0.85652 
v 0.00857 -0.40029 0.85330 
v 0.00819 -0.40738 0.85362 
v 0.01021 -0.39186 0.85351 
v 0.05501 -0.41245 0.86613 
v 0.01154 -0.41394 0.85435 
v 0.05927 -0.38712 0.86833 
v 0.01049 -0.41230 0.86185 
v 0.00784 -0.39893 0.86062 
v 0.01715 -0.41642 0.86853 
v 0.02152 -0.41661 0.87438 
v 0.05007 -0.40701 0.88834 
v 0.05656 -0.39974 0.88572 
v 0.05822 -0.38924 0.88394 
v 0.09493 -0.39928 0.80262 
v 0.04677 -0.44950 0.78708 
v 0.04303 -0.45133 0.78652 
v 0.06845 -0.44101 0.79475 
v 0.06835 -0.44332 0.78948 
v 0.11843 -0.40483 0.79120 
v 0.11382 -0.40259 0.78812 
v 0.11587 -0.40372 0.78519 
v 0.12042 -0.40578 0.78828 
v 0.11659 -0.41456 0.79423 
v 0.11994 -0.41081 0.79411 
v 0.12205 -0.41181 0.79152 
v 0.12020 -0.41383 0.79153 
v 0.11403 -0.41655 0.79335 
v 0.11640 -0.41689 0.79092 
v 0.11070 -0.41794 0.79251 
v 0.11274 -0.41916 0.78937 
v 0.10924 -0.41844 0.78686 
v 0.10603 -0.41766 0.79027 
v 0.10082 -0.41133 0.78667 
v 0.10482 -0.41111 0.78322 
v 0.10576 -0.40682 0.78257 
v 0.10202 -0.40740 0.78633 
v 0.10869 -0.40463 0.78224 
v 0.10568 -0.40383 0.78629 
v 0.03274 -0.44566 0.78487 
v 0.07392 -0.40427 0.80471 
v 0.07524 -0.40742 0.80408 
v 0.12649 -0.41361 0.78423 
v 0.12410 -0.40935 0.78256 
v 0.12356 -0.41255 0.77875 
v 0.12703 -0.41627 0.78039 
v 0.11583 -0.40625 0.78101 
v 0.11998 -0.40713 0.78194 
v 0.11278 -0.40278 0.78352 
v 0.12500 -0.41200 0.78846 
v 0.12428 -0.41438 0.78860 
v 0.12401 -0.41530 0.78800 
v 0.12060 -0.41952 0.78704 
v 0.11680 -0.41661 0.78965 
v 0.11997 -0.41425 0.79021 
v 0.11492 -0.42126 0.78535 
v 0.11172 -0.41953 0.78344 
v 0.11017 -0.41054 0.77977 
v 0.11207 -0.40779 0.77978 
v 0.12278 -0.40762 0.78624 
v 0.11287 -0.41720 0.77884 
v 0.10916 -0.41545 0.78076 
v 0.11538 -0.41995 0.78061 
v 0.10575 -0.41516 0.78382 
v 0.10225 -0.41468 0.78775 
v 0.09450 -0.41512 0.80773 
v 0.09111 -0.41503 0.81173 
v 0.08629 -0.41658 0.81940 
v 0.12697 -0.41616 0.78421 
v 0.12020 -0.40946 0.77974 
v 0.10966 -0.41384 0.77927 
v 0.11329 -0.41433 0.77833 
v 0.11661 -0.41806 0.77677 
v 0.11982 -0.42168 0.77845 
v 0.11858 -0.42240 0.78130 
v 0.12457 -0.41955 0.77825 
v 0.12424 -0.42097 0.78139 
v 0.12073 -0.41626 0.77631 
v 0.11677 -0.41266 0.77739 
v 0.06896 -0.45561 0.76263 
v 0.07009 -0.45657 0.75838 
v 0.08446 -0.41194 0.80506 
v 0.07876 -0.41483 0.80750 
v 0.05407 -0.43479 0.78083 
v 0.05747 -0.43929 0.77521 
v 0.05952 -0.43995 0.77062 
v 0.06503 -0.44529 0.75391 
v 0.06603 -0.44717 0.75102 
v 0.06328 -0.44380 0.76020 
v 0.06165 -0.44155 0.76556 
v 0.06837 -0.45188 0.74156 
v 0.06727 -0.44875 0.74603 
v 0.06650 -0.45303 0.74537 
v 0.06805 -0.45579 0.74099 
v 0.07154 -0.45504 0.73238 
v 0.06960 -0.45367 0.73723 
v 0.06928 -0.45758 0.73669 
v 0.07111 -0.45924 0.73206 
v 0.07240 -0.45804 0.72472 
v 0.07205 -0.45706 0.72735 
v 0.07154 -0.46048 0.72764 
v 0.07191 -0.46109 0.72467 
v 0.07156 -0.45991 0.72970 
v 0.07183 -0.45609 0.72960 
v 0.07219 -0.46312 0.72456 
v 0.07251 -0.46425 0.72185 
v 0.07251 -0.46248 0.72181 
v 0.07319 -0.46500 0.71970 
v 0.07460 -0.46514 0.71803 
v 0.07439 -0.46384 0.71817 
v 0.07301 -0.46354 0.71969 
v 0.07894 -0.46482 0.71745 
v 0.07824 -0.46659 0.71782 
v 0.07940 -0.46041 0.71938 
v 0.07929 -0.46311 0.71749 
v 0.07678 -0.45991 0.71932 
v 0.07607 -0.46209 0.71745 
v 0.07601 -0.45767 0.72070 
v 0.07383 -0.46001 0.72009 
v 0.07517 -0.46169 0.71831 
v 0.07546 -0.45572 0.72314 
v 0.07318 -0.45908 0.72234 
v 0.07581 -0.46541 0.71755 
v 0.07521 -0.46407 0.71734 
v 0.07980 -0.45548 0.72445 
v 0.07838 -0.45511 0.72393 
v 0.07918 -0.45776 0.72165 
v 0.07532 -0.46535 0.72892 
v 0.07775 -0.46576 0.72838 
v 0.07883 -0.46623 0.72689 
v 0.07729 -0.46647 0.72674 
v 0.07982 -0.46666 0.72496 
v 0.07799 -0.46735 0.72453 
v 0.07994 -0.46742 0.72262 
v 0.07832 -0.46770 0.72209 
v 0.07988 -0.46779 0.72046 
v 0.07993 -0.46737 0.72018 
v 0.07747 -0.46747 0.71890 
v 0.07556 -0.46613 0.71885 
v 0.07408 -0.46573 0.72013 
v 0.07310 -0.46521 0.72228 
v 0.07289 -0.46425 0.72491 
v 0.07344 -0.46456 0.72706 
v 0.07550 -0.46564 0.72819 
v 0.07789 -0.46631 0.72870 
v 0.07931 -0.46652 0.72747 
v 0.08035 -0.46699 0.72539 
v 0.08057 -0.46715 0.72266 
v 0.04378 -0.48155 0.71402 
v 0.04566 -0.48076 0.71650 
v 0.04414 -0.47899 0.71510 
v 0.04374 -0.48343 0.71400 
v 0.04345 -0.48519 0.71428 
v 0.04462 -0.48542 0.71568 
v 0.04585 -0.48324 0.71627 
v 0.04638 -0.47731 0.71871 
v 0.04487 -0.47598 0.71739 
v 0.04734 -0.47905 0.71894 
v 0.04703 -0.48250 0.71829 
v 0.04564 -0.48505 0.71810 
v 0.03806 -0.48462 0.71727 
v 0.03873 -0.48548 0.71746 
v 0.04064 -0.48649 0.71521 
v 0.03896 -0.48526 0.71544 
v 0.04762 -0.47446 0.72139 
v 0.04585 -0.47264 0.72037 
v 0.04824 -0.47742 0.72167 
v 0.04812 -0.48147 0.72156 
v 0.04631 -0.48400 0.72098 
v 0.03739 -0.48329 0.71942 
v 0.03827 -0.48455 0.71989 
v 0.04856 -0.47218 0.72414 
v 0.04677 -0.46977 0.72384 
v 0.04880 -0.47571 0.72449 
v 0.04847 -0.47994 0.72468 
v 0.04596 -0.48303 0.72410 
v 0.03747 -0.48171 0.72221 
v 0.03850 -0.48288 0.72292 
v 0.04170 -0.46836 0.72307 
v 0.04114 -0.46642 0.72589 
v 0.03914 -0.46779 0.72561 
v 0.03938 -0.46950 0.72298 
v 0.04430 -0.46850 0.72317 
v 0.04445 -0.46640 0.72616 
v 0.04715 -0.46795 0.72649 
v 0.04904 -0.47082 0.72695 
v 0.04912 -0.47398 0.72722 
v 0.04840 -0.47943 0.72732 
v 0.04612 -0.48085 0.72688 
v 0.04414 -0.48216 0.72615 
v 0.03894 -0.48109 0.72475 
v 0.04114 -0.48174 0.72517 
v 0.04093 -0.46489 0.72873 
v 0.03902 -0.46645 0.72853 
v 0.04719 -0.46605 0.72933 
v 0.04458 -0.46476 0.72913 
v 0.04902 -0.46938 0.72962 
v 0.04895 -0.47775 0.72987 
v 0.04951 -0.47273 0.72976 
v 0.04500 -0.47939 0.72916 
v 0.04131 -0.47875 0.72891 
v 0.03818 -0.48011 0.72556 
v 0.03700 -0.47866 0.72629 
v 0.03808 -0.47747 0.72868 
v 0.04143 -0.46406 0.73163 
v 0.03892 -0.46548 0.73137 
v 0.04486 -0.46298 0.73212 
v 0.04771 -0.46470 0.73246 
v 0.04873 -0.46769 0.73223 
v 0.04948 -0.47147 0.73242 
v 0.04917 -0.47516 0.73264 
v 0.04516 -0.47714 0.73220 
v 0.04133 -0.47773 0.73150 
v 0.03857 -0.47653 0.73088 
v 0.04142 -0.46163 0.73688 
v 0.03907 -0.46310 0.73577 
v 0.04507 -0.45999 0.73819 
v 0.04998 -0.46621 0.73840 
v 0.04787 -0.46160 0.73865 
v 0.05034 -0.47002 0.73724 
v 0.04927 -0.47294 0.73702 
v 0.04662 -0.47555 0.73657 
v 0.04264 -0.47737 0.73590 
v 0.03926 -0.47401 0.73539 
v 0.04189 -0.45737 0.74143 
v 0.03950 -0.45904 0.74050 
v 0.04843 -0.45873 0.74277 
v 0.04540 -0.45670 0.74242 
v 0.04027 -0.47330 0.74010 
v 0.04307 -0.47385 0.74033 
v 0.05111 -0.46441 0.74173 
v 0.03849 -0.47144 0.73958 
v 0.04573 -0.45315 0.74738 
v 0.04217 -0.45350 0.74664 
v 0.05128 -0.46022 0.74831 
v 0.04922 -0.45568 0.74805 
v 0.03768 -0.46803 0.74621 
v 0.04072 -0.46939 0.74696 
v 0.03954 -0.45543 0.74619 
v 0.05044 -0.46845 0.74141 
v 0.05056 -0.46418 0.74789 
v 0.04799 -0.46776 0.74764 
v 0.04857 -0.47101 0.74089 
v 0.04652 -0.47319 0.74081 
v 0.04589 -0.46984 0.74734 
v 0.04322 -0.47007 0.74694 
v 0.04232 -0.45035 0.75101 
v 0.03899 -0.45348 0.74978 
v 0.04910 -0.45269 0.75220 
v 0.04558 -0.44976 0.75214 
v 0.05064 -0.46226 0.75146 
v 0.05137 -0.45791 0.75197 
v 0.04602 -0.46645 0.75311 
v 0.04856 -0.46492 0.75306 
v 0.04283 -0.46713 0.75259 
v 0.03983 -0.46638 0.75181 
v 0.03596 -0.46410 0.74585 
v 0.03618 -0.46122 0.75010 
v 0.03716 -0.46512 0.75062 
v 0.04178 -0.44723 0.75643 
v 0.03842 -0.44965 0.75608 
v 0.04524 -0.44718 0.75689 
v 0.04915 -0.44859 0.75777 
v 0.05149 -0.45277 0.75834 
v 0.05070 -0.45827 0.75817 
v 0.04899 -0.46115 0.75784 
v 0.04494 -0.46522 0.75720 
v 0.03652 -0.46153 0.75563 
v 0.03859 -0.46460 0.75605 
v 0.03573 -0.45842 0.75556 
v 0.04222 -0.44445 0.75887 
v 0.03787 -0.44810 0.75901 
v 0.04622 -0.44453 0.75897 
v 0.04999 -0.44657 0.75962 
v 0.05111 -0.45467 0.76288 
v 0.05237 -0.44992 0.76266 
v 0.04912 -0.45851 0.76258 
v 0.04505 -0.46261 0.76153 
v 0.03669 -0.46067 0.75977 
v 0.03892 -0.46224 0.76045 
v 0.03563 -0.45587 0.75957 
v 0.03739 -0.44617 0.76145 
v 0.04201 -0.44286 0.76137 
v 0.05048 -0.44472 0.76218 
v 0.04664 -0.44230 0.76124 
v 0.04078 -0.44056 0.76509 
v 0.03714 -0.44400 0.76503 
v 0.03779 -0.45608 0.76503 
v 0.03936 -0.45859 0.76531 
v 0.05051 -0.45378 0.76721 
v 0.05201 -0.44992 0.76769 
v 0.04891 -0.45708 0.76700 
v 0.04515 -0.45805 0.76648 
v 0.03899 -0.43750 0.77100 
v 0.03672 -0.44140 0.77071 
v 0.04320 -0.43852 0.76500 
v 0.04265 -0.43542 0.77119 
v 0.04265 -0.45960 0.76593 
v 0.03984 -0.45606 0.77014 
v 0.04295 -0.45667 0.77069 
v 0.03597 -0.45285 0.76479 
v 0.03611 -0.45139 0.76964 
v 0.03811 -0.45398 0.76994 
v 0.04791 -0.43414 0.77188 
v 0.04742 -0.43942 0.76568 
v 0.05110 -0.44170 0.76693 
v 0.05267 -0.44621 0.76757 
v 0.05260 -0.44214 0.77219 
v 0.05202 -0.43648 0.77187 
v 0.05232 -0.44511 0.77217 
v 0.04529 -0.45545 0.77123 
v 0.05215 -0.43344 0.77644 
v 0.04755 -0.43109 0.77668 
v 0.05179 -0.44874 0.77207 
v 0.05066 -0.45130 0.77193 
v 0.05136 -0.44732 0.77679 
v 0.03598 -0.44923 0.77449 
v 0.03784 -0.45308 0.77434 
v 0.03794 -0.43568 0.77680 
v 0.03623 -0.43963 0.77565 
v 0.04269 -0.43239 0.77630 
v 0.05340 -0.43799 0.77665 
v 0.05277 -0.44176 0.77696 
v 0.04855 -0.45433 0.77166 
v 0.04554 -0.45376 0.77579 
v 0.04895 -0.45190 0.77634 
v 0.04295 -0.45521 0.77532 
v 0.03940 -0.45498 0.77474 
v 0.03763 -0.43495 0.77986 
v 0.03511 -0.43882 0.77908 
v 0.04754 -0.43007 0.77941 
v 0.04251 -0.43124 0.77964 
v 0.05112 -0.42992 0.77942 
v 0.05287 -0.43175 0.78008 
v 0.04936 -0.44903 0.78126 
v 0.05175 -0.44509 0.77986 
v 0.04555 -0.45090 0.78106 
v 0.04311 -0.45328 0.78090 
v 0.03904 -0.45272 0.78036 
v 0.04290 -0.42882 0.78215 
v 0.03665 -0.43381 0.78269 
v 0.04737 -0.42786 0.78190 
v 0.05154 -0.42824 0.78234 
v 0.03857 -0.42947 0.78559 
v 0.04298 -0.42671 0.78420 
v 0.04731 -0.42650 0.78419 
v 0.05246 -0.42588 0.78448 
v 0.03737 -0.44973 0.77980 
v 0.03490 -0.44727 0.77933 
v 0.05393 -0.44018 0.77843 
v 0.04213 -0.46317 0.76097 
v 0.04238 -0.46579 0.75671 
v 0.03427 -0.44492 0.77423 
v 0.03473 -0.44616 0.76964 
v 0.03508 -0.45431 0.75565 
v 0.03596 -0.45739 0.74979 
v 0.03513 -0.45138 0.75901 
v 0.03488 -0.44820 0.76519 
v 0.03415 -0.44402 0.77916 
v 0.03631 -0.46361 0.73992 
v 0.03601 -0.45884 0.74678 
v 0.03648 -0.46829 0.73940 
v 0.03673 -0.46849 0.73102 
v 0.03618 -0.46614 0.73558 
v 0.03694 -0.47130 0.73511 
v 0.03706 -0.47370 0.73071 
v 0.03646 -0.47477 0.72262 
v 0.03656 -0.47251 0.72574 
v 0.03628 -0.47638 0.72623 
v 0.03561 -0.47812 0.72267 
v 0.03680 -0.47501 0.72836 
v 0.03642 -0.47053 0.72824 
v 0.03595 -0.48030 0.72243 
v 0.03596 -0.48229 0.71914 
v 0.03578 -0.48043 0.71895 
v 0.03681 -0.48353 0.71669 
v 0.03801 -0.48404 0.71474 
v 0.03779 -0.48276 0.71492 
v 0.03659 -0.48198 0.71658 
v 0.04142 -0.48369 0.71339 
v 0.04116 -0.48525 0.71379 
v 0.04227 -0.47909 0.71412 
v 0.04158 -0.48201 0.71313 
v 0.04005 -0.47881 0.71488 
v 0.03931 -0.48162 0.71380 
v 0.03904 -0.47560 0.71658 
v 0.03724 -0.47828 0.71662 
v 0.03849 -0.48081 0.71479 
v 0.03903 -0.47224 0.71973 
v 0.03655 -0.47666 0.71959 
v 0.03898 -0.48436 0.71407 
v 0.03903 -0.48317 0.71387 
v 0.04399 -0.47178 0.72001 
v 0.04193 -0.47164 0.71977 
v 0.04203 -0.47531 0.71670 
v 0.04105 -0.48146 0.72631 
v 0.04332 -0.48225 0.72522 
v 0.04393 -0.48339 0.72319 
v 0.04241 -0.48408 0.72339 
v 0.04434 -0.48445 0.72083 
v 0.04257 -0.48559 0.72080 
v 0.04379 -0.48559 0.71841 
v 0.04222 -0.48627 0.71829 
v 0.04312 -0.48612 0.71614 
v 0.04304 -0.48574 0.71585 
v 0.04072 -0.48602 0.71507 
v 0.03898 -0.48483 0.71543 
v 0.03771 -0.48419 0.71703 
v 0.03670 -0.48322 0.71951 
v 0.03687 -0.48148 0.72254 
v 0.03835 -0.48121 0.72483 
v 0.04100 -0.48207 0.72545 
v 0.04364 -0.48265 0.72551 
v 0.04465 -0.48344 0.72375 
v 0.04500 -0.48464 0.72115 
v 0.04434 -0.48531 0.71829 
v 0.05546 -0.44312 0.77968 
v 0.05488 -0.43963 0.77856 
v 0.05323 -0.44392 0.78098 
v 0.05258 -0.44607 0.78214 
v 0.03288 -0.44338 0.78341 
v 0.03330 -0.44012 0.78146 
v -0.01527 -0.44613 0.74528 
v -0.01357 -0.44473 0.74645 
v -0.01649 -0.44492 0.74690 
v -0.01659 -0.44743 0.74499 
v -0.01827 -0.44639 0.74652 
v -0.01883 -0.44859 0.74611 
v -0.01765 -0.44909 0.74515 
v -0.01273 -0.44292 0.74777 
v -0.01503 -0.44293 0.74865 
v -0.01678 -0.44343 0.74863 
v -0.01873 -0.44563 0.74806 
v -0.01959 -0.44806 0.74781 
v -0.01453 -0.45329 0.74767 
v -0.01500 -0.45278 0.74626 
v -0.01686 -0.45222 0.74586 
v -0.01554 -0.45332 0.74765 
v -0.01203 -0.44118 0.74990 
v -0.01465 -0.44135 0.75061 
v -0.01679 -0.44274 0.75050 
v -0.01914 -0.44517 0.75019 
v -0.01975 -0.44755 0.74992 
v -0.01532 -0.45333 0.74965 
v -0.01395 -0.45311 0.74946 
v -0.01174 -0.43994 0.75267 
v -0.01436 -0.44036 0.75264 
v -0.01665 -0.44234 0.75250 
v -0.01890 -0.44494 0.75228 
v -0.01935 -0.44807 0.75210 
v -0.01507 -0.45267 0.75202 
v -0.01369 -0.45251 0.75162 
v -0.00728 -0.44248 0.75270 
v -0.00634 -0.44492 0.75262 
v -0.00602 -0.44425 0.75457 
v -0.00662 -0.44183 0.75470 
v -0.00886 -0.43954 0.75452 
v -0.00931 -0.44062 0.75258 
v -0.01151 -0.43879 0.75435 
v -0.01432 -0.43963 0.75430 
v -0.01635 -0.44165 0.75422 
v -0.01906 -0.44544 0.75400 
v -0.01849 -0.44758 0.75404 
v -0.01809 -0.44934 0.75381 
v -0.01600 -0.45074 0.75357 
v -0.01440 -0.45179 0.75339 
v -0.00589 -0.44383 0.75656 
v -0.00630 -0.44150 0.75658 
v -0.00861 -0.43921 0.75626 
v -0.01102 -0.43819 0.75598 
v -0.01376 -0.43885 0.75601 
v -0.01592 -0.44085 0.75595 
v -0.01893 -0.44450 0.75574 
v -0.01759 -0.44790 0.75578 
v -0.01500 -0.44982 0.75618 
v -0.01349 -0.45199 0.75397 
v -0.01227 -0.45120 0.75623 
v -0.01202 -0.45216 0.75450 
v -0.00538 -0.44347 0.75854 
v -0.00604 -0.44082 0.75861 
v -0.00818 -0.43852 0.75836 
v -0.01073 -0.43796 0.75825 
v -0.01299 -0.43877 0.75832 
v -0.01632 -0.44010 0.75823 
v -0.01805 -0.44305 0.75795 
v -0.01706 -0.44689 0.75738 
v -0.01505 -0.44972 0.75736 
v -0.01230 -0.45070 0.75774 
v -0.00442 -0.44273 0.76144 
v -0.00503 -0.44012 0.76117 
v -0.00818 -0.43751 0.76076 
v -0.01214 -0.43754 0.76097 
v -0.01576 -0.44009 0.76109 
v -0.01679 -0.44225 0.76099 
v -0.01697 -0.44548 0.76110 
v -0.01538 -0.44845 0.76072 
v -0.01130 -0.44936 0.76099 
v -0.00283 -0.44044 0.76425 
v -0.00372 -0.43728 0.76471 
v -0.01418 -0.44664 0.76409 
v -0.01232 -0.44812 0.76403 
v -0.00584 -0.43502 0.76532 
v -0.01126 -0.43509 0.76543 
v -0.00955 -0.44850 0.76385 
v -0.00209 -0.43642 0.76667 
v -0.00541 -0.43380 0.76713 
v -0.00988 -0.43346 0.76749 
v -0.01085 -0.44626 0.76652 
v -0.00808 -0.44739 0.76618 
v -0.00171 -0.43960 0.76664 
v -0.01372 -0.43685 0.76741 
v -0.01465 -0.43844 0.76489 
v -0.01501 -0.44065 0.76709 
v -0.01433 -0.44294 0.76686 
v -0.01540 -0.44345 0.76443 
v -0.01516 -0.44147 0.76464 
v -0.01261 -0.44501 0.76658 
v 0.00003 -0.43868 0.76914 
v -0.00034 -0.43526 0.76927 
v -0.00859 -0.43177 0.77008 
v -0.01230 -0.43630 0.76982 
v -0.01369 -0.43975 0.76956 
v -0.01381 -0.44260 0.76927 
v -0.01228 -0.44515 0.76892 
v -0.00999 -0.44657 0.76851 
v -0.00734 -0.44723 0.76808 
v -0.00420 -0.44487 0.76870 
v -0.00369 -0.43245 0.76976 
v 0.00200 -0.43735 0.77198 
v 0.00153 -0.43364 0.77229 
v -0.00131 -0.43044 0.77280 
v -0.00683 -0.42913 0.77304 
v -0.01116 -0.43436 0.77259 
v -0.01179 -0.43760 0.77238 
v -0.01211 -0.44192 0.77204 
v -0.00797 -0.44549 0.77154 
v -0.00510 -0.44546 0.77144 
v -0.00286 -0.44389 0.77152 
v 0.00416 -0.43576 0.77568 
v 0.00323 -0.43259 0.77454 
v -0.00019 -0.42891 0.77418 
v -0.00592 -0.42744 0.77503 
v -0.00970 -0.43228 0.77591 
v -0.01114 -0.43563 0.77611 
v -0.01086 -0.44108 0.77562 
v -0.00695 -0.44475 0.77524 
v -0.00433 -0.44503 0.77492 
v -0.00023 -0.44241 0.77529 
v 0.00586 -0.43497 0.77795 
v 0.00609 -0.42919 0.77828 
v 0.00230 -0.42642 0.77882 
v -0.00330 -0.42577 0.77944 
v -0.00511 -0.44292 0.77763 
v -0.00279 -0.44308 0.77750 
v -0.00754 -0.42918 0.77903 
v -0.00891 -0.43274 0.77869 
v -0.01040 -0.43571 0.77838 
v -0.00867 -0.43950 0.77816 
v 0.00866 -0.43431 0.78053 
v 0.00846 -0.42664 0.78143 
v 0.00422 -0.42416 0.78221 
v -0.00168 -0.42436 0.78219 
v -0.00794 -0.44154 0.77787 
v -0.00649 -0.43992 0.78084 
v -0.00380 -0.44155 0.78057 
v -0.00205 -0.44146 0.78051 
v 0.00165 -0.44016 0.78041 
v 0.00017 -0.44088 0.77748 
v -0.00601 -0.42785 0.78195 
v -0.00788 -0.43784 0.78115 
v 0.01108 -0.42376 0.78468 
v 0.00717 -0.42094 0.78469 
v -0.00019 -0.42169 0.78589 
v -0.00360 -0.42529 0.78595 
v -0.00658 -0.42897 0.78538 
v -0.00786 -0.43144 0.78164 
v 0.00013 -0.44017 0.78423 
v 0.00404 -0.43832 0.78410 
v 0.01083 -0.43300 0.78338 
v 0.01204 -0.42790 0.78425 
v -0.00888 -0.43457 0.78137 
v -0.00712 -0.43270 0.78505 
v -0.00631 -0.43547 0.78488 
v -0.00492 -0.43859 0.78461 
v -0.00237 -0.44064 0.78423 
v 0.01180 -0.43250 0.78524 
v 0.01368 -0.42821 0.78568 
v 0.01274 -0.42249 0.78639 
v 0.00839 -0.41966 0.78681 
v -0.00508 -0.42517 0.79034 
v -0.00474 -0.42943 0.79000 
v -0.00396 -0.43287 0.79009 
v -0.00323 -0.43634 0.78944 
v -0.00052 -0.43746 0.78969 
v -0.00386 -0.42098 0.79142 
v -0.00513 -0.42310 0.79324 
v 0.00521 -0.43713 0.79291 
v 0.00658 -0.43738 0.78897 
v 0.00408 -0.43781 0.78936 
v 0.00143 -0.42026 0.78766 
v -0.00409 -0.43154 0.79256 
v -0.00561 -0.42676 0.79295 
v -0.00297 -0.43486 0.79268 
v -0.00246 -0.42279 0.78900 
v -0.00936 -0.44333 0.77536 
v -0.01066 -0.44354 0.77184 
v 0.00625 -0.43819 0.78011 
v 0.00812 -0.43714 0.78322 
v -0.00150 -0.44269 0.76888 
v -0.00003 -0.44167 0.77160 
v 0.00304 -0.43952 0.77569 
v 0.00425 -0.43911 0.77764 
v 0.00949 -0.43609 0.78791 
v -0.00429 -0.44547 0.76409 
v -0.00671 -0.44799 0.76379 
v -0.00496 -0.44674 0.76620 
v -0.00234 -0.44356 0.76652 
v -0.00679 -0.44706 0.75815 
v -0.00958 -0.44994 0.75786 
v -0.00819 -0.44930 0.76112 
v -0.00534 -0.44677 0.76156 
v -0.00838 -0.44943 0.75191 
v -0.01037 -0.45172 0.75194 
v -0.01022 -0.45129 0.75443 
v -0.00791 -0.44884 0.75414 
v -0.00737 -0.44803 0.75600 
v -0.01007 -0.45055 0.75601 
v -0.01200 -0.45277 0.75174 
v -0.01115 -0.45231 0.74937 
v -0.01248 -0.45345 0.74935 
v -0.01290 -0.45349 0.74745 
v -0.01174 -0.45266 0.74756 
v -0.01230 -0.45183 0.74610 
v -0.01331 -0.45256 0.74589 
v -0.01602 -0.45080 0.74488 
v -0.01491 -0.44919 0.74457 
v -0.01373 -0.44785 0.74462 
v -0.01204 -0.44602 0.74603 
v -0.01205 -0.44944 0.74525 
v -0.01068 -0.44745 0.74659 
v -0.01117 -0.44975 0.74614 
v -0.00967 -0.44966 0.74787 
v -0.00890 -0.44655 0.74788 
v -0.00737 -0.44556 0.74999 
v -0.00910 -0.44958 0.74978 
v -0.01395 -0.45186 0.74526 
v -0.01302 -0.45080 0.74511 
v -0.00983 -0.44224 0.75015 
v -0.01046 -0.44442 0.74771 
v -0.00882 -0.44313 0.75005 
v -0.01600 -0.45101 0.75434 
v -0.01786 -0.45080 0.75204 
v -0.01822 -0.44924 0.75180 
v -0.01750 -0.44959 0.75334 
v -0.01845 -0.45105 0.74998 
v -0.01877 -0.44904 0.74996 
v -0.01829 -0.45128 0.74794 
v -0.01884 -0.44968 0.74803 
v -0.01843 -0.45014 0.74642 
v -0.01807 -0.44989 0.74624 
v -0.01657 -0.45183 0.74579 
v -0.01468 -0.45244 0.74626 
v -0.01397 -0.45326 0.74756 
v -0.01356 -0.45357 0.74955 
v -0.01327 -0.45287 0.75184 
v -0.01419 -0.45231 0.75342 
v -0.01620 -0.45114 0.75372 
v -0.01802 -0.44972 0.75341 
v -0.01878 -0.44899 0.75206 
v -0.01937 -0.44880 0.75012 
v -0.01899 -0.44908 0.74794 
v 0.00071 -0.43671 0.79267 
v 0.00919 -0.41857 0.78824 
v 0.00553 -0.40974 0.79544 
v 0.00372 -0.41457 0.79221 
v 0.00174 -0.41935 0.78944 
v -0.00233 -0.41674 0.79690 
v -0.00199 -0.41844 0.79412 
v -0.00386 -0.42099 0.79763 
v 0.01356 -0.46884 0.72022 
v 0.01479 -0.46667 0.72206 
v 0.01186 -0.46729 0.72236 
v 0.01248 -0.47069 0.71966 
v 0.01027 -0.46953 0.72173 
v 0.01034 -0.47230 0.72108 
v 0.01180 -0.47276 0.71979 
v 0.01470 -0.46447 0.72398 
v 0.01242 -0.46484 0.72471 
v 0.01072 -0.46575 0.72451 
v 0.00934 -0.46864 0.72361 
v 0.00928 -0.47163 0.72338 
v 0.01661 -0.47563 0.72349 
v 0.01599 -0.47555 0.72139 
v 0.01359 -0.47568 0.72050 
v 0.01546 -0.47601 0.72343 
v 0.01473 -0.46227 0.72623 
v 0.01202 -0.46309 0.72685 
v 0.01018 -0.46505 0.72675 
v 0.00850 -0.46822 0.72638 
v 0.00879 -0.47092 0.72615 
v 0.01567 -0.47555 0.72613 
v 0.01705 -0.47492 0.72591 
v 0.01452 -0.46052 0.72908 
v 0.01201 -0.46160 0.72910 
v 0.01021 -0.46427 0.72913 
v 0.00874 -0.46759 0.72906 
v 0.00951 -0.47099 0.72894 
v 0.01584 -0.47430 0.72904 
v 0.01715 -0.47377 0.72853 
v 0.01997 -0.46210 0.72913 
v 0.02190 -0.46426 0.72930 
v 0.02205 -0.46294 0.73152 
v 0.02058 -0.46073 0.73156 
v 0.01744 -0.45903 0.73135 
v 0.01722 -0.46070 0.72884 
v 0.01441 -0.45890 0.73128 
v 0.01179 -0.46037 0.73136 
v 0.01038 -0.46301 0.73138 
v 0.00893 -0.46774 0.73126 
v 0.01035 -0.46978 0.73133 
v 0.01142 -0.47154 0.73111 
v 0.01409 -0.47233 0.73118 
v 0.01618 -0.47293 0.73063 
v 0.02237 -0.46182 0.73384 
v 0.02135 -0.45945 0.73393 
v 0.01820 -0.45771 0.73386 
v 0.01511 -0.45737 0.73369 
v 0.01231 -0.45893 0.73367 
v 0.01074 -0.46175 0.73351 
v 0.00900 -0.46648 0.73339 
v 0.01134 -0.46961 0.73343 
v 0.01438 -0.47084 0.73381 
v 0.01710 -0.47271 0.73128 
v 0.01793 -0.47124 0.73382 
v 0.01871 -0.47225 0.73187 
v 0.02241 -0.46085 0.73629 
v 0.02145 -0.45770 0.73650 
v 0.01829 -0.45609 0.73655 
v 0.01540 -0.45628 0.73653 
v 0.01217 -0.45791 0.73641 
v 0.01022 -0.46080 0.73610 
v 0.00978 -0.46464 0.73583 
v 0.01185 -0.46859 0.73539 
v 0.01440 -0.47075 0.73526 
v 0.01774 -0.47065 0.73557 
v 0.02240 -0.45945 0.74062 
v 0.02118 -0.45663 0.74076 
v 0.01853 -0.45478 0.74081 
v 0.01550 -0.45468 0.74079 
v 0.01196 -0.45696 0.74049 
v 0.01010 -0.45963 0.74011 
v 0.01091 -0.46361 0.74006 
v 0.01276 -0.46812 0.73982 
v 0.01586 -0.46992 0.73950 
v 0.01945 -0.46855 0.73951 
v 0.02422 -0.45531 0.74591 
v 0.02246 -0.45229 0.74700 
v 0.01984 -0.45015 0.74749 
v 0.01567 -0.45036 0.74732 
v 0.01631 -0.46788 0.74442 
v 0.02012 -0.46647 0.74418 
v 0.01146 -0.45374 0.74578 
v 0.02359 -0.44964 0.75103 
v 0.02017 -0.44731 0.75132 
v 0.01629 -0.44776 0.75145 
v 0.01250 -0.45058 0.75147 
v 0.01768 -0.46274 0.75029 
v 0.02270 -0.46239 0.74987 
v 0.02524 -0.45250 0.75077 
v 0.01096 -0.45403 0.75110 
v 0.01067 -0.45771 0.74474 
v 0.01103 -0.45833 0.75058 
v 0.01391 -0.46126 0.75030 
v 0.01282 -0.46585 0.74458 
v 0.01159 -0.46119 0.74447 
v 0.02608 -0.45061 0.75591 
v 0.02430 -0.44634 0.75576 
v 0.02131 -0.44451 0.75578 
v 0.01676 -0.44539 0.75589 
v 0.01293 -0.44794 0.75674 
v 0.01184 -0.45155 0.75648 
v 0.01158 -0.45517 0.75620 
v 0.01400 -0.45900 0.75602 
v 0.01856 -0.46093 0.75561 
v 0.02760 -0.44726 0.76240 
v 0.02671 -0.44401 0.76262 
v 0.02442 -0.44151 0.76302 
v 0.01607 -0.44128 0.76247 
v 0.01346 -0.44389 0.76202 
v 0.01203 -0.44846 0.76164 
v 0.01237 -0.45150 0.76124 
v 0.01420 -0.45713 0.76127 
v 0.02316 -0.45936 0.75551 
v 0.01947 -0.45873 0.76169 
v 0.02444 -0.45577 0.76184 
v 0.02872 -0.44561 0.76678 
v 0.02823 -0.44160 0.76692 
v 0.02584 -0.43806 0.76687 
v 0.02120 -0.44001 0.76291 
v 0.02145 -0.43708 0.76676 
v 0.01628 -0.43861 0.76683 
v 0.01356 -0.44135 0.76659 
v 0.01244 -0.44552 0.76653 
v 0.01200 -0.44916 0.76623 
v 0.01466 -0.45458 0.76592 
v 0.02028 -0.45589 0.76617 
v 0.02541 -0.45328 0.76656 
v 0.03005 -0.44294 0.77114 
v 0.02934 -0.43989 0.77089 
v 0.02648 -0.43505 0.77057 
v 0.02149 -0.43409 0.77101 
v 0.01615 -0.43575 0.77196 
v 0.02119 -0.45270 0.77091 
v 0.02592 -0.45122 0.77104 
v 0.01272 -0.44690 0.77062 
v 0.01597 -0.45147 0.77057 
v 0.03157 -0.43980 0.77614 
v 0.03084 -0.43556 0.77639 
v 0.02700 -0.43185 0.77615 
v 0.01739 -0.43212 0.77676 
v 0.02093 -0.43147 0.77687 
v 0.01619 -0.44898 0.77522 
v 0.02167 -0.45048 0.77517 
v 0.01365 -0.43529 0.77700 
v 0.01361 -0.43840 0.77171 
v 0.01297 -0.44016 0.77651 
v 0.01278 -0.44189 0.77122 
v 0.02753 -0.42986 0.78069 
v 0.02084 -0.42889 0.78162 
v 0.01676 -0.42963 0.78135 
v 0.01317 -0.43829 0.78085 
v 0.01396 -0.44317 0.78035 
v 0.01361 -0.44505 0.77580 
v 0.03233 -0.43668 0.78001 
v 0.03161 -0.43270 0.78071 
v 0.01395 -0.43361 0.78143 
v 0.01537 -0.44696 0.78022 
v 0.02273 -0.44876 0.77939 
v 0.03401 -0.43414 0.78363 
v 0.03262 -0.43020 0.78383 
v 0.02765 -0.42748 0.78303 
v 0.02101 -0.42682 0.78439 
v 0.01674 -0.42886 0.78471 
v 0.01332 -0.43259 0.78412 
v 0.01278 -0.44099 0.78619 
v 0.01502 -0.44475 0.78558 
v 0.01281 -0.43681 0.78503 
v 0.02612 -0.44919 0.77520 
v 0.02815 -0.44481 0.78189 
v 0.02613 -0.44721 0.77867 
v 0.03064 -0.44537 0.77499 
v 0.03137 -0.44312 0.77797 
v 0.02648 -0.45513 0.75566 
v 0.02730 -0.45223 0.76173 
v 0.02890 -0.44946 0.76659 
v 0.02968 -0.44754 0.77124 
v 0.03168 -0.44110 0.78038 
v 0.02410 -0.46114 0.74492 
v 0.02271 -0.46485 0.74430 
v 0.02567 -0.45761 0.74988 
v 0.02250 -0.46502 0.73574 
v 0.02050 -0.46889 0.73554 
v 0.02151 -0.46740 0.73952 
v 0.02318 -0.46376 0.74014 
v 0.02161 -0.46909 0.72888 
v 0.02036 -0.47179 0.72897 
v 0.02038 -0.47076 0.73177 
v 0.02186 -0.46784 0.73135 
v 0.02222 -0.46648 0.73335 
v 0.02024 -0.46979 0.73352 
v 0.01900 -0.47343 0.72873 
v 0.01982 -0.47322 0.72594 
v 0.01877 -0.47478 0.72588 
v 0.01854 -0.47534 0.72333 
v 0.01960 -0.47412 0.72353 
v 0.01894 -0.47378 0.72149 
v 0.01795 -0.47486 0.72111 
v 0.01415 -0.47416 0.71943 
v 0.01493 -0.47227 0.71917 
v 0.01583 -0.47056 0.71936 
v 0.01699 -0.46789 0.72148 
v 0.01849 -0.47153 0.72034 
v 0.01912 -0.46891 0.72226 
v 0.01966 -0.47139 0.72161 
v 0.02093 -0.47050 0.72393 
v 0.02035 -0.46720 0.72397 
v 0.02123 -0.46554 0.72654 
v 0.02108 -0.46987 0.72638 
v 0.01698 -0.47449 0.72017 
v 0.01777 -0.47319 0.72007 
v 0.01748 -0.46271 0.72638 
v 0.01768 -0.46554 0.72390 
v 0.01889 -0.46343 0.72635 
v 0.01403 -0.47245 0.73213 
v 0.01220 -0.47332 0.72900 
v 0.01118 -0.47194 0.72861 
v 0.01214 -0.47172 0.73054 
v 0.01154 -0.47420 0.72640 
v 0.01045 -0.47220 0.72628 
v 0.01176 -0.47474 0.72370 
v 0.01065 -0.47314 0.72378 
v 0.01128 -0.47385 0.72148 
v 0.01160 -0.47350 0.72122 
v 0.01381 -0.47522 0.72047 
v 0.01628 -0.47513 0.72142 
v 0.01727 -0.47544 0.72340 
v 0.01762 -0.47522 0.72608 
v 0.01771 -0.47394 0.72882 
v 0.01657 -0.47336 0.73070 
v 0.01399 -0.47275 0.73142 
v 0.01165 -0.47200 0.73066 
v 0.01050 -0.47178 0.72893 
v 0.00971 -0.47211 0.72646 
v 0.01031 -0.47253 0.72363 
v 0.01344 -0.44305 0.79147 
v 0.01161 -0.44018 0.78832 
v 0.01124 -0.43686 0.78717 
v 0.01750 -0.42426 0.78601 
v 0.02187 -0.42477 0.78552 
v 0.03583 -0.42904 0.78503 
v 0.02831 -0.42543 0.78493 
v 0.03521 -0.43365 0.78375 
v 0.03266 -0.44045 0.78140 
v 0.03030 -0.44380 0.78353 
v 0.02881 -0.44510 0.78517 
v 0.02898 -0.42348 0.78688 
v 0.02281 -0.42284 0.78710 
v 0.03017 -0.42040 0.78857 
v 0.03279 -0.41579 0.79272 
v 0.03547 -0.41226 0.79984 
v 0.02429 -0.41865 0.78799 
v 0.03247 -0.40316 0.80881 
v 0.11044 -0.40147 0.78687 
v 0.08192 -0.40419 0.80339 
v 0.07673 -0.41102 0.80507 
v 0.08346 -0.40757 0.80304 
v 0.07527 -0.41428 0.80069 
v 0.07626 -0.41987 0.80393 
v 0.07517 -0.42698 0.79586 
v 0.07484 -0.42007 0.79504 
v 0.07519 -0.42461 0.79538 
v 0.07532 -0.41556 0.80209 
v 0.11977 -0.42266 0.78202 
v 0.11611 -0.42113 0.78507 
v 0.12439 -0.42179 0.78243 
v 0.10674 -0.41541 0.80345 
v 0.11175 -0.41778 0.79753 
v 0.10429 -0.41654 0.80326 
v 0.11451 -0.40438 0.79456 
v 0.11605 -0.41008 0.79690 
v 0.11131 -0.40816 0.80194 
v 0.10872 -0.40233 0.80019 
v 0.10628 -0.41865 0.79651 
v 0.09955 -0.41671 0.80196 
v 0.11539 -0.41370 0.79763 
v 0.10957 -0.41107 0.80259 
v 0.11210 -0.40309 0.79280 
v 0.10527 -0.40109 0.79880 
v 0.10828 -0.40268 0.79121 
v 0.10000 -0.40034 0.79768 
v 0.10360 -0.40357 0.79014 
v 0.09353 -0.40212 0.79731 
v 0.09204 -0.40575 0.79576 
v 0.09934 -0.40785 0.79049 
v 0.09180 -0.40935 0.79594 
v 0.09851 -0.41041 0.79087 
v 0.09185 -0.40719 0.79591 
v 0.09278 -0.41368 0.79830 
v 0.09922 -0.41407 0.79237 
v 0.09261 -0.41066 0.79665 
v 0.10298 -0.41678 0.79476 
v 0.09663 -0.41649 0.80110 
v 0.12662 -0.41746 0.78454 
v 0.11386 -0.41854 0.78832 
v 0.08392 -0.41066 0.80273 
v 0.07831 -0.41397 0.80481 
v 0.07657 -0.41812 0.80244 
v 0.07588 -0.42605 0.79541 
v 0.03950 -0.37627 0.86062 
v 0.04993 -0.37901 0.86305 
v 0.05509 -0.38230 0.86523 
v 0.05933 -0.38715 0.86814 
v 0.02663 -0.37720 0.85987 
v 0.01619 -0.37914 0.85943 
v 0.05945 -0.38767 0.86844 
v 0.04171 -0.41363 0.88040 
v 0.05184 -0.40915 0.87940 
v 0.01937 -0.41514 0.87770 
v 0.03079 -0.41675 0.88041 
v 0.05830 -0.40308 0.87689 
v 0.06101 -0.39282 0.87152 
v 0.00665 -0.40592 0.87103 
v 0.01255 -0.41130 0.87461 
v 0.00657 -0.39621 0.86588 
v 0.00912 -0.38724 0.86212 
v 0.03007 -0.36651 0.87280 
v 0.01240 -0.36902 0.87175 
v 0.00718 -0.40152 0.88862 
v 0.01273 -0.40558 0.89160 
v 0.02738 -0.40915 0.89546 
v 0.03796 -0.40707 0.89563 
v 0.00521 -0.37809 0.87526 
v 0.00349 -0.39283 0.88312 
v 0.00366 -0.39666 0.88543 
v 0.04905 -0.37334 0.87889 
v 0.05434 -0.38031 0.88351 
v 0.05441 -0.38046 0.88360 
v 0.00338 -0.38313 0.87765 
v 0.05468 -0.39729 0.89228 
v 0.04776 -0.40225 0.89422 
v 0.05721 -0.38868 0.88803 
v -0.00190 -0.37467 0.89286 
v 0.00146 -0.36409 0.88734 
v 0.01439 -0.35573 0.88414 
v 0.04421 -0.39414 0.90907 
v 0.05150 -0.38818 0.90640 
v 0.02860 -0.35581 0.88590 
v 0.00289 -0.39146 0.90281 
v -0.00140 -0.38647 0.89975 
v 0.02437 -0.40130 0.91109 
v 0.04629 -0.36385 0.89248 
v 0.05341 -0.37669 0.90036 
v 0.00269 -0.39126 0.90267 
v 0.00631 -0.39528 0.90551 
v 0.03649 -0.39890 0.91093 
v -0.00609 -0.35467 0.90281 
v 0.00384 -0.34553 0.89836 
v 0.05042 -0.37031 0.91665 
v 0.04516 -0.35606 0.90823 
v 0.02118 -0.34362 0.89868 
v 0.04147 -0.38702 0.92533 
v -0.00793 -0.37189 0.91263 
v -0.00776 -0.36590 0.90908 
v 0.03305 -0.34683 0.90171 
v 0.04899 -0.37806 0.92082 
v 0.02086 -0.39303 0.92730 
v 0.03498 -0.38969 0.92641 
v 0.00542 -0.38862 0.92345 
v -0.00091 -0.38454 0.92060 
v 0.00756 -0.38307 0.94314 
v -0.00802 -0.37424 0.93650 
v 0.04467 -0.34989 0.92579 
v 0.01886 -0.38244 0.94493 
v 0.03486 -0.37752 0.94489 
v 0.04459 -0.36538 0.93928 
v 0.02690 -0.33394 0.91517 
v 0.00849 -0.33042 0.91179 
v -0.00610 -0.33773 0.91504 
v -0.01208 -0.34692 0.91989 
v 0.03784 -0.34061 0.91994 
v 0.04751 -0.36051 0.93199 
v -0.01372 -0.35780 0.92621 
v -0.01303 -0.36647 0.95207 
v -0.00799 -0.32288 0.92862 
v 0.00611 -0.37609 0.96204 
v 0.00810 -0.31785 0.92662 
v 0.02210 -0.32003 0.92884 
v -0.01977 -0.34636 0.94175 
v 0.01835 -0.37374 0.96286 
v -0.01228 -0.32775 0.93114 
v 0.03378 -0.36722 0.96164 
v -0.01865 -0.33806 0.93682 
v 0.03028 -0.32389 0.93169 
v 0.03822 -0.33206 0.94052 
v 0.04443 -0.34960 0.95261 
v -0.02181 -0.35148 0.96503 
v -0.01586 -0.31300 0.94513 
v -0.02213 -0.32608 0.94814 
v -0.02318 -0.33708 0.95531 
v 0.01861 -0.36564 0.98190 
v 0.01181 -0.30501 0.94191 
v 0.00001 -0.30623 0.94191 
v 0.03850 -0.32500 0.95949 
v 0.00146 -0.36740 0.97972 
v 0.02882 -0.31071 0.94899 
v 0.04262 -0.34292 0.97168 
v 0.03171 -0.35688 0.97847 
v -0.01527 -0.35951 0.97132 
v 0.03920 -0.32128 0.98104 
v 0.02942 -0.34927 0.99732 
v 0.04063 -0.33337 0.98907 
v 0.01415 -0.35835 1.00094 
v 0.03329 -0.30396 0.96934 
v -0.02539 -0.31229 0.96341 
v -0.02767 -0.32248 0.96985 
v -0.00364 -0.35829 0.99743 
v -0.00834 -0.29625 0.95578 
v 0.00650 -0.29255 0.95617 
v 0.02707 -0.29980 0.96523 
v -0.02732 -0.33679 0.97921 
v -0.02603 -0.34115 0.98217 
v -0.01815 -0.35180 0.99033 
v 0.03554 -0.29893 0.99019 
v -0.00940 -0.28317 0.97151 
v 0.00479 -0.28067 0.97213 
v 0.02589 -0.28820 0.98113 
v 0.02744 -0.34137 1.01568 
v 0.01106 -0.35011 1.01898 
v -0.01892 -0.28860 0.97371 
v -0.02630 -0.29634 0.97781 
v -0.03079 -0.30798 0.98497 
v -0.03152 -0.32098 0.99321 
v -0.02972 -0.33086 0.99955 
v -0.02292 -0.34097 1.00694 
v -0.00756 -0.34894 1.01487 
v 0.03847 -0.32211 1.00529 
v -0.03231 -0.29445 1.00067 
v -0.03479 -0.30514 1.00712 
v 0.02544 -0.33257 1.03287 
v 0.03491 -0.31379 1.02275 
v 0.00905 -0.34164 1.03622 
v 0.00516 -0.26899 0.98847 
v 0.02473 -0.27745 0.99761 
v 0.03429 -0.29406 1.01023 
v -0.02780 -0.28204 0.99298 
v -0.00291 -0.34226 1.03469 
v -0.03344 -0.31862 1.01533 
v -0.02715 -0.32887 1.02237 
v -0.00535 -0.26913 0.98703 
v 0.02980 -0.28810 1.02860 
v 0.02303 -0.26789 1.01438 
v -0.03432 -0.28047 1.01532 
v -0.03756 -0.29245 1.02214 
v 0.02244 -0.32377 1.04923 
v 0.00451 -0.33390 1.05229 
v -0.02390 -0.26312 1.00469 
v -0.03213 -0.27476 1.01184 
v -0.03742 -0.30543 1.02974 
v 0.03050 -0.30593 1.03979 
v -0.03094 -0.31701 1.03715 
v -0.00938 -0.33262 1.04916 
v -0.01780 -0.32644 1.04421 
v 0.02525 -0.27672 1.04287 
v -0.02159 -0.31464 1.05733 
v -0.00212 -0.32585 1.06683 
v -0.01397 -0.32287 1.06300 
v -0.01137 -0.24532 1.01732 
v -0.02603 -0.25218 1.02040 
v 0.02307 -0.29571 1.05425 
v -0.03497 -0.26588 1.02819 
v -0.04001 -0.27933 1.03562 
v -0.03916 -0.29290 1.04379 
v -0.03214 -0.30402 1.05071 
v 0.02089 -0.25686 1.02922 
v 0.01977 -0.31337 1.06387 
v -0.01201 -0.23391 1.03235 
v -0.02512 -0.30368 1.07030 
v -0.01590 -0.31454 1.07772 
v -0.03982 -0.28088 1.05726 
v -0.04142 -0.26508 1.04790 
v 0.02068 -0.24701 1.04453 
v -0.03554 -0.25053 1.04019 
v -0.00758 -0.31728 1.08071 
v 0.01442 -0.30364 1.07798 
v 0.01934 -0.28419 1.06807 
v 0.02104 -0.26606 1.05737 
v -0.02481 -0.24201 1.03669 
v -0.03262 -0.29160 1.06354 
v -0.01775 -0.30315 0.95866 
v -0.02101 -0.27665 0.99012 
v -0.00846 -0.25729 1.00245 
v 0.00582 -0.25769 1.00469 
v 0.00712 -0.24614 1.02021 
v 0.00845 -0.23628 1.03611 
v -0.04356 -0.25284 1.06076 
v -0.04727 -0.27076 1.06987 
v -0.01229 -0.30787 1.09474 
v -0.01334 -0.22445 1.04799 
v -0.03582 -0.23596 1.05218 
v 0.02384 -0.25419 1.07109 
v 0.02169 -0.27058 1.08059 
v -0.03188 -0.29467 1.08480 
v 0.00695 -0.22673 1.05166 
v 0.02072 -0.23716 1.05961 
v -0.03856 -0.28305 1.07797 
v -0.02640 -0.23068 1.05074 
v -0.05168 -0.23971 1.07484 
v -0.00300 -0.21624 1.06945 
v -0.04589 -0.27315 1.09448 
v -0.02818 -0.21912 1.06749 
v -0.03514 -0.28520 1.10284 
v 0.01643 -0.22405 1.07504 
v 0.02697 -0.24252 1.08663 
v -0.05235 -0.26499 1.08910 
v 0.00932 -0.28668 1.10994 
v -0.01859 -0.29361 1.11020 
v -0.02096 -0.28230 1.13026 
v 0.00665 -0.27690 1.12999 
v -0.03240 -0.20781 1.08665 
v -0.01130 -0.20517 1.08773 
v 0.02706 -0.23470 1.10709 
v 0.02866 -0.23981 1.11008 
v -0.05614 -0.22723 1.09448 
v -0.04084 -0.27368 1.12317 
v -0.05864 -0.24980 1.10704 
v 0.01869 -0.21681 1.09586 
v 0.01067 -0.21025 1.09184 
v 0.02552 -0.25714 1.12005 
v 0.01781 -0.20477 1.12124 
v -0.06598 -0.23349 1.13351 
v -0.02260 -0.27046 1.15848 
v -0.06005 -0.20730 1.11878 
v -0.03124 -0.18980 1.10998 
v -0.04804 -0.26154 1.15204 
v 0.00998 -0.19712 1.11622 
v 0.02798 -0.22302 1.13378 
v 0.02339 -0.24909 1.14915 
v 0.02906 -0.23699 1.14233 
v 0.00199 -0.26572 1.15761 
v -0.05127 -0.25343 1.17551 
v -0.02999 -0.26065 1.18059 
v -0.00083 -0.25689 1.18001 
v -0.02826 -0.17619 1.12773 
v -0.05745 -0.18932 1.13578 
v 0.02780 -0.21314 1.15435 
v 0.02701 -0.23127 1.16637 
v 0.00224 -0.18161 1.13200 
v 0.01767 -0.19495 1.14134 
v 0.01950 -0.24315 1.17324 
v 0.02468 -0.26280 1.09839 
v 0.01113 -0.29451 1.09200 
v -0.01382 -0.21577 1.06804 
v -0.01406 -0.18944 1.11081 
v -0.01298 -0.17860 1.12972 
v -0.07001 -0.22500 1.15699 
v -0.06837 -0.20441 1.14500 
v -0.05675 -0.25047 1.14435 
v -0.06066 -0.24129 1.16707 
v 0.01496 -0.23162 1.21099 
v -0.02400 -0.15439 1.16607 
v 0.03266 -0.19219 1.19499 
v 0.02300 -0.17009 1.17974 
v 0.02765 -0.21554 1.20579 
v -0.06741 -0.17081 1.17372 
v -0.03154 0.30915 0.98748 
v -0.03129 0.32198 0.99582 
v -0.03500 0.30607 1.00957 
v -0.03319 0.29535 1.00292 
v -0.02031 0.28226 1.13183 
v -0.04040 0.27304 1.12471 
v -0.03429 0.28492 1.10465 
v -0.01727 0.29377 1.11194 
v -0.05045 0.24397 1.20547 
v -0.05207 0.25149 1.17682 
v -0.03094 0.25928 1.18181 
v -0.06834 0.20349 1.14631 
v -0.06031 0.20699 1.12023 
v -0.06632 0.23268 1.13508 
v -0.00692 0.37389 0.93848 
v 0.01010 0.38307 0.94539 
v 0.00969 0.37609 0.96436 
v -0.01107 0.36667 0.95460 
v -0.00012 0.36425 0.88847 
v -0.00274 0.37435 0.89402 
v -0.00753 0.35471 0.90434 
v 0.00176 0.34599 0.89997 
v 0.03317 0.29447 1.01064 
v 0.02269 0.27835 0.99808 
v 0.02156 0.26882 1.01462 
v 0.02901 0.28876 1.02900 
v 0.02885 0.22496 1.13467 
v 0.02992 0.23905 1.14344 
v 0.02976 0.24184 1.11090 
v 0.02802 0.23667 1.10782 
v 0.03394 0.29933 0.99073 
v 0.03903 0.32194 1.00612 
v 0.03858 0.32139 0.98182 
v 0.03117 0.30448 0.97015 
v 0.00188 0.28193 0.97347 
v -0.01231 0.28425 0.97301 
v -0.00796 0.27026 0.98820 
v 0.00259 0.27021 0.98945 
v -0.04275 0.26544 1.04970 
v -0.04023 0.28101 1.05946 
v -0.04744 0.27048 1.07191 
v -0.04492 0.25288 1.06218 
v -0.00804 0.33790 0.91679 
v 0.00614 0.33104 0.91374 
v 0.00576 0.24724 1.02073 
v 0.02016 0.25788 1.02936 
v 0.00383 0.25882 1.00540 
v 0.04340 0.35726 0.91009 
v 0.04940 0.37166 0.91873 
v 0.05216 0.37827 0.90188 
v 0.04445 0.36528 0.89386 
v -0.01797 0.31331 0.94709 
v -0.01024 0.32313 0.93050 
v -0.01422 0.32786 0.93299 
v -0.02361 0.33803 0.95777 
v -0.02371 0.32716 0.95045 
v -0.01979 0.33795 0.93868 
v -0.02022 0.34613 0.94364 
v -0.02970 0.21949 1.06822 
v -0.02809 0.23107 1.05145 
v -0.03763 0.23624 1.05308 
v -0.00382 0.21756 1.07015 
v -0.01503 0.21670 1.06870 
v -0.01192 0.20619 1.08855 
v -0.00526 0.31718 1.08268 
v 0.01634 0.30461 1.07954 
v 0.01315 0.29580 1.09364 
v -0.01031 0.30795 1.09659 
v 0.04136 0.33313 0.98996 
v 0.03202 0.34924 0.99896 
v 0.03400 0.35703 0.98004 
v 0.04314 0.34279 0.97254 
v 0.00269 0.18248 1.13328 
v 0.01828 0.19634 1.14249 
v 0.01844 0.20632 1.12199 
v 0.01042 0.19845 1.11704 
v 0.00766 0.27852 1.13171 
v 0.01105 0.28823 1.11162 
v -0.01158 0.32256 1.06509 
v 0.00039 0.32565 1.06885 
v -0.01369 0.31431 1.07974 
v 0.02170 0.37436 0.96509 
v 0.03589 0.36766 0.96320 
v 0.02222 0.36601 0.98405 
v -0.00257 0.30696 0.94409 
v 0.00931 0.30586 0.94414 
v 0.01985 0.32080 0.93102 
v 0.00565 0.31857 0.92879 
v 0.01896 0.34449 0.90046 
v 0.03094 0.34785 0.90350 
v 0.02645 0.35697 0.88723 
v 0.01227 0.35651 0.88540 
v 0.05099 0.38976 0.90812 
v 0.04437 0.39565 0.91095 
v 0.04790 0.40419 0.89541 
v 0.05415 0.39930 0.89327 
v 0.04577 0.35840 0.93591 
v 0.04476 0.36607 0.94037 
v 0.04850 0.37942 0.92304 
v -0.05692 0.22702 1.09596 
v -0.05888 0.24925 1.10865 
v -0.04556 0.27261 1.09630 
v -0.05245 0.26452 1.09091 
v -0.04090 0.28039 1.08474 
v 0.02463 0.30055 0.96625 
v 0.00342 0.29376 0.95780 
v 0.02356 0.28907 0.98191 
v 0.00773 0.23746 1.03654 
v -0.01354 0.23467 1.03312 
v -0.01459 0.22523 1.04859 
v 0.00646 0.22803 1.05217 
v -0.03812 0.29322 1.02442 
v -0.03711 0.30617 1.03220 
v -0.03945 0.29347 1.04622 
v -0.04104 0.27996 1.03775 
v -0.03147 0.19011 1.11112 
v -0.05734 0.18893 1.13694 
v -0.02804 0.17648 1.12892 
v 0.00542 0.36710 0.98193 
v 0.02137 0.38321 0.94717 
v -0.03332 0.20811 1.08763 
v -0.01986 0.31454 1.05952 
v -0.02377 0.30355 1.07247 
v -0.01069 0.25821 1.00345 
v -0.01409 0.35752 0.92800 
v 0.02631 0.31139 0.95017 
v 0.02477 0.33469 0.91715 
v -0.02033 0.30422 0.96064 
v -0.01144 0.29730 0.95749 
v -0.05362 0.26158 1.11662 
v -0.05699 0.24936 1.14584 
v 0.02681 0.25926 1.12130 
v 0.02630 0.26475 1.09945 
v 0.02790 0.24421 1.08728 
v -0.04874 0.15605 1.16706 
v 0.03086 0.30621 1.04053 
v 0.03538 0.31375 1.02355 
v 0.03657 0.37857 0.94665 
v 0.04185 0.38831 0.92774 
v 0.05610 0.39063 0.88882 
v 0.01645 0.22549 1.07556 
v 0.01075 0.21169 1.09241 
v 0.02087 0.23850 1.05997 
v 0.02062 0.24818 1.04471 
v -0.03729 0.25095 1.04151 
v -0.03647 0.26641 1.02992 
v 0.01477 0.35024 1.02122 
v -0.00386 0.34849 1.01693 
v 0.00016 0.35782 0.99951 
v 0.01783 0.35857 1.00315 
v 0.02053 0.28550 1.06911 
v 0.02154 0.26737 1.05788 
v 0.02485 0.25571 1.07164 
v 0.02338 0.27228 1.08157 
v 0.01953 0.24522 1.17467 
v 0.02752 0.23333 1.16763 
v 0.00969 0.40732 0.88147 
v 0.01729 0.41235 0.88363 
v 0.01359 0.40517 0.89257 
v 0.00763 0.40091 0.88954 
v -0.02047 0.35214 0.96760 
v -0.02475 0.34187 0.98472 
v -0.02660 0.33771 0.98179 
v -0.00146 0.38573 0.90094 
v 0.00336 0.39232 0.88401 
v 0.00377 0.39606 0.88633 
v -0.00840 0.36557 0.91062 
v -0.00811 0.37144 0.91421 
v -0.01334 0.34684 0.92163 
v 0.05283 0.38206 0.88427 
v 0.05286 0.38209 0.88419 
v 0.04734 0.37498 0.87954 
v 0.01906 0.21840 1.09641 
v -0.02846 0.33158 1.00212 
v -0.03255 0.31939 1.01787 
v -0.02503 0.32920 1.02478 
v -0.02031 0.34104 1.00927 
v -0.00885 0.33822 1.03272 
v -0.03224 0.29154 1.06575 
v -0.03145 0.30429 1.05307 
v -0.02833 0.32366 0.97240 
v 0.02826 0.32465 0.93382 
v 0.03628 0.33269 0.94160 
v 0.03597 0.34146 0.92195 
v 0.04322 0.35085 0.92790 
v 0.03023 0.41418 0.88791 
v 0.03952 0.41188 0.89057 
v 0.03895 0.40863 0.89702 
v 0.02873 0.40985 0.89673 
v 0.00530 0.38391 0.87003 
v 0.00466 0.39293 0.87350 
v 0.00257 0.38309 0.87851 
v 0.00406 0.37834 0.87608 
v 0.02867 0.21493 1.15542 
v 0.03316 0.19440 1.19627 
v -0.05186 0.24644 1.06940 
v -0.05029 0.26788 1.07740 
v -0.05287 0.23966 1.07633 
v -0.03378 0.29239 1.09078 
v -0.03783 0.28256 1.07999 
v -0.03063 0.29442 1.08679 
v 0.00580 0.40190 0.87839 
v 0.08474 0.46490 0.71814 
v 0.08451 0.46251 0.71966 
v 0.08618 0.46433 0.72074 
v 0.08458 0.46678 0.71777 
v 0.08602 0.46703 0.72036 
v 0.08466 0.46898 0.71950 
v 0.08379 0.46862 0.71793 
v 0.08497 0.46050 0.72168 
v 0.08613 0.46220 0.72298 
v 0.08682 0.46383 0.72316 
v 0.08613 0.46667 0.72235 
v 0.08494 0.46879 0.72187 
v 0.07754 0.46803 0.71942 
v 0.07865 0.46845 0.71792 
v 0.08046 0.46978 0.71806 
v 0.07815 0.46856 0.71969 
v 0.08513 0.45843 0.72408 
v 0.08648 0.46063 0.72533 
v 0.08679 0.46321 0.72547 
v 0.08603 0.46644 0.72514 
v 0.08474 0.46823 0.72451 
v 0.07748 0.46798 0.72188 
v 0.07688 0.46709 0.72134 
v 0.08500 0.45691 0.72712 
v 0.08649 0.45941 0.72774 
v 0.08642 0.46254 0.72786 
v 0.08547 0.46591 0.72767 
v 0.08346 0.46806 0.72687 
v 0.07719 0.46697 0.72452 
v 0.07662 0.46615 0.72376 
v 0.08003 0.45452 0.72537 
v 0.07767 0.45563 0.72475 
v 0.07735 0.45469 0.72707 
v 0.07928 0.45320 0.72778 
v 0.08241 0.45364 0.72866 
v 0.08283 0.45524 0.72605 
v 0.08502 0.45558 0.72954 
v 0.08648 0.45858 0.73021 
v 0.08619 0.46152 0.73023 
v 0.08466 0.46617 0.72977 
v 0.08283 0.46696 0.72908 
v 0.08118 0.46773 0.72823 
v 0.07889 0.46684 0.72687 
v 0.07714 0.46609 0.72603 
v 0.07690 0.45415 0.72947 
v 0.07862 0.45228 0.73012 
v 0.08207 0.45272 0.73081 
v 0.08449 0.45412 0.73196 
v 0.08603 0.45726 0.73253 
v 0.08584 0.46041 0.73251 
v 0.08460 0.46526 0.73218 
v 0.08140 0.46628 0.73085 
v 0.07812 0.46525 0.73005 
v 0.07620 0.46539 0.72652 
v 0.07532 0.46372 0.72917 
v 0.07500 0.46417 0.72681 
v 0.07646 0.45385 0.73159 
v 0.07850 0.45200 0.73224 
v 0.08149 0.45169 0.73330 
v 0.08397 0.45329 0.73497 
v 0.08478 0.45620 0.73527 
v 0.08572 0.46008 0.73556 
v 0.08420 0.46346 0.73495 
v 0.08114 0.46508 0.73308 
v 0.07770 0.46517 0.73176 
v 0.07513 0.46343 0.73127 
v 0.07465 0.45145 0.73774 
v 0.07709 0.44974 0.73929 
v 0.08004 0.44934 0.74017 
v 0.08450 0.45331 0.74032 
v 0.08470 0.45575 0.74005 
v 0.08452 0.45927 0.73959 
v 0.08290 0.46188 0.73908 
v 0.08077 0.46417 0.73810 
v 0.07740 0.46469 0.73678 
v 0.07399 0.46287 0.73506 
v 0.07272 0.44838 0.74086 
v 0.07620 0.44732 0.74191 
v 0.08239 0.45089 0.74024 
v 0.07939 0.44710 0.74306 
v 0.08190 0.44836 0.74405 
v 0.07635 0.46352 0.74196 
v 0.07396 0.46280 0.74127 
v 0.08463 0.45147 0.74496 
v 0.08470 0.45455 0.74500 
v 0.07220 0.45989 0.73992 
v 0.07503 0.44468 0.74555 
v 0.07895 0.44477 0.74698 
v 0.08134 0.44670 0.74832 
v 0.08312 0.44897 0.74938 
v 0.08348 0.45194 0.74951 
v 0.07276 0.46014 0.74569 
v 0.07086 0.45741 0.74431 
v 0.07162 0.44652 0.74474 
v 0.08293 0.45576 0.74922 
v 0.08315 0.45792 0.74447 
v 0.08087 0.45935 0.74836 
v 0.07874 0.46023 0.74749 
v 0.07978 0.46305 0.74327 
v 0.08207 0.46062 0.74422 
v 0.07534 0.46099 0.74651 
v 0.07083 0.44452 0.74885 
v 0.07367 0.44267 0.74880 
v 0.07716 0.44291 0.74998 
v 0.07950 0.44439 0.75191 
v 0.08236 0.45000 0.75465 
v 0.08104 0.45376 0.75410 
v 0.07926 0.45704 0.75337 
v 0.07656 0.45876 0.75187 
v 0.07442 0.45934 0.75081 
v 0.07154 0.45818 0.74987 
v 0.06946 0.45617 0.74920 
v 0.06799 0.45173 0.74892 
v 0.08156 0.44698 0.75348 
v 0.06974 0.44310 0.75208 
v 0.07268 0.44148 0.75195 
v 0.07567 0.44172 0.75266 
v 0.07865 0.44216 0.75485 
v 0.08038 0.44417 0.75843 
v 0.08071 0.44783 0.75954 
v 0.08016 0.45130 0.75956 
v 0.07811 0.45442 0.75846 
v 0.07519 0.45671 0.75736 
v 0.06957 0.45587 0.75525 
v 0.06738 0.45348 0.75379 
v 0.06678 0.45056 0.75264 
v 0.06675 0.44018 0.75972 
v 0.06897 0.43671 0.76061 
v 0.07221 0.43574 0.76152 
v 0.07555 0.43646 0.76214 
v 0.07853 0.44019 0.76374 
v 0.07962 0.44388 0.76427 
v 0.07845 0.44860 0.76388 
v 0.07706 0.45246 0.76303 
v 0.07361 0.45579 0.76156 
v 0.06791 0.45461 0.75907 
v 0.06610 0.45156 0.75797 
v 0.06500 0.44873 0.75787 
v 0.06425 0.43829 0.76368 
v 0.06756 0.43450 0.76435 
v 0.07074 0.43342 0.76515 
v 0.07419 0.43411 0.76659 
v 0.07769 0.43743 0.76954 
v 0.06614 0.45190 0.76417 
v 0.06437 0.45014 0.76347 
v 0.07842 0.44087 0.77002 
v 0.07756 0.44476 0.76922 
v 0.07606 0.44839 0.76836 
v 0.07491 0.45168 0.76768 
v 0.07218 0.45344 0.76653 
v 0.06096 0.43646 0.76956 
v 0.06350 0.43258 0.77044 
v 0.06642 0.43066 0.77069 
v 0.07553 0.43352 0.77496 
v 0.07378 0.43074 0.77419 
v 0.06916 0.45371 0.76536 
v 0.06721 0.45148 0.77088 
v 0.06412 0.45043 0.76970 
v 0.06298 0.44907 0.76926 
v 0.06138 0.44552 0.76865 
v 0.06305 0.44616 0.76294 
v 0.06975 0.42994 0.77228 
v 0.07662 0.43744 0.77583 
v 0.07644 0.44044 0.77549 
v 0.07045 0.45146 0.77210 
v 0.06703 0.42778 0.77718 
v 0.07071 0.42699 0.77871 
v 0.07310 0.42528 0.77983 
v 0.07548 0.42702 0.78149 
v 0.07528 0.44420 0.77452 
v 0.07525 0.43971 0.78073 
v 0.07394 0.44514 0.77943 
v 0.07443 0.44679 0.77393 
v 0.06025 0.44864 0.77364 
v 0.05919 0.44467 0.77329 
v 0.05904 0.43506 0.77442 
v 0.06137 0.43129 0.77537 
v 0.06385 0.42908 0.77553 
v 0.07629 0.43095 0.78220 
v 0.07598 0.43503 0.78178 
v 0.07290 0.44985 0.77309 
v 0.07079 0.44806 0.77751 
v 0.06839 0.45013 0.77650 
v 0.06494 0.45125 0.77533 
v 0.06262 0.45020 0.77400 
v 0.05639 0.43510 0.77897 
v 0.05967 0.43074 0.77760 
v 0.06247 0.42768 0.77842 
v 0.06601 0.42629 0.77984 
v 0.06918 0.42365 0.78139 
v 0.07273 0.42170 0.78478 
v 0.07505 0.42291 0.78617 
v 0.07589 0.42591 0.78715 
v 0.07336 0.44185 0.78514 
v 0.06928 0.44640 0.78254 
v 0.06705 0.44909 0.78144 
v 0.06263 0.45085 0.77980 
v 0.06058 0.44951 0.77870 
v 0.05583 0.42980 0.78183 
v 0.05987 0.42541 0.78138 
v 0.06401 0.42282 0.78243 
v 0.06968 0.42025 0.78382 
v 0.07569 0.43109 0.78786 
v 0.07472 0.43577 0.78568 
v 0.05657 0.42494 0.78304 
v 0.05918 0.42398 0.78418 
v 0.06343 0.42136 0.78604 
v 0.06972 0.41770 0.78728 
v 0.07326 0.41832 0.79064 
v 0.07477 0.43401 0.78985 
v 0.07277 0.44060 0.78918 
v 0.05756 0.44915 0.78470 
v 0.05343 0.44828 0.78447 
v 0.05781 0.44745 0.77829 
v 0.05655 0.42299 0.78659 
v 0.06271 0.41952 0.78857 
v 0.06887 0.41546 0.79072 
v 0.07221 0.41438 0.79541 
v 0.01778 0.41778 0.78843 
v 0.02147 0.41880 0.78774 
v 0.01937 0.42335 0.78681 
v 0.01520 0.42281 0.78765 
v 0.04377 0.42507 0.78507 
v 0.03882 0.42662 0.78523 
v 0.03793 0.42311 0.78793 
v 0.04266 0.42219 0.78776 
v 0.04954 0.42046 0.78834 
v 0.04878 0.42490 0.78532 
v 0.06255 0.41626 0.79111 
v 0.05649 0.41911 0.78963 
v 0.06767 0.41174 0.79509 
v 0.07030 0.40999 0.80013 
v 0.06159 0.45016 0.78549 
v 0.06534 0.44901 0.78634 
v 0.06443 0.44734 0.79158 
v 0.06039 0.44882 0.79058 
v 0.05252 0.44829 0.79032 
v 0.05641 0.44849 0.79019 
v 0.02601 0.44823 0.78242 
v 0.02799 0.44518 0.78837 
v 0.02209 0.44601 0.78888 
v 0.02050 0.41288 0.79218 
v 0.01148 0.41604 0.78976 
v 0.01341 0.41144 0.79325 
v 0.03807 0.41805 0.79186 
v 0.04163 0.41719 0.79226 
v 0.04903 0.41540 0.79270 
v 0.05604 0.41414 0.79406 
v 0.06802 0.40744 0.79933 
v 0.06225 0.41205 0.79610 
v 0.07563 0.43099 0.79470 
v 0.07329 0.43840 0.79433 
v 0.04090 0.45180 0.78479 
v 0.03782 0.44949 0.78951 
v 0.03704 0.44956 0.78404 
v 0.01092 0.43940 0.79189 
v 0.01537 0.43975 0.79764 
v 0.00692 0.43590 0.79790 
v 0.01427 0.40836 0.79987 
v 0.02135 0.40876 0.79974 
v 0.02718 0.41497 0.79228 
v 0.03029 0.41053 0.80041 
v 0.03824 0.41525 0.79828 
v 0.04152 0.41427 0.79837 
v 0.04730 0.41367 0.79906 
v 0.05346 0.41204 0.79932 
v 0.08414 0.40227 0.80387 
v 0.07591 0.39781 0.80444 
v 0.08453 0.39567 0.80346 
v 0.10123 0.39968 0.80189 
v 0.09812 0.39599 0.80433 
v 0.10201 0.40010 0.80798 
v 0.10590 0.40087 0.80281 
v 0.10692 0.40668 0.80553 
v 0.10168 0.40571 0.81011 
v 0.09894 0.41080 0.81123 
v 0.10389 0.41084 0.80599 
v 0.08634 0.41409 0.80493 
v 0.08981 0.41667 0.80635 
v 0.08614 0.41821 0.81021 
v 0.07971 0.42067 0.80925 
v 0.06222 0.44392 0.79928 
v 0.05719 0.44633 0.79820 
v 0.05203 0.44730 0.79754 
v 0.03100 0.44517 0.78891 
v 0.03712 0.44582 0.79703 
v 0.02726 0.44288 0.79704 
v 0.09852 0.41404 0.81163 
v 0.09494 0.41625 0.81126 
v 0.09891 0.41634 0.80707 
v 0.10259 0.41455 0.80716 
v 0.07671 0.42492 0.80549 
v 0.07512 0.43287 0.80425 
v 0.04767 0.44950 0.78999 
v 0.04680 0.44700 0.79727 
v -0.00190 0.42749 0.79893 
v 0.00178 0.43237 0.79865 
v 0.00566 0.43036 0.80611 
v -0.00022 0.42109 0.80611 
v 0.04590 0.40721 0.80882 
v 0.05137 0.40540 0.80856 
v 0.06051 0.40813 0.80124 
v 0.08240 0.38927 0.80758 
v 0.08668 0.39006 0.80831 
v 0.09161 0.39500 0.80317 
v 0.07616 0.42717 0.81515 
v 0.07263 0.42881 0.81341 
v 0.05556 0.44238 0.80766 
v -0.00119 0.42059 0.80050 
v -0.00027 0.41526 0.80649 
v 0.01563 0.40447 0.80565 
v 0.02353 0.40316 0.80711 
v 0.04082 0.40830 0.80875 
v 0.07296 0.38988 0.80688 
v 0.06339 0.39445 0.80712 
v 0.09677 0.40452 0.81633 
v 0.09437 0.41388 0.81957 
v 0.09050 0.41613 0.81958 
v 0.08302 0.41989 0.81710 
v 0.07995 0.42423 0.81615 
v 0.04564 0.44299 0.80686 
v 0.03583 0.44083 0.80651 
v 0.02624 0.43752 0.80631 
v 0.01547 0.43476 0.80619 
v 0.00053 0.41452 0.80071 
v 0.00178 0.41013 0.80581 
v 0.00826 0.40595 0.80479 
v 0.00704 0.40959 0.79999 
v 0.03728 0.40735 0.80852 
v 0.06795 0.40288 0.80457 
v 0.05607 0.40102 0.80796 
v 0.09197 0.39177 0.81035 
v 0.09586 0.39758 0.81398 
v 0.06710 0.44149 0.80054 
v 0.06483 0.43682 0.80971 
v 0.00036 0.41471 0.81454 
v 0.00147 0.40894 0.81478 
v 0.06987 0.38406 0.81568 
v 0.08129 0.38519 0.81571 
v 0.09194 0.41217 0.82370 
v 0.08759 0.41400 0.82367 
v 0.07987 0.41773 0.82318 
v 0.07814 0.42358 0.82333 
v 0.04473 0.43867 0.81633 
v 0.05407 0.43906 0.81690 
v 0.02477 0.43285 0.81540 
v 0.03504 0.43599 0.81580 
v 0.01489 0.42909 0.81507 
v 0.00586 0.42400 0.81472 
v 0.01828 0.39616 0.81533 
v 0.02506 0.39715 0.81597 
v 0.03929 0.40360 0.81841 
v 0.04215 0.39740 0.81829 
v 0.07156 0.42647 0.82118 
v 0.06346 0.43306 0.81809 
v 0.00483 0.40254 0.81527 
v 0.01137 0.39689 0.81491 
v 0.05777 0.38838 0.81678 
v 0.04956 0.39222 0.81722 
v 0.08869 0.38832 0.81677 
v 0.09330 0.39453 0.81944 
v 0.09445 0.40239 0.82244 
v 0.00608 0.39717 0.82426 
v 0.01278 0.39244 0.82395 
v 0.03611 0.40318 0.81738 
v 0.03399 0.39861 0.82714 
v 0.06673 0.38145 0.82572 
v 0.07739 0.38309 0.82516 
v 0.08837 0.39891 0.82756 
v 0.08834 0.39307 0.82684 
v 0.06944 0.42345 0.82871 
v 0.06145 0.42914 0.82700 
v 0.05223 0.43434 0.82628 
v 0.00655 0.41884 0.82348 
v 0.01441 0.42474 0.82392 
v 0.08775 0.40819 0.82924 
v 0.07614 0.41959 0.82927 
v 0.00242 0.40942 0.82336 
v 0.02527 0.39398 0.82504 
v 0.01912 0.39212 0.82489 
v 0.03188 0.39685 0.82605 
v 0.03222 0.39957 0.81603 
v 0.03757 0.39280 0.82712 
v 0.04558 0.38707 0.82743 
v 0.05496 0.38288 0.82632 
v 0.08544 0.38698 0.82570 
v 0.08122 0.41246 0.82868 
v 0.02311 0.42932 0.82428 
v 0.00325 0.40371 0.82365 
v 0.04253 0.43477 0.82553 
v 0.03362 0.43264 0.82595 
v 0.00607 0.39571 0.83291 
v 0.01231 0.38978 0.83252 
v 0.03705 0.38663 0.83511 
v 0.04518 0.38223 0.83566 
v 0.05193 0.38003 0.83594 
v 0.06406 0.38106 0.83551 
v 0.07197 0.38346 0.83473 
v 0.07803 0.38836 0.83525 
v 0.07030 0.41765 0.83796 
v 0.06404 0.42174 0.83819 
v 0.03268 0.43070 0.83400 
v 0.02353 0.42686 0.83310 
v 0.01328 0.42220 0.83303 
v 0.00729 0.41545 0.83255 
v 0.08213 0.39382 0.83541 
v 0.07663 0.41161 0.83721 
v 0.05790 0.42698 0.83805 
v 0.04154 0.43200 0.83645 
v 0.03214 0.39052 0.83461 
v 0.02366 0.38817 0.83332 
v 0.04975 0.43038 0.83750 
v 0.00341 0.40638 0.83237 
v 0.00396 0.40131 0.83254 
v 0.01757 0.38811 0.83285 
v 0.08157 0.39791 0.83575 
v 0.08012 0.40523 0.83665 
v 0.02079 0.38465 0.84272 
v 0.03028 0.38749 0.84379 
v 0.03780 0.38284 0.84443 
v 0.04854 0.38122 0.84525 
v 0.05932 0.38130 0.84541 
v 0.06639 0.38477 0.84503 
v 0.07421 0.39870 0.84572 
v 0.07208 0.40460 0.84640 
v 0.07085 0.41013 0.84691 
v 0.06510 0.41702 0.84661 
v 0.05315 0.42545 0.84676 
v 0.04611 0.42897 0.84602 
v 0.03912 0.42964 0.84469 
v 0.03196 0.42763 0.84318 
v 0.02353 0.42440 0.84216 
v 0.01496 0.41981 0.84197 
v 0.00916 0.41387 0.84144 
v 0.01102 0.38757 0.84180 
v 0.07305 0.39241 0.84579 
v 0.00572 0.40565 0.84102 
v 0.00686 0.39587 0.84127 
v 0.05932 0.42034 0.84698 
v 0.02071 0.38410 0.85098 
v 0.02895 0.38418 0.85189 
v 0.05195 0.38282 0.85395 
v 0.04406 0.38174 0.85359 
v 0.05933 0.38613 0.85438 
v 0.06227 0.41103 0.85639 
v 0.05887 0.41585 0.85694 
v 0.05389 0.41976 0.85673 
v 0.04816 0.42368 0.85602 
v 0.03653 0.42654 0.85366 
v 0.04185 0.42669 0.85501 
v 0.03030 0.42453 0.85211 
v 0.02173 0.42157 0.85076 
v 0.01392 0.41667 0.85005 
v 0.00905 0.41053 0.84962 
v 0.00723 0.40288 0.84931 
v 0.03832 0.38223 0.85287 
v 0.06471 0.39171 0.85433 
v 0.06468 0.39946 0.85485 
v 0.00876 0.39427 0.84958 
v 0.01300 0.38762 0.85015 
v 0.06374 0.40503 0.85559 
v 0.01288 0.38565 0.85411 
v 0.01951 0.38258 0.85495 
v 0.02663 0.38251 0.85582 
v 0.03692 0.38007 0.85692 
v 0.04254 0.37978 0.85751 
v 0.04923 0.38361 0.85812 
v 0.05613 0.38608 0.85879 
v 0.06158 0.39036 0.85931 
v 0.06275 0.39828 0.86147 
v 0.06017 0.41040 0.86435 
v 0.06204 0.40473 0.86337 
v 0.05123 0.41844 0.86591 
v 0.04516 0.42012 0.86582 
v 0.03931 0.42321 0.86467 
v 0.03427 0.42377 0.86336 
v 0.02621 0.42191 0.85969 
v 0.01944 0.41875 0.85610 
v 0.00850 0.40825 0.85352 
v 0.00824 0.40153 0.85331 
v 0.00951 0.39343 0.85355 
v 0.05614 0.41469 0.86531 
v 0.01278 0.41446 0.85407 
v 0.03753 0.37818 0.86059 
v 0.04814 0.38084 0.86283 
v 0.05349 0.38406 0.86492 
v 0.05786 0.38892 0.86800 
v 0.05792 0.38894 0.86780 
v 0.05995 0.39477 0.87125 
v 0.05811 0.40533 0.87695 
v 0.05244 0.41150 0.87974 
v 0.04319 0.41571 0.88104 
v 0.01149 0.41246 0.86187 
v 0.00733 0.39956 0.86083 
v 0.01461 0.38049 0.85959 
v 0.02475 0.37891 0.85999 
v 0.02347 0.41680 0.87477 
v 0.01898 0.41643 0.86867 
v 0.01065 0.36984 0.87249 
v 0.00589 0.39651 0.86627 
v 0.00804 0.38814 0.86243 
v 0.05807 0.38948 0.86811 
v 0.03271 0.41792 0.88111 
v 0.02104 0.41509 0.87824 
v 0.00680 0.40566 0.87148 
v 0.01351 0.41094 0.87508 
v 0.05294 0.38224 0.88428 
v 0.09469 0.39949 0.80137 
v 0.04891 0.45026 0.78522 
v 0.04530 0.45203 0.78471 
v 0.06966 0.44198 0.79279 
v 0.06962 0.44428 0.78748 
v 0.11842 0.40401 0.78998 
v 0.12042 0.40483 0.78706 
v 0.11587 0.40284 0.78399 
v 0.11380 0.40182 0.78692 
v 0.11670 0.41372 0.79301 
v 0.12028 0.41284 0.79030 
v 0.12210 0.41081 0.79029 
v 0.11999 0.40993 0.79288 
v 0.11416 0.41571 0.79213 
v 0.11653 0.41593 0.78970 
v 0.11085 0.41714 0.79130 
v 0.10620 0.41693 0.78908 
v 0.10941 0.41754 0.78565 
v 0.11290 0.41822 0.78815 
v 0.10093 0.41072 0.78549 
v 0.10208 0.40681 0.78514 
v 0.10582 0.40607 0.78139 
v 0.10493 0.41034 0.78204 
v 0.10569 0.40320 0.78510 
v 0.10872 0.40384 0.78106 
v 0.03510 0.44609 0.78334 
v 0.07356 0.40485 0.80330 
v 0.07501 0.40796 0.80259 
v 0.12655 0.41244 0.78299 
v 0.12713 0.41506 0.77916 
v 0.12363 0.41141 0.77752 
v 0.12413 0.40824 0.78133 
v 0.11586 0.40529 0.77980 
v 0.11278 0.40195 0.78233 
v 0.12001 0.40609 0.78073 
v 0.12435 0.41326 0.78736 
v 0.12505 0.41090 0.78722 
v 0.12409 0.41416 0.78676 
v 0.12006 0.41322 0.78897 
v 0.11692 0.41561 0.78842 
v 0.12074 0.41840 0.78580 
v 0.11510 0.42019 0.78413 
v 0.11189 0.41853 0.78223 
v 0.11213 0.40687 0.77858 
v 0.11026 0.40962 0.77858 
v 0.12280 0.40659 0.78502 
v 0.11302 0.41617 0.77763 
v 0.11555 0.41886 0.77939 
v 0.10930 0.41450 0.77957 
v 0.10590 0.41433 0.78264 
v 0.10239 0.41402 0.78656 
v 0.09467 0.41540 0.80639 
v 0.09134 0.41556 0.81032 
v 0.08669 0.41749 0.81788 
v 0.12706 0.41496 0.78296 
v 0.12025 0.40839 0.77852 
v 0.11341 0.41331 0.77713 
v 0.10979 0.41288 0.77807 
v 0.11676 0.41696 0.77555 
v 0.11999 0.42053 0.77722 
v 0.11875 0.42126 0.78007 
v 0.12439 0.41977 0.78016 
v 0.12470 0.41835 0.77702 
v 0.12084 0.41512 0.77508 
v 0.11687 0.41160 0.77618 
v 0.07099 0.45634 0.76064 
v 0.07227 0.45732 0.75648 
v 0.07894 0.41547 0.80590 
v 0.08452 0.41238 0.80360 
v 0.05541 0.43512 0.77866 
v 0.06107 0.44061 0.76846 
v 0.05900 0.43987 0.77304 
v 0.06829 0.44807 0.74921 
v 0.06715 0.44614 0.75201 
v 0.06516 0.44456 0.75818 
v 0.06332 0.44226 0.76344 
v 0.07099 0.45301 0.74002 
v 0.07074 0.45695 0.73949 
v 0.06903 0.45406 0.74373 
v 0.06970 0.44976 0.74435 
v 0.07441 0.45647 0.73111 
v 0.07405 0.46070 0.73082 
v 0.07209 0.45888 0.73531 
v 0.07234 0.45494 0.73582 
v 0.07542 0.45972 0.72363 
v 0.07497 0.46280 0.72361 
v 0.07457 0.46211 0.72653 
v 0.07503 0.45866 0.72621 
v 0.07477 0.45762 0.72840 
v 0.07455 0.46146 0.72853 
v 0.07528 0.46485 0.72353 
v 0.07559 0.46427 0.72080 
v 0.07562 0.46606 0.72086 
v 0.07631 0.46684 0.71873 
v 0.07612 0.46537 0.71871 
v 0.07749 0.46569 0.71721 
v 0.07772 0.46699 0.71708 
v 0.08135 0.46842 0.71687 
v 0.08202 0.46663 0.71649 
v 0.08235 0.46490 0.71652 
v 0.08242 0.46216 0.71838 
v 0.07914 0.46391 0.71648 
v 0.07982 0.46168 0.71832 
v 0.07824 0.46351 0.71733 
v 0.07688 0.46179 0.71908 
v 0.07902 0.45941 0.71966 
v 0.07843 0.45740 0.72206 
v 0.07621 0.46082 0.72130 
v 0.07892 0.46725 0.71660 
v 0.07831 0.46591 0.71638 
v 0.08273 0.45710 0.72335 
v 0.08216 0.45946 0.72061 
v 0.08132 0.45675 0.72283 
v 0.07837 0.46697 0.72783 
v 0.08036 0.46816 0.72571 
v 0.08188 0.46791 0.72586 
v 0.08080 0.46740 0.72733 
v 0.08108 0.46910 0.72353 
v 0.08289 0.46838 0.72396 
v 0.08142 0.46949 0.72112 
v 0.08303 0.46918 0.72165 
v 0.08298 0.46959 0.71950 
v 0.08303 0.46917 0.71922 
v 0.08059 0.46930 0.71795 
v 0.07868 0.46798 0.71789 
v 0.07720 0.46757 0.71917 
v 0.07622 0.46701 0.72130 
v 0.07599 0.46598 0.72388 
v 0.07653 0.46623 0.72600 
v 0.07857 0.46729 0.72712 
v 0.08093 0.46794 0.72763 
v 0.08235 0.46818 0.72643 
v 0.08340 0.46870 0.72438 
v 0.08365 0.46891 0.72168 
v 0.04856 0.48288 0.71326 
v 0.04886 0.48029 0.71433 
v 0.05036 0.48204 0.71573 
v 0.04854 0.48476 0.71325 
v 0.05059 0.48453 0.71552 
v 0.04942 0.48674 0.71494 
v 0.04827 0.48653 0.71354 
v 0.04950 0.47722 0.71660 
v 0.05097 0.47853 0.71792 
v 0.05194 0.48027 0.71816 
v 0.05172 0.48375 0.71753 
v 0.05038 0.48633 0.71736 
v 0.04296 0.48599 0.71652 
v 0.04385 0.48664 0.71469 
v 0.04551 0.48786 0.71447 
v 0.04362 0.48684 0.71672 
v 0.05033 0.47382 0.71953 
v 0.05207 0.47562 0.72056 
v 0.05272 0.47859 0.72085 
v 0.05270 0.48266 0.72077 
v 0.05098 0.48523 0.72022 
v 0.04312 0.48588 0.71914 
v 0.04227 0.48463 0.71866 
v 0.05110 0.47089 0.72295 
v 0.05289 0.47328 0.72326 
v 0.05317 0.47682 0.72364 
v 0.05293 0.48107 0.72385 
v 0.05055 0.48421 0.72331 
v 0.04329 0.48415 0.72215 
v 0.04228 0.48300 0.72143 
v 0.04613 0.46952 0.72218 
v 0.04388 0.47069 0.72210 
v 0.04354 0.46893 0.72468 
v 0.04547 0.46753 0.72494 
v 0.04870 0.46748 0.72521 
v 0.04868 0.46964 0.72228 
v 0.05136 0.46901 0.72555 
v 0.05325 0.47186 0.72603 
v 0.05337 0.47503 0.72631 
v 0.05278 0.48050 0.72645 
v 0.05058 0.48196 0.72604 
v 0.04870 0.48331 0.72534 
v 0.04582 0.48294 0.72437 
v 0.04367 0.48232 0.72395 
v 0.04330 0.46752 0.72753 
v 0.04515 0.46593 0.72773 
v 0.04870 0.46576 0.72812 
v 0.05128 0.46704 0.72833 
v 0.05311 0.47037 0.72864 
v 0.05365 0.47371 0.72881 
v 0.05322 0.47875 0.72894 
v 0.04939 0.48044 0.72826 
v 0.04578 0.47983 0.72800 
v 0.04287 0.48131 0.72472 
v 0.04259 0.47856 0.72776 
v 0.04165 0.47984 0.72543 
v 0.04308 0.46646 0.73031 
v 0.04552 0.46502 0.73056 
v 0.04885 0.46390 0.73104 
v 0.05167 0.46560 0.73139 
v 0.05271 0.46861 0.73119 
v 0.05351 0.47238 0.73140 
v 0.05329 0.47608 0.73164 
v 0.04939 0.47810 0.73122 
v 0.04567 0.47872 0.73052 
v 0.04296 0.47756 0.72990 
v 0.04301 0.46395 0.73460 
v 0.04526 0.46244 0.73568 
v 0.04879 0.46074 0.73696 
v 0.05155 0.46234 0.73743 
v 0.05372 0.46696 0.73722 
v 0.05419 0.47080 0.73611 
v 0.05320 0.47374 0.73591 
v 0.05065 0.47638 0.73548 
v 0.04677 0.47823 0.73482 
v 0.04343 0.47489 0.73429 
v 0.04318 0.45975 0.73919 
v 0.04547 0.45805 0.74010 
v 0.04889 0.45735 0.74107 
v 0.05191 0.45936 0.74144 
v 0.04701 0.47459 0.73913 
v 0.04423 0.47405 0.73890 
v 0.05471 0.46506 0.74047 
v 0.04246 0.47220 0.73837 
v 0.04550 0.45406 0.74517 
v 0.04899 0.45369 0.74591 
v 0.05247 0.45619 0.74659 
v 0.05459 0.46073 0.74688 
v 0.04440 0.46996 0.74558 
v 0.04138 0.46863 0.74482 
v 0.04297 0.45601 0.74474 
v 0.05396 0.46471 0.74649 
v 0.05413 0.46913 0.74018 
v 0.05152 0.46831 0.74626 
v 0.04950 0.47039 0.74597 
v 0.05038 0.47390 0.73961 
v 0.05235 0.47171 0.73968 
v 0.04688 0.47064 0.74557 
v 0.04227 0.45399 0.74824 
v 0.04546 0.45082 0.74944 
v 0.04863 0.45021 0.75055 
v 0.05215 0.45313 0.75064 
v 0.05452 0.45835 0.75045 
v 0.05390 0.46271 0.74997 
v 0.05187 0.46535 0.75154 
v 0.04940 0.46688 0.75160 
v 0.04628 0.46758 0.75107 
v 0.04333 0.46684 0.75030 
v 0.04069 0.46562 0.74912 
v 0.03967 0.46173 0.74858 
v 0.03961 0.46471 0.74444 
v 0.04144 0.45006 0.75440 
v 0.04468 0.44762 0.75475 
v 0.04807 0.44756 0.75520 
v 0.05193 0.44895 0.75607 
v 0.05433 0.45312 0.75665 
v 0.05369 0.45863 0.75651 
v 0.05208 0.46151 0.75620 
v 0.04820 0.46559 0.75560 
v 0.04195 0.46500 0.75444 
v 0.03986 0.46194 0.75401 
v 0.03902 0.45883 0.75392 
v 0.04078 0.44847 0.75729 
v 0.04497 0.44481 0.75713 
v 0.04891 0.44488 0.75723 
v 0.05266 0.44690 0.75787 
v 0.05500 0.45023 0.76087 
v 0.05386 0.45499 0.76111 
v 0.05201 0.45884 0.76085 
v 0.04815 0.46295 0.75983 
v 0.04213 0.46259 0.75875 
v 0.03991 0.46104 0.75808 
v 0.03876 0.45624 0.75787 
v 0.04018 0.44652 0.75969 
v 0.04465 0.44320 0.75960 
v 0.04920 0.44262 0.75945 
v 0.05302 0.44503 0.76038 
v 0.03978 0.44433 0.76324 
v 0.04325 0.44087 0.76328 
v 0.04237 0.45893 0.76354 
v 0.04078 0.45641 0.76326 
v 0.05447 0.45024 0.76581 
v 0.05312 0.45411 0.76537 
v 0.05165 0.45741 0.76518 
v 0.04802 0.45840 0.76468 
v 0.03911 0.44171 0.76892 
v 0.04119 0.43779 0.76918 
v 0.04471 0.43569 0.76931 
v 0.04558 0.43882 0.76317 
v 0.04561 0.45994 0.76414 
v 0.04570 0.45704 0.76885 
v 0.04265 0.45643 0.76831 
v 0.04092 0.45433 0.76813 
v 0.03888 0.45173 0.76784 
v 0.03890 0.45319 0.76302 
v 0.04982 0.43438 0.76992 
v 0.04973 0.43972 0.76381 
v 0.05338 0.44199 0.76503 
v 0.05394 0.43673 0.76987 
v 0.05465 0.44247 0.77019 
v 0.05503 0.44651 0.76567 
v 0.05447 0.44546 0.77018 
v 0.04796 0.45583 0.76936 
v 0.04913 0.43130 0.77469 
v 0.05373 0.43369 0.77437 
v 0.05409 0.44911 0.77012 
v 0.05347 0.44781 0.77479 
v 0.05307 0.45168 0.77000 
v 0.04050 0.45349 0.77253 
v 0.03857 0.44959 0.77273 
v 0.03842 0.43991 0.77392 
v 0.03988 0.43594 0.77504 
v 0.04442 0.43262 0.77442 
v 0.05510 0.43833 0.77455 
v 0.05460 0.44221 0.77488 
v 0.05109 0.45472 0.76977 
v 0.05128 0.45239 0.77441 
v 0.04802 0.45424 0.77390 
v 0.04552 0.45567 0.77346 
v 0.04204 0.45541 0.77291 
v 0.03719 0.43910 0.77746 
v 0.03943 0.43521 0.77817 
v 0.04402 0.43146 0.77780 
v 0.04891 0.43028 0.77742 
v 0.05242 0.43013 0.77734 
v 0.05417 0.43201 0.77795 
v 0.05369 0.44569 0.77782 
v 0.05149 0.44968 0.77931 
v 0.04784 0.45152 0.77917 
v 0.04550 0.45387 0.77905 
v 0.04150 0.45326 0.77857 
v 0.03830 0.43411 0.78110 
v 0.04418 0.42907 0.78034 
v 0.04852 0.42808 0.77994 
v 0.05259 0.42847 0.78027 
v 0.03984 0.42981 0.78400 
v 0.04406 0.42701 0.78245 
v 0.04829 0.42676 0.78228 
v 0.05329 0.42613 0.78244 
v 0.03984 0.45018 0.77806 
v 0.03734 0.44766 0.77764 
v 0.05561 0.44065 0.77630 
v 0.04530 0.46351 0.75928 
v 0.04571 0.46617 0.75510 
v 0.03733 0.44649 0.76786 
v 0.03673 0.44525 0.77248 
v 0.03937 0.45791 0.74826 
v 0.03827 0.45474 0.75400 
v 0.03816 0.45176 0.75730 
v 0.03767 0.44855 0.76341 
v 0.03650 0.44436 0.77751 
v 0.04014 0.46437 0.73864 
v 0.04041 0.46907 0.73817 
v 0.03953 0.45942 0.74533 
v 0.04099 0.46950 0.72998 
v 0.04144 0.47473 0.72971 
v 0.04109 0.47219 0.73400 
v 0.04021 0.46702 0.73443 
v 0.04113 0.47602 0.72178 
v 0.04036 0.47939 0.72185 
v 0.04090 0.47756 0.72535 
v 0.04110 0.47368 0.72483 
v 0.04084 0.47163 0.72727 
v 0.04130 0.47611 0.72742 
v 0.04075 0.48159 0.72163 
v 0.04063 0.48177 0.71817 
v 0.04083 0.48364 0.71838 
v 0.04171 0.48491 0.71595 
v 0.04146 0.48336 0.71582 
v 0.04267 0.48414 0.71417 
v 0.04290 0.48543 0.71399 
v 0.04602 0.48662 0.71305 
v 0.04626 0.48505 0.71264 
v 0.04640 0.48337 0.71238 
v 0.04704 0.48042 0.71336 
v 0.04415 0.48299 0.71304 
v 0.04484 0.48015 0.71411 
v 0.04333 0.48218 0.71403 
v 0.04204 0.47963 0.71585 
v 0.04377 0.47692 0.71578 
v 0.04364 0.47349 0.71889 
v 0.04130 0.47797 0.71879 
v 0.04387 0.48574 0.71332 
v 0.04390 0.48456 0.71312 
v 0.04851 0.47298 0.71917 
v 0.04670 0.47660 0.71590 
v 0.04649 0.47286 0.71892 
v 0.04567 0.48263 0.72548 
v 0.04712 0.48532 0.72263 
v 0.04860 0.48461 0.72242 
v 0.04794 0.48344 0.72443 
v 0.04734 0.48688 0.72006 
v 0.04906 0.48571 0.72008 
v 0.04704 0.48759 0.71755 
v 0.04857 0.48689 0.71767 
v 0.04795 0.48746 0.71540 
v 0.04787 0.48708 0.71511 
v 0.04559 0.48740 0.71433 
v 0.04387 0.48621 0.71468 
v 0.04261 0.48557 0.71629 
v 0.04158 0.48456 0.71875 
v 0.04167 0.48276 0.72176 
v 0.04307 0.48243 0.72402 
v 0.04566 0.48326 0.72464 
v 0.04824 0.48383 0.72471 
v 0.04928 0.48465 0.72297 
v 0.04970 0.48589 0.72039 
v 0.04911 0.48661 0.71755 
v 0.05719 0.44375 0.77757 
v 0.05649 0.44012 0.77642 
v 0.05507 0.44456 0.77891 
v 0.05449 0.44678 0.78012 
v 0.03518 0.44373 0.78190 
v 0.03542 0.44042 0.77996 
v -0.01442 0.44842 0.74726 
v -0.01564 0.44723 0.74886 
v -0.01271 0.44701 0.74840 
v -0.01575 0.44972 0.74698 
v -0.01681 0.45138 0.74715 
v -0.01799 0.45090 0.74812 
v -0.01742 0.44871 0.74850 
v -0.01416 0.44526 0.75058 
v -0.01187 0.44521 0.74968 
v -0.01592 0.44577 0.75057 
v -0.01789 0.44796 0.75002 
v -0.01875 0.45038 0.74980 
v -0.01366 0.45545 0.74966 
v -0.01467 0.45551 0.74965 
v -0.01601 0.45445 0.74787 
v -0.01413 0.45497 0.74826 
v -0.01376 0.44368 0.75249 
v -0.01115 0.44347 0.75177 
v -0.01592 0.44509 0.75241 
v -0.01828 0.44751 0.75213 
v -0.01890 0.44987 0.75188 
v -0.01307 0.45524 0.75142 
v -0.01444 0.45549 0.75162 
v -0.01346 0.44269 0.75447 
v -0.01083 0.44223 0.75449 
v -0.01576 0.44468 0.75436 
v -0.01802 0.44727 0.75417 
v -0.01849 0.45036 0.75402 
v -0.01280 0.45462 0.75354 
v -0.01419 0.45480 0.75395 
v -0.00636 0.44466 0.75448 
v -0.00568 0.44398 0.75643 
v -0.00507 0.44636 0.75631 
v -0.00541 0.44705 0.75441 
v -0.00840 0.44286 0.75438 
v -0.00793 0.44176 0.75626 
v -0.01059 0.44107 0.75611 
v -0.01340 0.44195 0.75609 
v -0.01544 0.44397 0.75603 
v -0.01817 0.44773 0.75585 
v -0.01761 0.44984 0.75590 
v -0.01721 0.45157 0.75569 
v -0.01352 0.45391 0.75528 
v -0.01513 0.45290 0.75547 
v -0.00534 0.44362 0.75824 
v -0.00492 0.44590 0.75822 
v -0.01009 0.44044 0.75770 
v -0.00767 0.44141 0.75795 
v -0.01283 0.44115 0.75774 
v -0.01802 0.44677 0.75753 
v -0.01500 0.44315 0.75770 
v -0.01668 0.45010 0.75758 
v -0.01408 0.45194 0.75795 
v -0.01259 0.45408 0.75581 
v -0.01109 0.45422 0.75631 
v -0.01132 0.45325 0.75797 
v -0.00506 0.44290 0.76019 
v -0.00439 0.44550 0.76011 
v -0.00721 0.44068 0.75997 
v -0.00977 0.44017 0.75988 
v -0.01203 0.44101 0.75996 
v -0.01538 0.44236 0.75990 
v -0.01712 0.44529 0.75964 
v -0.01613 0.44907 0.75910 
v -0.01410 0.45182 0.75907 
v -0.01133 0.45273 0.75941 
v -0.00400 0.44212 0.76261 
v -0.00338 0.44469 0.76287 
v -0.00719 0.43961 0.76225 
v -0.01115 0.43970 0.76247 
v -0.01478 0.44227 0.76263 
v -0.01581 0.44441 0.76255 
v -0.01598 0.44759 0.76265 
v -0.01438 0.45051 0.76228 
v -0.01028 0.45132 0.76251 
v -0.00264 0.43920 0.76595 
v -0.00175 0.44233 0.76552 
v -0.01127 0.45005 0.76543 
v -0.01314 0.44862 0.76550 
v -0.00478 0.43699 0.76655 
v -0.01022 0.43715 0.76671 
v -0.00849 0.45038 0.76522 
v -0.00433 0.43572 0.76826 
v -0.00098 0.43828 0.76779 
v -0.00881 0.43546 0.76864 
v -0.00697 0.44919 0.76742 
v -0.00976 0.44811 0.76778 
v -0.00059 0.44141 0.76776 
v -0.01362 0.44053 0.76625 
v -0.01266 0.43887 0.76864 
v -0.01395 0.44265 0.76835 
v -0.01414 0.44353 0.76602 
v -0.01437 0.44549 0.76583 
v -0.01327 0.44490 0.76813 
v -0.01154 0.44691 0.76786 
v 0.00081 0.43702 0.77022 
v 0.00120 0.44039 0.77010 
v -0.01120 0.43824 0.77091 
v -0.00749 0.43369 0.77108 
v -0.01271 0.44449 0.77042 
v -0.01260 0.44167 0.77070 
v -0.01116 0.44698 0.77006 
v -0.00886 0.44835 0.76965 
v -0.00304 0.44657 0.76976 
v -0.00619 0.44897 0.76921 
v -0.00256 0.43429 0.77071 
v 0.00273 0.43530 0.77304 
v 0.00322 0.43896 0.77275 
v -0.00014 0.43218 0.77355 
v -0.00570 0.43096 0.77385 
v -0.01004 0.43623 0.77352 
v -0.01067 0.43944 0.77335 
v -0.01097 0.44371 0.77304 
v -0.00390 0.44709 0.77237 
v -0.00678 0.44716 0.77250 
v -0.00165 0.44550 0.77241 
v 0.00446 0.43416 0.77513 
v 0.00545 0.43723 0.77619 
v 0.00099 0.43060 0.77484 
v -0.00478 0.42922 0.77573 
v -0.00855 0.43405 0.77666 
v -0.00997 0.43737 0.77687 
v -0.00967 0.44275 0.77642 
v -0.00306 0.44654 0.77566 
v -0.00571 0.44630 0.77600 
v 0.00106 0.44387 0.77593 
v 0.00735 0.43064 0.77859 
v 0.00721 0.43635 0.77829 
v -0.00214 0.42742 0.77989 
v 0.00350 0.42797 0.77919 
v -0.00149 0.44450 0.77808 
v -0.00382 0.44438 0.77824 
v -0.00773 0.43442 0.77930 
v -0.00637 0.43088 0.77958 
v -0.00920 0.43737 0.77902 
v -0.00744 0.44107 0.77881 
v 0.00972 0.42799 0.78151 
v 0.01008 0.43556 0.78065 
v 0.00539 0.42563 0.78237 
v -0.00052 0.42595 0.78248 
v -0.00669 0.44307 0.77852 
v -0.00245 0.44291 0.78100 
v -0.00519 0.44136 0.78131 
v 0.00149 0.44226 0.77798 
v 0.00305 0.44144 0.78073 
v -0.00068 0.44279 0.78090 
v -0.00483 0.42946 0.78235 
v -0.00661 0.43934 0.78162 
v 0.00828 0.42236 0.78467 
v 0.01229 0.42504 0.78454 
v 0.00092 0.42321 0.78601 
v -0.00666 0.43303 0.78209 
v -0.00537 0.43048 0.78563 
v -0.00245 0.42682 0.78614 
v 0.00555 0.43945 0.78413 
v 0.00160 0.44137 0.78437 
v 0.01341 0.42907 0.78406 
v 0.01234 0.43410 0.78325 
v -0.00765 0.43614 0.78185 
v -0.00500 0.43687 0.78515 
v -0.00586 0.43416 0.78533 
v -0.00355 0.43992 0.78485 
v -0.00094 0.44190 0.78443 
v 0.01510 0.42928 0.78533 
v 0.01342 0.43349 0.78493 
v 0.00943 0.42106 0.78669 
v 0.01389 0.42374 0.78614 
v -0.00346 0.43079 0.79004 
v -0.00389 0.42660 0.79036 
v -0.00260 0.43415 0.79010 
v -0.00178 0.43755 0.78942 
v 0.00101 0.43858 0.78958 
v -0.00396 0.42450 0.79316 
v -0.00276 0.42244 0.79139 
v 0.00695 0.43805 0.79247 
v 0.00572 0.43881 0.78913 
v 0.00828 0.43833 0.78866 
v 0.00249 0.42176 0.78768 
v -0.00271 0.43279 0.79245 
v -0.00435 0.42811 0.79287 
v -0.00149 0.43602 0.79252 
v -0.00133 0.42428 0.78905 
v -0.00814 0.44494 0.77615 
v -0.00951 0.44528 0.77283 
v 0.00965 0.43826 0.78321 
v 0.00768 0.43944 0.78033 
v 0.00119 0.44326 0.77244 
v -0.00032 0.44438 0.76990 
v 0.00435 0.44095 0.77623 
v 0.00561 0.44046 0.77805 
v 0.01122 0.43701 0.78756 
v -0.00320 0.44731 0.76539 
v -0.00120 0.44533 0.76767 
v -0.00384 0.44852 0.76741 
v -0.00562 0.44983 0.76514 
v -0.00579 0.44906 0.75975 
v -0.00429 0.44867 0.76300 
v -0.00715 0.45122 0.76260 
v -0.00860 0.45194 0.75950 
v -0.00746 0.45152 0.75374 
v -0.00696 0.45090 0.75591 
v -0.00928 0.45334 0.75622 
v -0.00946 0.45380 0.75380 
v -0.00911 0.45258 0.75774 
v -0.00641 0.45007 0.75770 
v -0.01110 0.45486 0.75363 
v -0.01159 0.45557 0.75130 
v -0.01025 0.45442 0.75130 
v -0.01202 0.45563 0.74943 
v -0.01244 0.45473 0.74788 
v -0.01143 0.45399 0.74808 
v -0.01086 0.45479 0.74953 
v -0.01405 0.45144 0.74656 
v -0.01516 0.45304 0.74688 
v -0.01118 0.44826 0.74798 
v -0.01287 0.45010 0.74660 
v -0.00981 0.44965 0.74852 
v -0.01119 0.45163 0.74722 
v -0.00801 0.44873 0.74978 
v -0.00877 0.45180 0.74979 
v -0.01029 0.45193 0.74811 
v -0.00646 0.44772 0.75184 
v -0.00819 0.45170 0.75166 
v -0.01309 0.45405 0.74726 
v -0.01216 0.45300 0.74710 
v -0.00893 0.44448 0.75201 
v -0.00793 0.44534 0.75191 
v -0.00958 0.44665 0.74961 
v -0.01511 0.45315 0.75620 
v -0.01664 0.45180 0.75525 
v -0.01737 0.45150 0.75374 
v -0.01700 0.45302 0.75398 
v -0.01793 0.45132 0.75194 
v -0.01759 0.45330 0.75196 
v -0.01800 0.45197 0.75003 
v -0.01744 0.45353 0.74994 
v -0.01759 0.45242 0.74842 
v -0.01723 0.45218 0.74825 
v -0.01572 0.45406 0.74780 
v -0.01382 0.45463 0.74826 
v -0.01310 0.45541 0.74955 
v -0.01268 0.45570 0.75151 
v -0.01238 0.45497 0.75375 
v -0.01329 0.45442 0.75529 
v -0.01532 0.45330 0.75559 
v -0.01715 0.45195 0.75530 
v -0.01792 0.45125 0.75399 
v -0.01853 0.45110 0.75209 
v -0.01815 0.45138 0.74994 
v 0.00231 0.43775 0.79240 
v 0.01017 0.41996 0.78806 
v 0.00619 0.41124 0.79520 
v 0.00458 0.41605 0.79206 
v 0.00276 0.42083 0.78941 
v -0.00134 0.41817 0.79672 
v -0.00096 0.41988 0.79400 
v -0.00271 0.42234 0.79743 
v 0.01700 0.46977 0.71983 
v 0.01529 0.46825 0.72199 
v 0.01822 0.46759 0.72169 
v 0.01593 0.47162 0.71927 
v 0.01527 0.47369 0.71940 
v 0.01381 0.47325 0.72070 
v 0.01372 0.47049 0.72136 
v 0.01585 0.46580 0.72437 
v 0.01812 0.46540 0.72362 
v 0.01416 0.46673 0.72417 
v 0.01279 0.46961 0.72326 
v 0.01274 0.47259 0.72301 
v 0.02009 0.47644 0.72309 
v 0.01894 0.47684 0.72303 
v 0.01707 0.47657 0.72010 
v 0.01947 0.47640 0.72099 
v 0.01543 0.46406 0.72652 
v 0.01813 0.46321 0.72589 
v 0.01361 0.46603 0.72641 
v 0.01194 0.46919 0.72604 
v 0.01224 0.47187 0.72579 
v 0.02052 0.47570 0.72551 
v 0.01915 0.47635 0.72574 
v 0.01541 0.46257 0.72877 
v 0.01791 0.46146 0.72875 
v 0.01363 0.46524 0.72880 
v 0.01218 0.46854 0.72872 
v 0.01297 0.47190 0.72859 
v 0.02060 0.47453 0.72814 
v 0.01930 0.47507 0.72866 
v 0.02334 0.46294 0.72878 
v 0.02393 0.46156 0.73121 
v 0.02541 0.46372 0.73116 
v 0.02528 0.46505 0.72894 
v 0.02060 0.46160 0.72850 
v 0.02079 0.45992 0.73101 
v 0.01777 0.45983 0.73095 
v 0.01517 0.46132 0.73104 
v 0.01378 0.46397 0.73105 
v 0.01236 0.46866 0.73092 
v 0.01378 0.47065 0.73098 
v 0.01486 0.47239 0.73075 
v 0.01962 0.47368 0.73025 
v 0.01754 0.47312 0.73080 
v 0.02467 0.46025 0.73356 
v 0.02570 0.46259 0.73348 
v 0.01844 0.45828 0.73335 
v 0.02152 0.45857 0.73351 
v 0.01566 0.45987 0.73333 
v 0.01241 0.46738 0.73305 
v 0.01412 0.46268 0.73317 
v 0.01476 0.47044 0.73307 
v 0.01780 0.47161 0.73344 
v 0.02054 0.47345 0.73090 
v 0.02214 0.47297 0.73149 
v 0.02134 0.47195 0.73343 
v 0.02473 0.45847 0.73613 
v 0.02571 0.46159 0.73591 
v 0.02157 0.45692 0.73618 
v 0.01869 0.45715 0.73617 
v 0.01549 0.45880 0.73606 
v 0.01356 0.46170 0.73575 
v 0.01315 0.46551 0.73548 
v 0.01525 0.46940 0.73502 
v 0.01781 0.47150 0.73488 
v 0.02114 0.47135 0.73518 
v 0.02440 0.45735 0.74035 
v 0.02564 0.46014 0.74021 
v 0.02174 0.45555 0.74041 
v 0.01521 0.45779 0.74010 
v 0.01872 0.45549 0.74040 
v 0.01338 0.46047 0.73973 
v 0.01422 0.46441 0.73967 
v 0.01611 0.46887 0.73942 
v 0.02279 0.46921 0.73910 
v 0.01921 0.47062 0.73909 
v 0.02555 0.45294 0.74652 
v 0.02734 0.45593 0.74544 
v 0.01874 0.45109 0.74686 
v 0.02290 0.45083 0.74702 
v 0.01960 0.46853 0.74398 
v 0.02339 0.46709 0.74373 
v 0.01459 0.45452 0.74534 
v 0.02313 0.44796 0.75080 
v 0.02658 0.45023 0.75051 
v 0.01551 0.45130 0.75097 
v 0.01927 0.44846 0.75095 
v 0.02584 0.46293 0.74935 
v 0.02082 0.46332 0.74978 
v 0.02826 0.45307 0.75025 
v 0.01386 0.45849 0.74431 
v 0.01401 0.45474 0.75060 
v 0.01413 0.45901 0.75009 
v 0.01482 0.46194 0.74405 
v 0.01609 0.46655 0.74414 
v 0.01704 0.46189 0.74980 
v 0.02715 0.44690 0.75517 
v 0.02897 0.45111 0.75531 
v 0.01961 0.44605 0.75533 
v 0.02415 0.44512 0.75520 
v 0.01476 0.45221 0.75592 
v 0.01580 0.44861 0.75618 
v 0.01701 0.45958 0.75545 
v 0.01455 0.45580 0.75564 
v 0.02159 0.46144 0.75502 
v 0.02937 0.44449 0.76191 
v 0.03031 0.44770 0.76167 
v 0.02704 0.44205 0.76233 
v 0.01616 0.44456 0.76141 
v 0.01872 0.44194 0.76185 
v 0.01480 0.44910 0.76103 
v 0.01519 0.45211 0.76062 
v 0.01708 0.45766 0.76063 
v 0.02616 0.45983 0.75492 
v 0.02728 0.45618 0.76114 
v 0.02235 0.45918 0.76101 
v 0.03072 0.44204 0.76611 
v 0.03129 0.44600 0.76595 
v 0.02828 0.43858 0.76610 
v 0.02380 0.44062 0.76225 
v 0.02389 0.43770 0.76606 
v 0.01877 0.43929 0.76618 
v 0.01506 0.44616 0.76588 
v 0.01611 0.44203 0.76595 
v 0.01468 0.44976 0.76556 
v 0.01742 0.45508 0.76522 
v 0.02811 0.45364 0.76575 
v 0.02304 0.45630 0.76541 
v 0.03168 0.44030 0.76997 
v 0.03245 0.44331 0.77019 
v 0.02373 0.43473 0.77027 
v 0.02874 0.43558 0.76974 
v 0.01841 0.43645 0.77130 
v 0.02850 0.45156 0.77012 
v 0.02381 0.45309 0.77005 
v 0.01858 0.45196 0.76979 
v 0.01526 0.44750 0.76991 
v 0.03287 0.43598 0.77533 
v 0.03375 0.44015 0.77502 
v 0.02896 0.43240 0.77524 
v 0.01937 0.43288 0.77609 
v 0.02286 0.43217 0.77612 
v 0.02418 0.45087 0.77422 
v 0.01866 0.44949 0.77439 
v 0.01595 0.43910 0.77105 
v 0.01573 0.43605 0.77637 
v 0.01521 0.44256 0.77055 
v 0.01521 0.44085 0.77585 
v 0.02246 0.42969 0.78091 
v 0.02918 0.43046 0.77971 
v 0.01847 0.43048 0.78075 
v 0.01599 0.44566 0.77506 
v 0.01618 0.44381 0.77961 
v 0.01522 0.43904 0.78025 
v 0.03336 0.43314 0.77951 
v 0.03428 0.43704 0.77874 
v 0.01580 0.43445 0.78090 
v 0.01770 0.44752 0.77936 
v 0.02514 0.44917 0.77834 
v 0.03410 0.43067 0.78253 
v 0.03570 0.43448 0.78217 
v 0.02242 0.42771 0.78371 
v 0.02909 0.42815 0.78205 
v 0.01501 0.43353 0.78371 
v 0.01826 0.42981 0.78420 
v 0.01722 0.44537 0.78471 
v 0.01483 0.44170 0.78551 
v 0.01469 0.43764 0.78453 
v 0.02860 0.44953 0.77418 
v 0.02853 0.44756 0.77754 
v 0.03048 0.44516 0.78060 
v 0.03363 0.44342 0.77675 
v 0.03301 0.44568 0.77390 
v 0.03008 0.45264 0.76101 
v 0.02943 0.45559 0.75506 
v 0.03154 0.44982 0.76576 
v 0.03217 0.44786 0.77029 
v 0.03386 0.44141 0.77902 
v 0.02729 0.46174 0.74446 
v 0.02875 0.45814 0.74936 
v 0.02595 0.46545 0.74385 
v 0.02583 0.46573 0.73535 
v 0.02646 0.46441 0.73973 
v 0.02483 0.46805 0.73911 
v 0.02387 0.46958 0.73515 
v 0.02502 0.46984 0.72850 
v 0.02525 0.46857 0.73098 
v 0.02379 0.47148 0.73139 
v 0.02380 0.47253 0.72859 
v 0.02364 0.47050 0.73314 
v 0.02559 0.46720 0.73298 
v 0.02245 0.47417 0.72835 
v 0.02223 0.47555 0.72549 
v 0.02328 0.47398 0.72555 
v 0.02202 0.47614 0.72293 
v 0.02143 0.47569 0.72071 
v 0.02240 0.47459 0.72109 
v 0.02306 0.47491 0.72313 
v 0.01839 0.47317 0.71878 
v 0.01762 0.47506 0.71903 
v 0.02042 0.46877 0.72110 
v 0.01928 0.47145 0.71897 
v 0.02255 0.46975 0.72188 
v 0.02195 0.47238 0.71994 
v 0.02377 0.46803 0.72359 
v 0.02436 0.47129 0.72354 
v 0.02311 0.47221 0.72121 
v 0.02462 0.46635 0.72617 
v 0.02450 0.47064 0.72600 
v 0.02045 0.47534 0.71977 
v 0.02124 0.47403 0.71967 
v 0.02088 0.46361 0.72603 
v 0.02229 0.46430 0.72600 
v 0.02109 0.46642 0.72354 
v 0.01747 0.47322 0.73176 
v 0.01559 0.47255 0.73018 
v 0.01464 0.47281 0.72825 
v 0.01567 0.47416 0.72864 
v 0.01391 0.47311 0.72591 
v 0.01501 0.47508 0.72602 
v 0.01412 0.47406 0.72340 
v 0.01524 0.47564 0.72332 
v 0.01475 0.47477 0.72109 
v 0.01507 0.47442 0.72083 
v 0.01730 0.47611 0.72007 
v 0.01976 0.47597 0.72102 
v 0.02074 0.47625 0.72300 
v 0.02109 0.47599 0.72568 
v 0.02116 0.47469 0.72844 
v 0.02001 0.47411 0.73032 
v 0.01744 0.47353 0.73105 
v 0.01510 0.47284 0.73030 
v 0.01396 0.47266 0.72857 
v 0.01317 0.47304 0.72610 
v 0.01378 0.47346 0.72326 
v 0.01556 0.44372 0.79059 
v 0.01360 0.44092 0.78766 
v 0.01306 0.43771 0.78673 
v 0.01875 0.42532 0.78551 
v 0.02313 0.42569 0.78483 
v 0.02956 0.42615 0.78395 
v 0.03715 0.42945 0.78359 
v 0.03685 0.43397 0.78224 
v 0.03480 0.44075 0.77995 
v 0.03261 0.44416 0.78213 
v 0.03114 0.44551 0.78380 
v 0.03004 0.42425 0.78590 
v 0.02392 0.42380 0.78639 
v 0.03102 0.42125 0.78761 
v 0.03325 0.41674 0.79175 
v 0.03546 0.41332 0.79890 
v 0.02516 0.41969 0.78729 
v 0.03184 0.40448 0.80808 
v 0.11042 0.40076 0.78568 
v 0.08169 0.40462 0.80201 
v 0.08335 0.40796 0.80163 
v 0.07665 0.41156 0.80352 
v 0.07527 0.41486 0.79899 
v 0.07655 0.42060 0.80221 
v 0.07563 0.42775 0.79393 
v 0.07502 0.42069 0.79314 
v 0.07554 0.42533 0.79346 
v 0.07538 0.41618 0.80040 
v 0.11994 0.42150 0.78079 
v 0.12454 0.42058 0.78119 
v 0.11628 0.42005 0.78385 
v 0.10686 0.41515 0.80221 
v 0.10443 0.41632 0.80202 
v 0.11190 0.41713 0.79632 
v 0.11449 0.40376 0.79334 
v 0.10864 0.40209 0.79895 
v 0.11132 0.40781 0.80070 
v 0.11610 0.40940 0.79568 
v 0.09970 0.41658 0.80071 
v 0.10645 0.41811 0.79530 
v 0.11548 0.41301 0.79641 
v 0.10962 0.41075 0.80136 
v 0.11207 0.40249 0.79159 
v 0.10516 0.40091 0.79757 
v 0.10825 0.40214 0.79000 
v 0.09986 0.40026 0.79644 
v 0.10358 0.40311 0.78893 
v 0.09339 0.40218 0.79605 
v 0.09199 0.40577 0.79448 
v 0.09938 0.40746 0.78928 
v 0.09183 0.40934 0.79466 
v 0.09182 0.40720 0.79464 
v 0.09859 0.41001 0.78966 
v 0.09289 0.41366 0.79703 
v 0.09266 0.41062 0.79538 
v 0.09935 0.41365 0.79116 
v 0.10314 0.41628 0.79355 
v 0.09678 0.41643 0.79984 
v 0.12672 0.41626 0.78329 
v 0.11402 0.41755 0.78710 
v 0.07839 0.41455 0.80323 
v 0.08392 0.41105 0.80130 
v 0.07676 0.41879 0.80073 
v 0.07629 0.42678 0.79348 
v 0.05039 0.40922 0.88921 
v -0.00155 0.25822 1.18161 
v 0.02809 0.36795 0.87357 
v 0.05709 0.39123 0.88450 
v 0.05611 0.40194 0.88636 
v 0.00695 0.39450 0.90679 
v 0.00318 0.39056 0.90402 
v 0.00299 0.39040 0.90377 
v 0.03729 0.40014 0.91291 
v 0.02561 0.40172 0.91286 
v 0.00297 0.39036 0.90388 
v 0.03587 0.39084 0.92888 
v 0.00625 0.39330 0.90839 
v -0.00005 0.38402 0.92235 
v 0.02246 0.39343 0.92959 
v 0.00670 0.38820 0.92534 
v 0.04423 0.34982 0.95345 
v -0.01269 0.35959 0.97373 
v 0.03702 0.32538 0.96040 
v -0.02702 0.31354 0.96581 
v -0.01531 0.35168 0.99260 
v 0.03015 0.34127 1.01736 
v -0.02805 0.29751 0.98001 
v 0.02790 0.33246 1.03451 
v 0.01256 0.34164 1.03845 
v -0.02146 0.28964 0.97548 
v 0.00073 0.34201 1.03684 
v -0.02955 0.28293 0.99485 
v -0.03544 0.28113 1.01731 
v 0.02444 0.32380 1.05074 
v -0.02322 0.27746 0.99164 
v -0.01526 0.32628 1.04637 
v -0.02946 0.31740 1.03953 
v -0.03355 0.27538 1.01363 
v 0.00744 0.33372 1.05441 
v -0.00641 0.33230 1.05127 
v 0.02484 0.27774 1.04323 
v -0.02796 0.25269 1.02165 
v -0.02597 0.26369 1.00596 
v 0.02345 0.29657 1.05511 
v 0.02142 0.31380 1.06521 
v -0.02659 0.24244 1.03767 
v -0.01333 0.24617 1.01826 
v -0.01353 0.30163 1.10465 
v -0.02270 0.27007 1.15992 
v -0.04827 0.26036 1.15345 
v 0.00212 0.26706 1.15925 
v -0.01270 0.17916 1.13098 
v -0.01413 0.19022 1.11188 
v 0.02402 0.25112 1.15050 
v -0.07017 0.22342 1.15843 
v -0.02408 0.15381 1.16738 
v -0.06109 0.23943 1.16850 
v -0.09677 -0.00018 0.75886 
v -0.13753 0.00153 0.83211 
v -0.07724 -0.00011 0.74587 
v -0.11792 0.00020 0.78325 
v -0.13079 0.00164 0.90668 
v -0.13093 0.00075 0.80674 
v -0.13590 0.00218 0.86793 
v 0.14334 0.10240 1.16607 
v 0.13704 0.09735 1.19229 
v 0.14514 0.08859 1.17800 
v 0.14227 0.09947 1.17877 
v 0.13600 0.10926 1.18268 
v 0.13857 0.10981 1.17262 
v 0.14599 0.09275 1.16956 
v 0.13543 0.10325 1.19085 
v 0.14027 0.09115 1.18945 
v 0.14019 -0.10117 1.16717 
v 0.13348 -0.09554 1.19322 
v 0.13226 -0.10827 1.18396 
v 0.13909 -0.09820 1.17920 
v 0.14200 -0.08784 1.17871 
v 0.14286 -0.09179 1.17079 
v 0.13521 -0.10877 1.17355 
v 0.13712 -0.08986 1.18972 
v 0.13147 -0.10163 1.19241 
v 0.14199 0.02101 1.03766 
v 0.14201 -0.01679 1.03819 
f  5463  5464  5465 
f  5468  5469  5466 
f  5466  5467  5468 
f  5472  5473  5470 
f  5470  5471  5472 
f  5476  5477  5474 
f  5474  5475  5476 
f  5480  5481  5478 
f  5478  5479  5480 
f  5482  5483  5484 
f  5487  5488  5485 
f  5485  5486  5487 
f  5491  5492  5489 
f  5489  5490  5491 
f  5495  5496  5493 
f  5493  5494  5495 
f  5498  5499  5472 
f  5472  5497  5498 
f  5502  5503  5500 
f  5500  5501  5502 
f  5504  5505  5506 
f  5509  5510  5507 
f  5507  5508  5509 
f  5513  5514  5511 
f  5511  5512  5513 
f  5516  5517  5518 
f  5518  5515  5516 
f  5521  5522  5519 
f  5519  5520  5521 
f  5525  5526  5523 
f  5523  5524  5525 
f  5527  5528  5529 
f  5530  5531  5532 
f  5533  5534  5535 
f  5538  5539  5536 
f  5536  5537  5538 
f  5542  5543  5540 
f  5540  5541  5542 
f  5546  5547  5544 
f  5544  5545  5546 
f  5546  5545  5548 
f  5548  5549  5546 
f  5470  5551  5550 
f  5550  5471  5470 
f  5554  5555  5552 
f  5552  5553  5554 
f  5558  5559  5556 
f  5556  5557  5558 
f  5562  5563  5560 
f  5560  5561  5562 
f  5566  5509  5564 
f  5564  5565  5566 
f  5569  5570  5567 
f  5567  5568  5569 
f  5573  5574  5571 
f  5571  5572  5573 
f  5575  5576  5577 
f  5579  5580  5466 
f  5466  5578  5579 
f  5583  5584  5581 
f  5581  5582  5583 
f  5587  5588  5585 
f  5585  5586  5587 
f  5590  5591  5589 
f  5589  5455  5590 
f  5594  5595  5592 
f  5592  5593  5594 
f  5598  5599  5596 
f  5596  5597  5598 
f  5602  5603  5600 
f  5600  5601  5602 
f  5604  5605  5606 
f  5604  5606  5607 
f  5604  5607  5608 
f  5611  5612  5609 
f  5609  5610  5611 
f  5613  5614  5615 
f  5617  5614  5613 
f  5613  5616  5617 
f  5618  5619  5620 
f  5622  5623  5621 
f  5621  5571  5622 
f  5626  5627  5624 
f  5624  5625  5626 
f  5629  5465  5464 
f  5464  5628  5629 
f  5632  5633  5630 
f  5630  5631  5632 
f  5636  5637  5634 
f  5634  5635  5636 
f  5640  5641  5638 
f  5638  5639  5640 
f  5642  5643  5530 
f  5530  5532  5642 
f  5645  5447  5646 
f  5646  5644  5645 
f  5510  5649  5647 
f  5647  5648  5510 
f  5536  5651  5650 
f  5650  5537  5536 
f  5654  5655  5652 
f  5652  5653  5654 
f  5657  5658  5656 
f  5656  5604  5657 
f  5659  5660  5591 
f  5591  5590  5659 
f  5663  5664  5661 
f  5661  5662  5663 
f  5665  5666  5667 
f  5670  5671  5668 
f  5668  5669  5670 
f  5674  5675  5672 
f  5672  5673  5674 
f  5678  5679  5676 
f  5676  5677  5678 
f  5682  5683  5680 
f  5680  5681  5682 
f  5500  5685  5684 
f  5684  5501  5500 
f  5688  5689  5686 
f  5686  5687  5688 
f  5690  5691  5514 
f  5694  5481  5692 
f  5692  5693  5694 
f  5695  5696  5693 
f  5693  5692  5695 
f  5697  5698  8941 
f  8941  5448  5697 
f  5701  5702  5699 
f  5699  5700  5701 
f  5705  5699  5703 
f  5703  5704  5705 
f  5708  5709  5706 
f  5706  5707  5708 
f  5711  5516  5552 
f  5552  5710  5711 
f  5714  5497  5712 
f  5712  5713  5714 
f  5717  5718  5715 
f  5715  5716  5717 
f  5719  5720  5721 
f  5724  5725  5722 
f  5722  5723  5724 
f  5728  5729  5726 
f  5726  5727  5728 
f  5732  5733  5730 
f  5730  5731  5732 
f  5736  5737  5734 
f  5734  5735  5736 
f  5740  5741  5738 
f  5738  5739  5740 
f  5744  5529  5742 
f  5742  5743  5744 
f  5745  5746  5747 
f  5506  5505  5748 
f  5751  5752  5749 
f  5749  5750  5751 
f  5755  5756  5753 
f  5753  5754  5755 
f  5602  5758  5757 
f  5757  5603  5602 
f  5761  5762  5759 
f  5759  5760  5761 
f  5764  5765  5499 
f  5499  5763  5764 
f  5768  5668  5766 
f  5766  5767  5768 
f  5770  5771  5526 
f  5526  5769  5770 
f  5772  5773  5774 
f  5776  5777  5775 
f  5775  5539  5776 
f  5779  5780  5682 
f  5682  5778  5779 
f  5783  5632  5781 
f  5781  5782  5783 
f  5784  5785  5786 
f  5789  5790  5787 
f  5787  5788  5789 
f  5792  5789  5788 
f  5788  5791  5792 
f  5795  5796  5793 
f  5793  5794  5795 
f  5799  5800  5797 
f  5797  5798  5799 
f  5801  5802  5803 
f  5533  5805  5587 
f  5587  5804  5533 
f  5806  5575  5577 
f  5809  5810  5807 
f  5807  5808  5809 
f  5485  5811  5812 
f  5812  5486  5485 
f  5582  5813  5583 
f  5814  5815  5624 
f  5624  5627  5814 
f  5816  5817  5818 
f  5809  5821  5819 
f  5819  5820  5809 
f  5807  5810  5822 
f  5823  5468  5479 
f  5479  5478  5823 
f  5824  5825  5826 
f  5829  5830  5827 
f  5827  5828  5829 
f  5833  5834  5831 
f  5831  5832  5833 
f  5835  5664  5663 
f  5837  5838  5646 
f  5646  5836  5837 
f  5839  5523  5840 
f  5841  5582  5842 
f  5743  5742  5843 
f  5843  5844  5743 
f  5845  5846  5847 
f  5848  5849  5850 
f  5853  5854  5851 
f  5851  5852  5853 
f  5631  5855  5851 
f  5851  5854  5631 
f  5856  5620  5619 
f  5857  5858  5513 
f  5513  5512  5857 
f  5860  5861  5859 
f  5859  5792  5860 
f  5863  5864  5763 
f  5763  5862  5863 
f  5867  5868  5865 
f  5865  5866  5867 
f  5871  5872  5869 
f  5869  5870  5871 
f  5873  5721  5874 
f  5875  5876  5877 
f  5486  5878  5678 
f  5678  5487  5486 
f  5681  5812  5778 
f  5778  5682  5681 
f  5739  5880  5879 
f  5879  5740  5739 
f  5881  5882  5520 
f  5885  5886  5883 
f  5883  5884  5885 
f  5889  5890  5887 
f  5887  5888  5889 
f  5893  5894  5891 
f  5891  5892  5893 
f  5896  5537  5650 
f  5650  5895  5896 
f  5897  5898  5655 
f  5899  5900  5901 
f  5521  5903  5902 
f  5902  5522  5521 
f  5904  5905  5826 
f  5826  5825  5904 
f  5906  5610  5489 
f  5489  5492  5906 
f  5577  5576  5818 
f  5909  5910  5907 
f  5907  5908  5909 
f  5912  5909  5908 
f  5908  5911  5912 
f  5915  5916  5913 
f  5913  5914  5915 
f  5915  5914  5917 
f  5917  5918  5915 
f  5635  5921  5919 
f  5919  5920  5635 
f  5924  5925  5922 
f  5922  5923  5924 
f  5926  5675  5765 
f  5765  5764  5926 
f  5515  5518  5927 
f  5927  5928  5515 
f  5927  5930  5929 
f  5929  5928  5927 
f  5932  5556  5559 
f  5559  5931  5932 
f  5933  5934  5935 
f  5938  5769  5936 
f  5936  5937  5938 
f  5940  5594  5593 
f  5593  5939  5940 
f  5595  5941  5558 
f  5695  5942  5547 
f  5547  5696  5695 
f  5589  5945  5943 
f  5943  5944  5589 
f  5947  5680  5617 
f  5617  5946  5947 
f  5848  5949  5948 
f  5948  5849  5848 
f  5950  5951  5565 
f  5954  5955  5952 
f  5952  5953  5954 
f  5957  5958  5524 
f  5524  5956  5957 
f  5613  5960  5959 
f  5959  5616  5613 
f  5824  5826  5688 
f  5688  5961  5824 
f  5755  5754  5962 
f  5730  5963  5731 
f  5966  5967  5964 
f  5964  5965  5966 
f  5968  5969  5970 
f  5972  5788  5787 
f  5787  5971  5972 
f  5974  5775  5777 
f  5777  5973  5974 
f  5975  5976  5859 
f  5859  5861  5975 
f  5977  5978  5979 
f  5490  5981  5980 
f  5980  5491  5490 
f  5565  5982  5566 
f  5648  5647  5983 
f  5983  5984  5648 
f  5986  5987  5714 
f  5714  5985  5986 
f  5737  5989  5988 
f  5988  5734  5737 
f  5992  5719  5990 
f  5990  5991  5992 
f  5803  5994  5993 
f  5993  5801  5803 
f  5916  5915  5666 
f  5666  5995  5916 
f  5997  5998  5992 
f  5992  5996  5997 
f  5970  5999  5623 
f  6000  6001  6002 
f  5573  6005  6003 
f  6003  6004  5573 
f  6006  6007  6008 
f  5652  5651  5974 
f  5974  5773  5652 
f  5757  6010  6009 
f  6009  5603  5757 
f  5697  5901  5900 
f  5900  6011  5697 
f  6013  5837  6012 
f  6012  5535  6013 
f  6016  6017  6014 
f  6014  6015  6016 
f  5848  5525  5524 
f  5524  5949  5848 
f  5744  5743  5954 
f  5954  6018  5744 
f  6021  6022  6019 
f  6019  6020  6021 
f  6025  6026  6023 
f  6023  6024  6025 
f  6029  6030  6027 
f  6027  6028  6029 
f  5664  5835  6031 
f  6031  5502  5664 
f  5644  5646  5838 
f  5838  6032  5644 
f  6034  5488  5487 
f  5487  6033  6034 
f  6037  6038  6035 
f  6035  6036  6037 
f  5507  5640  5639 
f  5639  5508  5507 
f  6039  6040  5814 
f  5814  5627  6039 
f  6043  6044  6041 
f  6041  6042  6043 
f  5880  5691  5567 
f  5567  5570  5880 
f  5690  5539  5567 
f  5567  5691  5690 
f  6046  6047  5921 
f  5921  6045  6046 
f  6050  6051  6048 
f  6048  6049  6050 
f  6052  6053  6054 
f  5638  6057  6055 
f  6055  6056  5638 
f  6058  6059  5841 
f  5841  5642  6058 
f  6059  6058  6060 
f  6060  5856  6059 
f  5773  6061  5653 
f  5653  5652  5773 
f  6062  6063  5847 
f  5847  5846  6062 
f  5823  5478  6064 
f  6064  6065  5823 
f  5621  5790  5572 
f  5572  5571  5621 
f  6067  5971  5787 
f  5787  6066  6067 
f  5782  5781  5726 
f  5726  5729  5782 
f  6068  6069  5562 
f  5562  5561  6068 
f  6071  6072  6070 
f  6070  5585  6071 
f  6073  6074  5844 
f  5844  5843  6073 
f  6076  6077  6075 
f  6075  5464  6076 
f  6079  6080  5544 
f  5544  6078  6079 
f  6081  5754  6079 
f  6079  6078  6081 
f  5845  5469  6082 
f  6083  5528  5520 
f  6083  5520  5882 
f  6083  5882  5962 
f  6084  5819  5821 
f  6085  5706  5971 
f  5971  6067  6085 
f  5971  5706  5710 
f  5710  5972  5971 
f  5660  6087  6086 
f  6086  5591  5660 
f  5481  5694  6088 
f  5852  6091  6089 
f  6089  6090  5852 
f  5614  5617  5680 
f  5680  5683  5614 
f  5897  5766  5668 
f  5668  5898  5897 
f  5579  5578  6092 
f  6092  5817  5579 
f  5869  5872  6093 
f  6093  5708  5869 
f  6094  6095  5722 
f  5722  5725  6094 
f  6098  6099  6096 
f  6096  6097  6098 
f  5752  6101  6100 
f  6100  5749  5752 
f  5687  5686  6102 
f  6102  6103  5687 
f  5506  6105  6104 
f  6104  5504  5506 
f  5883  5886  6106 
f  6106  6107  5883 
f  6108  6109  5979 
f  5979  5978  6108 
f  5816  5818  5576 
f  6110  5816  6053 
f  6053  6052  6110 
f  5681  5878  5486 
f  5486  5812  5681 
f  5736  5735  5453 
f  5453  5451  5736 
f  6111  6112  5718 
f  5718  5717  6111 
f  6113  6114  6115 
f  5895  6117  6116 
f  6116  5896  5895 
f  6120  6121  6118 
f  6118  6119  6120 
f  5919  6123  6122 
f  6122  5920  5919 
f  6125  6096  6099 
f  6099  6124  6125 
f  5514  5513  6126 
f  6126  5690  5514 
f  6007  6126  5513 
f  5513  6127  6007 
f  5980  5981  6128 
f  6128  6129  5980 
f  5912  6132  6130 
f  6130  6131  5912 
f  5738  5741  6133 
f  6134  5575  6135 
f  6136  6055  6052 
f  6052  6054  6136 
f  6137  6138  5483 
f  5483  5482  6137 
f  5454  6139  6137 
f  6137  8943  5454 
f  5972  5710  5552 
f  5552  5555  5972 
f  6010  5795  6140 
f  6140  6009  6010 
f  6141  6140  5795 
f  5795  5794  6141 
f  5650  5655  6142 
f  6142  5895  5650 
f  5546  5549  5944 
f  5944  6143  5546 
f  6144  5765  5675 
f  5675  5674  6144 
f  6146  6147  6145 
f  6145  5938  6146 
f  5779  6148  5780 
f  6151  6152  6149 
f  6149  6150  6151 
f  6154  5474  5477 
f  5477  6153  6154 
f  6155  5547  5942 
f  6012  5837  5836 
f  6158  6159  6156 
f  6156  6157  6158 
f  6160  6161  6118 
f  6118  6121  6160 
f  5697  5448  6162 
f  6164  5952  5955 
f  5955  6163  6164 
f  5996  6165  5969 
f  5969  5968  5996 
f  5996  5968  5997 
f  6166  6167  6168 
f  5805  6169  5902 
f  5902  5903  5805 
f  5535  5900  6170 
f  6170  5533  5535 
f  5937  5936  5685 
f  5685  5500  5937 
f  6171  6172  5490 
f  5490  5489  6171 
f  5652  5655  5650 
f  5650  5651  5652 
f  5679  5678  5878 
f  5878  5947  5679 
f  5946  6173  5679 
f  5679  5947  5946 
f  6174  6175  6149 
f  6149  6152  6174 
f  5840  6178  6176 
f  6176  6177  5840 
f  6181  6182  6179 
f  6179  6180  6181 
f  5806  5577  5491 
f  8946  5735  6183 
f  6183  5659  8946 
f  5756  5755  5882 
f  5882  5881  5756 
f  6185  6186  5716 
f  5716  6184  6185 
f  6187  5717  5716 
f  5716  6186  6187 
f  5881  5520  5519 
f  5519  6188  5881 
f  5899  5483  6189 
f  6189  6190  5899 
f  5519  5522  6189 
f  6189  5483  5519 
f  5626  6192  6043 
f  6043  6191  5626 
f  5957  5956  6193 
f  6193  6194  5957 
f  5508  5639  6195 
f  6195  6196  5508 
f  6008  6005  6197 
f  6197  6006  6008 
f  6198  5727  5726 
f  5726  5853  6198 
f  5829  5828  5904 
f  5904  5825  5829 
f  5615  5614  6199 
f  5521  5520  5528 
f  5528  5527  5521 
f  5837  6013  6193 
f  6193  5838  5837 
f  6202  5963  6200 
f  6200  6201  6202 
f  6203  6204  6205 
f  5975  6206  5976 
f  5690  6206  5776 
f  5776  5539  5690 
f  6207  6208  5605 
f  6209  5779  6210 
f  5952  5820  5819 
f  5819  5953  5952 
f  5657  5604  5506 
f  5506  5748  5657 
f  5801  5774  5802 
f  5973  5777  5975 
f  5975  5861  5973 
f  5990  6212  6211 
f  6211  5991  5990 
f  5493  5543  5542 
f  6052  6214  6213 
f  6213  6110  6052 
f  5760  5759  6019 
f  6019  6022  5760 
f  6215  6135  5980 
f  6215  6134  6135 
f  5711  5710  5706 
f  5706  5709  5711 
f  6216  5452  5459 
f  5459  5548  6216 
f  6061  5773  5772 
f  5754  6081  5629 
f  5629  5962  5754 
f  5611  6218  6217 
f  6217  5612  5611 
f  6105  5506  5604 
f  5604  5608  6105 
f  5840  6177  5645 
f  5645  5644  5840 
f  6221  6222  6219 
f  6219  6220  6221 
f  6223  6224  5786 
f  5786  5785  6223 
f  5586  5804  5587 
f  6225  5488  6034 
f  6200  6227  6226 
f  6226  6201  6200 
f  6115  5640  6113 
f  5961  5688  5687 
f  5687  6228  5961 
f  6094  6229  5721 
f  5721  6095  6094 
f  5691  5880  5511 
f  5511  5514  5691 
f  5516  5711  6230 
f  6230  5517  5516 
f  6100  6101  5599 
f  5599  5598  6100 
f  5703  5699  5749 
f  5749  6100  5703 
f  5473  5897  5654 
f  5654  5470  5473 
f  6231  6056  6055 
f  6055  6136  6231 
f  5601  5600  5747 
f  5747  5746  5601 
f  5919  5921  6047 
f  6232  6018  5954 
f  6233  5842  6232 
f  6232  5954  6233 
f  6236  6159  6234 
f  6234  6235  6236 
f  6238  6009  6140 
f  6140  6237  6238 
f  6239  6238  6237 
f  5999  5969  6067 
f  6067  6066  5999 
f  5661  6241  6240 
f  6240  5662  5661 
f  5805  5533  6170 
f  6170  6169  5805 
f  6189  5522  5902 
f  5902  6190  6189 
f  5468  5823  6082 
f  6082  5469  5468 
f  6065  6062  5846 
f  5846  5823  6065 
f  5986  6115  5987 
f  6187  6186  6115 
f  5604  5656  5605 
f  6037  6242  6038 
f  5672  6243  5673 
f  6011  5836  5698 
f  6188  6138  6137 
f  6137  6139  6188 
f  5998  5720  5719 
f  5719  5992  5998 
f  5960  5613  5615 
f  6244  5643  6128 
f  6128  5981  6244 
f  5993  5929  5916 
f  5916  5995  5993 
f  5556  5932  6245 
f  5856  6072  6071 
f  5815  5814  5998 
f  5998  5997  5815 
f  5968  6246  5815 
f  5815  5997  5968 
f  6075  5843  5742 
f  5742  6247  6075 
f  5668  5768  5669 
f  5903  5584  5587 
f  5587  5805  5903 
f  5999  6066  5621 
f  5621  5623  5999 
f  5899  5901  5484 
f  5484  5483  5899 
f  5568  5567  5539 
f  5539  5538  5568 
f  6160  6249  6248 
f  6248  6161  6160 
f  5943  6143  5944 
f  6252  6253  6250 
f  6250  6251  6252 
f  6254  5649  5566 
f  5566  5982  6254 
f  5509  5566  5649 
f  5649  5510  5509 
f  5675  5926  6255 
f  6255  5672  5675 
f  6256  5469  5845 
f  6192  6259  6257 
f  6257  6258  6192 
f  5903  5521  5527 
f  5524  5958  5949 
f  6123  5505  5504 
f  5504  6122  6123 
f  6124  5874  6125 
f  5869  5708  6260 
f  6260  6261  5869 
f  6162  5448  5462 
f  5516  6262  5553 
f  5553  5552  5516 
f  5753  6263  6079 
f  6079  5754  5753 
f  5745  5747  5565 
f  5565  5951  5745 
f  5800  6264  5797 
f  5665  5801  5993 
f  5667  6061  5772 
f  5772  5665  5667 
f  5677  6033  5487 
f  5487  5678  5677 
f  5904  5828  6171 
f  6171  5609  5904 
f  6265  5889  5888 
f  5888  6098  6265 
f  6266  6267  6184 
f  6266  6184  5716 
f  6270  6271  6268 
f  6268  6269  6270 
f  6270  6269  6002 
f  5945  5589  5591 
f  5591  6086  5945 
f  5817  6272  6273 
f  6218  6240  6241 
f  6241  6217  6218 
f  5895  6142  6274 
f  6274  6117  5895 
f  6275  5456  5457 
f  5457  6176  6275 
f  6064  5478  5481 
f  5481  6088  6064 
f  5704  5597  6181 
f  6181  6276  5704 
f  5704  5703  5598 
f  5598  5597  5704 
f  5894  6278  6277 
f  6277  5891  5894 
f  5535  6012  6011 
f  6011  5900  5535 
f  5835  6279  6280 
f  6280  6279  6281 
f  6282  6129  6128 
f  6282  6284  6283 
f  6283  6084  6282 
f  6149  5886  5885 
f  5885  6150  6149 
f  6149  6175  6106 
f  6106  5886  6149 
f  5582  5841  5813 
f  6286  6287  6131 
f  6131  6285  6286 
f  6130  5857  6285 
f  6285  6131  6130 
f  5777  5776  6206 
f  6206  5975  5777 
f  6239  5747  5600 
f  5600  6238  6239 
f  5876  6288  5728 
f  5789  5792  6006 
f  6006  6197  5789 
f  6197  5572  5790 
f  5790  5789  6197 
f  6289  6290  6010 
f  6010  5757  6289 
f  5472  5499  6291 
f  6053  5576  5575 
f  5816  5576  6053 
f  5844  5955  5954 
f  5954  5743  5844 
f  5824  5960  5615 
f  5615  5825  5824 
f  5825  5615  5829 
f  5872  5977  6230 
f  6230  6093  5872 
f  5871  5978  5977 
f  5977  5872  5871 
f  8945  5836  5646 
f  5646  5447  8945 
f  6141  6237  6140 
f  5761  5983  5647 
f  5647  5762  5761 
f  6292  6293  5783 
f  5783  5782  6292 
f  5782  5729  6288 
f  6288  6294  5782 
f  5753  6295  6263 
f  6187  6111  5717 
f  5910  6297  6296 
f  6296  5907  5910 
f  5948  5676  5679 
f  5679  6173  5948 
f  6298  6216  5548 
f  5548  5545  6298 
f  6301  6302  6299 
f  6299  6300  6301 
f  6303  6304  6305 
f  5763  5499  5498 
f  5498  5862  5763 
f  5497  5714  5498 
f  5614  5683  6199 
f  6148  5779  6209 
f  5496  6306  6211 
f  6211  6212  5496 
f  5757  6307  6289 
f  6307  6308  6289 
f  5518  6203  5927 
f  6108  6309  6203 
f  6203  6109  6108 
f  6215  5808  5807 
f  5807  6134  6215 
f  5726  5781  5854 
f  5854  5853  5726 
f  6113  5640  5507 
f  5720  5998  5814 
f  5814  6040  5720 
f  5980  6129  6215 
f  5992  5991  6165 
f  6165  5996  5992 
f  5784  6167  6068 
f  6068  6268  5784 
f  6310  6102  5686 
f  6310  5686  5661 
f  5541  5540  5873 
f  5541  5873  5874 
f  5541  5874  6311 
f  6313  6314  6144 
f  6144  6312  6313 
f  6145  6147  6315 
f  6315  6275  6145 
f  5780  5683  5682 
f  6317  6146  6316 
f  6316  5503  6317 
f  6060  6058  5532 
f  5532  5531  6060 
f  5642  5532  6058 
f  6319  5942  5695 
f  5695  6318  6319 
f  5462  8943  6137 
f  6137  5482  5462 
f  6002  6255  6320 
f  5689  5688  5826 
f  5826  5905  5689 
f  5730  5733  6248 
f  6248  6249  5730 
f  6321  6322  5822 
f  5822  5810  6321 
f  5820  5952  6164 
f  6164  6321  5820 
f  6240  6218  6323 
f  6323  5847  6240 
f  6324  6325  5611 
f  6323  5845  5847 
f  6092  6326  5577 
f  5577  5818  6092 
f  6327  6279  5663 
f  6073  5843  6075 
f  6075  6077  6073 
f  5829  6199  5830 
f  5829  5615  6199 
f  6209  6210  5620 
f  6038  6328  6035 
f  5703  6100  5598 
f  6190  5902  6169 
f  6169  6170  6190 
f  5536  5539  5775 
f  5564  5509  5508 
f  5508  6196  5564 
f  6011  6012  5836 
f  5727  6198  6329 
f  6329  6330  5727 
f  6331  5959  5961 
f  5961  6228  6331 
f  5875  5877  5965 
f  5965  5964  5875 
f  5455  5589  5944 
f  5944  5458  5455 
f  6326  5492  5491 
f  5491  5577  6326 
f  5917  6272  6332 
f  6271  6270  6001 
f  5744  6333  5527 
f  5527  5529  5744 
f  5469  5578  5466 
f  6334  5550  5667 
f  5667  5666  6334 
f  5918  6334  5666 
f  5666  5915  5918 
f  6335  6207  5605 
f  5605  5656  6335 
f  5644  6032  5839 
f  5839  5840  5644 
f  5980  6135  5806 
f  6135  5575  5806 
f  5974  5973  5774 
f  5774  5773  5974 
f  5941  6336  5559 
f  5559  5558  5941 
f  5931  5559  6336 
f  6336  6337  5931 
f  5594  5940  6338 
f  6338  6235  5594 
f  5842  6233  6084 
f  6084  6283  5842 
f  6288  5729  5728 
f  5892  6166  6168 
f  6168  5893  5892 
f  6341  6342  6339 
f  6339  6340  6341 
f  5763  6343  6344 
f  6347  6348  6345 
f  6345  6346  6347 
f  5922  6348  6349 
f  6349  5923  5922 
f  5619  5485  6070 
f  5638  5641  6350 
f  6350  6057  5638 
f  5570  5569  6351 
f  6351  5879  5570 
f  5880  5570  5879 
f  5937  6316  6146 
f  6146  5938  5937 
f  6352  5658  5831 
f  5831  5834  6352 
f  6352  6335  5656 
f  5656  5658  6352 
f  5796  5795  6010 
f  6010  6290  5796 
f  6353  6044  6026 
f  6026  6025  6353 
f  6082  5846  5845 
f  6082  5823  5846 
f  6280  6281  5988 
f  6281  6183  5734 
f  5734  5988  6281 
f  5609  6171  5489 
f  5489  5610  5609 
f  6095  6040  6039 
f  6039  5722  6095 
f  6108  5480  6309 
f  6306  5496  5495 
f  5495  6260  6306 
f  5803  5553  6262 
f  6262  5994  5803 
f  6354  6355  6226 
f  6226  6227  6354 
f  6300  6219  6222 
f  6075  6247  5628 
f  5628  5464  6075 
f  6282  6084  5821 
f  6282  5821  6129 
f  5551  5667  5550 
f  6199  5683  5780 
f  6356  6357  5964 
f  5964  5967  6356 
f  6120  6119  5896 
f  5896  6116  6120 
f  5802  5861  5860 
f  5802  5774  5973 
f  5973  5861  5802 
f  6057  6214  6052 
f  6052  6055  6057 
f  5937  5500  6316 
f  6316  5500  5503 
f  6358  6343  5864 
f  5864  5863  6359 
f  6359  6358  5864 
f  6109  6203  5518 
f  5702  5750  5749 
f  5749  5699  5702 
f  6273  5579  5817 
f  5960  5824  5961 
f  5961  5959  5960 
f  6293  6362  6360 
f  6360  6361  6293 
f  5880  5739  5511 
f  5590  5455  8946 
f  5935  6363  6266 
f  5734  6183  5735 
f  5987  6364  5714 
f  5755  5962  5882 
f  6115  6185  5987 
f  6366  5596  5599 
f  5599  6365  6366 
f  5897  5655  5654 
f  6367  5876  5875 
f  5858  6369  6368 
f  6368  6127  5858 
f  6053  5575  6054 
f  5772  5774  5801 
f  5665  5772  5801 
f  5618  5778  5812 
f  5929  5930  5913 
f  5913  5916  5929 
f  6230  5977  5979 
f  5979  5517  6230 
f  6370  6312  6144 
f  6144  5674  6370 
f  5898  6142  5655 
f  6371  6274  6142 
f  6142  5898  6371 
f  6153  5477  6372 
f  6372  6373  6153 
f  6374  6076  5464 
f  5464  5463  6374 
f  6319  6375  6155 
f  6155  5942  6319 
f  6376  6318  5695 
f  5695  5692  6376 
f  5481  5480  6376 
f  6376  5692  5481 
f  8944  8941  5698 
f  5698  5836  8944 
f  5698  5697  6011 
f  6261  6260  5868 
f  5868  5867  6261 
f  6375  6377  5475 
f  5475  5474  6375 
f  6155  6375  5474 
f  5474  6154  6155 
f  6155  6154  5544 
f  5544  5547  6155 
f  5544  6080  5545 
f  6080  6298  5545 
f  6298  6080  6079 
f  6079  6263  6298 
f  6295  6216  6298 
f  6298  6263  6295 
f  6088  5694  5943 
f  5943  5945  6088 
f  5694  5693  5943 
f  5571  5574  6378 
f  6378  5622  5571 
f  6380  6381  6226 
f  6226  6379  6380 
f  6286  6381  6380 
f  6380  6287  6286 
f  6383  6381  6286 
f  6286  6382  6383 
f  6384  6385  6383 
f  6383  6382  6384 
f  6201  6226  6381 
f  6381  6383  6201 
f  6202  6201  6383 
f  6383  6385  6202 
f  6382  6286  6285 
f  6285  6133  6382 
f  6133  5741  6384 
f  6384  6382  6133 
f  6386  6384  5741 
f  5741  5740  6386 
f  5879  6351  6386 
f  6386  5740  5879 
f  5733  5732  6386 
f  6386  6351  5733 
f  5733  6351  5569 
f  5569  6248  5733 
f  6248  5569  5568 
f  5568  6161  6248 
f  5538  5537  6119 
f  6119  6118  5538 
f  5537  5896  6119 
f  6384  6386  5732 
f  5732  6385  6384 
f  6202  6385  5732 
f  5732  5731  6202 
f  5731  5963  6202 
f  6085  6067  5969 
f  6306  6260  5708 
f  5708  5707  6306 
f  6085  6165  6211 
f  6085  5969  6165 
f  5857  5512  5738 
f  5511  5739  5738 
f  5738  5512  5511 
f  5907  6296  6387 
f  6387  6388  5907 
f  6004  6003  5911 
f  5911  5908  6004 
f  6132  6389  5857 
f  5857  6130  6132 
f  6390  5911  6003 
f  6003  6368  6390 
f  6296  6297  6391 
f  5908  5907  6388 
f  6388  6004  5908 
f  5738  6133  6285 
f  6285  5857  5738 
f  6206  5690  6126 
f  6126  5976  6206 
f  5859  5976  6126 
f  6126  6007  5859 
f  6006  5792  5859 
f  5859  6007  6006 
f  5568  5538  6118 
f  6118  6161  5568 
f  6393  6117  6274 
f  6274  6392  6393 
f  5623  6393  6392 
f  6392  6394  5623 
f  6116  6117  6393 
f  6393  6395  6116 
f  5963  5730  6249 
f  6249  6396  5963 
f  6395  6397  6120 
f  6120  6116  6395 
f  6160  6121  6398 
f  6398  6399  6160 
f  6249  6160  6399 
f  6399  6396  6249 
f  6396  6227  6200 
f  6200  5963  6396 
f  6399  6354  6227 
f  6227  6396  6399 
f  6400  6354  6399 
f  6399  6398  6400 
f  6397  6378  6400 
f  6400  6398  6397 
f  6393  5623  5622 
f  5622  6395  6393 
f  6398  6121  6120 
f  6120  6397  6398 
f  5790  5621  6066 
f  6066  5787  5790 
f  5536  5775  5974 
f  5974  5651  5536 
f  6388  6387  5574 
f  5574  5573  6388 
f  5572  6197  6005 
f  6005  5573  5572 
f  6368  6003  6005 
f  6005  6008  6368 
f  5574  6387  6400 
f  6400  6378  5574 
f  6395  5622  6378 
f  6378  6397  6395 
f  5573  6004  6388 
f  6127  6368  6008 
f  6008  6007  6127 
f  5857  6389  6369 
f  6355  6387  6296 
f  6296  6391  6355 
f  5472  6291  5473 
f  5766  5897  5473 
f  5473  6401  5766 
f  6401  6402  5767 
f  5767  5766  6401 
f  6042  6403  5724 
f  5724  5723  6042 
f  5875  6404  6367 
f  5768  5767  6367 
f  6367  6404  5768 
f  6405  6357  5670 
f  5670  5669  6405 
f  6404  6405  5669 
f  5669  5768  6404 
f  5671  5898  5668 
f  5964  6357  6405 
f  5875  5964  6405 
f  6405  6404  5875 
f  6095  5721  5720 
f  5720  6040  6095 
f  6191  5723  5722 
f  5722  6039  6191 
f  5626  6191  6039 
f  6039  5627  5626 
f  6042  6362  6406 
f  6406  6403  6042 
f  6026  6044  6043 
f  6043  6023  6026 
f  6407  5855  5631 
f  5631  5630  6407 
f  6408  5633  5632 
f  5632  5783  6408 
f  6041  6360  6362 
f  6362  6042  6041 
f  5854  5781  5632 
f  5632  5631  5854 
f  6024  6258  5851 
f  5851  5855  6024 
f  6042  5723  6191 
f  6191  6043  6042 
f  5625  6259  6192 
f  6192  5626  5625 
f  6409  6041  6044 
f  6044  6353  6409 
f  6409  6361  6360 
f  6360  6041  6409 
f  6406  6292  6294 
f  6411  5625  5624 
f  5624  6410  6411 
f  5815  6412  6413 
f  6414  6259  5625 
f  5625  6411  6414 
f  6091  6257  6259 
f  6259  6414  6091 
f  5967  6411  6410 
f  6410  6356  5967 
f  6371  6415  6413 
f  6413  6412  6371 
f  5966  6414  6411 
f  6411  5967  5966 
f  6089  6091  6414 
f  6414  5966  6089 
f  6371  5671  5670 
f  5670  6415  6371 
f  5851  6257  6091 
f  6091  5852  5851 
f  6417  5725  5724 
f  5724  6416  6417 
f  6418  6094  5725 
f  5725  6417  6418 
f  6416  5724  6403 
f  6403  6419  6416 
f  6419  6403  6406 
f  6406  6294  6419 
f  6419  6420  6416 
f  6090  6198  5853 
f  5853  5852  6090 
f  6329  6198  6090 
f  6090  6089  6329 
f  5727  6330  5728 
f  6329  6089  5966 
f  5966  5965  6329 
f  6329  5965  5877 
f  5877  6330  6329 
f  5877  5876  5728 
f  5728  6330  5877 
f  5876  6367  6421 
f  6421  6420  5876 
f  6420  6419  6288 
f  6419  6294  6288 
f  6420  6288  5876 
f  6043  6192  6023 
f  5671  6371  5898 
f  6412  6422  6371 
f  6394  6246  5968 
f  5968  5970  6394 
f  6410  5624  5815 
f  5815  6413  6410 
f  6415  6356  6410 
f  6410  6413  6415 
f  5670  6357  6356 
f  6356  6415  5670 
f  5551  5470  5654 
f  5654  5653  5551 
f  6061  5667  5551 
f  5551  5653  6061 
f  5786  6168  6167 
f  6167  5784  5786 
f  6424  6425  6027 
f  6027  6423  6424 
f  6424  6423  6426 
f  6426  6427  6424 
f  5792  5791  5860 
f  5860  5791  5555 
f  5555  5554  5860 
f  5554  5802  5860 
f  6428  6001  6429 
f  5791  5788  5972 
f  5972  5555  5791 
f  6099  6098  5636 
f  5636  6430  6099 
f  6299  6302  5888 
f  5637  5636  6098 
f  6098  5888  5637 
f  5887  6431  6299 
f  6299  5888  5887 
f  6028  6027  6425 
f  6425  6432  6028 
f  6299  6431  6300 
f  6425  6434  6433 
f  6433  6432  6425 
f  6278  5890  6277 
f  6436  6431  5887 
f  5887  6435  6436 
f  6300  6431  6436 
f  6436  6219  6300 
f  5920  6430  5636 
f  5636  5635  5920 
f  6437  6430  5920 
f  5920  6122  6437 
f  6122  5504  6437 
f  6220  6224  6223 
f  6223  6221  6220 
f  6268  6271  5785 
f  5785  5784  6268 
f  6068  6167  6166 
f  6166  6069  6068 
f  6223  5785  6271 
f  6269  6268  6068 
f  6068  5561  6269 
f  5560  6002  6269 
f  6269  5561  5560 
f  6424  6438  6434 
f  6434  6425  6424 
f  6424  6427  6438 
f  6426  6423  6439 
f  6030  6439  6423 
f  6423  6027  6030 
f  5672  6255  6002 
f  6002  5560  5672 
f  5563  6243  5672 
f  5672  5560  5563 
f  6002  6001  6270 
f  6278  6435  5887 
f  5887  5890  6278 
f  6222  6305  6300 
f  6301  6300  6305 
f  6305  6304  6301 
f  5921  5635  5634 
f  5634  6045  5921 
f  6223  6271  6428 
f  6124  6311  5874 
f  6430  6437  6124 
f  6124  6099  6430 
f  5888  6302  5637 
f  6301  5634  5637 
f  5637  6302  6301 
f  6304  6045  5634 
f  5634  6301  6304 
f  6046  6045  6304 
f  6304  6303  6046 
f  6441  5889  6265 
f  6265  6440  6441 
f  6442  5890  5889 
f  5889  6441  6442 
f  6443  6444  6097 
f  6097  6096  6443 
f  6443  6096  6125 
f  6125  6445  6443 
f  5673  6243  6446 
f  6446  6447  5673 
f  6446  6448  6442 
f  6442  6441  6446 
f  6312  6370  6444 
f  6444  6443  6312 
f  6443  6445  6312 
f  5673  6370  5674 
f  6098  6097  6265 
f  6444  6440  6265 
f  6265  6097  6444 
f  6447  6370  5673 
f  6450  6442  6448 
f  6448  6449  6450 
f  6449  6451  6450 
f  6277  5890  6442 
f  6442  6450  6277 
f  5891  6277  6450 
f  6450  6451  5891 
f  5891  6451  5892 
f  6451  6069  6166 
f  6452  6320  6255 
f  6255  5926  6452 
f  5764  6344  6452 
f  6452  5926  5764 
f  5764  5763  6344 
f  6453  6305  6222 
f  6222  6221  6453 
f  6453  6221  6223 
f  6223  6428  6453 
f  6453  6429  6303 
f  6303  6305  6453 
f  6453  6428  6429 
f  6312  6445  6313 
f  5499  5765  6144 
f  6144  6314  5499 
f  6455  5919  6047 
f  6047  6454  6455 
f  6456  6123  5919 
f  5919  6455  6456 
f  6457  6046  6303 
f  6303  6429  6457 
f  6454  6047  6046 
f  6046  6457  6454 
f  6344  6455  6454 
f  6454  6452  6344 
f  6343  6456  6455 
f  6455  6344  6343 
f  6429  6000  6457 
f  6452  6454  6457 
f  6457  6320  6452 
f  6457  6000  6320 
f  6429  6001  6000 
f  6002  6320  6000 
f  5892  6451  6166 
f  6069  6449  5562 
f  6448  5563  5562 
f  5562  6449  6448 
f  6243  5563  6448 
f  6448  6446  6243 
f  6451  6449  6069 
f  6370  6447  6440 
f  6440  6444  6370 
f  6446  6441  6440 
f  6440  6447  6446 
f  6433  6434  6220 
f  6220  6219  6433 
f  6427  6426  6168 
f  6168  5786  6427 
f  5894  5893  6439 
f  6439  6030  5894 
f  6224  6220  6434 
f  6434  6438  6224 
f  6168  6426  6439 
f  6439  5893  6168 
f  6435  6278  6029 
f  6029  6028  6435 
f  6436  6435  6028 
f  6028  6432  6436 
f  6219  6436  6432 
f  6432  6433  6219 
f  6427  5786  6224 
f  6224  6438  6427 
f  6030  6029  6278 
f  6278  5894  6030 
f  6458  6229  6094 
f  6094  6418  6458 
f  6402  6458  6418 
f  6418  5767  6402 
f  6313  6402  6401 
f  6401  6314  6313 
f  6445  6125  6229 
f  6229  6458  6445 
f  6313  6445  6458 
f  6458  6402  6313 
f  6314  6401  6291 
f  5721  6229  6125 
f  6125  5874  5721 
f  6314  6291  5499 
f  6401  5473  6291 
f  5909  6287  6380 
f  6380  5910  5909 
f  6131  6287  5909 
f  5909  5912  6131 
f  5911  6390  6132 
f  6132  5912  5911 
f  5910  6380  6379 
f  6379  6297  5910 
f  6369  5858  5857 
f  6389  6132  6390 
f  6297  6379  6226 
f  6226  6391  6297 
f  6369  6389  6390 
f  6390  6368  6369 
f  6355  6391  6226 
f  5513  5858  6127 
f  6354  6400  6387 
f  6387  6355  6354 
f  6024  5855  6407 
f  6407  6025  6024 
f  6406  6362  6293 
f  6293  6292  6406 
f  6407  5630  6353 
f  6353  6025  6407 
f  6408  5783  6293 
f  6293  6361  6408 
f  6023  6192  6258 
f  6258  6024  6023 
f  6353  5630  5633 
f  5633  6409  6353 
f  6409  5633  6408 
f  6408  6361  6409 
f  6258  6257  5851 
f  6294  6292  5782 
f  6416  6420  6421 
f  6421  6417  6416 
f  6367  5767  6421 
f  6418  6417  6421 
f  6421  5767  6418 
f  6214  6057  6350 
f  6350  6459  6214 
f  6460  6213  6214 
f  6214  6459  6460 
f  6461  6460  5918 
f  5657  6347  5831 
f  5831  5658  5657 
f  6348  6347  5657 
f  5657  5748  6348 
f  5505  6349  6348 
f  6348  5748  5505 
f  6392  6422  6246 
f  6246  6394  6392 
f  6392  6274  6371 
f  6371  6422  6392 
f  5970  5969  5999 
f  6348  5922  6345 
f  5922  5925  6345 
f  6462  6346  6345 
f  6345  5925  6462 
f  6464  6462  5925 
f  5925  6463  6464 
f  6050  6466  6465 
f  6465  6051  6050 
f  6465  6466  6467 
f  6467  6468  6465 
f  6242  6037  6462 
f  6469  6346  6462 
f  6462  6037  6469 
f  6036  5832  6469 
f  5832  5831  6469 
f  6469  5831  6347 
f  6347  6346  6469 
f  6036  6035  5833 
f  5833  5832  6036 
f  6469  6037  6036 
f  6470  6365  5599 
f  5599  6101  6470 
f  5752  6471  6470 
f  6470  6101  5752 
f  5751  6472  6471 
f  6471  5752  5751 
f  5705  5700  5699 
f  6242  6462  6464 
f  6464  5701  6242 
f  6038  6242  5701 
f  5701  5700  6038 
f  5705  6328  6038 
f  6038  5700  5705 
f  5505  6123  6349 
f  6180  6473  6276 
f  6276  6181  6180 
f  6475  6359  5863 
f  5863  6474  6475 
f  5862  6364  6474 
f  6474  5863  5862 
f  5498  5714  6364 
f  6364  5862  5498 
f  6107  6106  5494 
f  5494  5493  6107 
f  6104  6107  5493 
f  5493  5542  6104 
f  5542  5541  5504 
f  5504  6104  5542 
f  5541  6311  5504 
f  5504  6311  6124 
f  6124  6437  5504 
f  6478  6472  6476 
f  6476  6477  6478 
f  6479  5923  6349 
f  6349  6456  6479 
f  6479  6480  5924 
f  5924  5923  6479 
f  6365  6478  6477 
f  6477  6366  6365 
f  6481  6479  6456 
f  6456  6343  6481 
f  6482  6480  6479 
f  6479  6481  6482 
f  6180  6359  6475 
f  6475  6473  6180 
f  6180  6179  6358 
f  6358  6359  6180 
f  6105  5608  5884 
f  5884  5883  6105 
f  6307  6484  6483 
f  6483  6308  6307 
f  6484  6307  5757 
f  5757  5758  6484 
f  6182  6181  5597 
f  5597  5596  6182 
f  6482  6182  5596 
f  5596  6366  6482 
f  6366  6477  6482 
f  6179  6182  6482 
f  6482  6481  6179 
f  6481  6343  6358 
f  6358  6179  6481 
f  6486  6487  6352 
f  6352  6485  6486 
f  6489  5834  5833 
f  5833  6488  6489 
f  6488  5833  6035 
f  6035  6490  6488 
f  5705  5704  6491 
f  6491  6328  5705 
f  6485  6352  5834 
f  5834  6489  6485 
f  6490  6035  6328 
f  6328  6491  6490 
f  5987  6486  6485 
f  6485  6364  5987 
f  6474  6489  6488 
f  6488  6475  6474 
f  6475  6488  6490 
f  6490  6473  6475 
f  6491  5704  6276 
f  6364  6485  6489 
f  6489  6474  6364 
f  6473  6490  6491 
f  6491  6276  6473 
f  6476  6463  5925 
f  5925  5924  6476 
f  6480  6477  6476 
f  6476  5924  6480 
f  6480  6482  6477 
f  6467  5702  5701 
f  5701  6468  6467 
f  6466  5750  5702 
f  5702  6467  6466 
f  6050  5751  5750 
f  5750  6466  6050 
f  6049  6472  5751 
f  5751  6050  6049 
f  6048  6476  6472 
f  6472  6049  6048 
f  6051  6463  6476 
f  6476  6048  6051 
f  6465  6464  6463 
f  6463  6051  6465 
f  6468  5701  6464 
f  6464  6465  6468 
f  6349  6123  6456 
f  6234  6341  6340 
f  5941  5595  6234 
f  6234  6340  5941 
f  6340  6336  5941 
f  5798  6253  6252 
f  6252  5799  5798 
f  6342  6341  6159 
f  6159  6158  6342 
f  6341  6234  6159 
f  6478  6471  6472 
f  6470  6471  6478 
f  6478  6365  6470 
f  6493  6494  6492 
f  6492  6251  6493 
f  6185  6492  6494 
f  6494  5987  6185 
f  6495  6496  5800 
f  5800  5799  6495 
f  6496  6495  6363 
f  6363  5935  6496 
f  6495  6497  6267 
f  6267  6363  6495 
f  5799  6252  6497 
f  6497  6495  5799 
f  6498  6264  5800 
f  5800  6496  6498 
f  5934  6498  6496 
f  6496  5935  5934 
f  6492  6184  6267 
f  6267  6497  6492 
f  6252  6251  6492 
f  6492  6497  6252 
f  6267  6266  6363 
f  6245  5933  5715 
f  5715  5718  6245 
f  5556  6245  5718 
f  5718  5557  5556 
f  6115  6186  6185 
f  5716  5715  6266 
f  5933  5935  6266 
f  6266  5715  5933 
f  5934  5933  6245 
f  6245  5932  5934 
f  5931  6498  5934 
f  5934  5932  5931 
f  6337  6264  6498 
f  6498  5931  6337 
f  6499  6500  6015 
f  6015  6014  6499 
f  5798  5797  6339 
f  6339  6342  5798 
f  6158  6253  5798 
f  5798  6342  6158 
f  6157  6250  6253 
f  6253  6158  6157 
f  6020  5605  6208 
f  6208  6021  6020 
f  5796  5607  5606 
f  5606  5793  5796 
f  5796  6290  6501 
f  6501  5607  5796 
f  6290  6289  6501 
f  5760  6236  6235 
f  6235  6338  5760 
f  6022  6156  6236 
f  6236  5760  6022 
f  6157  6156  6022 
f  6022  6021  6157 
f  6250  6157  6021 
f  6021  6208  6250 
f  6207  6251  6250 
f  6250  6208  6207 
f  6492  6185  6184 
f  6254  6237  5759 
f  5759  5762  6254 
f  5647  5649  6254 
f  6254  5762  5647 
f  6487  6486  6494 
f  6494  6493  6487 
f  6494  6486  5987 
f  6015  6337  6336 
f  6336  6016  6015 
f  6500  6264  6337 
f  6337  6015  6500 
f  6499  5797  6264 
f  6264  6500  6499 
f  6014  6339  5797 
f  5797  6499  6014 
f  6017  6340  6339 
f  6339  6014  6017 
f  6016  6336  6340 
f  6340  6017  6016 
f  6159  6236  6156 
f  5594  6235  6234 
f  6234  5595  5594 
f  5557  6112  5592 
f  5592  5558  5557 
f  5557  5718  6112 
f  6352  6487  6335 
f  6493  6207  6335 
f  6335  6487  6493 
f  6493  6251  6207 
f  5465  5629  6081 
f  6081  6373  5465 
f  5463  5465  6373 
f  6373  6372  5463 
f  6151  6374  5463 
f  5463  6372  6151 
f  6151  6150  6308 
f  6308  6483  6151 
f  6289  6308  6150 
f  6150  5885  6289 
f  6289  5885  5884 
f  5884  6501  6289 
f  5884  5608  5607 
f  5607  6501  5884 
f  6107  6104  6105 
f  6105  5883  6107 
f  6502  6309  5480 
f  5480  5479  6502 
f  5468  5467  6502 
f  6502  5479  5468 
f  6502  6204  6203 
f  6203  6309  6502 
f  6376  5480  6108 
f  6108  5978  6376 
f  5871  6318  6376 
f  6376  5978  5871 
f  6319  6318  5871 
f  5871  5870  6319 
f  6377  6375  6319 
f  6319  5870  6377 
f  6377  5870  5869 
f  5869  6261  6377 
f  5867  5475  6377 
f  6377  6261  5867 
f  5866  5476  5475 
f  5475  5867  5866 
f  6260  5495  5868 
f  5865  5868  5495 
f  5495  5494  5865 
f  5494  6106  5865 
f  5707  6085  6211 
f  6211  6306  5707 
f  5707  5706  6085 
f  5991  6211  6165 
f  6106  6175  5865 
f  6175  5866  5865 
f  5476  5866  6175 
f  6175  6174  5476 
f  6109  5518  5517 
f  5517  5979  6109 
f  5709  6093  6230 
f  6230  5711  5709 
f  5709  5708  6093 
f  6064  6088  5945 
f  5945  6086  6064 
f  6087  6065  6064 
f  6064  6086  6087 
f  5944  5549  5458 
f  6203  6205  5927 
f  6503  5913  5930 
f  6503  6205  6204 
f  6204  5580  6503 
f  5579  6273  6503 
f  6503  5580  5579 
f  6502  5467  6204 
f  5580  6204  5467 
f  5467  5466  5580 
f  6504  6505  5472 
f  5472  5471  6504 
f  5550  6334  6504 
f  6504  5471  5550 
f  6115  5986  5640 
f  5986  5985  5640 
f  5712  6350  5641 
f  5641  5713  5712 
f  6459  6350  5712 
f  5712  6505  6459 
f  6460  6459  6505 
f  6505  6504  6460 
f  6334  5918  6460 
f  6460  6504  6334 
f  5472  6505  5712 
f  5712  5497  5472 
f  5714  5713  5985 
f  5641  5640  5985 
f  5985  5713  5641 
f  5638  6056  5639 
f  6231  6195  5639 
f  5639  6056  6231 
f  6460  6461  6213 
f  6332  6110  6213 
f  6213  6461  6332 
f  6332  6272  6110 
f  6461  5918  5917 
f  5917  6332  6461 
f  6151  6483  6374 
f  6484  6076  6374 
f  6374  6483  6484 
f  6484  5758  6076 
f  5758  5602  6076 
f  5601  6077  6076 
f  6076  5602  5601 
f  6163  5745  5951 
f  5951  6164  6163 
f  5951  5950  6321 
f  6321  6164  5951 
f  5950  6322  6321 
f  5820  6321  5810 
f  5810  5809  5820 
f  5476  6174  5477 
f  6174  6152  5477 
f  6151  6372  5477 
f  5477  6152  6151 
f  6074  5746  5745 
f  5745  6163  6074 
f  6074  6073  5601 
f  5601  5746  6074 
f  6073  6077  5601 
f  5809  5808  6129 
f  6129  5821  5809 
f  5808  6215  6129 
f  5564  6322  5950 
f  5950  5565  5564 
f  5564  6196  6322 
f  6322  6196  6195 
f  6195  5822  6322 
f  6009  6238  5600 
f  5600  5603  6009 
f  5648  6113  5507 
f  5507  5510  5648 
f  5984  6114  6113 
f  6113  5648  5984 
f  5593  6111  6187 
f  6187  5939  5593 
f  5592  6112  6111 
f  6111  5593  5592 
f  6237  6254  5982 
f  5982  6239  6237 
f  5565  5747  6239 
f  6239  5982  5565 
f  5527  6333  5903 
f  5581  5584  5903 
f  5903  6333  5581 
f  6163  5955  5844 
f  5844  6074  6163 
f  6153  6373  6081 
f  6081  6078  6153 
f  5544  6154  6153 
f  6153  6078  5544 
f  5807  5822  6195 
f  6195  6231  5807 
f  6136  6134  5807 
f  5807  6231  6136 
f  5873  5990  5719 
f  5719  5721  5873 
f  5873  5540  5990 
f  6212  5990  5540 
f  5540  5543  6212 
f  5543  5496  6212 
f  6327  6062  6065 
f  6065  6087  6327 
f  6279  6327  6087 
f  6087  5660  6279 
f  5659  6281  6279 
f  6279  5660  5659 
f  5496  5543  5493 
f  6246  6422  6412 
f  6412  5815  6246 
f  5623  6394  5970 
f  5696  5547  5546 
f  5546  6143  5696 
f  5943  5693  5696 
f  5696  6143  5943 
f  5954  5953  6233 
f  5819  6084  6233 
f  6233  5953  5819 
f  5581  6333  5744 
f  5744  6018  5581 
f  6232  5582  5581 
f  5581  6018  6232 
f  6232  5842  5582 
f  5528  6247  5742 
f  5742  5529  5528 
f  5534  5533  5804 
f  5804  6506  5534 
f  6225  6506  5804 
f  5804  5586  6225 
f  5585  6070  6225 
f  6225  5586  5585 
f  5534  6506  6507 
f  6034  6506  6225 
f  6506  6034  6507 
f  6033  6194  6507 
f  6507  6034  6033 
f  5677  5957  6194 
f  6194  6033  5677 
f  5584  5583  5588 
f  5588  5587  5584 
f  5813  6508  5588 
f  5588  5583  5813 
f  5841  6059  6508 
f  6508  5813  5841 
f  6071  5585  5588 
f  5588  6508  6071 
f  6059  5856  6071 
f  6071  6508  6059 
f  5662  6063  6327 
f  6327  5663  5662 
f  6240  5847  6063 
f  6063  5662  6240 
f  6327  6063  6062 
f  5664  5502  6310 
f  6310  5661  5664 
f  6102  6310  5502 
f  5502  5501  6102 
f  5684  6103  6102 
f  6102  5501  5684 
f  5948  6173  6509 
f  6509  5849  5948 
f  6241  5661  5686 
f  5686  5689  6241 
f  5611  6325  6323 
f  6323  6218  5611 
f  5947  5878  5681 
f  5681  5680  5947 
f  6510  5946  5617 
f  5617  5616  6510 
f  5959  6331  6510 
f  6510  5616  5959 
f  6511  6228  5687 
f  5687  6103  6511 
f  5684  5850  6511 
f  6511  6103  5684 
f  5848  5850  5684 
f  5684  5685  5848 
f  5936  5525  5848 
f  5848  5685  5936 
f  5516  5515  6262 
f  5928  5994  6262 
f  6262  5515  5928 
f  5928  5929  5993 
f  5993  5994  5928 
f  6343  5763  5864 
f  6237  6141  5759 
f  5794  6019  5759 
f  5759  6141  5794 
f  6020  6019  5794 
f  5794  5793  6020 
f  5605  6020  5793 
f  5793  5606  5605 
f  6115  6114  6187 
f  5939  6187  6114 
f  6114  5984  5939 
f  5940  5939  5984 
f  5984  5983  5940 
f  5761  6338  5940 
f  5940  5983  5761 
f  5761  5760  6338 
f  6225  6070  5485 
f  5485  5488  6225 
f  5676  5958  5957 
f  5957  5677  5676 
f  6162  5462  5482 
f  5482  5484  6162 
f  5901  5697  6162 
f  6162  5484  5901 
f  5881  6188  6139 
f  6275  5770  6145 
f  5938  6145  5770 
f  5770  5769  5938 
f  5988  5835  6280 
f  5988  5989  5835 
f  6031  5835  5989 
f  5989  6512  6031 
f  6317  5503  6031 
f  6031  6512  6317 
f  5899  6190  6170 
f  6170  5900  5899 
f  6083  5962  5629 
f  5629  5628  6083 
f  6083  5628  6247 
f  6247  5528  6083 
f  5469  6256  5578 
f  6134  6136  6054 
f  6054  5575  6134 
f  5841  5842  6283 
f  6283  5642  5841 
f  6283  6284  5642 
f  6128  5643  5642 
f  5642  6284  6128 
f  6244  6513  5530 
f  5530  5643  6244 
f  6172  6171  5828 
f  5828  5827  6172 
f  6060  5531  6209 
f  5531  5530  6209 
f  6148  6209  5530 
f  5530  6513  6148 
f  6323  6325  5845 
f  6325  6324  6256 
f  6256  5845  6325 
f  6324  5906  6256 
f  5906  6324  5611 
f  5611  5610  5906 
f  6241  5689  5905 
f  5905  6217  6241 
f  5905  5612  6217 
f  5905  5904  5609 
f  5609  5612  5905 
f  6282  6128  6284 
f  6513  6244  6172 
f  6172  5827  6513 
f  5827  5830  6148 
f  6148  6513  5827 
f  6148  5830  6199 
f  6199  5780  6148 
f  6279  5835  5663 
f  6514  6512  5989 
f  5989  5737  6514 
f  6317  6512  6514 
f  6514  6515  6317 
f  6146  6317  6515 
f  6515  6147  6146 
f  5676  5948  5949 
f  5949  5958  5676 
f  5778  5618  6210 
f  6210  5779  5778 
f  6193  6507  6194 
f  6193  6013  6507 
f  6013  5534  6507 
f  6013  5535  5534 
f  8946  5659  5590 
f  5659  6183  6281 
f  6275  6315  5449 
f  5449  5456  6275 
f  6178  5771  6176 
f  5770  6275  6176 
f  6176  5771  5770 
f  5525  5936  5769 
f  5769  5526  5525 
f  5483  6138  5519 
f  6138  6188  5519 
f  5503  5502  6031 
f  5956  5524  5523 
f  5523  5839  5956 
f  5839  6032  6193 
f  6193  5956  5839 
f  6032  5838  6193 
f  5645  8947  5447 
f  5645  6177  8947 
f  5771  6178  5523 
f  5523  5526  5771 
f  6178  5840  5523 
f  6326  6256  5906 
f  5906  5492  6326 
f  6092  5578  6256 
f  6256  6326  6092 
f  5490  6172  6244 
f  6244  5981  5490 
f  5491  5980  5806 
f  5753  5460  5461 
f  5461  6295  5753 
f  5946  6510  6509 
f  6509  6173  5946 
f  6509  6511  5850 
f  5850  5849  6509 
f  6331  6228  6511 
f  6511  6509  6331 
f  6509  6510  6331 
f  5816  6110  6272 
f  6272  5817  5816 
f  5993  5995  5665 
f  5995  5666  5665 
f  5817  6092  5818 
f  6139  5454  5460 
f  5460  5881  6139 
f  8942  6516  6517 
f  6517  5450  8942 
f  5753  5756  5460 
f  6315  6516  8942 
f  8942  5449  6315 
f  5756  5881  5460 
f  6517  5736  5451 
f  5451  5450  6517 
f  5452  6216  6295 
f  6295  5461  5452 
f  5453  5735  8946 
f  8944  5836  8945 
f  5549  5548  5459 
f  5459  5458  5549 
f  8947  6177  6176 
f  6176  5457  8947 
f  6515  6516  6315 
f  6315  6147  6515 
f  6516  6515  6514 
f  6514  6517  6516 
f  6517  6514  5737 
f  5737  5736  6517 
f  6503  5930  5927 
f  5927  6205  6503 
f  5913  6503  6273 
f  6273  5914  5913 
f  6273  6272  5917 
f  5917  5914  6273 
f  5558  5592  5595 
f  6001  6428  6271 
f  5553  5803  5802 
f  5802  5554  5553 
f  5485  5619  5811 
f  5619  5618  5811 
f  5811  5618  5812 
f  5620  6210  5618 
f  5856  5619  6072 
f  6072  5619  6070 
f  6060  6209  5620 
f  5620  5856  6060 
f  6518  6520  6519 
f  6523  6522  6521 
f  6521  6524  6523 
f  6527  6526  6525 
f  6525  6528  6527 
f  6531  6530  6529 
f  6529  6532  6531 
f  6535  6534  6533 
f  6533  6536  6535 
f  6537  6539  6538 
f  6542  6541  6540 
f  6540  6543  6542 
f  6546  6545  6544 
f  6544  6547  6546 
f  6550  6549  6548 
f  6548  6551  6550 
f  6553  6552  6527 
f  6527  6554  6553 
f  6557  6556  6555 
f  6555  6558  6557 
f  6559  6561  6560 
f  6564  6563  6562 
f  6562  6565  6564 
f  6568  6567  6566 
f  6566  6569  6568 
f  6571  6570  6573 
f  6573  6572  6571 
f  6576  6575  6574 
f  6574  6577  6576 
f  6580  6579  6578 
f  6578  6581  6580 
f  6582  6584  6583 
f  6585  6587  6586 
f  6588  6590  6589 
f  6593  6592  6591 
f  6591  6594  6593 
f  6597  6596  6595 
f  6595  6598  6597 
f  6601  6600  6599 
f  6599  6602  6601 
f  6601  6604  6603 
f  6603  6600  6601 
f  6525  6526  6605 
f  6605  6606  6525 
f  6609  6608  6607 
f  6607  6610  6609 
f  6613  6612  6611 
f  6611  6614  6613 
f  6617  6616  6615 
f  6615  6618  6617 
f  6621  6620  6619 
f  6619  6564  6621 
f  6624  6623  6622 
f  6622  6625  6624 
f  6628  6627  6626 
f  6626  6629  6628 
f  6630  6632  6631 
f  6634  6633  6521 
f  6521  6635  6634 
f  6638  6637  6636 
f  6636  6639  6638 
f  6642  6641  6640 
f  6640  6643  6642 
f  6645  9628  6644 
f  6644  6646  6645 
f  6649  6648  6647 
f  6647  6650  6649 
f  6653  6652  6651 
f  6651  6654  6653 
f  6657  6656  6655 
f  6655  6658  6657 
f  6659  6663  6662 
f  6659  6662  6661 
f  6659  6661  6660 
f  6666  6665  6664 
f  6664  6667  6666 
f  6668  6670  6669 
f  6672  6671  6668 
f  6668  6669  6672 
f  6673  6675  6674 
f  6677  6626  6676 
f  6676  6678  6677 
f  6681  6680  6679 
f  6679  6682  6681 
f  6684  6683  6519 
f  6519  6520  6684 
f  6687  6686  6685 
f  6685  6688  6687 
f  6691  6690  6689 
f  6689  6692  6691 
f  6695  6694  6693 
f  6693  6696  6695 
f  6697  6587  6585 
f  6585  6698  6697 
f  6700  6699  6701 
f  6701  9655  6700 
f  6565  6703  6702 
f  6702  6704  6565 
f  6591  6592  6705 
f  6705  6706  6591 
f  6709  6708  6707 
f  6707  6710  6709 
f  6712  6659  6711 
f  6711  6713  6712 
f  6714  6645  6646 
f  6646  6715  6714 
f  6718  6717  6716 
f  6716  6719  6718 
f  6720  6722  6721 
f  6725  6724  6723 
f  6723  6726  6725 
f  6729  6728  6727 
f  6727  6730  6729 
f  6733  6732  6731 
f  6731  6734  6733 
f  6737  6736  6735 
f  6735  6738  6737 
f  6555  6556  6739 
f  6739  6740  6555 
f  6743  6742  6741 
f  6741  6744  6743 
f  6745  6569  6746 
f  6749  6748  6747 
f  6747  6536  6749 
f  6750  6747  6748 
f  6748  6751  6750 
f  6752  6754  9646 
f  9646  6753  6752 
f  6757  6756  6755 
f  6755  6758  6757 
f  6761  6760  6759 
f  6759  6755  6761 
f  6764  6763  6762 
f  6762  6765  6764 
f  6767  6766  6607 
f  6607  6571  6767 
f  6770  6769  6768 
f  6768  6552  6770 
f  6773  6772  6771 
f  6771  6774  6773 
f  6775  6777  6776 
f  6780  6779  6778 
f  6778  6781  6780 
f  6784  6783  6782 
f  6782  6785  6784 
f  6788  6787  6786 
f  6786  6789  6788 
f  6792  6791  6790 
f  6790  6793  6792 
f  6796  6795  6794 
f  6794  6797  6796 
f  6800  6799  6798 
f  6798  6584  6800 
f  6801  6803  6802 
f  6561  6804  6560 
f  6807  6806  6805 
f  6805  6808  6807 
f  6811  6810  6809 
f  6809  6812  6811 
f  6657  6658  6813 
f  6813  6814  6657 
f  6817  6816  6815 
f  6815  6818  6817 
f  6820  6819  6554 
f  6554  6821  6820 
f  6824  6823  6822 
f  6822  6723  6824 
f  6826  6825  6581 
f  6581  6827  6826 
f  6828  6830  6829 
f  6832  6594  6831 
f  6831  6833  6832 
f  6835  6834  6737 
f  6737  6836  6835 
f  6839  6838  6837 
f  6837  6687  6839 
f  6840  6842  6841 
f  6845  6844  6843 
f  6843  6846  6845 
f  6848  6847  6844 
f  6844  6845  6848 
f  6851  6850  6849 
f  6849  6852  6851 
f  6855  6854  6853 
f  6853  6856  6855 
f  6857  6859  6858 
f  6588  6860  6642 
f  6642  6861  6588 
f  6862  6632  6630 
f  6865  6864  6863 
f  6863  6866  6865 
f  6540  6541  6868 
f  6868  6867  6540 
f  6637  6638  6869 
f  6870  6682  6679 
f  6679  6871  6870 
f  6872  6874  6873 
f  6865  6876  6875 
f  6875  6877  6865 
f  6863  6878  6866 
f  6879  6533  6534 
f  6534  6523  6879 
f  6880  6882  6881 
f  6885  6884  6883 
f  6883  6886  6885 
f  6889  6888  6887 
f  6887  6890  6889 
f  6891  6718  6719 
f  6893  6892  6701 
f  6701  6894  6893 
f  6895  6896  6578 
f  6897  6898  6637 
f  6799  6900  6899 
f  6899  6798  6799 
f  6901  6903  6902 
f  6904  6906  6905 
f  6909  6908  6907 
f  6907  6910  6909 
f  6686  6910  6907 
f  6907  6911  6686 
f  6912  6674  6675 
f  6913  6567  6568 
f  6568  6914  6913 
f  6916  6848  6915 
f  6915  6917  6916 
f  6919  6918  6819 
f  6819  6920  6919 
f  6923  6922  6921 
f  6921  6924  6923 
f  6927  6926  6925 
f  6925  6928  6927 
f  6929  6930  6777 
f  6931  6933  6932 
f  6541  6542  6733 
f  6733  6934  6541 
f  6736  6737  6834 
f  6834  6868  6736 
f  6795  6796  6935 
f  6935  6936  6795 
f  6937  6575  6938 
f  6941  6940  6939 
f  6939  6942  6941 
f  6945  6944  6943 
f  6943  6946  6945 
f  6949  6948  6947 
f  6947  6950  6949 
f  6952  6951  6705 
f  6705  6592  6952 
f  6953  6710  6954 
f  6955  6957  6956 
f  6576  6577  6958 
f  6958  6959  6576 
f  6960  6881  6882 
f  6882  6961  6960 
f  6962  6547  6544 
f  6544  6665  6962 
f  6632  6874  6631 
f  6965  6964  6963 
f  6963  6966  6965 
f  6968  6967  6964 
f  6964  6965  6968 
f  6971  6970  6969 
f  6969  6972  6971 
f  6971  6974  6973 
f  6973  6970  6971 
f  6690  6976  6975 
f  6975  6977  6690 
f  6980  6979  6978 
f  6978  6981  6980 
f  6982  6820  6821 
f  6821  6730  6982 
f  6570  6984  6983 
f  6983  6573  6570 
f  6983  6984  6985 
f  6985  6986  6983 
f  6988  6987  6614 
f  6614  6611  6988 
f  6989  6991  6990 
f  6994  6993  6992 
f  6992  6825  6994 
f  6996  6995  6648 
f  6648  6649  6996 
f  6650  6613  6997 
f  6750  6751  6602 
f  6602  6998  6750 
f  6644  7000  6999 
f  6999  7001  6644 
f  7003  7002  6672 
f  6672  6735  7003 
f  6904  6905  7004 
f  7004  7005  6904 
f  7006  6620  7007 
f  7010  7009  7008 
f  7008  7011  7010 
f  7013  7012  6579 
f  6579  7014  7013 
f  6668  6671  7015 
f  7015  7016  6668 
f  6880  7017  6743 
f  6743  6882  6880 
f  6811  7018  6810 
f  6786  6787  7019 
f  7022  7021  7020 
f  7020  7023  7022 
f  7024  7026  7025 
f  7028  7027  6843 
f  6843  6844  7028 
f  7030  7029  6833 
f  6833  6831  7030 
f  7031  6917  6915 
f  6915  7032  7031 
f  7033  7035  7034 
f  6545  6546  7036 
f  7036  7037  6545 
f  6620  6621  7038 
f  6703  7040  7039 
f  7039  6702  6703 
f  7042  7041  6770 
f  6770  7043  7042 
f  6793  6790  7044 
f  7044  7045  6793 
f  7048  7047  7046 
f  7046  6775  7048 
f  6859  6857  7049 
f  7049  7050  6859 
f  6972  7051  6721 
f  6721  6971  6972 
f  7053  7052  7048 
f  7048  7054  7053 
f  7026  6678  7055 
f  7056  7058  7057 
f  6628  7060  7059 
f  7059  7061  6628 
f  7062  7064  7063 
f  6707  6829  7030 
f  7030  6706  6707 
f  6813  6658  7065 
f  7065  7066  6813 
f  6752  7067  6956 
f  6956  6957  6752 
f  7069  6590  7068 
f  7068  6893  7069 
f  7072  7071  7070 
f  7070  7073  7072 
f  6904  7005  6579 
f  6579  6580  6904 
f  6800  7074  7010 
f  7010  6799  6800 
f  7077  7076  7075 
f  7075  7078  7077 
f  7081  7080  7079 
f  7079  7082  7081 
f  7085  7084  7083 
f  7083  7086  7085 
f  6719  6557  7087 
f  7087  6891  6719 
f  6699  7088  6894 
f  6894  6701  6699 
f  7090  7089  6542 
f  6542  6543  7090 
f  7093  7092  7091 
f  7091  7094  7093 
f  6562  6563  6694 
f  6694  6695  6562 
f  7095  6682  6870 
f  6870  7096  7095 
f  7099  7098  7097 
f  7097  7100  7099 
f  6936  6625  6622 
f  6622  6746  6936 
f  6745  6746  6622 
f  6622  6594  6745 
f  7102  7101  6977 
f  6977  7103  7102 
f  7106  7105  7104 
f  7104  7107  7106 
f  7108  7110  7109 
f  6693  7112  7111 
f  7111  7113  6693 
f  7114  6697  6897 
f  6897  7115  7114 
f  7115  6912  7116 
f  7116  7114  7115 
f  6829  6707  6708 
f  6708  7117  6829 
f  7118  6902  6903 
f  6903  7119  7118 
f  6879  7121  7120 
f  7120  6533  6879 
f  6676  6626  6627 
f  6627  6846  6676 
f  7123  7122  6843 
f  6843  7027  7123 
f  6838  6785  6782 
f  6782  6837  6838 
f  7124  6616  6617 
f  6617  7125  7124 
f  7127  6640  7126 
f  7126  7128  7127 
f  7129  6899  6900 
f  6900  7130  7129 
f  7132  6519  7131 
f  7131  7133  7132 
f  7135  7134  6599 
f  6599  7136  7135 
f  7137  7134  7135 
f  7135  6810  7137 
f  6901  7138  6524 
f  7139  7018  6938 
f  7139  6938  6575 
f  7139  6575  6583 
f  7140  6877  6875 
f  7141  7123  7027 
f  7027  6762  7141 
f  7027  7028  6766 
f  6766  6762  7027 
f  6715  6646  7142 
f  7142  7143  6715 
f  6536  7144  6749 
f  6908  7146  7145 
f  7145  7147  6908 
f  6669  6738  6735 
f  6735  6672  6669 
f  6953  6954  6723 
f  6723  6822  6953 
f  6634  6873  7148 
f  7148  6633  6634 
f  6925  6764  7149 
f  7149  6928  6925 
f  7150  6781  6778 
f  6778  7151  7150 
f  7154  7153  7152 
f  7152  7155  7154 
f  6808  6805  7156 
f  7156  7157  6808 
f  6742  7159  7158 
f  7158  6741  6742 
f  6561  6559  7160 
f  7160  7161  6561 
f  6939  7163  7162 
f  7162  6942  6939 
f  7164  7034  7035 
f  7035  7165  7164 
f  6872  6631  6874 
f  7166  7108  7109 
f  7109  6872  7166 
f  6736  6868  6541 
f  6541  6934  6736 
f  6792  9637  9643 
f  9643  6791  6792 
f  7167  6773  6774 
f  6774  7168  7167 
f  7169  7171  7170 
f  6951  6952  7172 
f  7172  7173  6951 
f  7176  7175  7174 
f  7174  7177  7176 
f  6975  6976  7178 
f  7178  7179  6975 
f  7181  7180  7155 
f  7155  7152  7181 
f  6569  6745  7182 
f  7182  6568  6569 
f  7063  7183  6568 
f  6568  7182  7063 
f  7036  7185  7184 
f  7184  7037  7036 
f  6968  7187  7186 
f  7186  7188  6968 
f  6794  7189  6797 
f  7190  7191  6630 
f  7192  7110  7108 
f  7108  7111  7192 
f  7193  6537  6538 
f  6538  7194  7193 
f  7195  7197  7193 
f  7193  7196  7195 
f  7028  6610  6607 
f  6607  6766  7028 
f  7066  7065  7198 
f  7198  6851  7066 
f  7199  6850  6851 
f  6851  7198  7199 
f  6705  6951  7200 
f  7200  6710  6705 
f  6601  7201  7000 
f  7000  6604  6601 
f  7202  6729  6730 
f  6730  6821  7202 
f  7204  6994  7203 
f  7203  7205  7204 
f  6835  6836  7206 
f  7209  7208  7207 
f  7207  7210  7209 
f  7212  7211  6532 
f  6532  6529  7212 
f  7213  6998  6602 
f  7068  6892  6893 
f  7216  7215  7214 
f  7214  7217  7216 
f  7218  7177  7174 
f  7174  7219  7218 
f  6752  7220  6754 
f  7222  7221  7011 
f  7011  7008  7222 
f  7052  7024  7025 
f  7025  7223  7052 
f  7052  7053  7024 
f  7224  7226  7225 
f  6861  6959  6958 
f  6958  7227  6861 
f  6590  6588  7228 
f  7228  6956  6590 
f  6993  6555  6740 
f  6740  6992  6993 
f  7229  6544  6545 
f  6545  7230  7229 
f  6707  6706  6705 
f  6705  6710  6707 
f  6734  7003  6934 
f  6934  6733  6734 
f  7002  7003  6734 
f  6734  7231  7002 
f  7232  7210  7207 
f  7207  7233  7232 
f  6896  7235  7234 
f  7234  7236  6896 
f  7239  7238  7237 
f  7237  7240  7239 
f  6862  6546  6632 
f  9644  6714  7241 
f  7241  6791  9644 
f  6812  6937  6938 
f  6938  6811  6812 
f  7243  7242  6772 
f  6772  7244  7243 
f  7245  7244  6772 
f  6772  6773  7245 
f  6937  7246  6574 
f  6574  6575  6937 
f  6955  7248  7247 
f  7247  6538  6955 
f  6574  6538  7247 
f  7247  6577  6574 
f  6681  7249  7099 
f  7099  7250  6681 
f  7013  7252  7251 
f  7251  7012  7013 
f  6563  7254  7253 
f  7253  6694  6563 
f  7064  7062  7255 
f  7255  7061  7064 
f  7256  6909  6782 
f  6782  6783  7256 
f  6885  6881  6960 
f  6960  6884  6885 
f  6670  7257  6669 
f  6576  6582  6583 
f  6583  6575  6576 
f  6893  6894  7251 
f  7251  7069  6893 
f  7260  7259  7258 
f  7258  7019  7260 
f  7261  7263  7262 
f  7031  7032  7264 
f  6745  6594  6832 
f  6832  7264  6745 
f  7265  6660  7266 
f  7267  7268  6835 
f  7008  7009  6875 
f  6875  6876  7008 
f  6712  6804  6561 
f  6561  6659  6712 
f  6857  6858  6830 
f  7029  6917  7031 
f  7031  6833  7029 
f  7046  7047  7269 
f  7269  7270  7046 
f  6548  6597  6598 
f  7108  7166  7271 
f  7271  7272  7108 
f  6816  7078  7075 
f  7075  6815  6816 
f  7273  7036  7191 
f  7273  7191  7190 
f  6767  6765  6762 
f  6762  6766  6767 
f  7274  6603  7276 
f  7276  7275  7274 
f  7117  6828  6829 
f  6810  7018  6684 
f  6684  7137  6810 
f  6666  6667  7277 
f  7277  7278  6666 
f  7161  6663  6659 
f  6659  6561  7161 
f  6896  6699  6700 
f  6700  7235  6896 
f  7281  7280  7279 
f  7279  7282  7281 
f  7283  6841  6842 
f  6842  7284  7283 
f  6641  6642  6860 
f  7285  7090  6543 
f  7258  7259  7286 
f  7286  7287  7258 
f  7171  7169  6695 
f  7017  7288  6742 
f  6742  6743  7017 
f  7150  7151  6777 
f  6777  7289  7150 
f  6746  6569  6566 
f  6566  6936  6746 
f  6571  6572  7290 
f  7290  6767  6571 
f  7156  6653  6654 
f  6654  7157  7156 
f  6759  7156  6805 
f  6805  6755  6759 
f  6528  6525  6709 
f  6709  6953  6528 
f  7291  7192  7111 
f  7111  7112  7291 
f  6656  6802  6803 
f  6803  6655  6656 
f  6975  7103  6977 
f  7292  7010  7074 
f  7293  7010  7292 
f  7292  6898  7293 
f  7296  7295  7294 
f  7294  7217  7296 
f  7298  7297  7198 
f  7198  7065  7298 
f  7299  7297  7298 
f  7055  7122  7123 
f  7123  7025  7055 
f  6716  6717  7300 
f  7300  7301  6716 
f  6861  7227  7228 
f  7228  6588  6861 
f  7247  7248  6958 
f  6958  6577  7247 
f  6523  6524  7138 
f  7138  6879  6523 
f  7121  6879  6902 
f  6902  7118  7121 
f  7042  7043  7171 
f  7245  7171  7244 
f  6659  6660  6711 
f  7093  7094  7302 
f  6727  6728  7303 
f  7067  6753  6892 
f  7246  7196  7193 
f  7193  7194  7246 
f  7054  7048  6775 
f  6775  6776  7054 
f  7016  6670  6668 
f  7304  7037  7184 
f  7184  6698  7304 
f  7049  7051  6972 
f  6972  6985  7049 
f  6611  7305  6988 
f  6912  7127  7128 
f  6871  7053  7054 
f  7054  6870  6871 
f  7024  7053  6871 
f  6871  7306  7024 
f  7131  7307  6798 
f  6798  6899  7131 
f  6723  6724  6824 
f  6959  6861  6642 
f  6642  6639  6959 
f  7055  6678  6676 
f  6676  7122  7055 
f  6955  6538  6539 
f  6539  6957  6955 
f  6623  6593  6594 
f  6594  6622  6623 
f  7218  7219  7308 
f  7308  7309  7218 
f  6999  7000  7201 
f  7312  7311  7310 
f  7310  7313  7312 
f  7314  7038  6621 
f  6621  6704  7314 
f  6564  6565  6704 
f  6704  6621  6564 
f  6730  6727  7315 
f  7315  6982  6730 
f  7316  6901  6524 
f  7250  7318  7317 
f  7317  7319  7250 
f  6959  6582  6576 
f  6579  7005  7014 
f  7179  7178  6559 
f  6559  6560  7179 
f  7180  7181  6930 
f  6925  7321  7320 
f  7320  6764  6925 
f  7220  7322  6754 
f  6571  6607  6608 
f  6608  7323  6571 
f  6809  6810  7135 
f  7135  7324  6809 
f  6801  7007  6620 
f  6620  6803  6801 
f  6856  6853  7325 
f  6720  7049  6857 
f  6722  6720  6828 
f  6828  7117  6722 
f  6732  6733  6542 
f  6542  7089  6732 
f  6960  6664  7229 
f  7229  6884  6960 
f  7326  7154  6944 
f  6944  6945  7326 
f  7327  7242  7328 
f  7327  6772  7242 
f  7331  7330  7329 
f  7329  7332  7331 
f  7331  7058  7330 
f  7001  7142  6646 
f  6646  6644  7001 
f  6873  7334  7333 
f  7278  7277  7301 
f  7301  7300  7278 
f  6951  7173  7335 
f  7335  7200  6951 
f  7336  7234  9650 
f  9650  7337  7336 
f  7120  7144  6536 
f  6536  6533  7120 
f  6760  7338  7239 
f  7239  6652  6760 
f  6760  6652  6653 
f  6653  6759  6760 
f  6950  6947  7339 
f  7339  7340  6950 
f  6590  6956  7067 
f  7067  7068  6590 
f  6891  7342  7341 
f  7342  7343  7341 
f  7344  7184  7185 
f  7344  7140  7345 
f  7345  7346  7344 
f  7207  7208  6941 
f  6941  6942  7207 
f  7207  6942  7162 
f  7162  7233  7207 
f  6637  6869  6897 
f  7348  7347  7187 
f  7187  7349  7348 
f  7186  7187  7347 
f  7347  6913  7186 
f  6833  7031  7264 
f  7264  6832  6833 
f  7299  7298  6655 
f  6655  6803  7299 
f  6932  6784  7350 
f  6845  7255  7062 
f  7062  6848  6845 
f  7255  6845  6846 
f  6846  6627  7255 
f  7351  6813  7066 
f  7066  7352  7351 
f  6527  7353  6554 
f  7109  6630  6631 
f  6872  7109  6631 
f  6900  6799  7010 
f  7010  7011  6900 
f  6880  6881  6670 
f  6670  7016  6880 
f  6881  6885  6670 
f  6928  7149  7290 
f  7290  7033  6928 
f  6927  6928  7033 
f  7033  7034  6927 
f  7354  9655  6701 
f  6701  6892  7354 
f  7199  7198  7297 
f  6817  6818  6702 
f  6702  7039  6817 
f  7355  6838  6839 
f  6839  7356  7355 
f  6838  7357  7350 
f  7350  6785  6838 
f  6809  7324  7358 
f  7245  6773  7167 
f  6966  6963  7359 
f  7359  7360  6966 
f  7004  7231  6734 
f  6734  6731  7004 
f  7361  6600  6603 
f  6603  7274  7361 
f  7364  7363  7362 
f  7362  7365  7364 
f  7366  7368  7367 
f  6819  6918  6553 
f  6553  6554  6819 
f  6552  6553  6770 
f  6669  7257  6738 
f  7206  7267  6835 
f  6551  7270  7269 
f  7269  7369  6551 
f  6813  7351  7370 
f  7370  7351  7371 
f  6573  6983  7261 
f  7164  7165  7261 
f  7261  7372  7164 
f  7273  7190  6863 
f  6863  6864  7273 
f  6782  6909  6910 
f  6910  6837  6782 
f  7169  6562  6695 
f  6776  7096  6870 
f  6870  7054  6776 
f  7036  7273  7185 
f  7048  7052  7223 
f  7223  7047  7048 
f  6840  7329  7124 
f  7124  7225  6840 
f  7373  6741  7158 
f  7373  6716  6741 
f  6596  7374  6930 
f  6596  6930  6929 
f  6596  6929  6595 
f  7376  7375  7202 
f  7202  7377  7376 
f  7203  7378  7205 
f  7378  7203  7336 
f  6836  6737  6738 
f  7380  6558  7379 
f  7379  7204  7380 
f  7116  6586  6587 
f  6587  7114  7116 
f  6697  7114  6587 
f  7382  7381  6750 
f  6750  6998  7382 
f  7322  6537  7193 
f  7193  7197  7322 
f  7058  7383  7315 
f  6744  6961  6882 
f  6882  6743  6744 
f  6786  7309  7308 
f  7308  6789  6786 
f  7384  6866  6878 
f  6878  7385  7384 
f  6876  7384  7222 
f  7222  7008  6876 
f  7300  6903  7386 
f  7386  7278  7300 
f  7387  6666  7388 
f  7386  6903  6901 
f  7148  6874  6632 
f  6632  7389  7148 
f  7390  6718  7341 
f  7129  7133  7131 
f  7131  6899  7129 
f  6885  6886  7257 
f  6885  7257  6670 
f  7267  6675  7268 
f  7094  7091  7391 
f  6759  6653  7156 
f  7248  7228  7227 
f  7227  6958  7248 
f  6591  6831  6594 
f  6619  7254  6563 
f  6563  6564  6619 
f  7067  6892  7068 
f  6783  7393  7392 
f  7392  7256  6783 
f  7394  7288  7017 
f  7017  7015  7394 
f  6931  7020  7021 
f  7021  6933  6931 
f  9628  7395  7000 
f  7000  6644  9628 
f  7389  6632  6546 
f  6546  6547  7389 
f  6973  7396  7333 
f  7332  7057  7331 
f  6800  6584  6582 
f  6582  7397  6800 
f  6524  6521  6633 
f  7398  6721  6722 
f  6722  6605  7398 
f  6974  6971  6721 
f  6721  7398  6974 
f  7399  6711  6660 
f  6660  7265  7399 
f  6699  6896  6895 
f  6895  7088  6699 
f  7036  6862  7191 
f  7191  6862  6630 
f  7030  6829  6830 
f  6830  7029  7030 
f  6997  6613  6614 
f  6614  7400  6997 
f  6987  7401  7400 
f  7400  6614  6987 
f  6649  7295  7402 
f  7402  6996  6649 
f  6898  7345  7140 
f  7140  7293  6898 
f  7350  6784  6785 
f  6948  6949  7226 
f  7226  7224  6948 
f  7405  7404  7403 
f  7403  7406  7405 
f  6819  7408  7407 
f  7411  7410  7409 
f  7409  7412  7411 
f  6978  6979  7413 
f  7413  7412  6978 
f  6674  7126  6540 
f  6693  7113  7414 
f  7414  6696  6693 
f  6625  6935  7415 
f  7415  6624  6625 
f  6936  6935  6625 
f  6993  6994  7204 
f  7204  7379  6993 
f  7416  6890  6887 
f  6887  6713  7416 
f  7416  6713  6711 
f  6711  7399  7416 
f  6852  7352  7066 
f  7066  6851  6852 
f  7417  7081  7082 
f  7082  7100  7417 
f  7138  6901  6902 
f  7138  6902  6879 
f  7342  7044  7343 
f  7343  7044  6790 
f  6790  7241  7343 
f  6664  6665  6544 
f  6544  7229  6664 
f  7151  6778  7095 
f  7095  7096  7151 
f  7164  7372  6535 
f  7369  7320  6550 
f  6550  6551  7369 
f  6859  7050  7323 
f  7323  6608  6859 
f  7418  7287  7286 
f  7286  7419  7418 
f  7363  7282  7279 
f  7131  6519  6683 
f  6683  7307  7131 
f  7344  6877  7140 
f  7344  7185  6877 
f  6606  6605  6722 
f  7257  6836  6738 
f  7420  7023  7020 
f  7020  7421  7420 
f  7176  7172  6952 
f  6952  7175  7176 
f  6858  6916  6917 
f  6858  6917  7029 
f  7029  6830  6858 
f  7113  7111  7108 
f  7108  7272  7113 
f  6993  7379  6555 
f  7379  6558  6555 
f  7422  6920  7407 
f  6920  7422  7423 
f  7423  6919  6920 
f  7165  6573  7261 
f  6758  6755  6805 
f  6805  6806  6758 
f  7334  6873  6634 
f  7016  7015  7017 
f  7017  6880  7016 
f  7356  7425  7424 
f  7424  7426  7356 
f  6936  6566  6795 
f  6645  9644  9628 
f  6991  7327  7427 
f  6790  6791  7241 
f  7043  6770  7428 
f  6811  6938  7018 
f  7171  7043  7243 
f  7430  7429  6654 
f  6654  6651  7430 
f  6953  6709  6710 
f  7431  6931  6932 
f  6914  7183  7432 
f  7432  7433  6914 
f  7109  7110  6630 
f  6828  6857  6830 
f  6720  6857  6828 
f  6673  6868  6834 
f  6985  6972  6969 
f  6969  6986  6985 
f  7290  6572  7035 
f  7035  7033  7290 
f  7434  6729  7202 
f  7202  7375  7434 
f  6954  6710  7200 
f  7435  6954  7200 
f  7200  7335  7435 
f  7211  7437  7436 
f  7436  6532  7211 
f  7438  6518  6519 
f  6519  7132  7438 
f  7382  6998  7213 
f  7213  7439  7382 
f  7440  6747  6750 
f  6750  7381  7440 
f  6536  6747  7440 
f  7440  6535  6536 
f  7441  6892  6753 
f  6753  9646  7441 
f  6753  7067  6752 
f  7321  6923  6924 
f  6924  7320  7321 
f  7439  6529  6530 
f  6530  7442  7439 
f  7213  7212  6529 
f  6529  7439  7213 
f  7213  6602  6599 
f  6599  7212  7213 
f  6599  6600  7136 
f  7136  6600  7361 
f  7361  7324  7135 
f  7135  7136  7361 
f  7358  7324  7361 
f  7361  7274  7358 
f  7144  7001  6999 
f  6999  6749  7144 
f  6749  6999  6748 
f  6626  6677  7443 
f  7443  6629  6626 
f  7445  7444  7286 
f  7286  7446  7445 
f  7348  7349  7445 
f  7445  7446  7348 
f  7448  7447  7348 
f  7348  7446  7448 
f  7449  7447  7448 
f  7448  7450  7449 
f  7259  7448  7446 
f  7446  7286  7259 
f  7260  7450  7448 
f  7448  7259  7260 
f  7447  7189  7347 
f  7347  7348  7447 
f  7189  7447  7449 
f  7449  6797  7189 
f  7451  6796  6797 
f  6797  7449  7451 
f  6935  6796  7451 
f  7451  7415  6935 
f  6789  7415  7451 
f  7451  6788  6789 
f  6789  7308  6624 
f  6624  7415  6789 
f  7308  7219  6623 
f  6623  6624  7308 
f  6593  7174  7175 
f  7175  6592  6593 
f  6592  7175  6952 
f  7449  7450  6788 
f  6788  7451  7449 
f  7260  6787  6788 
f  6788  7450  7260 
f  6787  7260  7019 
f  7141  7025  7123 
f  7369  6763  6764 
f  6764  7320  7369 
f  7141  7269  7223 
f  7141  7223  7025 
f  6913  6794  6567 
f  6566  6567  6794 
f  6794  6795  6566 
f  6963  7453  7452 
f  7452  7359  6963 
f  7060  6964  6967 
f  6967  7059  7060 
f  7188  7186  6913 
f  6913  7454  7188 
f  7455  7432  7059 
f  7059  6967  7455 
f  7359  7456  7360 
f  6964  7060  7453 
f  7453  6963  6964 
f  6794  6913  7347 
f  7347  7189  6794 
f  7264  7032  7182 
f  7182  6745  7264 
f  6915  7063  7182 
f  7182  7032  6915 
f  7062  7063  6915 
f  6915  6848  7062 
f  6623  7219  7174 
f  7174  6593  6623 
f  7458  7457  7335 
f  7335  7173  7458 
f  6678  7459  7457 
f  7457  7458  6678 
f  7172  7460  7458 
f  7458  7173  7172 
f  7019  7461  7309 
f  7309  6786  7019 
f  7460  7172  7176 
f  7176  7462  7460 
f  7218  7464  7463 
f  7463  7177  7218 
f  7309  7461  7464 
f  7464  7218  7309 
f  7461  7019  7258 
f  7258  7287  7461 
f  7464  7461  7287 
f  7287  7418  7464 
f  7465  7463  7464 
f  7464  7418  7465 
f  7462  7463  7465 
f  7465  7443  7462 
f  7458  7460  6677 
f  6677  6678  7458 
f  7463  7462  7176 
f  7176  7177  7463 
f  6846  6843  7122 
f  7122  6676  6846 
f  6591  6706  7030 
f  7030  6831  6591 
f  7453  6628  6629 
f  6629  7452  7453 
f  6627  6628  7061 
f  7061  7255  6627 
f  7432  7064  7061 
f  7061  7059  7432 
f  6629  7443  7465 
f  7465  7452  6629 
f  7460  7462  7443 
f  7443  6677  7460 
f  6628  7453  7060 
f  7183  7063  7064 
f  7064  7432  7183 
f  6913  7433  7454 
f  7419  7456  7359 
f  7359  7452  7419 
f  6527  6528  7353 
f  6822  7466  6528 
f  6528  6953  6822 
f  7466  6822  6823 
f  6823  7467  7466 
f  7098  6779  6780 
f  6780  7468  7098 
f  6931  7431  7469 
f  6824  7469  7431 
f  7431  6823  6824 
f  7470  6724  6725 
f  6725  7421  7470 
f  7469  6824  6724 
f  6724  7470  7469 
f  6726  6723  6954 
f  7020  7470  7421 
f  6931  7469  7470 
f  7470  7020  6931 
f  7151  7096  6776 
f  6776  6777  7151 
f  7249  7095  6778 
f  6778  6779  7249 
f  6681  6682  7095 
f  7095  7249  6681 
f  7098  7468  7471 
f  7471  7426  7098 
f  7082  7079  7099 
f  7099  7100  7082 
f  7472  6685  6686 
f  6686  6911  7472 
f  7473  6839  6687 
f  6687  6688  7473 
f  7097  7098  7426 
f  7426  7424  7097 
f  6910  6686  6687 
f  6687  6837  6910 
f  7080  6911  6907 
f  6907  7318  7080 
f  7098  7099  7249 
f  7249  6779  7098 
f  6680  6681  7250 
f  7250  7319  6680 
f  7474  7417  7100 
f  7100  7097  7474 
f  7474  7097  7424 
f  7424  7425  7474 
f  7471  7357  7355 
f  7476  7475  6679 
f  6679  6680  7476 
f  6871  7478  7477 
f  7479  7476  6680 
f  6680  7319  7479 
f  7147  7479  7319 
f  7319  7317  7147 
f  7023  7420  7475 
f  7475  7476  7023 
f  7435  7477  7478 
f  7478  7480  7435 
f  7022  7023  7476 
f  7476  7479  7022 
f  7145  7022  7479 
f  7479  7147  7145 
f  7435  7480  6725 
f  6725  6726  7435 
f  6907  6908  7147 
f  7147  7317  6907 
f  7482  7481  6780 
f  6780  6781  7482 
f  7483  7482  6781 
f  6781  7150  7483 
f  7481  7484  7468 
f  7468  6780  7481 
f  7484  7357  7471 
f  7471  7468  7484 
f  7484  7481  7485 
f  7146  6908  6909 
f  6909  7256  7146 
f  7392  7145  7146 
f  7146  7256  7392 
f  6783  6784  7393 
f  7392  7021  7022 
f  7022  7145  7392 
f  7392  7393  6933 
f  6933  7021  7392 
f  6933  7393  6784 
f  6784  6932  6933 
f  6932  7485  7486 
f  7486  7431  6932 
f  7485  7350  7484 
f  7484  7350  7357 
f  7485  6932  7350 
f  7099  7079  7250 
f  6726  6954  7435 
f  7477  7435  7487 
f  7459  7026  7024 
f  7024  7306  7459 
f  7475  7478  6871 
f  6871  6679  7475 
f  7480  7478  7475 
f  7475  7420  7480 
f  6725  7480  7420 
f  7420  7421  6725 
f  6606  6708  6709 
f  6709  6525  6606 
f  7117  6708  6606 
f  6606  6722  7117 
f  6842  6840  7225 
f  7225  7226  6842 
f  7489  7488  7083 
f  7083  7490  7489 
f  7489  7492  7491 
f  7491  7488  7489 
f  6848  6916  6847 
f  6916  6609  6610 
f  6610  6847  6916 
f  6609  6916  6858 
f  7493  7494  7057 
f  6847  6610  7028 
f  7028  6844  6847 
f  7155  7495  6691 
f  6691  7154  7155 
f  7362  6944  7365 
f  6692  6944  7154 
f  7154  6691  6692 
f  6943  6944  7362 
f  7362  7496  6943 
f  7084  7497  7490 
f  7490  7083  7084 
f  7362  7363  7496 
f  7490  7497  7498 
f  7498  7499  7490 
f  7340  7339  6946 
f  7501  7500  6943 
f  6943  7496  7501 
f  7363  7279  7501 
f  7501  7496  7363 
f  6976  6690  6691 
f  6691  7495  6976 
f  7502  7178  6976 
f  6976  7495  7502 
f  7178  7502  6559 
f  7280  7281  7283 
f  7283  7284  7280 
f  7329  6840  6841 
f  6841  7332  7329 
f  7124  7125  7224 
f  7224  7225  7124 
f  7283  7332  6841 
f  7330  6616  7124 
f  7124  7329  7330 
f  6615  6616  7330 
f  7330  7058  6615 
f  7489  7490  7499 
f  7499  7503  7489 
f  7489  7503  7492 
f  7491  7504  7488 
f  7086  7083  7488 
f  7488  7504  7086 
f  6727  6615  7058 
f  7058  7315  6727 
f  6618  6615  6727 
f  6727  7303  6618 
f  7058  7331  7057 
f  7340  6946  6943 
f  6943  7500  7340 
f  7282  7363  7368 
f  7364  7367  7368 
f  7368  7363  7364 
f  6977  7101  6689 
f  6689  6690  6977 
f  7283  7493  7332 
f  7180  6930  7374 
f  7495  7155  7180 
f  7180  7502  7495 
f  6944  6692  7365 
f  7364  7365  6692 
f  6692  6689  7364 
f  7367  7364  6689 
f  6689  7101  7367 
f  7102  7366  7367 
f  7367  7101  7102 
f  7506  7505  7326 
f  7326  6945  7506 
f  7507  7506  6945 
f  6945  6946  7507 
f  7508  7152  7153 
f  7153  7509  7508 
f  7508  7510  7181 
f  7181  7152  7508 
f  6728  7512  7511 
f  7511  7303  6728 
f  7511  7506  7507 
f  7507  7513  7511 
f  7375  7508  7509 
f  7509  7434  7375 
f  7508  7375  7510 
f  6728  6729  7434 
f  7154  7326  7153 
f  7509  7153  7326 
f  7326  7505  7509 
f  7512  6728  7434 
f  7515  7514  7513 
f  7513  7507  7515 
f  7514  7515  7516 
f  7339  7515  7507 
f  7507  6946  7339 
f  6947  7516  7515 
f  7515  7339  6947 
f  6947  6948  7516 
f  7516  7224  7125 
f  7517  6982  7315 
f  7315  7383  7517 
f  6820  6982  7517 
f  7517  7408  6820 
f  6820  7408  6819 
f  7518  7281  7282 
f  7282  7368  7518 
f  7518  7493  7283 
f  7283  7281  7518 
f  7518  7368  7366 
f  7366  7494  7518 
f  7518  7494  7493 
f  7375  7376  7510 
f  6554  7377  7202 
f  7202  6821  6554 
f  7520  7519  7103 
f  7103  6975  7520 
f  7521  7520  6975 
f  6975  7179  7521 
f  7522  7494  7366 
f  7366  7102  7522 
f  7519  7522  7102 
f  7102  7103  7519 
f  7408  7517  7519 
f  7519  7520  7408 
f  7407  7408  7520 
f  7520  7521  7407 
f  7494  7522  7056 
f  7517  7383  7522 
f  7522  7519  7517 
f  7522  7383  7056 
f  7494  7056  7057 
f  7058  7056  7383 
f  6948  7224  7516 
f  7125  6617  7514 
f  7513  7514  6617 
f  6617  6618  7513 
f  7303  7511  7513 
f  7513  6618  7303 
f  7516  7125  7514 
f  7434  7509  7505 
f  7505  7512  7434 
f  7511  7512  7505 
f  7505  7506  7511 
f  7498  7279  7280 
f  7280  7499  7498 
f  7492  6842  7226 
f  7226  7491  7492 
f  6950  7086  7504 
f  7504  6949  6950 
f  7284  7503  7499 
f  7499  7280  7284 
f  7226  6949  7504 
f  7504  7491  7226 
f  7500  7084  7085 
f  7085  7340  7500 
f  7501  7497  7084 
f  7084  7500  7501 
f  7279  7498  7497 
f  7497  7501  7279 
f  7492  7503  7284 
f  7284  6842  7492 
f  7086  6950  7340 
f  7340  7085  7086 
f  7523  7483  7150 
f  7150  7289  7523 
f  7467  6823  7483 
f  7483  7523  7467 
f  7376  7377  7466 
f  7466  7467  7376 
f  7510  7523  7289 
f  7289  7181  7510 
f  7376  7467  7523 
f  7523  7510  7376 
f  7377  7353  7466 
f  6777  6930  7181 
f  7181  7289  6777 
f  7377  6554  7353 
f  7466  7353  6528 
f  6965  6966  7445 
f  7445  7349  6965 
f  7187  6968  6965 
f  6965  7349  7187 
f  6967  6968  7188 
f  7188  7455  6967 
f  6966  7360  7444 
f  7444  7445  6966 
f  7433  6913  6914 
f  7454  7455  7188 
f  7360  7456  7286 
f  7286  7444  7360 
f  7433  7432  7455 
f  7455  7454  7433 
f  7419  7286  7456 
f  6568  7183  6914 
f  7418  7419  7452 
f  7452  7465  7418 
f  7080  7081  7472 
f  7472  6911  7080 
f  7471  7355  7356 
f  7356  7426  7471 
f  7472  7081  7417 
f  7417  6685  7472 
f  7473  7425  7356 
f  7356  6839  7473 
f  7079  7080  7318 
f  7318  7250  7079 
f  7417  7474  6688 
f  6688  6685  7417 
f  7474  7425  7473 
f  7473  6688  7474 
f  7318  6907  7317 
f  7357  6838  7355 
f  7481  7482  7486 
f  7486  7485  7481 
f  7431  7486  6823 
f  7483  6823  7486 
f  7486  7482  7483 
f  7272  7524  7414 
f  7414  7113  7272 
f  7525  7524  7272 
f  7272  7271  7525 
f  7526  6974  7525 
f  6712  6713  6887 
f  6887  7411  6712 
f  7412  6804  6712 
f  6712  7411  7412 
f  6560  6804  7412 
f  7412  7413  6560 
f  7457  7459  7306 
f  7306  7487  7457 
f  7457  7487  7435 
f  7435  7335  7457 
f  7026  7055  7025 
f  7412  7409  6978 
f  6978  7409  6981 
f  7527  6981  7409 
f  7409  7410  7527 
f  7529  7528  6981 
f  6981  7527  7529 
f  7106  7107  7530 
f  7530  7531  7106 
f  7530  7533  7532 
f  7532  7531  7530 
f  7302  7527  7093 
f  7534  7093  7527 
f  7527  7410  7534 
f  7092  7534  6888 
f  6888  7534  6887 
f  7534  7410  7411 
f  7411  6887  7534 
f  7092  6888  6889 
f  6889  7091  7092 
f  7534  7092  7093 
f  7535  7157  6654 
f  6654  7429  7535 
f  6808  7157  7535 
f  7535  7536  6808 
f  6807  6808  7536 
f  7536  7537  6807 
f  6761  6755  6756 
f  7302  6757  7529 
f  7529  7527  7302 
f  7094  6756  6757 
f  6757  7302  7094 
f  6761  6756  7094 
f  7094  7391  6761 
f  6560  7413  7179 
f  7238  7239  7338 
f  7338  7538  7238 
f  7540  7539  6919 
f  6919  7423  7540 
f  6918  6919  7539 
f  7539  7428  6918 
f  6553  6918  7428 
f  7428  6770  6553 
f  7163  6548  6549 
f  6549  7162  7163 
f  7160  6597  6548 
f  6548  7163  7160 
f  6597  7160  6559 
f  6559  6596  6597 
f  6596  6559  7374 
f  6559  7502  7180 
f  7180  7374  6559 
f  7543  7542  7541 
f  7541  7537  7543 
f  7544  7521  7413 
f  7413  6979  7544 
f  7544  6979  6980 
f  6980  7545  7544 
f  7429  7430  7542 
f  7542  7543  7429 
f  7546  7407  7521 
f  7521  7544  7546 
f  7547  7546  7544 
f  7544  7545  7547 
f  7238  7538  7540 
f  7540  7423  7238 
f  7238  7423  7422 
f  7422  7237  7238 
f  7161  6939  6940 
f  6940  6663  7161 
f  7370  7371  7548 
f  7548  7549  7370 
f  7549  6814  6813 
f  6813  7370  7549 
f  7240  6651  6652 
f  6652  7239  7240 
f  7547  7430  6651 
f  6651  7240  7547 
f  7430  7547  7542 
f  7237  7546  7547 
f  7547  7240  7237 
f  7546  7237  7422 
f  7422  7407  7546 
f  7551  7550  7416 
f  7416  7552  7551 
f  7554  7553  6889 
f  6889  6890  7554 
f  7553  7555  7091 
f  7091  6889  7553 
f  6761  7391  7556 
f  7556  6760  6761 
f  7550  7554  6890 
f  6890  7416  7550 
f  7555  7556  7391 
f  7391  7091  7555 
f  7043  7428  7550 
f  7550  7551  7043 
f  7539  7540  7553 
f  7553  7554  7539 
f  7540  7538  7555 
f  7555  7553  7540 
f  7556  7338  6760 
f  7428  7539  7554 
f  7554  7550  7428 
f  7538  7338  7556 
f  7556  7555  7538 
f  7541  6980  6981 
f  6981  7528  7541 
f  7545  6980  7541 
f  7541  7542  7545 
f  7545  7542  7547 
f  7532  7533  6757 
f  6757  6758  7532 
f  7531  7532  6758 
f  6758  6806  7531 
f  7106  7531  6806 
f  6806  6807  7106 
f  7105  7106  6807 
f  6807  7537  7105 
f  7104  7105  7537 
f  7537  7541  7104 
f  7107  7104  7541 
f  7541  7528  7107 
f  7530  7107  7528 
f  7528  7529  7530 
f  7533  7530  7529 
f  7529  6757  7533 
f  7413  7521  7179 
f  7294  7404  7405 
f  6997  7404  7294 
f  7294  6650  6997 
f  7404  6997  7400 
f  6854  6855  7312 
f  7312  7313  6854 
f  7406  7216  7217 
f  7217  7405  7406 
f  7405  7217  7294 
f  7543  7537  7536 
f  7535  7429  7543 
f  7543  7536  7535 
f  7558  7311  7557 
f  7557  7559  7558 
f  7243  7043  7559 
f  7559  7557  7243 
f  7560  6855  6856 
f  6856  7561  7560 
f  7561  6991  7427 
f  7427  7560  7561 
f  7560  7427  7328 
f  7328  7562  7560 
f  6855  7560  7562 
f  7562  7312  6855 
f  7563  7561  6856 
f  6856  7325  7563 
f  6990  6991  7561 
f  7561  7563  6990 
f  7557  7562  7328 
f  7328  7242  7557 
f  7312  7562  7557 
f  7557  7311  7312 
f  7328  7427  7327 
f  7305  6774  6771 
f  6771  6989  7305 
f  6611  6612  6774 
f  6774  7305  6611 
f  7171  7243  7244 
f  6772  7327  6771 
f  6989  6771  7327 
f  7327  6991  6989 
f  6990  6988  7305 
f  7305  6989  6990 
f  6987  6988  6990 
f  6990  7563  6987 
f  7401  6987  7563 
f  7563  7325  7401 
f  7564  7070  7071 
f  7071  7565  7564 
f  6854  7406  7403 
f  7403  6853  6854 
f  7216  7406  6854 
f  6854  7313  7216 
f  7215  7216  7313 
f  7313  7310  7215 
f  7076  7077  7266 
f  7266  6660  7076 
f  6852  6849  6661 
f  6661  6662  6852 
f  6852  6662  7566 
f  7566  7352  6852 
f  7352  7566  7351 
f  6816  7402  7295 
f  7295  7296  6816 
f  7078  6816  7296 
f  7296  7214  7078 
f  7215  7077  7078 
f  7078  7214  7215 
f  7310  7266  7077 
f  7077  7215  7310 
f  7265  7266  7310 
f  7310  7311  7265 
f  7557  7242  7243 
f  7314  6818  6815 
f  6815  7297  7314 
f  6702  6818  7314 
f  7314  6704  6702 
f  7552  7558  7559 
f  7559  7551  7552 
f  7559  7043  7551 
f  7071  7072  7400 
f  7400  7401  7071 
f  7565  7071  7401 
f  7401  7325  7565 
f  7564  7565  7325 
f  7325  6853  7564 
f  7070  7564  6853 
f  6853  7403  7070 
f  7073  7070  7403 
f  7403  7404  7073 
f  7072  7073  7404 
f  7404  7400  7072 
f  7217  7214  7296 
f  6649  6650  7294 
f  7294  7295  6649 
f  6612  6613  6647 
f  6647  7168  6612 
f  6612  7168  6774 
f  7416  7399  7552 
f  7558  7552  7399 
f  7399  7265  7558 
f  7558  7265  7311 
f  6520  7437  7137 
f  7137  6684  6520 
f  6518  7436  7437 
f  7437  6520  6518 
f  7209  7436  6518 
f  6518  7438  7209 
f  7209  7548  7371 
f  7371  7208  7209 
f  7351  6941  7208 
f  7208  7371  7351 
f  7351  7566  6940 
f  6940  6941  7351 
f  6940  7566  6662 
f  6662  6663  6940 
f  7163  6939  7161 
f  7161  7160  7163 
f  7567  6534  6535 
f  6535  7372  7567 
f  6523  6534  7567 
f  7567  6522  6523 
f  7567  7372  7261 
f  7261  7262  7567 
f  7440  7034  7164 
f  7164  6535  7440 
f  6927  7034  7440 
f  7440  7381  6927 
f  7382  6926  6927 
f  6927  7381  7382 
f  7442  6926  7382 
f  7382  7439  7442 
f  7442  7321  6925 
f  6925  6926  7442 
f  6923  7321  7442 
f  7442  6530  6923 
f  6922  6923  6530 
f  6530  6531  6922 
f  7320  6924  6550 
f  6921  6549  6550 
f  6550  6924  6921 
f  6549  6921  7162 
f  6763  7369  7269 
f  7269  7141  6763 
f  6763  7141  6762 
f  7047  7223  7269 
f  7162  6921  7233 
f  7233  6921  6922 
f  6531  7232  7233 
f  7233  6922  6531 
f  7165  7035  6572 
f  6572  6573  7165 
f  6765  6767  7290 
f  7290  7149  6765 
f  6765  7149  6764 
f  7120  7142  7001 
f  7001  7144  7120 
f  7143  7142  7120 
f  7120  7121  7143 
f  7000  7395  6604 
f  7261  6983  7263 
f  7568  6986  6969 
f  7568  6635  7262 
f  7262  7263  7568 
f  6634  6635  7568 
f  7568  7334  6634 
f  7567  7262  6522 
f  6635  6521  6522 
f  6522  7262  6635 
f  7569  6526  6527 
f  6527  7570  7569 
f  6605  6526  7569 
f  7569  7398  6605 
f  7171  6695  7042 
f  7042  6695  7041 
f  6768  6769  6696 
f  6696  7414  6768 
f  7524  7570  6768 
f  6768  7414  7524 
f  7525  7569  7570 
f  7570  7524  7525 
f  7398  7569  7525 
f  7525  6974  7398 
f  6527  6552  6768 
f  6768  7570  6527 
f  6770  7041  6769 
f  6696  6769  7041 
f  7041  6695  6696 
f  6693  6694  7112 
f  7291  7112  6694 
f  6694  7253  7291 
f  7525  7271  7526 
f  7396  7526  7271 
f  7271  7166  7396 
f  7396  7166  7333 
f  7526  7396  6973 
f  6973  6974  7526 
f  7209  7438  7548 
f  7549  7548  7438 
f  7438  7132  7549 
f  7549  7132  6814 
f  6814  7132  6657 
f  6656  6657  7132 
f  7132  7133  6656 
f  7221  7222  7007 
f  7007  6801  7221 
f  7007  7222  7384 
f  7384  7006  7007 
f  7006  7384  7385 
f  6876  6865  6866 
f  6866  7384  6876 
f  6531  6532  7232 
f  7232  6532  7210 
f  7209  7210  6532 
f  6532  7436  7209 
f  7130  7221  6801 
f  6801  6802  7130 
f  7130  6802  6656 
f  6656  7129  7130 
f  7129  6656  7133 
f  6865  6877  7185 
f  7185  6864  6865 
f  6864  7185  7273 
f  6619  6620  7006 
f  7006  7385  6619 
f  6619  7385  7254 
f  7385  6878  7253 
f  7253  7254  7385 
f  7065  6658  6655 
f  6655  7298  7065 
f  6703  6565  6562 
f  6562  7169  6703 
f  7040  6703  7169 
f  7169  7170  7040 
f  6648  6995  7245 
f  7245  7167  6648 
f  6647  6648  7167 
f  7167  7168  6647 
f  7297  7299  7038 
f  7038  7314  7297 
f  6620  7038  7299 
f  7299  6803  6620 
f  6582  6959  7397 
f  6636  7397  6959 
f  6959  6639  6636 
f  7221  7130  6900 
f  6900  7011  7221 
f  7211  7134  7137 
f  7137  7437  7211 
f  6599  7134  7211 
f  7211  7212  6599 
f  6863  7291  7253 
f  7253  6878  6863 
f  7192  7291  6863 
f  6863  7190  7192 
f  6929  6777  6775 
f  6775  7046  6929 
f  6929  7046  6595 
f  7270  6598  6595 
f  6595  7046  7270 
f  6598  7270  6551 
f  7390  7143  7121 
f  7121  7118  7390 
f  7341  6715  7143 
f  7143  7390  7341 
f  6714  6715  7341 
f  7341  7343  6714 
f  6551  6548  6598 
f  7306  6871  7477 
f  7477  7487  7306 
f  6678  7026  7459 
f  6751  7201  6601 
f  6601  6602  6751 
f  6999  7201  6751 
f  6751  6748  6999 
f  7010  7293  7009 
f  6875  7009  7293 
f  7293  7140  6875 
f  6636  7074  6800 
f  6800  7397  6636 
f  7292  7074  6636 
f  6636  6637  7292 
f  7292  6637  6898 
f  6583  6584  6798 
f  6798  7307  6583 
f  6589  7571  6860 
f  6860  6588  6589 
f  7285  6641  6860 
f  6860  7571  7285 
f  6640  6641  7285 
f  7285  7126  6640 
f  6589  7572  7571 
f  7090  7285  7571 
f  7571  7572  7090 
f  7089  7090  7572 
f  7572  7252  7089 
f  6732  7089  7252 
f  7252  7013  6732 
f  6639  6642  6643 
f  6643  6638  6639 
f  6869  6638  6643 
f  6643  7573  6869 
f  6897  6869  7573 
f  7573  7115  6897 
f  7127  7573  6643 
f  6643  6640  7127 
f  7115  7573  7127 
f  7127  6912  7115 
f  6717  6718  7390 
f  7390  7119  6717 
f  7300  6717  7119 
f  7119  6903  7300 
f  7390  7118  7119 
f  6719  6716  7373 
f  7373  6557  6719 
f  7158  6556  6557 
f  6557  7373  7158 
f  6739  6556  7158 
f  7158  7159  6739 
f  7004  6905  7574 
f  7574  7231  7004 
f  7301  6744  6741 
f  6741  6716  7301 
f  6666  7278  7386 
f  7386  7388  6666 
f  7003  6735  6736 
f  6736  6934  7003 
f  7575  6671  6672 
f  6672  7002  7575 
f  7015  6671  7575 
f  7575  7394  7015 
f  7576  7159  6742 
f  6742  7288  7576 
f  6739  7159  7576 
f  7576  6906  6739 
f  6904  6740  6739 
f  6739  6906  6904 
f  6992  6740  6904 
f  6904  6580  6992 
f  6571  7323  6570 
f  6984  6570  7323 
f  7323  7050  6984 
f  6984  7050  7049 
f  7049  6985  6984 
f  7407  6920  6819 
f  7297  6815  7199 
f  6850  7199  6815 
f  6815  7075  6850 
f  7076  6849  6850 
f  6850  7075  7076 
f  6660  6661  6849 
f  6849  7076  6660 
f  7171  7245  7170 
f  6995  7040  7170 
f  7170  7245  6995 
f  6996  7039  7040 
f  7040  6995  6996 
f  6817  7039  6996 
f  6996  7402  6817 
f  6817  7402  6816 
f  7285  6543  6540 
f  6540  7126  7285 
f  6731  6732  7013 
f  7013  7014  6731 
f  7220  6539  6537 
f  6537  7322  7220 
f  6957  6539  7220 
f  7220  6752  6957 
f  6937  7196  7246 
f  7336  7203  6826 
f  6994  6825  6826 
f  6826  7203  6994 
f  7044  7342  6891 
f  7044  6891  7045 
f  7087  7577  7045 
f  7045  6891  7087 
f  7380  7577  7087 
f  7087  6558  7380 
f  6955  6956  7228 
f  7228  7248  6955 
f  7139  6683  6684 
f  6684  7018  7139 
f  7139  6583  7307 
f  7307  6683  7139 
f  6524  6633  7316 
f  7190  6630  7110 
f  7110  7192  7190 
f  6897  6697  7345 
f  7345  6898  6897 
f  7345  6697  7346 
f  7184  7346  6697 
f  6697  6698  7184 
f  7304  6698  6585 
f  6585  7578  7304 
f  7230  6883  6884 
f  6884  7229  7230 
f  7116  7267  6586 
f  6586  7267  6585 
f  7206  7578  6585 
f  6585  7267  7206 
f  7386  6901  7388 
f  7388  6901  7316 
f  7316  7387  7388 
f  7387  7316  6962 
f  6962  6665  6666 
f  6666  7387  6962 
f  7301  7277  6961 
f  6961  6744  7301 
f  6961  7277  6667 
f  6961  6667  6664 
f  6664  6960  6961 
f  7344  7346  7184 
f  7578  6883  7230 
f  7230  7304  7578 
f  6883  7578  7206 
f  7206  6886  6883 
f  7206  6836  7257 
f  7257  6886  7206 
f  7341  6718  6891 
f  7579  6793  7045 
f  7045  7577  7579 
f  7380  7580  7579 
f  7579  7577  7380 
f  7204  7205  7580 
f  7580  7380  7204 
f  6731  7014  7005 
f  7005  7004  6731 
f  6834  6835  7268 
f  7268  6673  6834 
f  7251  7252  7572 
f  7251  7572  7069 
f  7069  7572  6589 
f  7069  6589  6590 
f  9644  6645  6714 
f  6714  7343  7241 
f  7336  7337  9631 
f  9631  7378  7336 
f  7236  7234  6827 
f  6826  6827  7234 
f  7234  7336  6826 
f  6580  6581  6825 
f  6825  6992  6580 
f  6538  6574  7194 
f  7194  6574  7246 
f  6558  7087  6557 
f  7012  6895  6578 
f  6578  6579  7012 
f  6895  7012  7251 
f  7251  7088  6895 
f  7088  7251  6894 
f  6700  9655  7581 
f  6700  7581  7235 
f  6827  6581  6578 
f  6578  7236  6827 
f  7236  6578  6896 
f  7389  6547  6962 
f  6962  7316  7389 
f  7148  7389  7316 
f  7316  6633  7148 
f  6545  7037  7304 
f  7304  7230  6545 
f  6546  6862  7036 
f  6809  7358  7582 
f  7582  9656  6809 
f  7002  7231  7574 
f  7574  7575  7002 
f  7574  6905  6906 
f  6906  7576  7574 
f  7394  7574  7576 
f  7576  7288  7394 
f  7574  7394  7575 
f  6872  6873  7333 
f  7333  7166  6872 
f  7049  6720  7051 
f  7051  6720  6721 
f  6873  6874  7148 
f  7196  6937  9656 
f  9656  7195  7196 
f  9632  7585  7584 
f  7584  7583  9632 
f  6809  9656  6812 
f  7378  9631  9632 
f  9632  7583  7378 
f  6812  9656  6937 
f  7584  7585  9637 
f  9637  6792  7584 
f  7275  7582  7358 
f  7358  7274  7275 
f  9643  9644  6791 
f  7441  7354  6892 
f  6604  7395  7276 
f  7276  6603  6604 
f  7581  9650  7234 
f  7234  7235  7581 
f  7580  7205  7378 
f  7378  7583  7580 
f  7583  7584  7579 
f  7579  7580  7583 
f  7584  6792  6793 
f  6793  7579  7584 
f  7568  7263  6983 
f  6983  6986  7568 
f  6969  6970  7334 
f  7334  7568  6969 
f  7334  6970  6973 
f  6973  7333  7334 
f  6613  6650  6647 
f  7057  7332  7493 
f  6608  6609  6858 
f  6858  6859  6608 
f  6540  6867  6674 
f  6674  6867  6673 
f  6867  6868  6673 
f  6675  6673  7268 
f  6912  7128  6674 
f  7128  7126  6674 
f  7116  6912  6675 
f  6675  7267  7116 
f     1  5017  5031 
f  5031     2     1 
f     5     6     3 
f     3     4     5 
f     5     7  5018 
f  5018     8     5 
f     9    10    11 
f    11    12     9 
f    13     6     5 
f     5     8    13 
f     1     9    13 
f    13     8     1 
f     9     1     2 
f     2    10     9 
f    16    17    14 
f    14    15    16 
f    18    19    20 
f    20    21    18 
f    14    17     4 
f     4     3    14 
f    24    25    22 
f    22    23    24 
f    25    26    27 
f    27    22    25 
f    27  4671  4975 
f  4975    22    27 
f    15    24    23 
f    23    16    15 
f  4832    16    23 
f    23  4833  4832 
f     6    13    28 
f    28    13     9 
f     9    29    28 
f    32    33    30 
f    30    31    32 
f    36    37    34 
f    34    35    36 
f    40    41    38 
f    38    39    40 
f    44    45    42 
f    42    43    44 
f    48    49    46 
f    46    47    48 
f    52    53    50 
f    50    51    52 
f    56    57    54 
f    54    55    56 
f    60    61    58 
f    58    59    60 
f    62  1102   785 
f   785    63    62 
f    66    67    64 
f    64    65    66 
f    70    71    68 
f    68    69    70 
f    72    73    74 
f    77    78    75 
f    75    76    77 
f    79    80    81 
f    84    85    82 
f    82    83    84 
f    88    89    86 
f    86    87    88 
f    90    91    92 
f    95    31    93 
f    93    94    95 
f    98    99    96 
f    96    97    98 
f   102   103   100 
f   100   101   102 
f   106   107   104 
f   104   105   106 
f    59   109   108 
f   108    60    59 
f  7902   110   111 
f   114   115   112 
f   112   113   114 
f   116   117   118 
f   120   121   122 
f   122   119   120 
f   125   126   123 
f   123   124   125 
f   129   130   127 
f   127   128   129 
f   133   134   131 
f   131   132   133 
f   135   136   137 
f   137   138   135 
f   141   142   139 
f   139   140   141 
f   145   146   143 
f   143   144   145 
f   149   150   147 
f   147   148   149 
f   152   153    58 
f    58   151   152 
f   156   157   154 
f   154   155   156 
f   160   161   158 
f   158   159   160 
f   164   165   162 
f   162   163   164 
f   166  7903  7904 
f  7904   167   166 
f   169   170   123 
f   123   168   169 
f   173   174   171 
f   171   172   173 
f   177   178   175 
f   175   176   177 
f   181   182   179 
f   179   180   181 
f   185   186   183 
f   183   184   185 
f   189   190   187 
f   187   188   189 
f    28    29   191 
f   191   192    28 
f   193   194   195 
f   195   196   193 
f   197   198   199 
f    80    79   200 
f   200   201    80 
f   202   203   204 
f   122   207   205 
f   205   206   122 
f   208   209   210 
f   213   214   211 
f   211   212   213 
f   217   180   215 
f   215   216   217 
f   219   220   221 
f   221   218   219 
f   224   225   222 
f   222   223   224 
f   228   229   226 
f   226   227   228 
f   232   233   230 
f   230   231   232 
f   236   237   234 
f   234   235   236 
f   240   241   238 
f   238   239   240 
f   244   245   242 
f   242   243   244 
f   246   247   248 
f   251   252   249 
f   249   250   251 
f   255   256   253 
f   253   254   255 
f   259   260   257 
f   257   258   259 
f   263   264   261 
f   261   262   263 
f   267   268   265 
f   265   266   267 
f   271   272   269 
f   269   270   271 
f     3   273   274 
f   162   165   275 
f   275   276   162 
f    72    54    57 
f   279   280   277 
f   277   278   279 
f   281   282   283 
f   286   287   284 
f   284   285   286 
f   204   203   288 
f   288   289   204 
f   292   293   290 
f   290   291   292 
f   296   297   294 
f   294   295   296 
f   300   301   298 
f   298   299   300 
f   304   305   302 
f   302   303   304 
f   307   161   160 
f   160   306   307 
f   308   309    47 
f    47    46   308 
f   310   311   312 
f   313   314   315 
f   315   316   313 
f   319   320   317 
f   317   318   319 
f   173   322   321 
f   321   174   173 
f   323   324   325 
f   328   329   326 
f   326   327   328 
f   330   331   332 
f   333   334    30 
f    30    33   333 
f   337   338   335 
f   335   336   337 
f   339   340   192 
f   192   191   339 
f   343   344   341 
f   341   342   343 
f   347   348   345 
f   345   346   347 
f   244   351   349 
f   349   350   244 
f   354   355   352 
f   352   353   354 
f   356   357   358 
f   361   362   359 
f   359   360   361 
f   365   366   363 
f   363   364   365 
f   367   368   369 
f   372   373   370 
f   370   371   372 
f   376   377   374 
f   374   375   376 
f   378    66    65 
f   200    79   379 
f   380   381   278 
f   278   277   380 
f   242   245   382 
f   382   383   242 
f   386   334   384 
f   384   385   386 
f   389   390   387 
f   387   388   389 
f   391   392   393 
f   331   395   394 
f   394   332   331 
f    11   147   396 
f   397   398   399 
f   399   400   397 
f   403   404   401 
f   401   402   403 
f   108   109   405 
f   405   406   108 
f   409   410   407 
f   407   408   409 
f   412   413   134 
f   134   411   412 
f   414   415   294 
f   294   297   414 
f   418   419   416 
f   416   417   418 
f    52    51   420 
f   420   421    52 
f   423   424   422 
f   422   202   423 
f   202   204   425 
f   426   427   150 
f   150   149   426 
f   428  7905   427 
f   427   426   428 
f   431   432   429 
f   429   430   431 
f   433    29    12 
f   434   173   435 
f   436    95    94 
f   439   440   437 
f   437   438   439 
f   441   442    74 
f    74    73   441 
f   440   439   443 
f   443   444   440 
f   443   447   445 
f   445   446   443 
f   450   451   448 
f   448   449   450 
f   454   455   452 
f   452   453   454 
f   458   459   456 
f   456   457   458 
f   462   463   460 
f   460   461   462 
f   466   323   464 
f   464   465   466 
f   391   467   392 
f   468   469   470 
f   463   472   471 
f   471   460   463 
f   475   476   473 
f   473   474   475 
f   479   480   477 
f   477   478   479 
f   483   484   481 
f   481   482   483 
f   139   142   485 
f   488   489   486 
f   486   487   488 
f   207   490   491 
f   491   492   207 
f   217   216   493 
f   496   497   494 
f   494   495   496 
f   498   304   303 
f   178    24   499 
f   501   502   500 
f   500   499   501 
f   397   400   503 
f   504   505   506 
f   508   212   211 
f   211   507   508 
f   509   510   511 
f   512   513   514 
f   516   517   515 
f   515   292   516 
f   378    65   288 
f   288   203   378 
f   518   519   520 
f   522   523   521 
f   521   518   522 
f   525   526   510 
f   510   524   525 
f   527   528   282 
f   282   281   527 
f   530   238   241 
f   241   529   530 
f   533   534   531 
f   531   532   533 
f   338   440   444 
f   444   535   338 
f   536   537   296 
f   296   295   536 
f   312   311   538 
f   538   539   312 
f   540   541   542 
f   544   226   229 
f   229   543   544 
f   547   548   545 
f   545   546   547 
f   551   552   549 
f   549   550   551 
f  7906  7907   553 
f   556   557   554 
f   554   555   556 
f   560   561   558 
f   558   559   560 
f   564   565   562 
f   562   563   564 
f   369   566   372 
f   372   371   369 
f   566   567   372 
f   568   569   570 
f   516   292   291 
f   363   571   279 
f   279   278   363 
f   574   575   572 
f   572   573   574 
f   577   578   145 
f   145   576   577 
f   387   228   227 
f   227   388   387 
f   581   434   579 
f   579   580   581 
f   583   321   322 
f   322   582   583 
f   584   585   586 
f   588   320   587 
f   587    67   588 
f   340   590   589 
f   589   192   340 
f   591   592   362 
f   362   361   591 
f   348   593   158 
f   158   161   348 
f   314   283   282 
f   595   521   523 
f   523   594   595 
f   598   599   596 
f   596   597   598 
f   198   601   600 
f   600   199   198 
f   604   605   602 
f   602   603   604 
f   602   189   188 
f   606   607   382 
f   382   245   606 
f   609   610   608 
f   608   398   609 
f   612   608   610 
f   610   611   612 
f   218   613   138 
f   616   617   614 
f   614   615   616 
f    98    97   445 
f   445   618    98 
f   621   622   619 
f   619   620   621 
f   349   625   623 
f   623   624   349 
f   626   627   628 
f   346    85   629 
f   629   347   346 
f   585   487   257 
f   632   633   630 
f   630   631   632 
f   634   635   356 
f   356   358   634 
f   583   636   318 
f   318   321   583 
f   637   638   639 
f   641   642   270 
f   270   640   641 
f   483   644   643 
f   643   484   483 
f   645   646   204 
f   204   289   645 
f   649   650   647 
f   647   648   649 
f   373   405   370 
f   651   652   653 
f   652   656   654 
f   654   655   652 
f   657   658   169 
f   169   168   657 
f   168   394   659 
f   662   663   660 
f   660   661   662 
f   330   332   664 
f   664   665   330 
f   666   667  7908 
f  7908   668   666 
f   671   247   669 
f   669   670   671 
f   674   675   672 
f   672   673   674 
f    95   141    32 
f    32    31    95 
f   164   163   676 
f   676   677   164 
f   485   142   678 
f   678   679   485 
f   678   142   436 
f   436   680   678 
f   502   682   681 
f   681   500   502 
f   683   684   685 
f   685   686   683 
f   687   265   268 
f   268   631   687 
f   343   689   688 
f   688   344   343 
f    70   691   690 
f   690    71    70 
f   692   694   695 
f   698   699   696 
f   696   697   698 
f   225   224   700 
f   700   701   225 
f   132   703   702 
f   702   133   132 
f   704   339   191 
f   441   706   705 
f   705   442   441 
f   709   710   707 
f   707   708   709 
f   465   464   711 
f   714   715   712 
f   712   713   714 
f   718   719   716 
f   716   717   718 
f   273     3   720 
f   611    82   407 
f   407   721   611 
f   723   449   448 
f   448   722   723 
f   512   514   724 
f   725   726   727 
f   728   368   301 
f   729   298   301 
f   301   367   729 
f   732   733   730 
f   730   731   732 
f    12   525   433 
f   734   735   210 
f   210   209   734 
f   736   551   550 
f     6   106   105 
f   738   739   638 
f   638   737   738 
f   740   741   470 
f   740   470   469 
f   740   469   742 
f   745   746   743 
f   743   744   745 
f   749   587   747 
f   747   748   749 
f   750   107   106 
f   106   590   750 
f   104   107   108 
f   108   406   104 
f   256   751    26 
f   256    26    25 
f   256    25   253 
f   102   101   752 
f   752   753   102 
f   644   483   754 
f   754   755   644 
f   317   756   171 
f   171   174   317 
f   161   307   345 
f   345   348   161 
f   169   758   757 
f   757   170   169 
f   761   762   759 
f   759   760   761 
f   293   763   764 
f   205   207   492 
f   492   459   205 
f   765   425   204 
f   767   241   240 
f   240   766   767 
f   251   768   401 
f   401   404   251 
f   769   770   703 
f   703   132   769 
f   771   527   281 
f   540   774   772 
f   772   773   540 
f   775   776   777 
f   522   518   520 
f   778   160   779 
f   314   313   521 
f   521   595   314 
f   358   781   780 
f   780   634   358 
f   145   780   781 
f   783   784   782 
f   782    41   783 
f   785   786   787 
f   276   275   788 
f   791   662   789 
f   789   790   791 
f   792   749   793 
f   372   795   794 
f   794   373   372 
f   797   331   330 
f   330   796   797 
f   391   393   797 
f   797   232   391 
f   133   798   134 
f   247   133   248 
f   396   117    12 
f    12    11   396 
f   799   800   801 
f   803   713   712 
f   712   802   803 
f   510   509   804 
f   804   524   510 
f   571   363   366 
f   807   808   805 
f   805   806   807 
f   408    82    85 
f    85   346   408 
f   390   809   810 
f   810   387   390 
f   648   647   811 
f   811   812   648 
f   517   231   230 
f   230   515   517 
f   723   814   416 
f   416   813   723 
f   815   816   255 
f   255   254   815 
f   224   223   817 
f   817   198   224 
f   818   819   737 
f   737   638   818 
f   355   821   820 
f   820   352   355 
f   824   825   822 
f   822   823   824 
f   828   786   826 
f   826   827   828 
f   831   832   829 
f   829   830   831 
f   830   834   833 
f   833   831   830 
f     6    28   589 
f   589   106     6 
f   837   838   835 
f   835   836   837 
f   841   788   839 
f   839   840   841 
f   203   202   422 
f   422   378   203 
f   570   842   843 
f   843   842   793 
f   793   844   843 
f   362   592   845 
f   845   682   362 
f   846   847   573 
f   573   572   846 
f   438   848   849 
f   849   439   438 
f   850   613   218 
f   218   221   850 
f    67   290    64 
f   852   853   851 
f   851   187   852 
f   855   165   164 
f   164   854   855 
f   514   513   856 
f   856   857   514 
f   860   861   858 
f   858   859   860 
f   862   863   360 
f   360   359   862 
f   453   866   864 
f   864   865   453 
f   828   827    72 
f    72    57   828 
f   868   379    79 
f    79   867   868 
f   869   870   871 
f   854   872   873 
f   724   874   772 
f   795   273   720 
f   720   794   795 
f   499    24   501 
f   142   141    95 
f    95   436   142 
f   875   148   876 
f   879   880   877 
f   877   878   879 
f   872   882   881 
f   881   873   872 
f   173   172   435 
f   885   886   883 
f   883   884   885 
f   889   890   887 
f   887   888   889 
f   461   892   891 
f   891   462   461 
f   893   171   756 
f   756    66   893 
f   274   894    14 
f    14     3   274 
f   624   895   350 
f   350   349   624 
f   516   291   842 
f   842   896   516 
f   659   468   657 
f   897    61   898 
f   169   658   899 
f   899   758   169 
f   900   413   227 
f   227   226   900 
f   901   414   902 
f   902   903   901 
f   653   652   655 
f   345   409   408 
f   408   346   345 
f   386   905   383 
f   383   904   386 
f    85    84   458 
f   458   629    85 
f   401   906   907 
f   907   402   401 
f   235   335   338 
f   338   535   235 
f   909   910   478 
f   478   908   909 
f   527  7910  7911 
f  7911   528   527 
f   566   911   567 
f   707   710   342 
f   342   341   707 
f   326   913   912 
f   912   327   326 
f   206    83   610 
f   610   609   206 
f   652   914   870 
f   870   656   652 
f   916   533   532 
f   532   915   916 
f  7912    63   785 
f   785   787  7912 
f   918   919   917 
f   917   103   918 
f   214   213   920 
f   920   921   214 
f   816   922   923 
f   923   255   816 
f   750    60   108 
f   108   107   750 
f   924   925   102 
f   102   753   924 
f   493   216   115 
f   545   637   639 
f   388   412   926 
f   926   389   388 
f   928   929   389 
f   389   927   928 
f   754   931   930 
f   930   755   754 
f   798   247   671 
f  7907  7909   692 
f   692   553  7907 
f   847   571   728 
f   728   932   847 
f   394   564   664 
f   664   332   394 
f   935   936   933 
f   933   934   935 
f   934   933   937 
f   937   938   934 
f   941   942   939 
f   939   940   941 
f   701   943   225 
f   123   126   394 
f   394   168   123 
f   819   555   554 
f   554   944   819 
f   947   948   945 
f   945   946   947 
f   950   567   911 
f   911   949   950 
f   832   831   951 
f   951   952   832 
f   529   954   953 
f   953   530   529 
f   956   957   767 
f   767   955   956 
f   910   959   958 
f   958   478   910 
f   478   958   960 
f   960   479   478 
f   963   964   961 
f   961   962   963 
f   966   967   965 
f   965   875   966 
f   970   971   968 
f   968   969   970 
f   318   636   154 
f   318   154   157 
f   318   157   319 
f   972   973  7906 
f  7906   974   972 
f    61    60   898 
f   975    60   750 
f   446   976   535 
f   535   444   446 
f   688   977   978 
f   978   344   688 
f   979    56    55 
f   368   367   301 
f   257   487   486 
f   486   258   257 
f   620   619   980 
f   980   741   620 
f   982   885   884 
f   884   981   982 
f   364   363   278 
f   278   381   364 
f   985   986   983 
f   983   984   985 
f   987   605   604 
f   257   260   988 
f   988   585   257 
f   696   989   461 
f   461   460   696 
f   437   440   338 
f   338   337   437 
f   384   334   333 
f   333   991   384 
f    53   993   992 
f   992    50    53 
f   994   391   232 
f   232   231   994 
f   406   373   794 
f   794   104   406 
f   997   998   995 
f   995   996   997 
f   999  1000  1001 
f   342  1003  1002 
f  1002   343   342 
f  1005   547   546 
f   546  1004  1005 
f   787   786   509 
f   509   511   787 
f   305  1007  1006 
f  1006   302   305 
f   595   594   774 
f  1010  1011  1008 
f  1008  1009  1010 
f   552  1013   208 
f   208  1012   552 
f   511  1354  7914 
f  7914  7913   511 
f   199   539   538 
f   538   197   199 
f   952  7915  1014 
f  1014   832   952 
f  1015   409   345 
f   345   307  1015 
f    80   201    64 
f   290   749   792 
f   616   156   155 
f   155   617   616 
f  1016  1017   180 
f   180   217  1016 
f    71  1019  1018 
f  1018    68    71 
f   849   848  1020 
f   453   865  1021 
f  1021   454   453 
f  1022  1023   809 
f   809   390  1022 
f   399  1026  1024 
f  1024  1025   399 
f  1027   539   199 
f   199    87  1027 
f   339   704   705 
f   705  1028   339 
f   434   435  1029 
f  1029   579   434 
f   885  1031  1030 
f  1030   886   885 
f   645  1032   630 
f   630   646   645 
f    61   897   151 
f   151    58    61 
f  1033   994   231 
f   231   517  1033 
f   642   641  1034 
f  1034  1035   642 
f   601   198   817 
f  1037   268   267 
f   267  1036  1037 
f   372   567   795 
f  1040  1041  1038 
f  1038  1039  1040 
f   466   243   242 
f   242  1042   466 
f  1045  1046  1043 
f  1043  1044  1045 
f   896   842   570 
f   570  1047   896 
f  1048  7916    96 
f   622   621   623 
f   623   625   622 
f  1050   738   737 
f   737  1049  1050 
f   336   840   839 
f   839   337   336 
f  1051  1052   476 
f   476   475  1051 
f   416  1053   417 
f   177    25    24 
f    24   178   177 
f   378   893    66 
f   230  1054   515 
f   310  1056  1055 
f  1055   425   310 
f   275  1057   839 
f   839   788   275 
f   225   943   548 
f   548   222   225 
f   631   630  1032 
f  1032   687   631 
f   951  1058   179 
f   525   524    56 
f    56   433   525 
f  1060   920   213 
f   213  1059  1060 
f    44  1061    45 
f   497   496  1062 
f   741  1063  1064 
f  1037   632   631 
f   631   268  1037 
f   896  1033   517 
f   517   516   896 
f  1067  1068  1065 
f  1065  1066  1067 
f   852  1070   915 
f   915  1069   852 
f    28   192   589 
f    41   554   557 
f   557   783    41 
f  1071  1072  1073 
f  1073  1074  1071 
f   621  1075  1043 
f  1043   623   621 
f  1076   176   175 
f   306   534  1015 
f  1015   307   306 
f  1077  1078   849 
f   849  1020  1077 
f  1080   551   736 
f   736  1079  1080 
f   111   110   179 
f   179   182   111 
f   384    70    69 
f    69   385   384 
f   648   730   649 
f   847   932   300 
f   300   573   847 
f   430  1082  1081 
f  1081   653   430 
f   317   174   321 
f   321   318   317 
f   970   969  1083 
f  1083  1084   970 
f   566   369  1085 
f  1085   911   566 
f  1088  1089  1086 
f  1086  1087  1088 
f   588    67    66 
f  1091   936   935 
f   935  1090  1091 
f   711   464  1092 
f  1092  1093   711 
f   705   706   975 
f   975  1028   705 
f   208  1013   738 
f   738  1050   208 
f  1094  1095   748 
f   396   147   150 
f   150  1096   396 
f   216   215  1097 
f  1097  1098   216 
f  1100  1024  1026 
f  1026  1099  1100 
f   855  1057   275 
f   275   165   855 
f   189   605  1101 
f  1101   190   189 
f   826   786   785 
f   785  1102   826 
f  1079   736  1004 
f  1004   546  1079 
f  1103  1104  1105 
f  1105  1106  1103 
f   815   254   176 
f   176  1107   815 
f    15   862   501 
f   501    24    15 
f  1045  1044  1108 
f  1108  1109  1045 
f   488   981   884 
f   884   489   488 
f  1111   432   431 
f   431  1110  1111 
f   454  1021  1112 
f  1112  1113   454 
f  1109  1108  1114 
f  1114  1115  1109 
f   892  1118  1116 
f  1116  1117   892 
f   533  1015   534 
f    75    78   856 
f   856  1119    75 
f   310   425   765 
f  1085  1120   911 
f  1122   669   246 
f   246  1121  1122 
f   474   324  1123 
f  1123   475   474 
f  1123   324   323 
f   323  1124  1123 
f   323   466  1042 
f  1042  1124   323 
f  1125  1052  1051 
f  1051  1018  1125 
f  1051  1126    68 
f    68  1018  1051 
f    69    68  1126 
f  1126  1127    69 
f  1127  1128   385 
f   385    69  1127 
f   385  1128   905 
f   905   386   385 
f   132   131  1129 
f  1129   769   132 
f   252   251   404 
f   404  1130   252 
f   252  1130  1131 
f  1131  1132   252 
f   602  1134  1133 
f  1133   603   602 
f   134   413   900 
f   900   131   134 
f   798   133   247 
f   711  1093  1135 
f  1135  1136   711 
f   852   578   853 
f   577  1137   474 
f   474   473   577 
f   243   466   465 
f   465  1138   243 
f  1138   351   244 
f   244   243  1138 
f   606   245   350 
f   691  1141  1139 
f  1139  1140   691 
f   334   386   904 
f   904    30   334 
f   691    70   384 
f   384   991   691 
f   249   252  1132 
f  1134  1143  1142 
f  1142  1133  1134 
f  1134  1145  1144 
f  1144  1143  1134 
f  1129  1146   249 
f   249  1142  1129 
f  1143   769  1129 
f  1129  1142  1143 
f   769  1143  1144 
f  1144   770   769 
f  1149  1019  1147 
f  1147  1148  1149 
f  1150  1022   390 
f   390   929  1150 
f  1150   929   928 
f   928   101   100 
f   100  1150   928 
f   101   928  1151 
f  1151   752   101 
f   928   927  1152 
f  1152  1151   928 
f  1153   926  1154 
f   112  1156  1155 
f  1155   113   112 
f  1157  1158  1159 
f  1161  1158  1157 
f  1157  1160  1161 
f  1113  1162   455 
f   455   454  1113 
f   890   889   182 
f   182   181   890 
f  1163   111   182 
f   182   889  1163 
f  1058   951  1164 
f  1083   969  1160 
f  1160  1157  1083 
f  1159   113  1155 
f  1165   114   113 
f   113  1159  1165 
f   114  1165   493 
f   493  1166   217 
f   217  1167  1016 
f  1168  1169   888 
f   888   887  1168 
f  1170  1171  1172 
f  1174   942   941 
f   941  1173  1174 
f  1175  1176   982 
f   982   981  1175 
f  1175  1178  1177 
f  1177  1176  1175 
f  1175   584  1179 
f  1179  1178  1175 
f  1178  1179  1180 
f  1180  1181  1178 
f   870   869   824 
f   824   656   870 
f   824  1182   654 
f   654   656   824 
f  1183  1184  1111 
f  1111  1110  1183 
f   189   602   605 
f   725   727  1185 
f  1186   476  1052 
f  1051   475  1126 
f   475  1123  1127 
f  1127  1126   475 
f  1123  1124  1128 
f  1128  1127  1123 
f  1124  1042   905 
f   905  1128  1124 
f  1042   242   383 
f   383   905  1042 
f   914   652   651 
f  1189  1190  1187 
f  1187  1188  1189 
f   420  1192  1191 
f  1191   421   420 
f   140  1193    32 
f    32   141   140 
f  1184    33    32 
f    32  1193  1184 
f   179   110   952 
f   952   951   179 
f   919  1194  1195 
f  1195   917   919 
f   929   390   389 
f   900  1146  1129 
f  1129   131   900 
f  1196  1197    50 
f    50   992  1196 
f    50  1197  1198 
f   410  1199   721 
f   721   407   410 
f  1200   987   604 
f   604  1185  1200 
f   987  1200  1201 
f  1099  1203  1202 
f  1202  1100  1099 
f   968   670  1204 
f  1204  1205   968 
f  1204  1206  1207 
f  1146   544   250 
f   250   249  1146 
f   900   226   544 
f   544  1146   900 
f  1200  1185   727 
f   727  1202  1200 
f   726  1100  1202 
f  1202   727   726 
f   403  1024  1100 
f  1100   726   403 
f   403   402  1025 
f  1025  1024   403 
f   402   907  1208 
f  1208  1025   402 
f   612  1203  1099 
f  1099   608   612 
f  1099  1026   608 
f  1209  1210   452 
f   452   455  1209 
f  1161  1213  1211 
f  1211  1212  1161 
f  1215  1211  1213 
f  1213  1214  1215 
f  1214  1213  1216 
f  1216  1217  1214 
f  1217  1216  1207 
f  1219  1210  1209 
f  1209  1218  1219 
f    96  1220  7917 
f  7917   537    96 
f   297   666  1221 
f   537  7917  7908 
f  7908   667   537 
f   536    97    96 
f    96   537   536 
f   976   236   235 
f   235   535   976 
f   733   732  1222 
f   234   237  1223 
f  1223  1224   234 
f  1181   335  1177 
f  1177  1178  1181 
f   541   540   773 
f   415  1227  1225 
f  1225  1226   415 
f  1228   294   415 
f   415  1226  1228 
f  1175   981   488 
f   488   584  1175 
f   678   680   258 
f   258   486   678 
f   584   488   487 
f   487   585   584 
f   508   507  1229 
f  1229  1115   508 
f  1229   507   663 
f   663  1230  1229 
f  1230   663   662 
f   662   791  1230 
f  1232  1233  1231 
f  1231   708  1232 
f  1236  1237  1234 
f  1234  1235  1236 
f   707  1232   708 
f   186   597   596 
f   596   183   186 
f   779   160   159 
f   159  1238   779 
f  1240   144   143 
f   143  1239  1240 
f   532   531   143 
f   143   146   532 
f   915   532   146 
f   146  1069   915 
f  1101  1241  1070 
f  1070   190  1101 
f   190  1070   852 
f   852   187   190 
f   629   627   626 
f   626   347   629 
f   103   102   925 
f   925   918   103 
f   465  1242   699 
f   699  1138   465 
f  1138   699   698 
f   698   351  1138 
f   698   625   349 
f   349   351   698 
f   741  1064   620 
f  1245  1246  1243 
f  1243  1244  1245 
f  1249  1250  1247 
f  1247  1248  1249 
f  1247   327   912 
f  1252  1253  1251 
f  1251   683  1252 
f  1255   735   734 
f   734  1254  1255 
f   799   801   641 
f   641   640   799 
f   989  1118   892 
f   892   461   989 
f   471   697   696 
f   696   460   471 
f  1242   989   696 
f   696   699  1242 
f   622   697   471 
f   471   619   622 
f   619   471   472 
f   472   980   619 
f  1184  1183  1256 
f  1190  1189  1257 
f  1257  1258  1190 
f   647   650  1259 
f  1259  1260   647 
f  1263  1264  1261 
f  1261  1262  1263 
f  1267  1268  1265 
f  1265  1266  1267 
f  1265  1268  1170 
f   829   135   138 
f   138   830   829 
f   629   458   457 
f   627    43    42 
f    42   628   627 
f   205    84    83 
f    83   206   205 
f   205   459   458 
f   458    84   205 
f  1269  1270  1139 
f  1139  1141  1269 
f   139   429   432 
f   432   140   139 
f  1111  1193   140 
f   140   432  1111 
f  1193  1111  1184 
f   606   350   895 
f   895   805   606 
f  1271   806   805 
f   805   895  1271 
f  1274  1275  1272 
f  1272  1273  1274 
f  1273  1272  1276 
f  1276  1277  1273 
f  1276  1229  1230 
f  1230  1277  1276 
f   648   812   730 
f   871  1188   869 
f  1188  1170  1278 
f  1278  1170  1172 
f  1172  1279  1278 
f  1281  1279  1172 
f  1172  1280  1281 
f  1281  1280  1282 
f  1282  1283  1281 
f  1286  1287  1284 
f  1284  1285  1286 
f  1288  1286  1285 
f  1285  1191  1288 
f    53    52   775 
f   775   993    53 
f   561   940   939 
f   939   558   561 
f   939   942  1112 
f  1112  1021   939 
f  1174  1289  1112 
f  1112   942  1174 
f  1289  1290  1113 
f  1113  1112  1289 
f  1262  1174  1173 
f  1173  1291  1262 
f  1261  1289  1174 
f  1174  1262  1261 
f  1261  1292  1290 
f  1290  1289  1261 
f   857   856    78 
f  1257  1293  1260 
f  1260  1259  1257 
f  1293   871  1294 
f  1294  1260  1293 
f  1296  1190  1258 
f  1258  1295  1296 
f  1264  1296  1295 
f  1295  1297  1264 
f  1214   129   866 
f   866  1215  1214 
f  1214  1217   130 
f   130   129  1214 
f  1217  1207  1298 
f  1298   130  1217 
f   560   559  1068 
f  1068  1067   560 
f   128   864   866 
f   866   129   128 
f   939  1021   865 
f   865   558   939 
f   865   864   559 
f   559   558   865 
f   559   864   128 
f   128  1068   559 
f   127  1065  1068 
f  1068   128   127 
f  1162  1113  1290 
f  1290  1299  1162 
f  1299  1290  1292 
f  1292  1300  1299 
f    76  1297  1295 
f  1295    77    76 
f  1295  1258  1301 
f  1301    77  1295 
f  1287  1286  1283 
f  1283  1282  1287 
f  1288  1302  1009 
f  1009  1008  1288 
f  1172  1171  1303 
f  1298  1207  1304 
f  1304   287  1298 
f   284  1122  1121 
f  1121  1196   284 
f  1196  1121  1197 
f    51    50  1198 
f  1198  1305    51 
f    51  1305  1306 
f  1306   420    51 
f  1139  1270  1009 
f  1009  1302  1139 
f  1009  1270  1010 
f   861   992   993 
f   993  1307   861 
f   430   429  1308 
f  1308  1082   430 
f   139   485  1308 
f  1308   429   139 
f   883  1308   485 
f   485   679   883 
f   679   489   884 
f   884   883   679 
f  1082   886  1030 
f  1030  1081  1082 
f  1082  1308   883 
f   883   886  1082 
f   586  1309  1180 
f  1180  1179   586 
f   790   789  1309 
f  1309   586   790 
f   276   760   759 
f   759   162   276 
f   759   964  1310 
f   964   963  1311 
f  1311  1310   964 
f   335   235   234 
f   234  1177   335 
f  1177   234  1224 
f  1224  1176  1177 
f   982  1312  1031 
f  1031   885   982 
f  1176  1224  1312 
f  1312   982  1176 
f  1179   584   586 
f  1313  1227   901 
f   901   541  1313 
f  1227   415   414 
f   414   901  1227 
f   542   541   901 
f   901   903   542 
f   542   903  1314 
f  1314  1315  7918 
f  7918  7919  1314 
f   724  1316  1317 
f   724  1317   874 
f  1318  1319   874 
f   874  1317  1318 
f  1263  1262  1291 
f   421  1191  1285 
f  1285   776   421 
f  1286  1288  1008 
f  1008  1283  1286 
f  1283  1008  1011 
f  1011  1281  1283 
f  1281  1011   822 
f   822  1279  1281 
f  1279   822   825 
f   825  1278  1279 
f  1188  1265  1170 
f   869   825   824 
f   869  1188  1278 
f  1278   825   869 
f  1149  1125  1018 
f  1018  1019  1149 
f  1115  1229  1276 
f  1276  1109  1115 
f  1109  1276  1272 
f  1272  1045  1109 
f  1108   672  1320 
f  1320  1114  1108 
f  1075   673  1044 
f  1044  1043  1075 
f  1044   673   672 
f   672  1108  1044 
f   586   585   790 
f   790   585   988 
f   988   791   790 
f   335  1181   336 
f  1321   789   662 
f   662   661  1321 
f   444   443   446 
f   294  1228   976 
f   976   295   294 
f   976   446   536 
f   536   295   976 
f   446   445    97 
f    97   536   446 
f   439   849  1078 
f   962  1323  1322 
f  1322   963   962 
f  1322  1323  1324 
f  1324  1325  1322 
f  1324   494   497 
f   497  1325  1324 
f   761   214   921 
f   921   762   761 
f   762   921   575 
f   575  1326   762 
f   574   961  1326 
f  1326   575   574 
f   961   574  1327 
f  1327   962   961 
f  1327   299  1323 
f  1323   962  1327 
f   759   762  1326 
f  1326   964   759 
f  1326   961   964 
f  1007  1328   677 
f   677   676  1007 
f  1329   703  1148 
f  1148  1197  1329 
f  1148   703  1149 
f  1301  1258  1257 
f  1257  1330  1301 
f  1330  1257  1259 
f  1259   650  1316 
f  1316  1330  1259 
f  1316   650   649 
f   649  1317  1316 
f  1317   649  1331 
f  1317  1331  1332 
f  1332  1318  1317 
f  1225  1227  1313 
f  1313  1333  1225 
f  1197  1148  1198 
f  1198  1148  1147 
f  1147  1305  1198 
f  1147   690  1306 
f  1306  1305  1147 
f  1334  1182   824 
f   824   823  1334 
f  1334  1010  1270 
f  1270  1256  1334 
f  1256  1270  1184 
f  1184  1270  1269 
f   333    33  1184 
f  1184  1269   333 
f   871   870   914 
f   914  1294   871 
f   811   651   812 
f   651   731   730 
f   730   812   651 
f   651   653  1081 
f  1081   731   651 
f  1030   732   731 
f   731  1081  1030 
f  1222   732  1030 
f  1030  1031  1222 
f  1312  1224  1223 
f  1223  1335  1312 
f  1218  1337  1336 
f  1336  1219  1218 
f  1337  1218  1338 
f  1338  1339  1337 
f   309   308   879 
f   879  1340   309 
f   606   805   808 
f   808   607   606 
f    93   382   607 
f   607    94    93 
f   607   808   436 
f   436    94   607 
f    31    30   904 
f   904    93    31 
f   904   383   382 
f   382    93   904 
f   822  1011  1010 
f  1010   823   822 
f   823  1010  1334 
f   914   651   811 
f   811  1294   914 
f   811   647  1260 
f  1260  1294   811 
f   649   730   733 
f   733  1331   649 
f  1331   733  1222 
f  1222  1332  1331 
f  1335  1223  1225 
f  1225  1333  1335 
f  1226  1225  1223 
f  1223   237  1226 
f  1226   237   236 
f   236  1228  1226 
f  1228   236   976 
f   618   445   447 
f   447  1341   618 
f   841  1321   276 
f   276   788   841 
f   661   760   276 
f   276  1321   661 
f   109    59  1062 
f  1062   496   109 
f   405   109   496 
f   496   495   405 
f   367   371   370 
f   370   729   367 
f   371   367   369 
f  1344  1345  1342 
f  1342  1343  1344 
f  1344  1085   369 
f   369   368  1344 
f   975   706   898 
f   898    60   975 
f    73    72  1346 
f  1346  1347    73 
f    73  1347  1348 
f  1348   441    73 
f  1348   898   706 
f   706   441  1348 
f  1346  1349  1347 
f  1347  1349  1348 
f  1348  1349  1350 
f  1350   897   898 
f   898  1348  1350 
f   442   705   704 
f   704  1351   442 
f   828    57   804 
f    57    56   524 
f   524   804    57 
f   526   525   116 
f   786   828   804 
f   804   509   786 
f  7913  7912   787 
f   787   511  7913 
f  1352  7914  1354 
f  1354  1594  1352 
f  1353  1593  1591 
f  1591  7920  1353 
f   511   510   526 
f   526  1354   511 
f   854   164  1355 
f  1355   872   854 
f   882   872  1355 
f  1355  1356   882 
f   679   678   486 
f   486   489   679 
f  1090   935  1357 
f  1357  1358  1090 
f  1359  1360  1361 
f  1361  1360  1362 
f  1365  1366  1363 
f  1363  1364  1365 
f  1358  1368  1367 
f  1367  1090  1358 
f   814  1369  1370 
f   814  1370  1053 
f  1053   416   814 
f   698   697   622 
f   622   625   698 
f   541  1319  1318 
f  1318  1313   541 
f  1318  1332  1333 
f  1333  1313  1318 
f  1333  1332  1222 
f  1222  1335  1333 
f  1031  1312  1335 
f  1335  1222  1031 
f    78    77  1301 
f  1301   857    78 
f  1330   514   857 
f   857  1301  1330 
f  1330  1316   724 
f   724   514  1330 
f   513   512  1371 
f   724   772  1371 
f  1371   512   724 
f  1373  1299  1300 
f  1300  1372  1373 
f   134   798   411 
f   411   798   671 
f   671   971   411 
f   970  1153  1154 
f  1154   971   970 
f  1156   112   752 
f   752  1151  1156 
f   112   115   753 
f   753   752   112 
f   753   115  1098 
f  1098   924   753 
f   924  1098  1097 
f  1097  1374   924 
f   833  1164   951 
f   951   831   833 
f   138   613   834 
f   834   830   138 
f  1288  1191  1192 
f  1192  1302  1288 
f  1192  1140  1139 
f  1139  1302  1192 
f  1192   420  1306 
f  1306  1140  1192 
f   690   691  1140 
f  1140  1306   690 
f  1074   878   519 
f   519  1071  1074 
f  1071   519   518 
f   518  1375  1071 
f   521   313  1375 
f  1375   518   521 
f   314   595   283 
f   595   774   281 
f   281   283   595 
f   848   873   881 
f   881  1376   848 
f   438   854   873 
f   873   848   438 
f   438   437   855 
f   855   854   438 
f   855   437  1057 
f   337   839  1057 
f  1057   437   337 
f  1377  1355   677 
f   677  1328  1377 
f  1271   895   624 
f   624  1378  1271 
f   624   623  1043 
f  1043  1378   624 
f   789  1321   841 
f   841  1309   789 
f  1309   841   840 
f   840  1180  1309 
f  1180   840   336 
f   336  1181  1180 
f   508  1115   505 
f   505   504   508 
f   504   506  1379 
f   614  1382  1380 
f  1380  1381   614 
f   574   573  1327 
f   573   300   299 
f   299  1327   573 
f   298   729   494 
f   494  1324   298 
f   494   729   495 
f   729   370   405 
f   405   495   729 
f   921   920   572 
f   572   575   921 
f   963  1322  1006 
f  1006  1311   963 
f   582   322   434 
f   434   581   582 
f  1383  1085  1344 
f  1344  1343  1383 
f  1029   592   591 
f   591   579  1029 
f   591  1384   580 
f   580   579   591 
f  1085  1383  1120 
f   999  1385   424 
f   424  1000   999 
f  1386   784   783 
f   796   330  1387 
f  1387  1388   796 
f  1389  1054   230 
f   230   233  1389 
f  1390   564   563 
f   563   998  1390 
f   998   997  1390 
f   395   393   392 
f   392  1391   395 
f  1391   659   395 
f   467  1393  1392 
f  1392   740   467 
f  1394   674  1064 
f  1064  1063  1394 
f  1394  1395   569 
f   621   620  1064 
f  1064  1075   621 
f  1064   674   673 
f   673  1075  1064 
f   989  1242  1136 
f  1136  1118   989 
f  1136  1135  1116 
f  1116  1118  1136 
f  1116  1135   357 
f   357  1396  1116 
f   639   638   739 
f   637  1397   818 
f   818   638   637 
f  1397   264   263 
f   263   818  1397 
f  1013   552   551 
f   551  1080  1013 
f  1049   948   947 
f   947  1050  1049 
f  1049   944    40 
f    40   948  1049 
f   944   554    41 
f    41    40   944 
f   261  1399  1398 
f  1398   262   261 
f   556  1400   985 
f   985   557   556 
f   783   557   985 
f   985   984   783 
f   687  1399   261 
f   983   986  1401 
f  1401  1402   983 
f    80   764   763 
f   763    81    80 
f  1403  1402   763 
f   763   293  1403 
f  1402  1401    81 
f    81   763  1402 
f   792   793   842 
f   842   291   792 
f   792   291   290 
f   569   568  1404 
f  1381  1380  1405 
f  1405  1404  1381 
f  1115  1114   505 
f   505  1114  1320 
f  1320   506   505 
f   498   153   152 
f   152   304   498 
f  1275  1046  1045 
f  1045  1272  1275 
f   568   843   844 
f   844  1406   568 
f   568  1406  1381 
f  1381  1404   568 
f   968  1205  1216 
f  1161  1160  1216 
f  1216  1213  1161 
f  1098   115   216 
f  1407  1408   972 
f   972   315  1407 
f  1147  1019    71 
f    71   690  1147 
f   680   807   259 
f   259   258   680 
f   807   806  1274 
f  1274   259   807 
f  1274   806  1271 
f  1271  1275  1274 
f   281   774   540 
f   540   771   281 
f   771   540   542 
f   282  1407   315 
f   315   314   282 
f  1407   282   528 
f  1372  1300    76 
f    76    75  1372 
f  1300  1292  1297 
f  1297    76  1300 
f  1292  1261  1264 
f  1264  1297  1292 
f   871  1293  1189 
f  1189  1293  1257 
f   878   877   520 
f   520   519   878 
f  1334  1256  1183 
f  1183  1182  1334 
f  1182  1183  1110 
f  1110   654  1182 
f  1110   431   655 
f   655   654  1110 
f   653   655   431 
f   431   430   653 
f   992   285   284 
f   284  1196   992 
f   284   287  1304 
f  1304  1122   284 
f   971  1154   411 
f   388   227   413 
f   413   412   388 
f   411  1154   926 
f   926   412   411 
f  1209   455  1162 
f  1162  1409  1209 
f  1162  1299  1373 
f  1373  1409  1162 
f  1338  1409  1373 
f  1373  1410  1338 
f  1372  1411  1410 
f  1410  1373  1372 
f  1372    75  1119 
f  1119  1411  1372 
f   694   166  1169 
f  1169   695   694 
f  1412   695  1169 
f  1169  1168  1412 
f  1414  1412  1168 
f  1168  1413  1414 
f  1414  1413  1415 
f  1416  1340   879 
f  1339   880   879 
f   879   308  1339 
f   887  1417  1413 
f  1413  1168   887 
f  1418  1419  1016 
f  1016  1167  1418 
f  1165  1420    49 
f    49    48  1165 
f  1421  1212  1219 
f  1219  1336  1421 
f  1165  1159  1420 
f  1232   707  1422 
f  1422  1423  1232 
f   767   766  1424 
f  1424   955   767 
f  1365  1235  1234 
f  1234  1366  1365 
f  1237   239   238 
f   238  1234  1237 
f   239  1237  1425 
f  1425  1426   239 
f  1362  1360   708 
f   708  1231  1362 
f   821  1427  1396 
f  1396   820   821 
f   820  1396   357 
f   357   356   820 
f  1428   358   357 
f   324   474  1137 
f  1137   325   324 
f  1428  1093  1092 
f  1092  1429  1428 
f  1093  1428   357 
f   357  1135  1093 
f  1269  1141   991 
f   991   333  1269 
f   991  1141   691 
f   808   807   680 
f   680   436   808 
f  1431   504  1379 
f  1379  1430  1431 
f   507   211   660 
f   660   663   507 
f  1433   563   562 
f   562  1432  1433 
f  1435  1436  1432 
f  1432  1434  1435 
f  1439  1436  1437 
f  1437  1438  1439 
f  1437  1442  1440 
f  1440  1441  1437 
f  1436  1435  1443 
f   185  1444  1427 
f  1427   186   185 
f  1444  1445  1117 
f  1117  1427  1444 
f  1396  1427  1117 
f  1117  1116  1396 
f   956  1447  1446 
f  1446   957   956 
f   892  1117  1445 
f  1445   891   892 
f  1039   709   708 
f   708  1360  1039 
f  1359  1040  1039 
f  1039  1360  1359 
f  1359   596   599 
f   599  1040  1359 
f   591   361  1384 
f   361   949  1120 
f  1120  1384   361 
f  1120   949   911 
f   681   682   845 
f   845  1001   681 
f   874  1319   773 
f   773   772   874 
f   773  1319   541 
f    49  1336  1337 
f  1337    46    49 
f  1337  1339   308 
f   308    46  1337 
f  1210  1219  1212 
f  1212  1211  1210 
f  1218  1209  1409 
f  1409  1338  1218 
f   777   776  1285 
f  1285  1284   777 
f   452  1215   866 
f   866   453   452 
f  1211  1215   452 
f   452  1210  1211 
f  1212  1421  1158 
f  1158  1161  1212 
f   775    52   421 
f   421   776   775 
f   530  1366  1234 
f  1234   238   530 
f  1448  1091  1090 
f  1090  1367  1448 
f   780   144  1240 
f  1240   634   780 
f   635   352   820 
f   820   356   635 
f  1241   916   915 
f   915  1070  1241 
f  1450  1241  1101 
f  1101  1449  1450 
f  1450  1449  1451 
f  1451  1199  1450 
f  1199  1451   721 
f  1200  1202  1203 
f  1203  1201  1200 
f   612   721  1201 
f  1201  1203   612 
f   721   612   611 
f  1185   604   603 
f   603   725  1185 
f  1131   603  1133 
f  1133  1132  1131 
f  1132  1133  1142 
f  1142   249  1132 
f   543  1452   250 
f   250   544   543 
f  1405  1320   672 
f   672   675  1405 
f  1405  1380   506 
f   506  1320  1405 
f   259  1274  1273 
f  1273   260   259 
f  1273  1277   988 
f   988   260  1273 
f   988  1277  1230 
f  1230   791   988 
f  1007   676  1311 
f  1311  1006  1007 
f   676   163  1310 
f  1310  1311   676 
f   163   162   759 
f   759  1310   163 
f  1006  1322   302 
f  1325   303   302 
f   302  1322  1325 
f   303  1325   497 
f   497   498   303 
f   498   497  1062 
f  1062   153   498 
f  1062    59    58 
f    58   153  1062 
f   938  1454  1453 
f  1453   934   938 
f   934  1453  1357 
f  1357   935   934 
f  1435  1434  1455 
f  1455   744  1435 
f  1456  1253  1457 
f  1457  1244  1458 
f  1458  1456  1457 
f  1459  1244  1243 
f  1243  1249   836 
f  1460  1249  1248 
f  1248  1441  1460 
f  1437  1441  1248 
f  1248  1438  1437 
f  1433  1432  1436 
f  1436  1439  1433 
f  1353  1352  1594 
f  1594  1593  1353 
f   508   504  1431 
f  1431   212   508 
f  1431  1059   213 
f   213   212  1431 
f  1393  1033   896 
f   896  1047  1393 
f   599  1461  1041 
f  1041  1040   599 
f   598  1462  1461 
f  1461   599   598 
f   355   597   186 
f   186   821   355 
f  1163   889   888 
f   888   167  1163 
f   167   888  1169 
f  1169   166   167 
f  1187  1265  1188 
f  1189  1188   871 
f  1324  1323   299 
f   299   298  1324 
f   728   301   932 
f   300   932   301 
f   761   760   661 
f   661   660   761 
f   761   660   211 
f   211   214   761 
f   405   373   406 
f   104   794   720 
f   720   105   104 
f   720     3     6 
f     6   105   720 
f   106   589   590 
f  1149  1144  1125 
f  1463   531   534 
f   534   306  1463 
f   404   403   726 
f   726  1130   404 
f   726   725  1131 
f  1131  1130   726 
f  1131   725   603 
f   608  1026   399 
f   399   398   608 
f   609   398   397 
f   397   119   609 
f   122   206   609 
f   609   119   122 
f  1449   987  1201 
f  1201  1451  1449 
f  1125  1186  1052 
f  1059  1464  1060 
f   279   571   847 
f   847   846   279 
f  1242   465   711 
f   711  1136  1242 
f   657   168   659 
f   171   893  1465 
f  1465   172   171 
f  1465  1385   435 
f   435   172  1465 
f  1385   999  1029 
f  1029   435  1385 
f  1029   999   845 
f   845   592  1029 
f  1465   893   378 
f   378   422  1465 
f   422   424  1385 
f  1385  1465   422 
f   423    92    91 
f   423    91  1000 
f  1000   424   423 
f  1001  1000    91 
f    91    90  1001 
f    80    64   290 
f  1037   538   311 
f   311   632  1037 
f   632   311   633 
f   633   311   310 
f   310   765   633 
f  1466  1467   815 
f   815  1107  1466 
f  1468    88   600 
f   600   193  1468 
f    87   199   600 
f   600    88    87 
f  1469  1470  1471 
f  1471  1251  1469 
f  1251  1471   684 
f   684   683  1251 
f   813   416   419 
f   419  1472   813 
f  1474  1088  1087 
f  1087  1473  1474 
f  1477  1478  1475 
f  1475  1476  1477 
f   664  1390   997 
f   997   665   664 
f  1479   996    38 
f    38   782  1479 
f   782    38    41 
f   799   640  1480 
f  1480  1481   799 
f  1039  1038  1482 
f  1482   709  1039 
f   709  1482  1003 
f  1003   710   709 
f   710  1003   342 
f   670   669  1206 
f  1206  1204   670 
f   290    67   749 
f   749    67   587 
f   331   797   395 
f  1395  1394  1392 
f   467  1033  1393 
f    80   290   764 
f   764   290   293 
f   747   587   320 
f    66   756   588 
f   588   756   317 
f   317   320   588 
f   261   264   265 
f   265   687   261 
f   688   689    42 
f    42    45   688 
f   714  1484  1483 
f  1483   715   714 
f   713   803   931 
f   931  1485   713 
f   754   483   482 
f   482  1486   754 
f  1485   931   754 
f   754  1486  1485 
f   376   375   450 
f   450   449   376 
f  1487   800   799 
f   799  1481  1487 
f  1411  1119   520 
f   520   877  1411 
f   856   522   520 
f   520  1119   856 
f   856   513   523 
f   523   522   856 
f   513  1371   594 
f   594   523   513 
f   594  1371   772 
f   772   774   594 
f   969   968  1216 
f  1216  1160   969 
f  1159  1158  1421 
f  1421  1420  1159 
f  1421  1336    49 
f    49  1420  1421 
f   180   179  1058 
f  1058   215   180 
f  1451  1201   721 
f  1488  1015   533 
f   533   916  1488 
f   410  1488  1450 
f  1450  1199   410 
f  1488   916  1241 
f  1241  1450  1488 
f    82   408   407 
f  1339  1338  1410 
f  1410   880  1339 
f   880  1410  1411 
f  1411   877   880 
f   778  1463   306 
f   306   160   778 
f   143   531  1463 
f  1463  1239   143 
f   778  1489  1490 
f   456   459   492 
f   492  1491   456 
f   457   456    44 
f    44    43   457 
f    43   627   629 
f   629   457    43 
f  1046  1275  1271 
f  1271  1378  1046 
f  1046  1378  1043 
f   173   434   322 
f   361   360   949 
f   209   947  1492 
f  1492   734   209 
f   209   208  1050 
f  1050   947   209 
f  1493  1494   946 
f   946   945  1493 
f   738  1013  1080 
f  1080   739   738 
f  1080  1079   639 
f   639   739  1080 
f  1079   546   545 
f   545   639  1079 
f   267   701   700 
f   700  1036   267 
f  1037  1036   197 
f   197   538  1037 
f   197  1036   700 
f   700   198   197 
f   312   539  1027 
f  1027  1495   312 
f   630   633   765 
f   765   646   630 
f   646   765   204 
f  1496   930   931 
f   931   803  1496 
f  1497   271  1103 
f  1103  1106  1497 
f  1015  1488   410 
f   410   409  1015 
f  1101   605   987 
f   987  1449  1101 
f    82   611   610 
f   610    83    82 
f   821   186  1427 
f   635   634  1240 
f  1240  1498   635 
f  1240  1239  1490 
f  1490  1498  1240 
f  1490  1239  1463 
f  1463   778  1490 
f  1498   353   352 
f   352   635  1498 
f  1498  1490  1489 
f  1489   353  1498 
f   144   780   145 
f   781   358  1428 
f   146   145   578 
f   578  1069   146 
f  1069   578   852 
f   343  1002  1499 
f  1499   689   343 
f    42   689  1499 
f  1499   628    42 
f   626   593   348 
f   348   347   626 
f   597   355   354 
f   354   598   597 
f   353  1489   354 
f  1489  1462   598 
f   598   354  1489 
f  1238  1461  1462 
f  1462   779  1238 
f  1462  1489   778 
f   778   779  1462 
f  1482  1038  1500 
f  1500  1501  1482 
f  1038  1041  1502 
f  1502  1500  1038 
f  1041  1461  1503 
f  1503  1502  1041 
f  1461  1238  1504 
f  1504  1503  1461 
f  1238   159  1505 
f  1505  1504  1238 
f   159   158  1506 
f  1506  1505   159 
f   158   593  1507 
f  1507  1506   158 
f   593   626  1508 
f  1508  1507   593 
f   626   628  1509 
f  1509  1508   626 
f   628  1499  1510 
f  1510  1509   628 
f  1499  1002  1511 
f  1511  1510  1499 
f  1002  1003  1512 
f  1512  1511  1002 
f  1003  1482  1501 
f  1501  1512  1003 
f  1515  1516  1513 
f  1513  1514  1515 
f  1500  1502  1517 
f  1517  1513  1500 
f  1502  1503  1518 
f  1518  1517  1502 
f  1518  1503  1504 
f  1504  1519  1518 
f  1504  1505  1520 
f  1520  1519  1504 
f  1505  1506  1521 
f  1521  1520  1505 
f  1506  1507  1522 
f  1522  1521  1506 
f  1507  1508  1523 
f  1523  1522  1507 
f  1508  1509  1524 
f  1524  1523  1508 
f  1509  1510  1525 
f  1525  1524  1509 
f  1525  1528  1526 
f  1526  1527  1525 
f  1528  1516  1515 
f  1515  1526  1528 
f  1513  1517  1529 
f  1529  1514  1513 
f  1517  1518  1530 
f  1530  1529  1517 
f  1518  1519  1531 
f  1531  1530  1518 
f  1519  1520  1532 
f  1532  1531  1519 
f  1520  1521  1533 
f  1533  1532  1520 
f  1521  1522  1534 
f  1534  1533  1521 
f  1522  1523  1535 
f  1535  1534  1522 
f  1523  1524  1527 
f  1527  1535  1523 
f  1524  1525  1527 
f   145   781   576 
f   781  1428  1429 
f  1429   576   781 
f   577   576  1429 
f  1429  1137   577 
f  1429  1092   325 
f   325  1137  1429 
f   323   325  1092 
f  1092   464   323 
f  1359  1361   183 
f   183   596  1359 
f   183  1361   184 
f  1368  1364  1363 
f  1363  1367  1368 
f  1370  1448   953 
f   953   954  1370 
f  1053  1446  1447 
f  1447   417  1053 
f   417  1447  1536 
f  1536   418   417 
f  1539  1540  1537 
f  1537  1538  1539 
f  1538  1537  1089 
f   272  1086  1089 
f  1089   269   272 
f   328   327  1247 
f  1247  1493   328 
f   945    39   328 
f   328  1493   945 
f   945   948    40 
f    40    39   945 
f   737   819   944 
f   944  1049   737 
f  1397   637   943 
f   943   266  1397 
f   701   267   266 
f   266   943   701 
f   200    65   201 
f   201    65    64 
f    65   200   379 
f   379   288    65 
f   288   379   868 
f   868   289   288 
f   645   289   868 
f   868  1541   645 
f   645  1541  1032 
f  1032  1541  1399 
f  1032  1399   687 
f   545   548   943 
f   943   637   545 
f   548   547  1542 
f  1542   222   548 
f   222  1542  1543 
f  1544  1545   817 
f   817   223  1544 
f   817  1545  1546 
f  1546   601   817 
f  1544  1547  1548 
f  1548  1545  1544 
f  1545  1548  1549 
f  1549  1546  1545 
f   194   601  1546 
f    37  1076   175 
f  1245  1244  1457 
f  1457  1255  1245 
f  1551   959   910 
f   910  1550  1551 
f   958   482   481 
f   481   960   958 
f   958   959  1486 
f  1486   482   958 
f  1485  1486   959 
f   959  1551  1485 
f   803   802  1552 
f  1552  1496   803 
f  1553  1554  1555 
f  1553  1556  1554 
f  1086   272  1557 
f  1557  1558  1086 
f   686   685  1559 
f  1559  1560   686 
f  1560  1559  1561 
f  1561   549  1560 
f   549   552  1012 
f  1012  1560   549 
f  1562   380   277 
f   393   395   797 
f  1386  1388  1387 
f  1387   784  1386 
f  1403   293   292 
f   292   515  1403 
f   547  1005  1542 
f   224   198   700 
f   601   194   193 
f   193   600   601 
f  1563    89    88 
f    88  1468  1563 
f  1564  1565   922 
f   922   816  1564 
f   555   819   818 
f   818   263   555 
f   262   556   555 
f   555   263   262 
f  1400   556   262 
f   262  1398  1400 
f   867    79  1566 
f   985  1400  1567 
f  1567   986   985 
f  1566  1401   986 
f   986  1567  1566 
f  1401  1566    79 
f    79    81  1401 
f   271  1497  1557 
f  1557   272   271 
f  1568  1087  1086 
f  1086  1558  1568 
f  1568  1569  1473 
f  1473  1087  1568 
f  1554  1475  1478 
f  1570  1538  1089 
f  1089  1088  1570 
f  1457  1253  1252 
f  1252  1255  1457 
f  1255  1252   735 
f   735  1252  1571 
f  1571   210   735 
f   208   210  1571 
f  1571  1012   208 
f  1252   683   686 
f   686  1571  1252 
f  1012  1571   686 
f   686  1560  1012 
f   477   908   478 
f   241   767   957 
f   957   529   241 
f  1487  1536  1447 
f  1447   956  1487 
f  1540  1481  1480 
f  1480  1537  1540 
f  1537  1480   269 
f   269  1089  1537 
f  1361  1364  1368 
f  1368   184  1361 
f  1368  1358   185 
f   185   184  1368 
f  1358  1357  1444 
f  1444   185  1358 
f  1357  1453  1445 
f  1445  1444  1357 
f   891  1445  1453 
f  1453  1454   891 
f   899   658   462 
f   462   891   899 
f   658   657   463 
f   463   462   658 
f   657   468   472 
f   472   463   657 
f   468   470   980 
f   980   472   468 
f   980   470   741 
f   245   244   350 
f  1495  1027  1572 
f  1027    87    86 
f    86  1572  1027 
f    35    92  1573 
f  1573  1574    35 
f    37  1576  1575 
f  1575  1076    37 
f  1076  1575  1107 
f  1107   176  1076 
f  1564   816   815 
f   815  1467  1564 
f   177   253    25 
f   177   176   254 
f   254   253   177 
f   255   923   751 
f   751   256   255 
f  1578   746   745 
f   745  1577  1578 
f  1577   745  1579 
f  1579  1580  1577 
f   125  1581   126 
f   126   564   394 
f   712  1556  1553 
f  1553   802   712 
f  1553  1555  1552 
f  1552   802  1553 
f  1582  1583  1473 
f  1473  1569  1582 
f  1474  1473  1583 
f  1583  1584  1474 
f   529   957  1446 
f  1446   954   529 
f  1370   954  1446 
f  1446  1053  1370 
f  1363   953  1448 
f  1448  1367  1363 
f  1363  1366   530 
f   530   953  1363 
f   913  1439  1438 
f  1438   912   913 
f   912  1438  1248 
f  1248  1247   912 
f  1585  1254   734 
f   734  1492  1585 
f   564  1390   664 
f  1397   266   265 
f   265   264  1397 
f   674  1394   569 
f   569   675   674 
f   569  1404  1405 
f  1405   675   569 
f  1369   814  1586 
f   814   723   722 
f   124   451   450 
f   450  1587   124 
f  1233  1236  1235 
f  1235  1231  1233 
f  1231  1235  1365 
f  1365  1362  1231 
f  1362  1365  1364 
f  1364  1361  1362 
f   578   577   473 
f   473   853   578 
f   476   851   853 
f   853   473   476 
f   476  1186   188 
f   188   851   476 
f   188  1186   602 
f   187   851   188 
f  1145  1134   602 
f   602  1186  1145 
f  1186  1125  1145 
f  1145  1125  1144 
f  1329   702   703 
f  1144  1149   770 
f   770  1149   703 
f  1121   246  1329 
f  1329  1197  1121 
f  1152  1153   970 
f   970  1084  1152 
f   389   926   927 
f   927   926  1153 
f  1153  1152   927 
f  1083  1155  1156 
f  1156  1084  1083 
f  1084  1156  1151 
f  1151  1152  1084 
f   287   286  1298 
f   130  1298   286 
f   286   127   130 
f  1304  1206   669 
f   669  1122  1304 
f  1206  1304  1207 
f  1077  1588  1078 
f    99  1048    96 
f  1588  1589  1078 
f  1589  1341   447 
f  1589   447  1078 
f  1377  1356  1355 
f  1017  1016  1419 
f  1419  1590  1017 
f  1590  1419  1417 
f  1417   887  1590 
f    72    74    54 
f   442  1351    54 
f    54    74   442 
f    54  1351    55 
f   704   979    55 
f    55  1351   704 
f   979   704   191 
f   979   191    29 
f    56   979   433 
f   118   117   396 
f   396  1096   118 
f   116   525    12 
f    12   117   116 
f    11   876   148 
f   148   147    11 
f  1591  1096   150 
f   150   427  1591 
f   990   428   426 
f   426  1592   990 
f  1597  7921   990 
f   990  1592  1597 
f   149   148   875 
f   875   965   149 
f  1591  1593   118 
f   118  1096  1591 
f  1594   116   118 
f   118  1593  1594 
f   116  1594  1354 
f  1354   526   116 
f  7905  7920  1591 
f  1591   427  7905 
f  1595  1596   966 
f  1204  1207  1205 
f  1205  1207  1216 
f   103   917  1598 
f  1598   100   103 
f  1598  1022  1150 
f  1150   100  1598 
f   924  1374  1599 
f  1599   925   924 
f   850   918   925 
f   925  1599   850 
f   918   850   221 
f   221   919   918 
f   217  1166  1167 
f  1166  1600  1418 
f  1418  1167  1166 
f   180  1017   181 
f   181  1017  1590 
f  1590   890   181 
f   890  1590   887 
f   613   850  1599 
f  1599   834   613 
f   834  1599  1374 
f  1374   833   834 
f   833  1374  1097 
f  1097  1164   833 
f   215  1058  1164 
f  1164  1097   215 
f   692  1073  1072 
f  1072   553   692 
f   972   974   316 
f   316   315   972 
f  1601  1415  1413 
f  1413  1417  1601 
f  1419  1418  1601 
f  1601  1417  1419 
f  1600  1602  1601 
f  1601  1418  1600 
f  1602  1340  1415 
f  1415  1601  1602 
f  1415  1340  1416 
f  1416   879   878 
f   115   114   493 
f   493  1165  1603 
f  1603  1165    48 
f    48  1604  1603 
f  1604    48    47 
f    47   309  1602 
f  1602  1604    47 
f  1602   309  1340 
f  1415  1416  1414 
f   493  1603  1166 
f  1166  1603  1604 
f  1604  1600  1166 
f  1600  1604  1602 
f  1157  1159  1155 
f  1155  1083  1157 
f  1028   975   340 
f   750   590   340 
f   340   975   750 
f   339  1028   340 
f   425  1055   423 
f  1574  1573  1055 
f  1055  1056  1574 
f  1572    86  1605 
f  1605  1606  1572 
f  1605    86  1466 
f  1466    89  1467 
f  1467    89  1563 
f  1563  1564  1467 
f  1563  1607  1565 
f  1565  1564  1563 
f  1606  1605  1575 
f  1575  1576  1606 
f    34    37  1608 
f  1608    37   175 
f  1001    90  1608 
f  1608   681  1001 
f  1608   175   500 
f   500   175   178 
f   178   499   500 
f   682   502   359 
f   359   362   682 
f   359   502   501 
f   501   862   359 
f   567   950   894 
f   894   274   567 
f   360   863   950 
f   950   949   360 
f   950   863   894 
f   863   862    15 
f    15    14   863 
f   894   863    14 
f   567   274   273 
f   273   795   567 
f  1107  1575  1605 
f  1605  1466  1107 
f  1466    86    89 
f  1004  1609  1610 
f  1610  1005  1004 
f  1542  1611  1612 
f  1612  1543  1542 
f   222  1543  1544 
f  1544   223   222 
f  1005  1610  1611 
f  1611  1542  1005 
f   550  1613  1614 
f  1614   736   550 
f   908   477  1456 
f  1456  1458   908 
f   394   395   659 
f   659  1391   468 
f  1424   766  1615 
f  1615  1616  1424 
f   642  1103   271 
f   271   270   642 
f  1480   640   270 
f   270   269  1480 
f   800  1487   956 
f   956   955   800 
f   801   800   955 
f   955  1424   801 
f  1536  1487  1481 
f  1481  1540  1536 
f  1452   768   251 
f   251   250  1452 
f  1452  1617  1618 
f  1618   768  1452 
f   418  1536  1540 
f  1540  1539   418 
f   418  1539   419 
f  1570   419  1539 
f  1539  1538  1570 
f   419  1570  1472 
f  1472  1570  1088 
f  1088  1474  1472 
f  1619  1472  1474 
f  1474  1584  1619 
f   377  1619   374 
f  1511  1528  1525 
f  1525  1510  1511 
f  1528  1511  1512 
f  1516  1528  1512 
f  1512  1501  1516 
f  1501  1500  1513 
f  1513  1516  1501 
f  1476  1578   374 
f   374  1477  1476 
f  1621  1476  1475 
f  1475  1620  1621 
f  1476  1621   746 
f   746  1578  1476 
f  1475  1554   718 
f   718  1620  1475 
f  1379   506  1380 
f  1380  1382  1379 
f  1441  1440  1622 
f  1622  1460  1441 
f   718   717  1623 
f  1623  1620   718 
f  1620  1623  1621 
f  1554  1556   719 
f   719   718  1554 
f  1442  1623   717 
f  1442   717   716 
f   716  1440  1442 
f  1551   714   713 
f   713  1485  1551 
f  1484   714  1551 
f  1551  1550  1484 
f   835  1459  1243 
f  1550   910   909 
f   909   838  1550 
f  1459   835   838 
f   838   909  1459 
f   837  1484  1550 
f  1550   838   837 
f  1458  1459   909 
f   909   908  1458 
f  1459  1458  1244 
f  1622  1483  1484 
f  1484   837  1622 
f  1460  1622   837 
f   837   836  1460 
f  1460   836  1249 
f  1249  1243  1246 
f  1246  1250  1249 
f  1494  1585  1492 
f  1492   946  1494 
f   946  1492   947 
f   712   715   719 
f   719  1556   712 
f  1483   716   719 
f   719   715  1483 
f  1483  1622  1440 
f  1440   716  1483 
f   477   480  1469 
f  1469  1456   477 
f  1253  1456  1469 
f  1469  1251  1253 
f   836   835  1243 
f  1250  1494  1493 
f  1493  1247  1250 
f  1585  1494  1250 
f  1250  1246  1585 
f  1254  1585  1246 
f  1246  1245  1254 
f  1254  1245  1255 
f   374  1619  1477 
f  1477  1619  1584 
f  1583  1478  1477 
f  1477  1584  1583 
f  1554  1478  1583 
f  1583  1582  1554 
f   743  1443  1435 
f  1435   744   743 
f  1623   743   746 
f   746  1621  1623 
f  1443   743  1623 
f  1623  1442  1443 
f  1436  1443  1442 
f  1442  1437  1436 
f  1432   562  1434 
f   565  1455  1434 
f  1434   562   565 
f  1579  1581   125 
f   125  1580  1579 
f  1579   745   744 
f   744  1455  1579 
f  1581  1579  1455 
f  1455   565  1581 
f  1581   565   564 
f   564   126  1581 
f  1577   375   374 
f   374  1578  1577 
f   450   375  1577 
f  1577  1587   450 
f  1577  1580  1587 
f  1587  1580   125 
f   125   124  1587 
f   124   170   757 
f   757   451   124 
f   170   124   123 
f   448   451   757 
f   757   937   448 
f   448   937   933 
f   933   722   448 
f   722  1586   814 
f   813  1472  1619 
f  1619   377   813 
f   813   377   376 
f   376   449   723 
f   723   813   376 
f   758   938   937 
f   937   757   758 
f  1454   938   758 
f   758   899  1454 
f  1454   899   891 
f   936  1586   722 
f   722   933   936 
f  1586   936  1091 
f  1091  1369  1586 
f  1370  1369  1091 
f  1091  1448  1370 
f  1624  1433  1439 
f  1439   913  1624 
f   995  1624   913 
f   913   326   995 
f   996   995   326 
f   326   329   996 
f   998   563  1433 
f  1433  1624   998 
f   998  1624   995 
f   997   996  1479 
f  1479   665   997 
f    38   329   328 
f   328    39    38 
f   329    38   996 
f  1479  1387   330 
f   330   665  1479 
f  1387  1479   782 
f   782   784  1387 
f  1395  1392  1393 
f  1393  1047  1395 
f   570   569  1395 
f  1395  1047   570 
f  1033   467   994 
f   994   467   391 
f   467   740   742 
f   468   392   469 
f   469   392   742 
f   742   392   467 
f   468  1391   392 
f   741   740  1392 
f  1392  1063   741 
f  1063  1392  1394 
f   570   843   568 
f  1095   615  1406 
f  1406   844  1095 
f   793  1095   844 
f  1406   615   614 
f   614  1381  1406 
f  1095   793   748 
f   748   793   749 
f  1625   747   320 
f   320   319  1625 
f   748   747  1625 
f  1625  1094   748 
f   155   381   380 
f   380   617   155 
f   154   364   381 
f   381   155   154 
f   364   154   636 
f   636   365   364 
f  1343  1342   583 
f   583   582  1343 
f   581  1383  1343 
f  1343   582   581 
f  1383   581   580 
f  1120  1383   580 
f   580  1384  1120 
f  1342   365   636 
f   636   583  1342 
f  1345   366   365 
f   365  1342  1345 
f   423   202   425 
f  1573   423  1055 
f   423  1573    92 
f   310   312  1056 
f   312  1495  1056 
f  1626  1574  1056 
f  1056  1495  1626 
f    35  1574  1626 
f  1626    36    35 
f  1606  1626  1495 
f  1495  1572  1606 
f    36  1626  1606 
f  1606  1576    36 
f    36  1576    37 
f   500   681  1608 
f  1608    90    34 
f    34    90    35 
f    92    35    90 
f  1001   845   999 
f  1582  1555  1554 
f  1106   643   644 
f   644  1497  1106 
f  1497   644   755 
f   755  1557  1497 
f  1106  1105  1627 
f  1627   643  1106 
f  1557   755   930 
f   930  1558  1557 
f  1558   930  1496 
f  1496  1568  1558 
f  1568  1496  1552 
f  1552  1569  1568 
f  1569  1552  1555 
f  1555  1582  1569 
f  1562  1382   380 
f   380  1382   617 
f   616   615  1095 
f  1095  1094   616 
f   614   617  1382 
f  1625   156   616 
f   616  1094  1625 
f   157   156  1625 
f  1625   319   157 
f  1059  1430  1464 
f  1562  1430  1379 
f  1379  1382  1562 
f   280  1430  1562 
f  1562   277   280 
f  1464  1430   280 
f  1059  1431  1430 
f  1628  1541   868 
f   868   867  1628 
f  1567  1628   867 
f   867  1566  1567 
f  1628  1398  1399 
f  1399  1541  1628 
f  1400  1398  1628 
f  1628  1567  1400 
f   515  1054  1629 
f  1629  1403   515 
f  1402  1403  1629 
f  1629   983  1402 
f  1054  1389  1630 
f  1630  1629  1054 
f   983  1629  1630 
f  1630   984   983 
f  1630  1386   783 
f   783   984  1630 
f  1389  1388  1386 
f  1386  1630  1389 
f   796  1388  1389 
f  1389   233   796 
f   797   796   233 
f   233   232   797 
f  1303  1280  1172 
f   859   127   286 
f   286   860   859 
f   860   286   285 
f   992   861   860 
f   860   285   992 
f   670   968   971 
f   971   671   670 
f   247   246   669 
f   133   702   248 
f  1329   246   248 
f   248   702  1329 
f  1267  1266  1263 
f  1263  1266  1264 
f  1267  1263  1291 
f  1291  1631  1267 
f  1171  1268  1267 
f  1267  1631  1171 
f  1268  1171  1170 
f  1296  1632  1187 
f  1187  1190  1296 
f  1632  1296  1264 
f  1266  1265  1187 
f  1187  1632  1266 
f  1266  1632  1264 
f  1633  1634   561 
f   561   560  1633 
f  1635  1633   560 
f   560  1067  1635 
f  1636  1635  1067 
f  1067  1066  1636 
f  1637  1636  1066 
f  1066   858  1637 
f  1638  1639  1640 
f  1641  1639  1638 
f  1638   777  1641 
f  1642  1641   777 
f   777  1284  1642 
f  1643  1642  1284 
f  1284  1287  1643 
f  1644  1643  1287 
f  1287  1282  1644 
f  1645  1644  1282 
f  1282  1280  1645 
f  1646  1645  1280 
f  1280  1303  1646 
f  1647  1646  1303 
f  1303  1171  1647 
f  1648  1647  1171 
f  1171  1631  1648 
f  1649  1648  1631 
f  1631  1291  1649 
f  1650  1649  1291 
f  1291  1173  1650 
f  1651  1650  1173 
f  1173   941  1651 
f  1652  1651   941 
f   941   940  1652 
f  1634  1652   940 
f   940   561  1634 
f  1639  1653  1654 
f  1655  1653  1639 
f  1639  1641  1655 
f  1656  1655  1641 
f  1641  1642  1656 
f  1657  1656  1642 
f  1642  1643  1657 
f  1658  1657  1643 
f  1643  1644  1658 
f  1659  1658  1644 
f  1644  1645  1659 
f  1660  1659  1645 
f  1645  1646  1660 
f  1661  1660  1646 
f  1646  1647  1661 
f  1654  1653  1662 
f  1653  1655  1662 
f  1655  1656  1663 
f  1664  1663  1656 
f  1656  1657  1664 
f  1665  1664  1657 
f  1657  1658  1665 
f  1666  1665  1658 
f  1658  1659  1666 
f  1667  1666  1659 
f  1659  1660  1667 
f  1668  1667  1660 
f  1660  1661  1668 
f  1669  1670  1634 
f  1634  1633  1669 
f  1671  1669  1633 
f  1633  1635  1671 
f  1672  1671  1635 
f  1635  1636  1672 
f  1673  1672  1636 
f  1636  1637  1673 
f  1674  1661  1647 
f  1647  1648  1674 
f  1675  1674  1648 
f  1648  1649  1675 
f  1676  1675  1649 
f  1649  1650  1676 
f  1677  1676  1650 
f  1650  1651  1677 
f  1678  1677  1651 
f  1651  1652  1678 
f  1670  1678  1652 
f  1652  1634  1670 
f  1679  1680  1670 
f  1670  1669  1679 
f  1681  1679  1669 
f  1669  1671  1681 
f  1682  1681  1671 
f  1671  1672  1682 
f  1683  1682  1672 
f  1672  1673  1683 
f  1684  1668  1661 
f  1661  1674  1684 
f  1685  1684  1674 
f  1674  1675  1685 
f  1686  1685  1675 
f  1675  1676  1686 
f  1687  1686  1676 
f  1676  1677  1687 
f  1688  1687  1677 
f  1677  1678  1688 
f  1680  1688  1678 
f  1678  1670  1680 
f  1307  1689   858 
f   858   861  1307 
f  1640  1637   858 
f   858  1689  1640 
f  1673  1654  1662 
f  1662  1683  1673 
f  1654  1673  1637 
f  1637  1640  1654 
f  1065   859   858 
f   858  1066  1065 
f   859  1065   127 
f  1640  1689  1638 
f  1307   993   775 
f   777  1638   775 
f   775  1638  1689 
f   775  1689  1307 
f  1654  1640  1639 
f  1690  1691  1682 
f  1682  1683  1690 
f  1692  1690  1683 
f  1683  1662  1692 
f  1692  1662  1655 
f  1682  1691  1681 
f  1693  1694  1691 
f  1691  1690  1693 
f  1695  1693  1690 
f  1690  1692  1695 
f  1696  1695  1692 
f  1692  1655  1696 
f  1694  1697  1681 
f  1681  1691  1694 
f  1696  1655  1663 
f  1698  1679  1681 
f  1681  1697  1698 
f   527   771   542 
f   571   366  1345 
f  1345   728   571 
f   368   728  1345 
f  1345  1344   368 
f   280   279   846 
f   846  1464   280 
f  1464   846  1060 
f   572   920  1060 
f  1060   846   572 
f   228   387   810 
f   810  1699   228 
f   240   239  1426 
f  1426  1700   240 
f   397   503   120 
f   120   119   397 
f   707   341  1701 
f  1701  1422   707 
f   801  1424  1616 
f  1616  1702   801 
f  7921  1597  1703 
f  1703  1704  7921 
f   122   121   490 
f   490   207   122 
f   484   643  1627 
f  1627  1705   484 
f   766   240  1700 
f  1700  1615   766 
f  1598   917  1195 
f  1195  1706  1598 
f   481   484  1705 
f  1705  1707   481 
f  1468  1708  1607 
f  1607  1563  1468 
f   960   481  1707 
f  1707  1709   960 
f  1236  1233  1710 
f  1710  1711  1236 
f  1543  1612  1547 
f  1547  1544  1543 
f  1469   480  1712 
f  1712  1470  1469 
f   641   801  1702 
f  1702  1034   641 
f  1103   642  1035 
f  1035  1104  1103 
f  7903   166   694 
f   694   693  7903 
f  1220    96  7916 
f   167  7904  7922 
f  7922  1163   167 
f  7918  1315   666 
f   666   668  7918 
f  7915   952   110 
f   110  7902  7915 
f  7910  1314  7919 
f  1408  1407   528 
f   528  7911  1408 
f   973   972  1408 
f  7910   527  1314 
f   695  1412  1073 
f  1073   692   695 
f  1073  1412  1414 
f  1414  1074  1073 
f  1074  1414  1416 
f  1416   878  1074 
f  1071  1375  1713 
f  1713  1072  1071 
f  1072  1713   553 
f   974   553   316 
f  1713  1375   313 
f   313   316  1713 
f   832  1014  7923 
f  7923   829   832 
f  7923  7924   135 
f   135   829  7923 
f  7902   111  1163 
f  1163  7922  7902 
f  1078   447   443 
f   443   439  1078 
f   848  1376  1020 
f  1314   903  1221 
f   902   414   297 
f   297   296   667 
f   667   666   297 
f   667   296   537 
f   527   542  1314 
f  1314  1221  1315 
f  1315  1221   666 
f   297  1221   902 
f   902  1221   903 
f   553  1713   316 
f   553   974  7906 
f    18    21    10 
f    10     2    18 
f    21   876    11 
f    11    10    21 
f     9    12    29 
f   433   979    29 
f    17    16  4832 
f  4935     4    17 
f    17  4832  4935 
f  4833    23    22 
f    22  4975  4833 
f     7     5     4 
f     4  4935     7 
f  5017     1     8 
f     8  5018  5017 
f     2  5031  4670 
f  4670    18     2 
f   426   149   965 
f   965  1592   426 
f  1592   965   967 
f   967  1597  1592 
f  1597   967  1714 
f  1714  1703  1597 
f  1595   876    21 
f    21    20  1595 
f   977   688    45 
f    45  1061   977 
f   967   966  1596 
f  1596  1714   967 
f   480   479  1715 
f  1715  1712   480 
f   479   960  1709 
f  1709  1715   479 
f   218   138   137 
f   137   219   218 
f  1233  1232  1423 
f  1423  1710  1233 
f  1237  1236  1711 
f  1711  1425  1237 
f   194  1546  1549 
f  1549   195   194 
f    44   456  1491 
f  1491  1061    44 
f   229   228  1699 
f  1699  1716   229 
f   543   229  1716 
f  1716  1717   543 
f  1452   543  1717 
f  1717  1617  1452 
f  1701   341   344 
f   344   978  1701 
f  1609  1004   736 
f   736  1614  1609 
f   136   135  7924 
f  7924  1718   136 
f   400   399  1025 
f  1025  1208   400 
f  1708  1468   193 
f   193   196  1708 
f  1491   492   491 
f  1023  1022  1598 
f  1598  1706  1023 
f  1613   550   549 
f   549  1561  1613 
f  1194   919   221 
f   221   220  1194 
f   906   401   768 
f   768  1618   906 
f    19    18  4670 
f  4670  1719    19 
f  1529  1530  1531 
f  1531  1532  1533 
f  1529  1531  1533 
f  1533  1534  1535 
f  1535  1527  1526 
f  1533  1535  1526 
f  1529  1533  1526 
f  1529  1526  1515 
f  1514  1529  1515 
f  1722  1723  1720 
f  1720  1721  1722 
f  1724  1725  1726 
f  1729  1730  1727 
f  1727  1728  1729 
f  1733  1734  1731 
f  1731  1732  1733 
f  1735  1349  1736 
f  1737  1738  1739 
f  1739  1740  1737 
f  1743  1744  1741 
f  1741  1742  1743 
f  1745  1724  1726 
f  1748  1749  1746 
f  1746  1747  1748 
f  1751  1752  1753 
f  1753  1750  1751 
f  1742  1756  1754 
f  1754  1755  1742 
f  1757  1758  1735 
f  1759  1760  1761 
f  1762  1763    72 
f    72   827  1762 
f  1766  1767  1764 
f  1764  1765  1766 
f   882  1356  1768 
f  1768  1769   882 
f  1772  1773  1770 
f  1770  1771  1772 
f  1776  1777  1774 
f  1774  1775  1776 
f  1767  1766  1778 
f  1778  1779  1767 
f  1782  1783  1780 
f  1780  1781  1782 
f  1784  1785  1786 
f  1786  1787  1784 
f  1790  1791  1788 
f  1788  1789  1790 
f  1794  1795  1792 
f  1792  1793  1794 
f  1753  1798  1796 
f  1796  1797  1753 
f  1799  1800  1801 
f  1802  1727  1803 
f  1806  1807  1804 
f  1804  1805  1806 
f  1810  1811  1808 
f  1808  1809  1810 
f  1814  1815  1812 
f  1812  1813  1814 
f  1730  1729  1816 
f  1819  1820  1817 
f  1817  1818  1819 
f  1823  1824  1821 
f  1821  1822  1823 
f  1826  1827  1828 
f  1828  1825  1826 
f  1829  1830  1758 
f  1758  1757  1829 
f  1833  1834  1831 
f  1831  1832  1833 
f  1835  1836  1837 
f  1755  1838  1743 
f  1743  1742  1755 
f  1839  1729  1728 
f  1752  1842  1840 
f  1840  1841  1752 
f  1843  1844  1845 
f  1845  1846  1843 
f    98  1847  1823 
f  1823  1822    98 
f   882  1769  1848 
f  1848   881   882 
f  1803  1850  1849 
f  1849  1802  1803 
f  1852  1770  1773 
f  1773  1851  1852 
f  1853  1854  1855 
f  1855  1856  1853 
f  1858  1859  1739 
f  1739  1857  1858 
f  1862  1863  1860 
f  1860  1861  1862 
f  1865  1767  1779 
f  1779  1864  1865 
f  1866  1763  1865 
f  1868  1869  1870 
f  1870  1867  1868 
f  1852  1873  1871 
f  1871  1872  1852 
f  1876  1877  1874 
f  1874  1875  1876 
f   151   897  1878 
f  1799  1801  1879 
f  1879  1842  1799 
f  1735  1758  1878 
f  1878  1350  1735 
f  1882  1883  1880 
f  1880  1881  1882 
f  1886  1887  1884 
f  1884  1885  1886 
f  1890  1891  1888 
f  1888  1889  1890 
f  1728  1892  1839 
f  1721  1894  1893 
f  1893  1722  1721 
f  1732  1896  1895 
f  1895  1733  1732 
f  1725  1898  1754 
f  1754  1897  1725 
f  1835  1755  1754 
f  1754  1898  1835 
f  1901  1902  1899 
f  1899  1900  1901 
f  1794  1793  1720 
f  1720  1723  1794 
f  1905  1906  1903 
f  1903  1904  1905 
f  1870  1909  1907 
f  1907  1908  1870 
f  1912  1913  1910 
f  1910  1911  1912 
f  1799  1842  1752 
f  1752  1751  1799 
f  1915  1916  1778 
f  1778  1914  1915 
f  1918  1791  1790 
f  1790  1917  1918 
f  1007  1920  1919 
f  1919  1328  1007 
f  1921  1922  1923 
f  1923  1924  1921 
f  1926  1927  1854 
f  1854  1925  1926 
f  1805  1838  1835 
f  1835  1837  1805 
f  1929  1930  1836 
f  1836  1928  1929 
f  1851  1773  1776 
f  1776  1775  1851 
f  1888  1891  1931 
f  1931  1932  1888 
f  1933  1934  1935 
f  1935  1936  1933 
f  1937  1837  1836 
f  1836  1930  1937 
f  1939  1940  1867 
f  1867  1938  1939 
f  1794  1723  1941 
f  1941  1942  1794 
f  1743  1804  1873 
f  1873  1744  1743 
f  1943  1779  1778 
f  1778  1916  1943 
f  1806  1805  1837 
f  1741  1774  1944 
f  1944  1774  1945 
f  1945  1946  1944 
f  1734  1733  1948 
f  1948  1947  1734 
f  1915  1857  1739 
f  1949  1730  1816 
f  1950  1948  1733 
f  1733  1895  1950 
f  1843  1951  1747 
f  1747  1746  1843 
f  1912  1941  1952 
f  1952  1882  1912 
f  1722  1893  1952 
f  1953  1954  1955 
f  1958  1731  1956 
f  1956  1957  1958 
f  1910  1959  1377 
f  1377  1919  1910 
f  1962  1963  1960 
f  1960  1961  1962 
f  1953  1966  1964 
f  1964  1965  1953 
f  1772  1968  1812 
f  1812  1967  1772 
f  1748  1847    98 
f    98   618  1748 
f  1969  1748   618 
f   618  1341  1969 
f  1735  1350  1349 
f  1808  1793  1970 
f  1970  1809  1808 
f  1920   304  1795 
f  1942  1911  1919 
f  1919  1920  1942 
f  1971  1972  1973 
f  1798  1841  1964 
f  1964  1974  1798 
f  1738  1826  1916 
f  1916  1915  1738 
f  1976  1746  1749 
f  1749  1975  1976 
f  1979  1980  1977 
f  1977  1978  1979 
f  1945  1889  1888 
f  1888  1981  1945 
f  1877  1983  1982 
f  1982  1874  1877 
f  1958  1957  1762 
f  1762  1984  1958 
f   826  1102  1801 
f  1801  1985   826 
f  1879  1801  1102 
f  1988  1989  1986 
f  1986  1987  1988 
f  1102    62  1990 
f  1990  1879  1102 
f  1906  1993  1991 
f  1991  1992  1906 
f  1871  1873  1804 
f  1804  1807  1871 
f  1873  1852  1851 
f  1851  1744  1873 
f  1891  1995  1994 
f  1994  1931  1891 
f  1890  1996  1995 
f  1995  1891  1890 
f  1765  1764  1762 
f  1762  1957  1765 
f  1997  1998  1894 
f  1894  1721  1997 
f  1828  1829  1757 
f  1757  1825  1828 
f  1898  1725  1724 
f  1724  1928  1898 
f  1999  1816  1729 
f  1729  1839  1999 
f  2002  2003  2000 
f  2000  2001  2002 
f  2005  1986  1989 
f  1989  2004  2005 
f  1918  1917  1901 
f  1901  1900  1918 
f  1722  1952  1941 
f  1941  1723  1722 
f  1936  1935  2006 
f  1802  1900  1899 
f  2007  1997  1721 
f  1916  1826  1825 
f  1825  1943  1916 
f  1007   305  1920 
f  2008  2009  1849 
f  1849  1850  2008 
f  1772  1967  1776 
f  1776  1773  1772 
f  1875  1874  1846 
f  1846  1845  1875 
f  1942  1920  1795 
f  1795  1794  1942 
f  2012  2013  2010 
f  2010  2011  2012 
f  1846  2014  1951 
f  1951  1843  1846 
f  2017  2018  2015 
f  2015  2016  2017 
f   304  1920   305 
f  1835  1898  1928 
f  1928  1836  1835 
f  1966  2019  1974 
f  1974  1964  1966 
f  2020  2021  2022 
f  1985  1984   827 
f   827   826  1985 
f  1793  1808  1720 
f  2023  1927  2024 
f  2024  2025  2023 
f  2026  2027  1877 
f  1877  1876  2026 
f  1839  1892  2028 
f  2028  2029  1839 
f  1928  1724  1745 
f  1745  1929  1928 
f  1958  2030  1732 
f  1732  1731  1958 
f  1942  1941  1912 
f  1912  1911  1942 
f  1766  1925  1914 
f  1914  1778  1766 
f  2031  1943  1825 
f  1825  1757  2031 
f  1981  2032  1946 
f  1946  1945  1981 
f  1926  1765  1957 
f  1957  1956  1926 
f  1995  2034  2033 
f  2033  1994  1995 
f  2004  1989  1790 
f  1790  1789  2004 
f  2035  1954  1953 
f  1953  1965  2035 
f    72  1763  1866 
f  1866  1346    72 
f  2021  2036  1819 
f  1819  2012  2021 
f  1800  2030  1985 
f  1792  1970  1793 
f  1908  1938  1867 
f  1867  1870  1908 
f  1922  1921  2038 
f  2038  2037  1922 
f  1945  1774  1777 
f  1777  2039  1945 
f  1767  1865  1763 
f  1763  1764  1767 
f  1755  1835  1838 
f  1912  1882  1881 
f  1881  1913  1912 
f  1805  1804  1743 
f  1743  1838  1805 
f  2010  1907  1909 
f  1909  2011  2010 
f  1802  1849  1918 
f  1918  1900  1802 
f  1878   897  1350 
f  1937  1859  1858 
f  1866  1736  1349 
f  1349  1346  1866 
f  2040  1863  1376 
f  1376   881  2040 
f  1919  1377  1328 
f  1919  1911  1910 
f  1874  1982  2014 
f  2014  1846  1874 
f  1821  1824  2003 
f  2003  2002  1821 
f  1990    62  2035 
f    62    63  1954 
f  1954  2035    62 
f  1954    63  1955 
f  1976  1844  1843 
f  1843  1746  1976 
f  1786  2041  2042 
f  2042  1787  1786 
f  2043  2029  2028 
f  2028  2044  2043 
f  2045  2034  1995 
f  1995  1996  2045 
f  1777  2047  2046 
f  2046  2039  1777 
f  2048  2049  1815 
f  1815  1814  2048 
f  1967  1812  1815 
f  1815  2047  1967 
f  1777  1776  1967 
f  1967  2047  1777 
f  2049  2046  2047 
f  2047  1815  2049 
f  1842  1879  1990 
f  1990  1840  1842 
f  1732  2030  1800 
f  1800  1896  1732 
f  1927  1926  1956 
f  1956  2024  1927 
f  1731  1734  2024 
f  2024  1956  1731 
f  2024  1734  1947 
f  1947  2025  2024 
f  1896  1751  1750 
f  1750  1895  1896 
f  1770  1852  1872 
f  1872  1760  1770 
f  1774  1741  1775 
f  1851  1775  1741 
f  1741  1744  1851 
f  2038  1936  1820 
f  1820  2050  2038 
f  2051  1897  1754 
f  1754  1756  2051 
f  1832  1831  1971 
f  1971  2013  1832 
f  1799  1751  1896 
f  1896  1800  1799 
f  1968  1772  1771 
f  1771  2052  1968 
f  1814  1813  2053 
f  2053  2054  1814 
f  2033  2034  2055 
f  2055  2056  2033 
f  2034  2045  2057 
f  2057  2055  2034 
f  2048  1814  2054 
f  2054  2058  2048 
f  2061  2062  2059 
f  2059  2060  2061 
f  2054  2053  2063 
f  2063  2064  2054 
f  2056  2055  2065 
f  2065  2066  2056 
f  2055  2057  2067 
f  2067  2065  2055 
f  2058  2054  2064 
f  2064  2068  2058 
f  2069  2070  2071 
f  1983  1877  2027 
f  2027  2072  1983 
f  2073  2074  2001 
f  2001  2000  2073 
f  2075  2074  2064 
f  2064  2063  2075 
f  2072  2027  2065 
f  2065  2067  2072 
f  2074  2073  2068 
f  2068  2064  2074 
f  2069  2060  2059 
f  2059  2076  2069 
f  2027  2026  2066 
f  2066  2065  2027 
f  1855  1806  1837 
f  1837  2077  1855 
f  1914  1925  1854 
f  1854  1853  1914 
f  1765  1926  1925 
f  1925  1766  1765 
f  1736  2031  1757 
f  1757  1735  1736 
f  2031  1736  1864 
f  1736  1866  1865 
f  1865  1864  1736 
f  1762   827  1984 
f  1952  1893  1883 
f  1883  1882  1952 
f  2078  2060  2069 
f  2078  2080  2079 
f  2079  2060  2078 
f  2080  2082  2081 
f  2081  2079  2080 
f  2082  1968  2052 
f  2052  2081  2082 
f  2085  2086  2083 
f  2083  2084  2085 
f  2084  2083  1904 
f  1904  2087  2084 
f  1904  1903  2088 
f  2088  2087  1904 
f  2088  1903  2089 
f  2089  2090  2088 
f  2089  2092  2091 
f  2091  2090  2089 
f  2063  2078  2075 
f  2063  2053  2080 
f  2080  2078  2063 
f  2053  1813  2082 
f  2082  2080  2053 
f  2082  1813  1812 
f  1812  1968  2082 
f  2093  2094  2095 
f  2096  2097  1977 
f  1977  1980  2096 
f  1748  1969  2098 
f  2098  1749  1748 
f  1960  2100  2099 
f  2099  1961  1960 
f  1975  1749  2098 
f  2098  2101  1975 
f  2104  2105  2102 
f  2102  2103  2104 
f  1864  1779  1943 
f  1943  2031  1864 
f  1971  1831  1972 
f  1834  1802  1899 
f  1902  1831  1834 
f  1834  1899  1902 
f  2106  2107  1728 
f  1728  1833  2106 
f  2009  1791  1918 
f  1918  1849  2009 
f  1802  1834  1727 
f  1834  1833  1728 
f  1728  1727  1834 
f  1917  1790  1989 
f  1989  1988  1917 
f  1901  1917  1988 
f  1988  2108  1901 
f  2022  2011  1909 
f  1909  2109  2022 
f  2091  2092  2110 
f  2110  2111  2091 
f  2111  2110  2112 
f  1870  1869  2109 
f  2109  1909  1870 
f  1770  1760  1759 
f  1759  1771  1770 
f  1759  2113  2052 
f  2052  1771  1759 
f  2114  2081  2052 
f  2052  2113  2114 
f  2114  2061  2079 
f  2079  2081  2114 
f  2079  2061  2060 
f  1827  1826  1738 
f  1738  1737  1827 
f  1811  2007  1808 
f  1720  1808  2007 
f  2007  1721  1720 
f  1868  1867  2115 
f  2116  2117  1886 
f  1886  1885  2116 
f  2108  1988  1987 
f  1987  2118  2108 
f  1972  2108  2118 
f  2118  1973  1972 
f  1782  1781  2119 
f  1953  1955  7925 
f  7925  1966  1953 
f  1858  1837  1937 
f  2009  2120  1788 
f  1788  1791  2009 
f  1887  2121  2109 
f  2109  1884  1887 
f  1745  1880  1883 
f  1883  1929  1745 
f  1883  1893  1930 
f  1930  1929  1883 
f  1930  1893  1894 
f  1894  1937  1930 
f  1888  1932  2122 
f  2122  1981  1888 
f  2123  2124  1897 
f  1897  2051  2123 
f  2124  2020  1725 
f  1725  1897  2124 
f  2121  2020  2022 
f  2127  2128  2125 
f  2125  2126  2127 
f  2129  2130  2131 
f  2129  2131  1862 
f  1862  1861  2129 
f  2132  2097  2133 
f  2134  2135  2136 
f  2139  2140  2137 
f  2137  2138  2139 
f  2138  2142  2141 
f  2141  2139  2138 
f  2143  2142  1589 
f  2146  2147  2144 
f  2144  2145  2146 
f  1077  1020  1862 
f  1862  2131  1077 
f  2131  2130  1588 
f  1588  1077  2131 
f  1934  1933  2148 
f  2148  2149  1934 
f  2149  2148  2126 
f  2126  2125  2149 
f  2150  1999  1839 
f  2128  2127  2151 
f  2151  2152  2128 
f  1819  2036  2050 
f  2050  1820  1819 
f  2112  2123  2051 
f  2051  2032  2112 
f  2032  2051  1756 
f  1756  1946  2032 
f  1946  1756  1742 
f  1742  1944  1946 
f  1944  1742  1741 
f  1833  1832  2106 
f  1820  1936  2006 
f  2006  1817  1820 
f  1991  2153  2154 
f  2154  1992  1991 
f  1971  2010  2013 
f  2037  2050  2112 
f  2112  2155  2037 
f  2154  2153  2037 
f  2037  2155  2154 
f  1783  2157  2156 
f  2156  1780  1783 
f  2156  2157  2158 
f  2158  2159  2156 
f  1936  2038  2160 
f  2160  2161  1936 
f  2050  2037  2038 
f  2085  2163  2162 
f  2162  2086  2085 
f  1924  1923  2164 
f  2164  2165  1924 
f  2167  2168  2166 
f  2166  1782  2167 
f  2166  1783  1782 
f  2165  2164  2169 
f  2169  2170  2165 
f  2171  2172  2166 
f  2166  2168  2171 
f  1905  2173  1993 
f  1993  1906  1905 
f  1783  2166  2172 
f  2172  2157  1783 
f  2128  2145  2125 
f  2125  2145  2174 
f  2174  2149  2125 
f  2149  2174  2175 
f  2175  1934  2149 
f  1934  2175  2176 
f  2176  1935  1934 
f  2107  2006  1935 
f  1935  2176  2107 
f  2107  2106  1817 
f  1817  2006  2107 
f  2106  1832  1818 
f  1818  1817  2106 
f  2170  2169  2177 
f  2177  2178  2170 
f  2172  2171  2179 
f  2179  2180  2172 
f  2172  2180  2157 
f  2182  2181  2178 
f  2178  2177  2182 
f  2183  2180  2179 
f  2186  2187  2184 
f  2184  2185  2186 
f  2188  2189  2190 
f  2193  2194  2191 
f  2191  2192  2193 
f  2134  2197  2195 
f  2195  2196  2134 
f  2200  2201  2198 
f  2198  2199  2200 
f  2196  2195  2202 
f  2202  2203  2196 
f  2199  2198  2204 
f  2205  2206  2140 
f  2101  2207  2133 
f  2133  1975  2101 
f  1975  2133  2097 
f  2097  1976  1975 
f  1588  2130  2208 
f  2208  2143  1589 
f  1589  1588  2208 
f  2100  1960  2139 
f  2139  2141  2100 
f  1960  2209  2140 
f  2140  2139  1960 
f  2210  2104  2103 
f  2203  2205  2211 
f  2211  2212  2203 
f  2214  2215  2213 
f  2213  2207  2214 
f  2205  2203  2202 
f  2202  2206  2205 
f  2216  2211  2205 
f  2217  2196  2203 
f  2203  2212  2217 
f  2096  1980  2218 
f  2218  2219  2096 
f  1980  1979  2220 
f  2220  2218  1980 
f  1976  2097  2094 
f  2094  1844  1976 
f  2220  2188  2218 
f  2219  2218  2192 
f  2192  2191  2219 
f  1905  1904  2083 
f  2083  2221  1905 
f  2015  2018  2093 
f  2093  2095  2015 
f  2094  2096  2219 
f  2219  2095  2094 
f  2095  2219  2191 
f  2191  2015  2095 
f  2015  2191  2016 
f  2194  2162  2016 
f  2016  2191  2194 
f  2186  2185  2086 
f  2086  2162  2186 
f  2017  2016  2162 
f  2162  2163  2017 
f  2157  2180  2222 
f  2222  2158  2157 
f  2207  2213  2223 
f  2204  2198  2224 
f  2224  2225  2204 
f  2198  2201  2226 
f  2226  2224  2198 
f  2226  2201  2158 
f  2158  2222  2226 
f  2159  2158  2201 
f  2201  2200  2159 
f  2152  2151  2197 
f  2197  2134  2152 
f  2227  1963  2228 
f  2228  1963  2104 
f  1962  2105  2104 
f  2104  1963  1962 
f  2180  2183  2229 
f  2229  2222  2180 
f  2220  2226  2222 
f  2222  2229  2220 
f  2226  2220  1979 
f  1979  2224  2226 
f  1979  1978  2225 
f  2225  2224  1979 
f  2223  2132  2133 
f  2133  2207  2223 
f  2214  2207  2101 
f  2101  2137  2214 
f  2101  2098  2138 
f  2138  2137  2101 
f  2138  2098  1969 
f  1969  2142  2138 
f  1969  1341  1589 
f  1589  2142  1969 
f  1726  2230  1880 
f  1880  1745  1726 
f  1880  2230  2231 
f  2231  1881  1880 
f  1881  2231  2232 
f  2232  1913  1881 
f  1913  2232  1959 
f  1959  1910  1913 
f  2128  2152  2146 
f  2146  2145  2128 
f  2146  2152  2134 
f  2096  2094  2097 
f  2132  1977  2097 
f  1977  2132  1978 
f  1978  2132  2223 
f  2223  2225  1978 
f  2225  2223  2213 
f  2213  2204  2225 
f  2204  2213  2215 
f  2215  2199  2204 
f  2196  2135  2134 
f  1960  1963  2209 
f  2227  2233  2216 
f  2233  2227  2228 
f  2228  2234  2233 
f  2234  2228  2210 
f  2120  2009  2008 
f  2008  2235  2120 
f  2211  2216  2233 
f  2044  2236  2237 
f  2237  2043  2044 
f  2237  2236  2238 
f  2238  2239  2237 
f  2241  2242  2243 
f  2243  2240  2241 
f  2217  2241  2240 
f  2211  2233  2234 
f  2234  2212  2211 
f  2212  2234  2210 
f  2210  2217  2212 
f  2216  2205  2140 
f  1963  2227  2216 
f  2216  2209  1963 
f  1962  1961  2244 
f  2244  2245  1962 
f  2105  1962  2245 
f  2245  2246  2105 
f  2245  2244  2041 
f  2041  1786  2245 
f  2246  2245  1786 
f  1786  1785  2246 
f  2105  2246  2247 
f  2247  2102  2105 
f  2247  2246  1785 
f  1818  1832  2013 
f  2021  2012  2022 
f  1818  2013  2012 
f  2012  1819  1818 
f  2143  2208  2248 
f  2208  2130  2249 
f  2249  2248  2208 
f  2142  2143  2141 
f  2141  2143  2248 
f  2248  2100  2141 
f  2100  2248  2249 
f  2249  2250  2100 
f  2100  2250  2099 
f  1961  2099  2251 
f  2251  2244  1961 
f  2099  2250  2252 
f  2252  2251  2099 
f  2244  2251  2253 
f  2253  2041  2244 
f  2251  2252  2254 
f  2254  2253  2251 
f  2041  2253  2256 
f  2256  2255  2041 
f  2042  2041  2255 
f  1763  1762  1764 
f  1830  2257  1878 
f  1878  1758  1830 
f  2214  2137  2206 
f  2258  2259  2260 
f  2260  2161  2258 
f  2261  2262  2260 
f  2260  2259  2261 
f  2262  2261  2263 
f  2263  2264  2262 
f  2264  2263  2265 
f  2265  2266  2264 
f  2197  2200  2199 
f  2199  2195  2197 
f  2202  2215  2214 
f  2214  2206  2202 
f  2200  2197  2266 
f  2266  2265  2200 
f  2195  2199  2215 
f  2215  2202  2195 
f  1863  2268  2269 
f  2269  2267  1863 
f  1861  1860  2270 
f  2270  2271  1861 
f  2129  1861  2271 
f  2271  2272  2129 
f  1860  2267  2273 
f  2273  2270  1860 
f  2271  2270  2274 
f  2274  2275  2271 
f  2272  2271  2275 
f  2275  2276  2272 
f  2270  2273  2277 
f  2277  2274  2270 
f  2275  2274  2278 
f  2278  2279  2275 
f  2276  2275  2279 
f  2279  2280  2276 
f  2274  2277  2281 
f  2281  2278  2274 
f  2130  2129  2282 
f  2282  2249  2130 
f  2129  2272  2282 
f  2272  2276  2282 
f  2282  2276  2280 
f  2280  2283  2282 
f  2249  2282  2283 
f  2283  2250  2249 
f  2284  2283  2280 
f  2285  2254  2252 
f  2250  2283  2284 
f  2284  2252  2250 
f  2286  2285  2284 
f  2269  2268  2287 
f  2287  2288  2269 
f  2287  2289  2290 
f  2290  2288  2287 
f  2289  2291  2290 
f  2040  1848  2292 
f  2292  2268  2040 
f  2289  2293  2291 
f  1986  2005  1939 
f  1939  1938  1986 
f  2116  1769  1768 
f  1768  2117  2116 
f  2115  2294  1769 
f  1769  2116  2115 
f  1940  1939  2295 
f  2295  2296  1940 
f  1769  2294  2292 
f  2292  1848  1769 
f  2289  2292  2297 
f  1863  2040  2268 
f  2123  2036  2021 
f  2021  2124  2123 
f  2123  2112  2050 
f  2050  2036  2123 
f  2162  2194  2186 
f  2083  2086  2185 
f  2185  2221  2083 
f  2185  2184  2298 
f  2298  2221  2185 
f  1905  2221  2298 
f  2298  2173  1905 
f  2194  2193  2187 
f  2187  2186  2194 
f  2181  2182  2190 
f  2190  2189  2181 
f  1727  1730  1803 
f  1803  1730  1850 
f  2299  2008  1850 
f  1850  1730  2299 
f  2299  2300  2235 
f  2235  2008  2299 
f  2300  2301  2253 
f  2253  2254  2300 
f  2253  2301  2256 
f  2299  1730  1949 
f  1939  2005  2302 
f  2302  2295  1939 
f  2004  1789  2303 
f  2303  2304  2004 
f  1789  1788  2305 
f  2305  2303  1789 
f  1788  2120  2306 
f  2306  2305  1788 
f  2285  2307  2254 
f  2235  2308  2306 
f  2306  2120  2235 
f  2307  2308  2300 
f  2302  2309  2295 
f  2303  2311  2310 
f  2310  2304  2303 
f  2303  2305  2312 
f  2312  2311  2303 
f  2306  2313  2312 
f  2312  2305  2306 
f  2315  2307  2285 
f  2285  2314  2315 
f  2306  2308  2315 
f  2315  2313  2306 
f  2308  2307  2315 
f  2316  2295  2309 
f  2311  2318  2317 
f  2317  2310  2311 
f  2312  2319  2318 
f  2318  2311  2312 
f  2320  2321  2322 
f  2315  2323  2324 
f  2279  2278  2325 
f  2325  2326  2279 
f  2280  2279  2326 
f  2326  2327  2280 
f  2278  2281  2328 
f  2328  2329  2278 
f  2329  2325  2278 
f  2281  2291  2328 
f  2291  2293  2328 
f  2330  2328  2293 
f  2326  2325  2331 
f  2327  2326  2322 
f  2329  2328  2332 
f  2333  2331  2325 
f  2334  2332  2335 
f  2322  2336  2320 
f  2334  2336  2331 
f  2331  2333  2334 
f  2326  2331  2322 
f  2285  2286  2321 
f  2321  2327  2322 
f  2285  2252  2284 
f  2316  2293  2289 
f  2289  2297  2316 
f  2338  2339  2330 
f  2330  2337  2338 
f  2340  2338  2337 
f  2340  2302  2304 
f  2304  2310  2340 
f  2304  2302  2005 
f  2005  2004  2304 
f  2319  2312  2313 
f  2313  2341  2319 
f  2331  2336  2322 
f  2343  2344  2345 
f  2345  2342  2343 
f  2318  2319  2342 
f  2342  2346  2318 
f  2319  2341  2343 
f  2343  2342  2319 
f  2343  2324  2323 
f  2323  2347  2343 
f  2320  2336  2344 
f  2344  2347  2320 
f  2336  2334  2345 
f  2345  2344  2336 
f  2334  2335  2348 
f  2348  2345  2334 
f  2335  2317  2346 
f  2346  2348  2335 
f  2346  2317  2318 
f  1726  2020  2121 
f  1726  2121  1887 
f  1887  2230  1726 
f  2230  1887  1886 
f  1886  2231  2230 
f  2231  1886  2117 
f  2117  2232  2231 
f  2232  2117  1768 
f  1768  1959  2232 
f  1768  1356  1377 
f  1377  1959  1768 
f  1840  1990  2035 
f  2035  1965  1840 
f  1966  7925  2349 
f  2349  2019  1966 
f  1738  1915  1739 
f    99  1822  2350 
f  2350  1048    99 
f  1747  1847  1748 
f  1889  1945  2039 
f  2014  1824  1823 
f  1823  1951  2014 
f  1951  1823  1847 
f  1847  1747  1951 
f  2046  1890  1889 
f  1889  2039  2046 
f  2003  1982  1983 
f  1983  2000  2003 
f  2049  1996  1890 
f  1890  2046  2049 
f  1824  2014  1982 
f  1982  2003  1824 
f  2048  2045  1996 
f  1996  2049  2048 
f  2058  2057  2045 
f  2045  2048  2058 
f  2068  2067  2057 
f  2057  2058  2068 
f  2000  1983  2072 
f  2072  2073  2000 
f  2073  2072  2067 
f  2067  2068  2073 
f    99    98  1822 
f  1798  1974  2062 
f  2062  1796  1798 
f  2076  2349  7926 
f  7926  2070  2076 
f  2351  7927  2352 
f  2352  2353  2002 
f  2351  2352  2002 
f  2062  1974  2019 
f  2019  2059  2062 
f  1822  1821  2350 
f  2350  1821  2002 
f  2002  2353  2350 
f  7927  2351  2070 
f  2070  7926  7927 
f  2349  2076  2059 
f  2059  2019  2349 
f  1965  1964  1841 
f  1841  1840  1965 
f  1841  1798  1753 
f  1753  1752  1841 
f  2114  1796  2062 
f  2062  2061  2114 
f  2113  1797  1796 
f  1796  2114  2113 
f  1759  1761  1797 
f  1797  2113  1759 
f  1792   304  2354 
f  2350  2355  7916 
f  7916  1048  2350 
f  2355  2350  2353 
f  2353  7928  2355 
f  1863  1862  1020 
f  1020  1376  1863 
f  2284  2327  2286 
f  2286  2327  2321 
f  2323  2315  2314 
f  2343  2341  2324 
f  2315  2324  2341 
f  2341  2313  2315 
f  2285  2321  2314 
f  2314  2321  2320 
f  2320  2323  2314 
f  2323  2320  2347 
f  2280  2327  2284 
f  2240  2135  2196 
f  2196  2217  2240 
f  2135  2240  2243 
f  2243  2136  2135 
f  2210  2228  2104 
f  1797  1761  1750 
f  1750  1753  1797 
f  2325  2329  2332 
f  2332  2333  2325 
f  2333  2332  2334 
f  2332  2330  2339 
f  2317  2338  2340 
f  2340  2310  2317 
f  2317  2335  2339 
f  2339  2338  2317 
f  2339  2335  2332 
f  2307  2300  2254 
f  2308  2235  2300 
f  2300  2299  2301 
f  2301  2299  1949 
f  1949  2256  2301 
f  2256  1949  2255 
f  2255  1949  1816 
f  1816  2042  2255 
f  1816  1999  1787 
f  1787  2042  1816 
f  1787  1999  2150 
f  2150  1784  1787 
f  1998  1859  1937 
f  1937  1894  1998 
f  1998  1740  1739 
f  1739  1859  1998 
f  1837  1858  2077 
f  1857  1853  1856 
f  1914  1853  1857 
f  1857  1915  1914 
f  2206  2137  2140 
f  2140  2209  2216 
f  1831  1902  1972 
f  1902  1901  2108 
f  2108  1972  1902 
f  1986  1938  1987 
f  1987  1938  1908 
f  1908  2118  1987 
f  2118  1908  1907 
f  1907  1973  2118 
f  1971  1973  1907 
f  1907  2010  1971 
f  2292  2294  2296 
f  2296  2294  2115 
f  2115  1940  2296 
f  1940  2115  1867 
f  2012  2011  2022 
f  2022  2109  2121 
f  1726  1725  2020 
f  2020  2124  2021 
f  2112  2110  2155 
f  2110  2092  2154 
f  2154  2155  2110 
f  2092  2089  1992 
f  1992  2154  2092 
f  1992  2089  1903 
f  1903  1906  1992 
f  2093  1845  1844 
f  1844  2094  2093 
f  2032  1981  2122 
f  1875  2018  2017 
f  2017  1876  1875 
f  1931  2090  2091 
f  2091  1932  1931 
f  1994  2088  2090 
f  2090  1931  1994 
f  1845  2093  2018 
f  2018  1875  1845 
f  1876  2017  2163 
f  2163  2026  1876 
f  2033  2087  2088 
f  2088  1994  2033 
f  2056  2084  2087 
f  2087  2033  2056 
f  2066  2085  2084 
f  2084  2056  2066 
f  2026  2163  2085 
f  2085  2066  2026 
f  2111  2122  1932 
f  1932  2091  2111 
f  2111  2112  2032 
f  2032  2122  2111 
f  1921  2160  2038 
f  2151  2266  2197 
f  1936  2161  1933 
f  2200  2265  2159 
f  1780  2261  2259 
f  2259  1781  1780 
f  1781  2259  2258 
f  2258  2119  1781 
f  2126  2262  2264 
f  2264  2127  2126 
f  1933  2161  2260 
f  2260  2148  1933 
f  2148  2260  2262 
f  2262  2126  2148 
f  2127  2264  2266 
f  2266  2151  2127 
f  2156  2263  2261 
f  2261  1780  2156 
f  2159  2265  2263 
f  2263  2156  2159 
f  1922  2037  2153 
f  1993  2173  2164 
f  2178  2181  2356 
f  2192  2218  2188 
f  2188  2220  2229 
f  1922  2153  1991 
f  1991  1923  1922 
f  2357  2119  1921 
f  1921  1924  2357 
f  2165  2358  2357 
f  2357  1924  2165 
f  1923  1991  1993 
f  1993  2164  1923 
f  2170  2359  2358 
f  2358  2165  2170 
f  2164  2173  2298 
f  2298  2169  2164 
f  2178  2356  2359 
f  2359  2170  2178 
f  2169  2298  2184 
f  2184  2177  2169 
f  2177  2184  2187 
f  2187  2182  2177 
f  2356  2181  2189 
f  2189  2360  2356 
f  2188  2229  2360 
f  2360  2189  2188 
f  2190  2193  2192 
f  2192  2188  2190 
f  2193  2190  2182 
f  2182  2187  2193 
f  2119  2357  2167 
f  1895  1750  1761 
f  1761  1950  1895 
f  1958  1984  1985 
f  1985  2030  1958 
f  1800  1985  1801 
f  2119  2167  1782 
f  2167  2357  2358 
f  2358  2168  2167 
f  2168  2358  2359 
f  2359  2171  2168 
f  2171  2359  2356 
f  2356  2179  2171 
f  2179  2356  2360 
f  2360  2183  2179 
f  2183  2360  2229 
f  2161  2160  2258 
f  2258  2160  1921 
f  1921  2119  2258 
f  2302  2340  2309 
f  2309  2340  2337 
f  2337  2316  2309 
f  2293  2316  2337 
f  2337  2330  2293 
f  2346  2342  2345 
f  2345  2348  2346 
f  2343  2347  2344 
f  2175  2174  2361 
f  2144  2361  2174 
f  2174  2145  2144 
f  2176  1892  1728 
f  1728  2107  2176 
f  1892  2176  2175 
f  2175  2028  1892 
f  2028  2175  2361 
f  2361  2044  2028 
f  2361  2144  2044 
f  2044  2144  2236 
f  2236  2144  2147 
f  2147  2238  2236 
f  2103  2362  2217 
f  2217  2210  2103 
f  2362  2103  2102 
f  2102  2239  2362 
f  2102  2247  2237 
f  2237  2239  2102 
f  2237  2247  1785 
f  1785  2043  2237 
f  2043  1785  1784 
f  2043  1784  2150 
f  2043  2150  2029 
f  2029  2150  1839 
f  2238  2243  2242 
f  2243  2238  2147 
f  2147  2146  2136 
f  2136  2243  2147 
f  2136  2146  2134 
f  2217  2362  2241 
f  2362  2239  2242 
f  2242  2241  2362 
f  2242  2239  2238 
f  1761  1760  1950 
f  1760  1872  1948 
f  1948  1950  1760 
f  1872  1871  1947 
f  1947  1948  1872 
f  1947  1871  2025 
f  2025  1871  1807 
f  1807  2023  2025 
f  2023  1807  1806 
f  1806  1855  2023 
f  1927  2023  1855 
f  1855  1854  1927 
f  1855  2077  1856 
f  2077  1858  1857 
f  1857  1856  2077 
f  1795   304  1792 
f  1970  1792  2354 
f  2354  2257  1970 
f  1998  1997  1740 
f  1740  1997  2007 
f  2007  1737  1740 
f  1737  2007  1811 
f  1811  1827  1737 
f  1827  1811  1810 
f  1810  1828  1827 
f  1828  1810  1829 
f  1810  1809  1830 
f  1830  1829  1810 
f  2257  1830  1809 
f  1809  1970  2257 
f  2330  2332  2328 
f  2277  2290  2291 
f  2291  2281  2277 
f  2277  2273  2288 
f  2288  2290  2277 
f  2288  2273  2267 
f  2267  2269  2288 
f  2292  2289  2287 
f  2267  1860  1863 
f  2296  2295  2297 
f  2297  2292  2296 
f  2297  2295  2316 
f  2287  2268  2292 
f  1848  2040   881 
f  2115  2116  1885 
f  1885  1868  2115 
f  1885  1884  1869 
f  1869  1868  1885 
f  1869  1884  2109 
f  2002  2001  2351 
f  2071  2351  2001 
f  2001  2074  2071 
f  2351  2071  2070 
f  2069  2076  2070 
f  2074  2075  2071 
f  2071  2075  2069 
f  2078  2069  2075 
f  7928  2353  2352 
f  2352  7927  7928 
f  7926  2349  7925 
f  1878  2257   151 
f   151  2257   152 
f   304   152  2354 
f  2354   152  2257 
f   164   677  1355 
f  2363  2364  4677 
f  4677  4676  2363 
f  2367  2368  2365 
f  2365  2366  2367 
f  2367  2369  4675 
f  4675  4674  2367 
f  2370  2371  2372 
f  2372  2373  2370 
f  2374  2369  2367 
f  2367  2366  2374 
f  2363  2369  2374 
f  2374  2370  2363 
f  2370  2373  2364 
f  2364  2363  2370 
f  2377  2378  2375 
f  2375  2376  2377 
f  2379  2380    20 
f    20    19  2379 
f  2375  2365  2368 
f  2368  2376  2375 
f  2383  2384  2381 
f  2381  2382  2383 
f  2382  2381    27 
f    27    26  2382 
f    27  2381  2385 
f  2385  4671    27 
f  2378  2377  2384 
f  2384  2383  2378 
f  4672  2386  2384 
f  2384  2377  4672 
f  2366  2387  2374 
f  2387  2388  2370 
f  2370  2374  2387 
f  2391  2392  2389 
f  2389  2390  2391 
f  2395  2396  2393 
f  2393  2394  2395 
f  2399  2400  2397 
f  2397  2398  2399 
f  2403  2404  2401 
f  2401  2402  2403 
f  2407  2408  2405 
f  2405  2406  2407 
f  2411  2412  2409 
f  2409  2410  2411 
f  2415  2416  2413 
f  2413  2414  2415 
f  2419  2420  2417 
f  2417  2418  2419 
f  2421  2422  3137 
f  3137  3449  2421 
f  2425  2426  2423 
f  2423  2424  2425 
f  2429  2430  2427 
f  2427  2428  2429 
f  2431  2432  2433 
f  2436  2437  2434 
f  2434  2435  2436 
f  2438  2439  2440 
f  2443  2444  2441 
f  2441  2442  2443 
f  2447  2448  2445 
f  2445  2446  2447 
f  2449  2450  2451 
f  2453  2454  2452 
f  2452  2392  2453 
f  2457  2458  2455 
f  2455  2456  2457 
f  2461  2462  2459 
f  2459  2460  2461 
f  2465  2466  2463 
f  2463  2464  2465 
f  2420  2419  2467 
f  2467  2468  2420 
f  2469  2470  2471 
f  2474  2475  2472 
f  2472  2473  2474 
f  2476  2477  2478 
f   120  2479  2480 
f  2480   121   120 
f  2483  2484  2481 
f  2481  2482  2483 
f  2487  2488  2485 
f  2485  2486  2487 
f  2491  2492  2489 
f  2489  2490  2491 
f  2493  2494   137 
f   137   136  2493 
f  2497  2498  2495 
f  2495  2496  2497 
f  2501  2502  2499 
f  2499  2500  2501 
f  2505  2506  2503 
f  2503  2504  2505 
f  2508  2509  2417 
f  2417  2507  2508 
f  2512  2513  2510 
f  2510  2511  2512 
f  2516  2517  2514 
f  2514  2515  2516 
f  2520  2521  2518 
f  2518  2519  2520 
f  2522  2523  2524 
f  2524  2525  2522 
f  2527  2528  2481 
f  2481  2526  2527 
f  2531  2532  2529 
f  2529  2530  2531 
f  2535  2536  2533 
f  2533  2534  2535 
f  2539  2540  2537 
f  2537  2538  2539 
f  2543  2544  2541 
f  2541  2542  2543 
f  2547  2548  2545 
f  2545  2546  2547 
f  2387  2550  2549 
f  2549  2388  2387 
f  2551   196   195 
f   195  2552  2551 
f  2553  2554  2555 
f  2440  2557  2556 
f  2556  2438  2440 
f  2558  2559  2560 
f  2480  2563  2561 
f  2561  2562  2480 
f  2564  2565  2566 
f  2569  2570  2567 
f  2567  2568  2569 
f  2572  2573  2571 
f  2571  2540  2572 
f   219  2574  2575 
f  2575   220   219 
f  2578  2579  2576 
f  2576  2577  2578 
f  2582  2583  2580 
f  2580  2581  2582 
f  2586  2587  2584 
f  2584  2585  2586 
f  2590  2591  2588 
f  2588  2589  2590 
f  2594  2595  2592 
f  2592  2593  2594 
f  2598  2599  2596 
f  2596  2597  2598 
f  2600  2601  2602 
f  2605  2606  2603 
f  2603  2604  2605 
f  2609  2610  2607 
f  2607  2608  2609 
f  2613  2614  2611 
f  2611  2612  2613 
f  2617  2618  2615 
f  2615  2616  2617 
f  2621  2622  2619 
f  2619  2620  2621 
f  2625  2626  2623 
f  2623  2624  2625 
f  2365  2627  2628 
f  2518  2630  2629 
f  2629  2519  2518 
f  2431  2414  2413 
f  2633  2634  2631 
f  2631  2632  2633 
f  2635  2636  2637 
f  2640  2641  2638 
f  2638  2639  2640 
f  2559  2643  2642 
f  2642  2560  2559 
f  2646  2647  2644 
f  2644  2645  2646 
f  2650  2651  2648 
f  2648  2649  2650 
f  2654  2655  2652 
f  2652  2653  2654 
f  2658  2659  2656 
f  2656  2657  2658 
f  2660  2661  2516 
f  2516  2515  2660 
f  2663  2405  2408 
f  2408  2662  2663 
f  2664  2665  2666 
f  2667  2668  2669 
f  2669  2670  2667 
f  2673  2674  2671 
f  2671  2672  2673 
f  2531  2530  2675 
f  2675  2676  2531 
f  2677  2678  2679 
f  2682  2683  2680 
f  2680  2681  2682 
f  2684  2685  2686 
f  2688  2390  2389 
f  2389  2687  2688 
f  2691  2692  2689 
f  2689  2690  2691 
f  2694  2549  2550 
f  2550  2693  2694 
f  2697  2698  2695 
f  2695  2696  2697 
f  2701  2702  2699 
f  2699  2700  2701 
f  2598  2705  2703 
f  2703  2704  2598 
f  2708  2709  2706 
f  2706  2707  2708 
f  2710  2711  2712 
f  2715  2716  2713 
f  2713  2714  2715 
f  2719  2720  2717 
f  2717  2718  2719 
f  2721  2722  2723 
f  2726  2727  2724 
f  2724  2725  2726 
f  2730  2731  2728 
f  2728  2729  2730 
f  2732  2426  2425 
f  2556  2733  2438 
f  2735  2631  2634 
f  2634  2734  2735 
f  2596  2737  2736 
f  2736  2597  2596 
f  2739  2740  2738 
f  2738  2687  2739 
f  2743  2744  2741 
f  2741  2742  2743 
f  2745  2746  2747 
f  2686  2685  2748 
f  2748  2749  2686 
f  2372  2750  2503 
f  2751   400  2752 
f  2752  2753  2751 
f  2756  2757  2754 
f  2754  2755  2756 
f  2467  2759  2758 
f  2758  2468  2467 
f  2762  2763  2760 
f  2760  2761  2762 
f  2765  2766  2490 
f  2490  2764  2765 
f  2768  2649  2648 
f  2648  2767  2768 
f  2771  2772  2769 
f  2769  2770  2771 
f  2411  2774  2773 
f  2773  2412  2411 
f  2777  2558  2775 
f  2775  2776  2777 
f  2558  2778  2559 
f  2780  2505  2504 
f  2504  2779  2780 
f  2779  2781  2782 
f  2782  2780  2779 
f  2785  2786  2783 
f  2783  2784  2785 
f  2787  2371  2388 
f  2788  2789  2531 
f  2790  2454  2453 
f  2793  2794  2791 
f  2791  2792  2793 
f  2796  2433  2432 
f  2432  2795  2796 
f  2792  2797  2798 
f  2798  2793  2792 
f  2798  2801  2799 
f  2799  2800  2798 
f  2804  2805  2802 
f  2802  2803  2804 
f  2808  2809  2806 
f  2806  2807  2808 
f  2812  2813  2810 
f  2810  2811  2812 
f  2816  2817  2814 
f  2814  2815  2816 
f  2819  2820  2818 
f  2818  2677  2819 
f  2745  2747  2821 
f  2822  2823  2824 
f  2815  2814  2825 
f  2825  2826  2815 
f  2829  2830  2827 
f  2827  2828  2829 
f  2833  2834  2831 
f  2831  2832  2833 
f  2837  2838  2835 
f  2835  2836  2837 
f  2495  2839  2496 
f  2842  2843  2840 
f  2840  2841  2842 
f  2562  2844   491 
f   491   490  2562 
f  2572  2845  2573 
f  2848  2849  2846 
f  2846  2847  2848 
f  2850  2659  2658 
f  2534  2851  2383 
f  2854  2851  2852 
f  2852  2853  2854 
f  2751   503   400 
f  2855  2856  2857 
f  2858  2859  2567 
f  2567  2570  2858 
f  2860  2861  2862 
f  2863  2864  2865 
f  2868  2646  2866 
f  2866  2867  2868 
f  2732  2560  2642 
f  2642  2426  2732 
f  2869  2870  2871 
f  2874  2869  2872 
f  2872  2873  2874 
f  2876  2877  2862 
f  2862  2875  2876 
f  2879  2635  2637 
f  2637  2878  2879 
f  2880  2881  2593 
f  2593  2592  2880 
f  2884  2885  2882 
f  2882  2883  2884 
f  2690  2886  2797 
f  2797  2792  2690 
f  2888  2651  2650 
f  2650  2887  2888 
f  2665  2890  2889 
f  2889  2666  2665 
f  2891  2892  2893 
f  2894  2895  2581 
f  2581  2580  2894 
f  2898  2899  2896 
f  2896  2897  2898 
f  2902  2903  2900 
f  2900  2901  2902 
f  2904  2905  2906 
f  2909  2910  2907 
f  2907  2908  2909 
f  2913  2914  2911 
f  2911  2912  2913 
f  2917  2918  2915 
f  2915  2916  2917 
f  2722  2727  2726 
f  2726  2919  2722 
f  2919  2726  2920 
f  2921  2922  2923 
f  2868  2647  2646 
f  2717  2634  2633 
f  2633  2924  2717 
f  2927  2928  2925 
f  2925  2926  2927 
f  2930  2931  2501 
f  2501  2929  2930 
f  2741  2744  2583 
f  2583  2582  2741 
f  2933  2934  2932 
f  2932  2788  2933 
f  2935  2936  2676 
f  2676  2675  2935 
f  2937  2938  2939 
f  2941  2424  2940 
f  2940  2672  2941 
f  2693  2550  2942 
f  2942  2943  2693 
f  2945  2715  2714 
f  2714  2944  2945 
f  2700  2515  2514 
f  2514  2946  2700 
f  2670  2637  2636 
f  2947  2948  2873 
f  2873  2872  2947 
f  2951  2952  2949 
f  2949  2950  2951 
f  2555  2554  2953 
f  2953  2954  2555 
f  2957  2958  2955 
f  2955  2956  2957 
f  2955  2548  2547 
f  2960  2597  2736 
f  2736  2959  2960 
f  2963  2753  2961 
f  2961  2962  2963 
f  2964  2965  2962 
f  2962  2961  2964 
f  2574  2494  2966 
f  2969  2970  2967 
f  2967  2968  2969 
f  2457  2971  2799 
f  2799  2458  2457 
f  2974  2975  2972 
f  2972  2973  2974 
f  2703  2978  2976 
f  2976  2977  2703 
f  2979  2980  2981 
f  2702  2701  2982 
f  2982  2442  2702 
f  2939  2611  2843 
f  2985  2986  2983 
f  2983  2984  2985 
f  2988  2711  2710 
f  2710  2987  2988 
f  2935  2675  2674 
f  2674  2989  2935 
f  2990  2991  2992 
f  2994  2995  2626 
f  2626  2993  2994 
f  2837  2836  2996 
f  2996  2997  2837 
f  2999  2643  2559 
f  2559  2998  2999 
f  3002  3003  3000 
f  3000  3001  3002 
f  2725  2724  2758 
f  3004  3005  3006 
f  3006  3009  3007 
f  3007  3008  3006 
f  3011  2528  2527 
f  2527  3010  3011 
f  2528  3012  2748 
f  3015  3016  3013 
f  3013  3014  3015 
f  2684  3018  3017 
f  3017  2685  2684 
f  3019  3020  3021 
f  3021  3022  3019 
f  3024  3025  3023 
f  3023  2602  3024 
f  3028  3029  3026 
f  3026  3027  3028 
f  2453  2392  2391 
f  2391  2497  2453 
f  2520  3031  3030 
f  3030  2521  2520 
f  2839  3033  3032 
f  3032  2496  2839 
f  3032  3034  2790 
f  2790  2496  3032 
f  2853  2852  3035 
f  3035  3036  2853 
f  3037  3038   685 
f   685   684  3037 
f  3039  2986  2620 
f  2620  2619  3039 
f  2697  2696  3040 
f  3040  3041  2697 
f  2429  2428  3042 
f  3042  3043  2429 
f  3044  3046  3047 
f  3047  3048  3044 
f  3051  3052  3049 
f  3049  3050  3051 
f  2577  3054  3053 
f  3053  2578  2577 
f  2492  2491  3055 
f  3055  3056  2492 
f  3057  2549  2694 
f  2796  2795  3058 
f  3058  3059  2796 
f  3062  3063  3060 
f  3060  3061  3062 
f  2820  3064  2818 
f  3067  3068  3065 
f  3065  3066  3067 
f  3071  3072  3069 
f  3069  3070  3071 
f  2628  3073  2365 
f  2965  3074  2760 
f  2760  2441  2965 
f  3075  3076  2802 
f  2802  2805  3075 
f  2863  3077  2864 
f  3078  3079  3080 
f  3081  2653  2723 
f  3082  2721  2653 
f  2653  2652  3082 
f  3085  3086  3083 
f  3083  3084  3085 
f  2371  2787  2876 
f  3088  2566  2565 
f  2565  3087  3088 
f  3089  2903  2902 
f  2366  2466  2465 
f  3091  3092  2992 
f  2992  3090  3091 
f  3093  3094  2824 
f  3093  2824  2823 
f  3093  2823  3095 
f  3098  3099  3096 
f  3096  3097  3098 
f  3101  3102  3100 
f  3100  2940  3101 
f  3103  2943  2465 
f  2465  2464  3103 
f  2463  2759  2467 
f  2467  2464  2463 
f  2608  2607  2382 
f  2608  2382    26 
f  2608    26   751 
f  2461  3105  3104 
f  3104  2462  2461 
f  2997  3107  3106 
f  3106  2837  2997 
f  2671  2530  2529 
f  2529  3108  2671 
f  2515  2700  2699 
f  2699  2660  2515 
f  2527  2526  3109 
f  3109  3110  2527 
f  3113  3114  3111 
f  3111  3112  3113 
f  2645  3115  3116 
f  2561  2811  2844 
f  2844  2562  2561 
f  3117  2559  2778 
f  3118  3119  2594 
f  2594  2593  3118 
f  2605  2755  2754 
f  2754  3120  2605 
f  3122  2492  3056 
f  3056  3121  3122 
f  3123  2635  2879 
f  2891  3126  3124 
f  3124  3125  2891 
f  3127  3128  3129 
f  2874  2870  2869 
f  3130  3131  2516 
f  2670  2947  2872 
f  2872  2667  2670 
f  2711  2988  3132 
f  3132  3133  2711 
f  2501  3133  3132 
f  3136  2398  3134 
f  3134  3135  3136 
f  3137  3138  3139 
f  2630  3140  2629 
f  3142  3143  3141 
f  3141  3015  3142 
f  3144  3145  3101 
f  2726  2725  3146 
f  3146  3147  2726 
f  3148  3149  2684 
f  2684  2686  3148 
f  2745  2586  3148 
f  3148  2746  2745 
f  2491  2490  3150 
f  2602  2601  2491 
f  2750  2372  2371 
f  2371  2478  2750 
f  3151  3152  3153 
f  3154  3155  3065 
f  3065  3068  3154 
f  2862  2877  3156 
f  3156  2860  2862 
f  2924  2718  2717 
f  3159  3160  3157 
f  3157  3158  3159 
f  2763  2702  2442 
f  2442  2441  2763 
f  2742  2741   810 
f   810   809  2742 
f  3003  3162  3161 
f  3161  3000  3003 
f  2867  2866  2584 
f  2584  2587  2867 
f  3075  3164  2769 
f  2769  3163  3075 
f  3166  2610  2609 
f  2609  3165  3166 
f  2578  2555  3167 
f  3167  2579  2578 
f  3169  2992  3092 
f  3092  3168  3169 
f  2707  2706  3170 
f  3170  3171  2707 
f  3174  3175  3172 
f  3172  3173  3174 
f  3177  3178  3176 
f  3176  3139  3177 
f  3181  3182  3179 
f  3179  3180  3181 
f  3182  3181  3183 
f  3183  3184  3182 
f  2366  2465  2942 
f  2942  2387  2366 
f  3187  3188  3185 
f  3185  3186  3187 
f  3190  3191  3189 
f  3189  3140  3190 
f  2560  2732  2775 
f  2775  2558  2560 
f  2922  3192  3193 
f  3192  3194  3145 
f  3145  3193  3192 
f  2714  3036  3195 
f  3195  2944  2714 
f  3197  2925  2928 
f  2928  3196  3197 
f  2794  2793  3198 
f  3198  3199  2794 
f  3200  2575  2574 
f  2574  2966  3200 
f  2424  2423  2644 
f  3203  2545  3201 
f  3201  3202  3203 
f  3204  3205  2520 
f  2520  2519  3204 
f  2864  3207  3206 
f  3206  2865  2864 
f  3210  3211  3208 
f  3208  3209  3210 
f  3213  2713  2716 
f  2716  3212  3213 
f  2809  3216  3214 
f  3214  3215  2809 
f  3177  2414  2431 
f  2431  3178  3177 
f  3217  3218  2438 
f  2438  2733  3217 
f  3219  3220  3221 
f  3205  3222  3223 
f  3077  3124  3224 
f  3147  3146  3073 
f  3073  2628  3147 
f  2851  2854  2383 
f  2496  2790  2453 
f  2453  2497  2496 
f  3225  3226  2506 
f  3229  3230  3227 
f  3227  3228  3229 
f  3223  3222  3231 
f  3231  3232  3223 
f  2531  2789  2532 
f  3235  3236  3233 
f  3233  3234  3235 
f  3239  3240  3237 
f  3237  3238  3239 
f  2817  2816  3241 
f  3241  3242  2817 
f  3243  2425  3108 
f  3108  2529  3243 
f  2627  2365  2375 
f  2375  3244  2627 
f  2978  2703  2705 
f  2705  3245  2978 
f  2868  3246  3193 
f  3193  2647  2868 
f  3012  3011  2822 
f  3247  3248  2418 
f  2527  3110  3249 
f  3249  3010  2527 
f  3250  2580  2583 
f  2583  2764  3250 
f  3251  3252  3253 
f  3253  2768  3251 
f  3005  3009  3006 
f  2699  2702  2763 
f  2763  2762  2699 
f  2739  3255  2737 
f  2737  3254  2739 
f  2442  2982  2812 
f  2812  2443  2442 
f  2754  2757   907 
f   907   906  2754 
f  2591  2886  2690 
f  2690  2689  2591 
f  3257  3258  2834 
f  2834  3256  3257 
f  2879  2878  3259 
f  3259  3260  2879 
f  2919  2920  3261 
f  3060  2695  2698 
f  2698  3061  3060 
f  2680  2683  3262 
f  3262  3263  2680 
f  2563  2963  2962 
f  2962  2444  2563 
f  3006  3008  3221 
f  3221  3264  3006 
f  3265  3266  2885 
f  2885  2884  3265 
f  3137  2422  3267 
f  3267  3138  3137 
f  3270  2460  3268 
f  3268  3269  3270 
f  2568  3272  3271 
f  3271  2569  2568 
f  3165  2609   923 
f   923   922  3165 
f  3103  2464  2467 
f  2467  2419  3103 
f  3274  3105  2461 
f  2461  3273  3274 
f  2845  2473  2573 
f  2896  2991  2990 
f  2744  2743  3275 
f  3275  2765  2744 
f  3277  3278  2743 
f  2743  3276  3277 
f  3106  3107  3279 
f  3279  3280  3106 
f  3150  3024  2602 
f  2906  2905  3044 
f  3044  3048  2906 
f  3196  3281  3081 
f  3081  2924  3196 
f  2748  2685  3017 
f  3017  2917  2748 
f  3284  3285  3282 
f  3282  3283  3284 
f  3285  3287  3286 
f  3286  3282  3285 
f  3290  3291  3288 
f  3288  3289  3290 
f  3054  2577  3292 
f  2481  2528  2748 
f  2748  2482  2481 
f  3168  3293  2907 
f  2907  2910  3168 
f  3296  3297  3294 
f  3294  3295  3296 
f  3298  3299  3261 
f  3261  2920  3298 
f  3180  3301  3300 
f  3300  3181  3180 
f  2881  2880  3302 
f  3302  3303  2881 
f  3305  3306  3118 
f  3118  3304  3305 
f  3256  2834  3307 
f  3307  3308  3256 
f  2834  2833  3309 
f  3309  3307  2834 
f  3312  3313  3310 
f  3310  3311  3312 
f  3316  3225  3314 
f  3314  3315  3316 
f  3319  3320  3317 
f  3317  3318  3319 
f  2674  2673  2511 
f  2674  2511  2510 
f  2674  2510  2989 
f  3321  3322  2904 
f  2904  3323  3321 
f  2418  3248  2419 
f  3324  3103  2419 
f  2801  2797  2886 
f  2886  3325  2801 
f  3040  2696   978 
f   978   977  3040 
f  3326  2416  2415 
f  2723  2653  2721 
f  2611  2614  2840 
f  2840  2843  2611 
f  2975  3095  3327 
f  3327  2972  2975 
f  3328  3329  3236 
f  3236  3235  3328 
f  2720  2734  2634 
f  2634  2717  2720 
f  3332  3333  3330 
f  3330  3331  3332 
f  3334  2957  2956 
f  2611  2939  3335 
f  3335  2612  2611 
f  3049  2814  2817 
f  2817  3336  3049 
f  2791  2691  2690 
f  2690  2792  2791 
f  2738  3338  2688 
f  2688  2687  2738 
f  2410  2409  3339 
f  3339  3340  2410 
f  3341  2587  2586 
f  2586  2745  3341 
f  2759  2463  3146 
f  3146  2725  2759 
f  3344  3345  3342 
f  3342  3343  3344 
f  3346  3347  3348 
f  2698  2697  3349 
f  3349  3350  2698 
f  3351  3352  2899 
f  2899  2898  3351 
f  3138  2861  2860 
f  2860  3139  3138 
f  2657  2656  3353 
f  3353  3354  2657 
f  2947  3125  2948 
f  3357  3358  3355 
f  3355  3356  3357 
f  2901  3360  2564 
f  2564  3359  2901 
f  3361  3362  3700 
f  3700  2861  3361 
f  2554  2553  2889 
f  2889  2890  2554 
f  3301  3180  3363 
f  3363  3364  3301 
f  3365  2660  2699 
f  2699  2762  3365 
f  2440  2423  2557 
f  2644  3144  3101 
f  2969  2968  2513 
f  2513  2512  2969 
f  3367  2572  2540 
f  2540  3366  3367 
f  2428  2427  3368 
f  3368  3369  2428 
f  3198  3370  3199 
f  2809  2808  3371 
f  3371  3216  2809 
f  3372  2742   809 
f   809  1023  3372 
f  2752  3375  3373 
f  3373  3374  2752 
f  3376  2448  2554 
f  2554  2890  3376 
f  2694  3377  3058 
f  3058  3057  2694 
f  2788  2932  3378 
f  3378  2789  2788 
f  3235  3234  3379 
f  3379  3380  3235 
f  2999  2998  2983 
f  2983  3381  2999 
f  2418  2417  2509 
f  2509  3247  2418 
f  3382  2867  2587 
f  2587  3341  3382 
f  2993  1035  1034 
f  1034  2994  2993 
f  2954  3167  2555 
f  3383  3384  2621 
f  2621  2620  3383 
f  2726  3147  2920 
f  3387  3388  3385 
f  3385  3386  3387 
f  2819  3389  2596 
f  2596  2599  2819 
f  3392  3393  3390 
f  3390  3391  3392 
f  3246  3394  2922 
f  2922  3193  3246 
f  3395  2455  3396 
f  2973  2977  2976 
f  2976  2974  2973 
f  3397  3398  3092 
f  3092  3091  3397 
f  2692  2691  3189 
f  3189  3191  2692 
f  3400  2829  2828 
f  2828  3399  3400 
f  2769  2772  3401 
f  2535  2534  2383 
f  2383  2382  2535 
f  2732  2425  3243 
f  2584  2866  3402 
f  2664  2778  3403 
f  3403  3404  2664 
f  2629  3140  3189 
f  3189  3405  2629 
f  2577  2576  2897 
f  2897  3292  2577 
f  2986  3039  3381 
f  3381  2983  2986 
f  3300  2537  3406 
f  2876  2787  2415 
f  2415  2877  2876 
f  3407  3408  2569 
f  2569  3271  3407 
f  2403  2402  1061 
f  2847  3409  2848 
f  3095  3410  3411 
f  3383  2620  2986 
f  2986  2985  3383 
f  3246  2868  2867 
f  2867  3382  3246 
f  3414  3415  3412 
f  3412  3413  3414 
f  3203  3417  3266 
f  3266  3416  3203 
f  2387  2942  2550 
f  2398  3136  2908 
f  2908  2907  2398 
f  3418  3419  3420 
f  3420  3421  3418 
f  2974  2976  3390 
f  3390  3422  2974 
f  3423  2533  2536 
f  2661  2660  3365 
f  3365  2883  2661 
f  3425  3370  3198 
f  3198  3424  3425 
f  3426  3427  3089 
f  3089  2902  3426 
f  2470  2538  2537 
f  2537  2471  2470 
f  2738  2740  2430 
f  2430  2429  2738 
f  3003  3002  3083 
f  3196  2928  2654 
f  2654  3281  3196 
f  2786  3005  3428 
f  3428  3429  2786 
f  2671  2674  2675 
f  2675  2530  2671 
f  3319  3431  3430 
f  3430  3320  3319 
f  2919  3261  3432 
f  3432  2722  2919 
f  3435  3436  3433 
f  3433  3434  3435 
f  2941  2425  2424 
f  3437  3438  3284 
f  3284  3283  3437 
f  3064  3440  3439 
f  3439  2818  3064 
f  3058  3377  3324 
f  3324  3059  3058 
f  2564  3397  3091 
f  3091  3359  2564 
f  3441  3102  3442 
f  2750  3443  2504 
f  2504  2503  2750 
f  2573  3445  3444 
f  3444  2571  2573 
f  3446  3447  3374 
f  3374  3373  3446 
f  3204  2519  2629 
f  2629  3405  3204 
f  2547  2546  3448 
f  3448  2956  2547 
f  3176  3449  3137 
f  3137  3139  3176 
f  3427  2899  3352 
f  3352  3089  3427 
f  3450  3451  1105 
f  1105  1104  3450 
f  3166  3452  2536 
f  2536  2610  3166 
f  2378  2383  2854 
f  2854  3213  2378 
f  3392  3454  3453 
f  3453  3393  3392 
f  2842  2841  3236 
f  3236  3329  2842 
f  3455  3456  2785 
f  2785  2784  3455 
f  2808  3458  3457 
f  3457  3371  2808 
f  3454  3460  3459 
f  3459  3453  3454 
f  3242  3463  3461 
f  3461  3462  3242 
f  2884  2883  3365 
f  2434  3464  3206 
f  3206  2435  2434 
f  2664  3117  2778 
f  3432  3261  3465 
f  3466  3467  2600 
f  2600  3023  3466 
f  2830  2829  3468 
f  3468  2679  2830 
f  3468  3469  2677 
f  2677  2679  3468 
f  2677  3469  3389 
f  3389  2819  2677 
f  3470  3368  3400 
f  3400  3399  3470 
f  3400  3368  2427 
f  2427  3471  3400 
f  2430  3472  3471 
f  3471  2427  2430 
f  3472  2430  2740 
f  2740  3473  3472 
f  2740  2739  3254 
f  3254  3473  2740 
f  2492  3122  3474 
f  3474  2489  2492 
f  2604  3475  2755 
f  2755  2605  2604 
f  2604  3477  3476 
f  3476  3475  2604 
f  2955  2958  3478 
f  3478  3479  2955 
f  2490  2489  3250 
f  3250  2764  2490 
f  3150  2602  2491 
f  3064  3481  3480 
f  3480  3440  3064 
f  3203  3202  2929 
f  2930  2827  2830 
f  2830  3482  2930 
f  2599  3483  2820 
f  2820  2819  2599 
f  3483  2599  2598 
f  2598  2704  3483 
f  2960  2705  2597 
f  3043  3486  3484 
f  3484  3485  3043 
f  2687  2389  3255 
f  3255  2739  2687 
f  3043  3338  2738 
f  2738  2429  3043 
f  2603  3477  2604 
f  3479  3478  3487 
f  3487  3488  3479 
f  3479  3488  3489 
f  3489  3490  3479 
f  3474  3487  2603 
f  2603  3491  3474 
f  3488  3487  3474 
f  3474  3122  3488 
f  3122  3121  3489 
f  3489  3488  3122 
f  3493  3494  3492 
f  3492  3369  3493 
f  3495  3276  2742 
f  2742  3372  3495 
f  3495  3277  3276 
f  3277  3495  2459 
f  2459  2462  3277 
f  2462  3104  3496 
f  3496  3277  2462 
f  3277  3496  3497 
f  3497  3278  3277 
f  3498  3499  3275 
f  2472  2475  3500 
f  3500  3501  2472 
f  3502  3503  3504 
f  3505  3506  3502 
f  3502  3504  3505 
f  3458  2808  2807 
f  2807  3507  3458 
f  3238  2539  2538 
f  2538  3239  3238 
f  3508  3239  2538 
f  2538  2470  3508 
f  3406  3509  3300 
f  3430  3502  3506 
f  3506  3320  3430 
f  3503  3500  2475 
f  3510  3503  2475 
f  2475  2474  3510 
f  2474  2845  3510 
f  2845  2572  3511 
f  2572  3367  3512 
f  3514  3237  3240 
f  3240  3513  3514 
f  3515  3516  3517 
f  3518  3519  3290 
f  3290  3289  3518 
f  3521  3329  3328 
f  3328  3520  3521 
f  3521  3520  3522 
f  3522  3523  3521 
f  3521  3523  3524 
f  3524  2937  3521 
f  3523  3526  3525 
f  3525  3524  3523 
f  3221  3008  3174 
f  3174  3219  3221 
f  3174  3008  3007 
f  3007  3527  3174 
f  3529  3456  3455 
f  3455  3528  3529 
f  2547  2956  2955 
f  3078  3530  3079 
f  3531  3399  2828 
f  3400  3471  2829 
f  2829  3471  3472 
f  3472  3468  2829 
f  3468  3472  3473 
f  3473  3469  3468 
f  3469  3473  3254 
f  3254  3389  3469 
f  3389  3254  2737 
f  2737  2596  3389 
f  3264  3004  3006 
f  3534  3535  3532 
f  3532  3533  3534 
f  2773  2774  3536 
f  3536  3537  2773 
f  2498  2497  2391 
f  2391  3538  2498 
f  3528  3538  2391 
f  2391  2390  3528 
f  2537  3300  3301 
f  3301  2471  2537 
f  3269  3268  1195 
f  1195  1194  3269 
f  3276  2743  2742 
f  3250  2489  3474 
f  3474  3491  3250 
f  3540  3339  2409 
f  2409  3539  3540 
f  2409  3541  3539 
f  2761  2760  3074 
f  3074  3542  2761 
f  3543  3530  2957 
f  2957  3334  3543 
f  3334  3544  3543 
f  3447  3446  3545 
f  3545  3546  3447 
f  3317  3548  3547 
f  3547  3025  3317 
f  3547  3549  3550 
f  3491  2603  2606 
f  2606  2894  3491 
f  3250  3491  2894 
f  2894  2580  3250 
f  3543  3545  3079 
f  3079  3530  3543 
f  3080  3079  3545 
f  3545  3446  3080 
f  2756  3080  3446 
f  3446  3373  2756 
f  2756  3373  3375 
f  3375  2757  2756 
f  2757  3375  1208 
f  1208   907  2757 
f  2964  2961  3447 
f  3447  3546  2964 
f  3447  2961  3374 
f  3552  2807  2806 
f  2806  3551  3552 
f  3505  3555  3553 
f  3553  3554  3505 
f  3556  3557  3554 
f  3554  3553  3556 
f  3557  3559  3558 
f  3558  3554  3557 
f  3559  3549  3558 
f  3560  3561  3552 
f  3552  3551  3560 
f  2455  2887  3562 
f  3562  3563  2455 
f  2649  3564  3019 
f  2887  3022  3021 
f  3021  3562  2887 
f  2888  2887  2455 
f  2455  2458  2888 
f  3325  2886  2591 
f  2591  2590  3325 
f  3084  3565  3085 
f  2588  3567  3566 
f  3566  2589  2588 
f  3526  3523  3522 
f  3522  2689  3526 
f  2893  3126  2891 
f  2767  3570  3568 
f  3568  3569  2767 
f  3571  3570  2767 
f  2767  2648  3571 
f  3521  2937  2842 
f  2842  3329  3521 
f  3032  2840  2614 
f  2614  3034  3032 
f  2937  2939  2843 
f  2843  2842  2937 
f  2858  3460  3572 
f  3572  2859  2858 
f  3572  3573  3014 
f  3014  2859  3572 
f  3573  3142  3015 
f  3015  3014  3573 
f  3576  3063  3574 
f  3574  3575  3576 
f  3579  3580  3577 
f  3577  3578  3579 
f  3060  3063  3576 
f  2542  2541  2949 
f  2949  2952  2542 
f  3131  3581  2517 
f  2517  2516  3131 
f  3582  3583  2499 
f  2499  2502  3582 
f  2885  2500  2499 
f  2499  2882  2885 
f  3266  3417  2500 
f  2500  2885  3266 
f  3448  2546  3416 
f  3416  3584  3448 
f  2546  2545  3203 
f  3203  3416  2546 
f  2982  2701  2979 
f  2979  2981  2982 
f  2460  3270  3273 
f  3273  2461  2460 
f  2820  3483  3050 
f  3050  3585  2820 
f  3483  2704  3051 
f  3051  3050  3483 
f  3051  2704  2703 
f  2703  2977  3051 
f  3095  2975  3410 
f  3588  3589  3586 
f  3586  3587  3588 
f  3592  3593  3590 
f  3590  3591  3592 
f  3590  3262  2683 
f  3596  3037  3594 
f  3594  3595  3596 
f  3597  3598  3088 
f  3088  3087  3597 
f  3151  2995  2994 
f  2994  3152  3151 
f  3336  2817  3242 
f  3242  3462  3336 
f  2825  2814  3049 
f  3049  3052  2825 
f  3585  3050  3049 
f  3049  3336  3585 
f  2973  2972  2825 
f  2825  3052  2973 
f  2972  3327  2826 
f  2826  2825  2972 
f  3528  3599  3529 
f  3533  3601  3600 
f  3600  3534  3533 
f  3000  3603  3602 
f  3602  3001  3000 
f  3606  3607  3604 
f  3604  3605  3606 
f  3610  3611  3608 
f  3608  3609  3610 
f  3608  3515  3609 
f  3179  3182  2494 
f  2494  2493  3179 
f  2982  2813  2812 
f  2981  2980  2401 
f  2401  2404  2981 
f  2561  2563  2444 
f  2444  2443  2561 
f  2561  2443  2812 
f  2812  2811  2561 
f  3613  3485  3484 
f  3484  3612  3613 
f  2495  2498  2784 
f  2784  2783  2495 
f  3455  2784  2498 
f  2498  3538  3455 
f  3538  3528  3455 
f  2960  3157  3245 
f  3245  2705  2960 
f  3614  3245  3157 
f  3157  3160  3614 
f  3617  3618  3615 
f  3615  3616  3617 
f  3618  3620  3619 
f  3619  3615  3618 
f  3619  3620  3573 
f  3573  3572  3619 
f  3003  3083  3162 
f  3220  3219  3535 
f  3535  3621  3515 
f  3621  3622  3516 
f  3516  3515  3621 
f  3623  3624  3516 
f  3516  3622  3623 
f  3623  3626  3625 
f  3625  3624  3623 
f  3629  3630  3627 
f  3627  3628  3629 
f  3631  3536  3630 
f  3630  3629  3631 
f  2410  3340  3127 
f  3127  2411  2410 
f  2912  2911  3288 
f  3288  3291  2912 
f  3288  3371  3457 
f  3457  3289  3288 
f  3518  3289  3457 
f  3457  3632  3518 
f  3632  3457  3458 
f  3458  3633  3632 
f  3607  3634  3519 
f  3519  3518  3607 
f  3604  3607  3518 
f  3518  3632  3604 
f  3604  3632  3633 
f  3633  3635  3604 
f  3207  2435  3206 
f  3600  3602  3603 
f  3603  3636  3600 
f  3636  3603  3637 
f  3637  3220  3636 
f  3638  3639  3601 
f  3601  3533  3638 
f  3605  3640  3639 
f  3639  3638  3605 
f  3557  3556  3215 
f  3215  2487  3557 
f  3557  2487  2486 
f  2486  3559  3557 
f  3559  2486  3641 
f  3641  3549  3559 
f  2913  3414  3413 
f  3413  2914  2913 
f  2488  2487  3215 
f  3215  3214  2488 
f  3288  2911  3216 
f  3216  3371  3288 
f  3216  2911  2914 
f  2914  3214  3216 
f  2914  3413  2488 
f  2488  3214  2914 
f  2485  2488  3413 
f  3413  3412  2485 
f  3507  3642  3633 
f  3633  3458  3507 
f  3642  3643  3635 
f  3635  3633  3642 
f  2437  2436  3639 
f  3639  3640  2437 
f  3639  2436  3644 
f  3644  3601  3639 
f  3628  3625  3626 
f  3626  3629  3628 
f  3631  3355  3358 
f  3358  3645  3631 
f  3516  3646  3517 
f  3641  2639  3647 
f  3647  3549  3641 
f  2638  3540  3467 
f  3467  3466  2638 
f  3540  3539  3467 
f  2412  3648  3541 
f  3541  2409  2412 
f  2412  2773  3649 
f  3649  3648  2412 
f  3484  3645  3358 
f  3358  3612  3484 
f  3358  3357  3612 
f  3209  3650  3340 
f  3340  3339  3209 
f  2786  3429  3651 
f  3651  2783  2786 
f  2495  2783  3651 
f  3651  2839  2495 
f  3233  3033  2839 
f  2839  3651  3233 
f  3033  3233  3236 
f  3236  2841  3033 
f  3429  3428  3379 
f  3379  3234  3429 
f  3429  3234  3233 
f  3233  3651  3429 
f  2938  3524  3525 
f  3525  3652  2938 
f  3143  2938  3652 
f  3652  3141  3143 
f  2630  2518  3111 
f  3111  3114  2630 
f  3111  3653  3311 
f  3311  3653  3654 
f  3654  3312  3311 
f  2689  3522  2588 
f  2588  2591  2689 
f  3522  3520  3567 
f  3567  2588  3522 
f  3328  3235  3380 
f  3380  3655  3328 
f  3520  3328  3655 
f  3655  3567  3520 
f  3524  2938  2937 
f  3656  2893  3251 
f  3251  3569  3656 
f  3569  3251  2768 
f  2768  2767  3569 
f  2892  3252  3251 
f  3251  2893  2892 
f  2892  3657  3252 
f  3657  3660  3658 
f  3658  3659  3657 
f  3077  3661  3662 
f  3077  3224  3661 
f  3664  3661  3224 
f  3224  3663  3664 
f  3606  3634  3607 
f  2774  3129  3630 
f  3630  3536  2774 
f  3629  3626  3355 
f  3355  3631  3629 
f  3626  3623  3356 
f  3356  3355  3626 
f  3623  3622  3172 
f  3172  3356  3623 
f  3622  3621  3173 
f  3173  3172  3622 
f  3535  3515  3608 
f  3219  3174  3173 
f  3219  3173  3621 
f  3621  3535  3219 
f  3493  3369  3368 
f  3368  3470  3493 
f  3460  3454  3619 
f  3619  3572  3460 
f  3454  3392  3615 
f  3615  3619  3454 
f  3453  3459  3665 
f  3665  3026  3453 
f  3422  3390  3393 
f  3393  3029  3422 
f  3393  3453  3026 
f  3026  3029  3393 
f  2938  3143  2939 
f  3143  3142  3335 
f  3335  2939  3143 
f  2689  2692  3526 
f  3666  3016  3015 
f  3015  3141  3666 
f  2797  2801  2798 
f  2648  2651  3325 
f  3325  3571  2648 
f  3325  2651  2888 
f  2888  2801  3325 
f  2801  2888  2458 
f  2458  2799  2801 
f  2793  3424  3198 
f  3313  3312  3667 
f  3667  3668  3313 
f  3667  3670  3669 
f  3669  3668  3667 
f  3669  3670  2847 
f  2847  2846  3669 
f  3113  3112  3272 
f  3272  2568  3113 
f  3112  3671  2926 
f  2926  3272  3112 
f  2927  2926  3671 
f  3671  3310  2927 
f  3310  3313  3672 
f  3672  2927  3310 
f  3672  3313  3668 
f  3668  2655  3672 
f  3111  3311  3671 
f  3671  3112  3111 
f  3671  3311  3310 
f  3354  3030  3031 
f  3031  3673  3354 
f  3674  3539  3494 
f  3494  3056  3674 
f  3494  3493  3056 
f  3644  3675  3600 
f  3600  3601  3644 
f  3675  3602  3600 
f  3602  3675  3662 
f  3662  3001  3602 
f  3662  3661  3002 
f  3002  3001  3662 
f  3661  3676  3002 
f  3661  3664  3677 
f  3677  3676  3661 
f  3568  3678  3656 
f  3656  3569  3568 
f  3539  3541  3494 
f  3541  3648  3492 
f  3492  3494  3541 
f  3492  3648  3649 
f  3649  3042  3492 
f  3679  3175  3174 
f  3174  3527  3679 
f  3679  3599  3612 
f  3612  3357  3679 
f  3599  3528  3612 
f  3528  3613  3612 
f  2688  3613  3528 
f  3528  2390  2688 
f  3220  3637  3264 
f  3264  3221  3220 
f  3161  3162  3004 
f  3004  3162  3083 
f  3083  3086  3004 
f  3004  3086  3428 
f  3428  3005  3004 
f  3379  3428  3086 
f  3086  3085  3379 
f  3565  3380  3379 
f  3379  3085  3565 
f  3655  3680  3566 
f  3566  3567  3655 
f  3561  3560  3681 
f  3681  3682  3561 
f  3682  3684  3683 
f  3683  3561  3682 
f  2662  3685  3229 
f  3229  2663  2662 
f  2960  2959  3158 
f  3158  3157  2960 
f  2452  2454  2959 
f  2959  2736  2452 
f  2959  2454  2790 
f  2790  3158  2959 
f  2392  2452  3255 
f  3255  2389  2392 
f  3255  2452  2736 
f  2736  2737  3255 
f  3172  3175  3357 
f  3357  3356  3172 
f  3175  3679  3357 
f  3264  3637  3161 
f  3161  3004  3264 
f  3161  3637  3603 
f  3603  3000  3161 
f  3002  3676  3084 
f  3084  3083  3002 
f  3676  3677  3565 
f  3565  3084  3676 
f  3680  3678  3568 
f  3568  3566  3680 
f  3570  2589  3566 
f  3566  3568  3570 
f  3570  3571  2590 
f  2590  2589  3570 
f  3571  3325  2590 
f  2971  3686  2800 
f  2800  2799  2971 
f  3190  3140  2630 
f  2630  3666  3190 
f  3016  3666  2630 
f  2630  3114  3016 
f  2468  2848  3409 
f  3409  2420  2468 
f  2758  2849  2848 
f  2848  2468  2758 
f  2721  3082  2724 
f  2724  2727  2721 
f  2727  2722  2721 
f  3689  3690  3687 
f  3687  3688  3689 
f  3689  2723  2722 
f  2722  3432  3689 
f  3324  2419  3248 
f  3248  3059  3324 
f  2433  3692  3691 
f  3691  2431  2433 
f  2433  2796  3693 
f  3693  3692  2433 
f  3693  2796  3059 
f  3059  3248  3693 
f  3691  3692  3694 
f  3692  3693  3694 
f  3693  3695  3694 
f  3695  3693  3248 
f  3248  3247  3695 
f  2795  3696  3057 
f  3057  3058  2795 
f  3177  3156  2414 
f  2414  3156  2877 
f  2877  2415  2414 
f  2875  2476  2876 
f  3139  2860  3156 
f  3156  3177  3139 
f  3138  3267  3361 
f  3361  2861  3138 
f  3700  3362  3697 
f  3697  3928  3700 
f  3927  3698  3699 
f  3699  3924  3927 
f  2861  3700  2875 
f  2875  2862  2861 
f  3205  3223  3701 
f  3701  2520  3205 
f  3232  3702  3701 
f  3701  3223  3232 
f  3033  2841  2840 
f  2840  3032  3033 
f  3438  3704  3703 
f  3703  3284  3438 
f  3705  3706  3707 
f  3706  3708  3707 
f  3711  3712  3709 
f  3709  3710  3711 
f  3704  3438  3713 
f  3713  3714  3704 
f  3163  3715  3716 
f  3163  2769  3401 
f  3401  3715  3163 
f  3051  2977  2973 
f  2973  3052  3051 
f  2893  3656  3664 
f  3664  3663  2893 
f  3664  3656  3678 
f  3678  3677  3664 
f  3678  3680  3565 
f  3565  3677  3678 
f  3380  3565  3680 
f  3680  3655  3380 
f  2435  3207  3644 
f  3644  2436  2435 
f  3675  3644  3207 
f  3207  2864  3675 
f  3675  2864  3077 
f  3077  3662  3675 
f  2865  3717  2863 
f  3077  2863  3717 
f  3717  3124  3077 
f  3718  3719  3643 
f  3643  3642  3718 
f  2490  2766  3150 
f  2766  3318  3024 
f  3024  3150  2766 
f  3319  3318  3499 
f  3499  3498  3319 
f  3501  3496  3104 
f  3104  2472  3501 
f  2472  3104  3105 
f  3105  2473  2472 
f  3105  3274  3445 
f  3445  2473  3105 
f  3274  3720  3444 
f  3444  3445  3274 
f  3183  3181  3300 
f  3300  3509  3183 
f  2494  3182  3184 
f  3184  2966  2494 
f  3631  3645  3537 
f  3537  3536  3631 
f  3537  3645  3484 
f  3484  3486  3537 
f  3537  3486  3649 
f  3649  2773  3537 
f  3042  3649  3486 
f  3486  3043  3042 
f  3419  3418  2871 
f  2871  3230  3419 
f  3418  3721  2869 
f  2869  2871  3418 
f  2872  2869  3721 
f  3721  2667  2872 
f  2670  2636  2947 
f  2947  2636  2635 
f  2635  3125  2947 
f  3199  3722  3231 
f  3231  3222  3199 
f  2794  3199  3222 
f  3222  3205  2794 
f  2794  3205  3204 
f  3204  2791  2794 
f  3204  3405  2791 
f  2691  2791  3405 
f  3405  3189  2691 
f  3723  3673  3031 
f  3031  3701  3723 
f  3614  3724  2978 
f  2978  3245  3614 
f  2978  3724  3390 
f  3390  2976  2978 
f  3141  3652  3190 
f  3190  3666  3141 
f  3652  3525  3191 
f  3191  3190  3652 
f  3525  3526  2692 
f  2692  3191  3525 
f  2858  2855  2857 
f  2857  3460  2858 
f  2855  3725  2856 
f  2967  3728  3726 
f  3726  3727  2967 
f  2927  3672  2928 
f  2928  3672  2655 
f  2655  2654  2928 
f  2652  3669  2846 
f  2846  3082  2652 
f  2846  2849  3082 
f  3082  2849  2758 
f  2758  2724  3082 
f  3272  2926  2925 
f  2925  3271  3272 
f  3312  3654  3353 
f  3353  3667  3312 
f  2936  2933  2788 
f  2788  2676  2936 
f  3729  3690  3689 
f  3689  3432  3729 
f  3378  2932  2945 
f  2945  2944  3378 
f  2945  2932  2934 
f  2934  3730  2945 
f  3432  3465  3729 
f  3346  3348  2776 
f  2776  3731  3346 
f  3732  3136  3135 
f  3149  3734  3733 
f  3733  2684  3149 
f  3735  2585  2584 
f  2584  3402  3735 
f  3736  3343  2918 
f  2918  2917  3736 
f  3343  3736  3344 
f  2749  3737  2747 
f  2747  2746  2749 
f  3737  2749  3012 
f  2821  3093  3738 
f  3738  3739  2821 
f  3740  3411  3410 
f  3410  3028  3740 
f  3740  2923  3741 
f  2974  3422  3410 
f  3410  2975  2974 
f  3410  3422  3029 
f  3029  3028  3410 
f  3336  3462  3481 
f  3481  3585  3336 
f  3481  3462  3461 
f  3461  3480  3481 
f  3461  3742  2712 
f  2712  3480  3461 
f  2991  3090  2992 
f  2990  2992  3169 
f  3169  3743  2990 
f  3743  3169  2617 
f  2617  2616  3743 
f  3359  3426  2902 
f  2902  2901  3359 
f  3398  3397  3296 
f  3296  3295  3398 
f  3398  3295  2399 
f  2399  3293  3398 
f  3293  2399  2398 
f  2398  2907  3293 
f  2615  2618  3744 
f  3744  3745  2615 
f  2909  2908  3332 
f  3332  3746  2909 
f  3136  3333  3332 
f  3332  2908  3136 
f  3039  2615  3745 
f  3330  3748  3747 
f  3747  3331  3330 
f  2440  2439  3116 
f  3116  3115  2440 
f  3749  2645  3116 
f  3116  3748  3749 
f  3748  3116  2439 
f  2439  3747  3748 
f  3144  2647  3193 
f  3193  3145  3144 
f  3144  2644  2647 
f  2923  3750  2921 
f  3728  3750  3751 
f  3751  3726  3728 
f  3460  2857  3459 
f  2857  2856  3665 
f  3665  3459  2857 
f  2850  2658  2508 
f  2508  2507  2850 
f  3616  3615  3392 
f  3392  3391  3616 
f  2921  3752  3194 
f  3194  3192  2921 
f  2921  3750  3728 
f  3728  3752  2921 
f  3317  3558  3548 
f  3505  3554  3558 
f  3558  3506  3505 
f  3445  2573  2473 
f  3754  2669  3321 
f  3321  3753  3754 
f  3492  3042  2428 
f  2428  3369  3492 
f  3034  2614  2613 
f  2613  3159  3034 
f  3159  2613  3617 
f  3617  3160  3159 
f  3617  3616  3614 
f  3614  3160  3617 
f  2635  3123  2891 
f  2891  3125  2635 
f  3123  2892  2891 
f  2637  2670  2669 
f  2669  3754  2637 
f  3754  2878  2637 
f  3719  2434  2437 
f  2437  3643  3719 
f  3643  2437  3640 
f  3640  3635  3643 
f  3635  3640  3605 
f  3605  3604  3635 
f  3220  3534  3636 
f  3534  3600  3636 
f  3230  2871  2870 
f  2870  3227  3230 
f  3679  3527  3529 
f  3529  3599  3679 
f  3527  3007  3456 
f  3456  3529  3527 
f  3456  3007  3009 
f  3009  2785  3456 
f  3005  2786  2785 
f  2785  3009  3005 
f  3339  3540  2638 
f  2638  2641  3339 
f  2638  3466  3647 
f  3647  2639  2638 
f  3318  2766  3499 
f  2744  2765  2764 
f  2764  2583  2744 
f  2766  2765  3275 
f  3275  3499  2766 
f  3552  3755  3507 
f  3507  2807  3552 
f  3507  3755  3718 
f  3718  3642  3507 
f  3683  3756  3718 
f  3718  3755  3683 
f  3719  3718  3756 
f  3756  3757  3719 
f  3719  3757  3464 
f  3464  2434  3719 
f  3046  3045  3513 
f  3513  2522  3046 
f  3758  3514  3513 
f  3513  3045  3758 
f  3759  3760  3514 
f  3514  3758  3759 
f  3759  3761  3760 
f  3762  3229  3685 
f  3684  2663  3229 
f  3229  3228  3684 
f  3237  3514  3760 
f  3760  3763  3237 
f  3765  3512  3367 
f  3367  3764  3765 
f  3510  2407  2406 
f  2406  3766  3510 
f  3767  3681  3560 
f  3560  3555  3767 
f  3510  3766  3503 
f  3576  1423  1422 
f  1422  3060  3576 
f  3118  3306  3768 
f  3768  3119  3118 
f  3711  3710  3577 
f  3577  3580  3711 
f  3578  3577  2592 
f  2592  2595  3578 
f  2595  1426  1425 
f  1425  3578  2595 
f  3708  3574  3063 
f  3063  3707  3708 
f  3171  3170  3742 
f  3742  3769  3171 
f  3170  2710  2712 
f  2712  3742  3170 
f  3770  2712  2711 
f  2679  2678  3482 
f  3482  2830  2679 
f  3770  3771  3439 
f  3439  3440  3770 
f  3440  3480  2712 
f  2712  3770  3440 
f  3613  2688  3338 
f  3338  3485  3613 
f  3338  3043  3485 
f  3158  2790  3034 
f  3034  3159  3158 
f  3772  3773  3725 
f  3725  2855  3772 
f  2859  3014  3013 
f  3013  2567  2859 
f  3774  3775  2915 
f  2915  2918  3774 
f  3777  3778  3775 
f  3775  3776  3777 
f  3780  3781  3779 
f  3779  3776  3780 
f  3779  3784  3782 
f  3782  3783  3779 
f  3776  3785  3777 
f  2543  2542  3769 
f  3769  3786  2543 
f  3786  3769  3463 
f  3463  3787  3786 
f  3742  3461  3463 
f  3463  3769  3742 
f  3305  3304  3788 
f  3788  3789  3305 
f  3242  3241  3787 
f  3787  3463  3242 
f  3388  3707  3063 
f  3063  3062  3388 
f  3705  3707  3388 
f  3388  3387  3705 
f  3705  3387  2950 
f  2950  2949  3705 
f  2945  3730  2715 
f  2715  3730  3465 
f  3465  3299  2715 
f  3465  3261  3299 
f  3035  3347  3195 
f  3195  3036  3035 
f  3224  3124  3126 
f  3126  3663  3224 
f  3126  2893  3663 
f  2406  2405  3682 
f  3682  3681  2406 
f  3682  2405  2663 
f  2663  3684  3682 
f  3551  3553  3555 
f  3555  3560  3551 
f  3561  3683  3755 
f  3755  3552  3561 
f  3128  3627  3630 
f  3630  3129  3128 
f  2806  2809  3215 
f  3215  3556  2806 
f  3553  3551  2806 
f  2806  3556  3553 
f  3555  3505  3504 
f  3504  3767  3555 
f  3127  3129  2774 
f  2774  2411  3127 
f  2880  2592  3577 
f  3577  3710  2880 
f  3790  3713  3438 
f  3438  3437  3790 
f  3132  2988  3582 
f  3582  2502  3132 
f  2987  2710  3170 
f  3170  2706  2987 
f  3584  3416  3266 
f  3266  3265  3584 
f  3791  3792  3448 
f  3448  3584  3791 
f  3791  3542  3793 
f  3793  3792  3791 
f  3542  3074  3793 
f  3543  3544  3546 
f  3546  3545  3543 
f  2964  3546  3544 
f  3544  3074  2964 
f  3074  2965  2964 
f  3530  3078  2958 
f  2958  2957  3530 
f  3476  3477  3478 
f  3478  2958  3476 
f  3477  2603  3487 
f  3487  3478  3477 
f  2895  2894  2606 
f  2606  3794  2895 
f  3751  3027  3026 
f  3026  3665  3751 
f  3751  3665  2856 
f  2856  3726  3751 
f  2613  2612  3618 
f  3618  3617  2613 
f  3618  2612  3335 
f  3335  3620  3618 
f  3335  3142  3573 
f  3573  3620  3335 
f  3354  3353  3654 
f  3654  3030  3354 
f  3030  3654  3653 
f  3653  2521  3030 
f  2521  3653  3111 
f  3111  2518  2521 
f  3353  2656  3667 
f  3670  3667  2656 
f  2656  2659  3670 
f  2659  2850  2847 
f  2847  3670  2659 
f  2850  2507  3409 
f  3409  2847  2850 
f  3409  2507  2417 
f  2417  2420  3409 
f  3287  3285  3795 
f  3795  3796  3287 
f  3285  3284  3703 
f  3703  3795  3285 
f  3777  3099  3797 
f  3797  3778  3777 
f  3798  3799  3595 
f  3799  3798  3800 
f  3800  3589  3799 
f  3801  3586  3589 
f  3586  3188  3592 
f  3802  3784  3593 
f  3593  3592  3802 
f  3779  3781  3593 
f  3593  3784  3779 
f  3774  3780  3776 
f  3776  3775  3774 
f  3928  3697  3698 
f  3698  3927  3928 
f  2858  2570  3772 
f  3772  2855  2858 
f  3772  2570  2569 
f  2569  3408  3772 
f  3739  3394  3246 
f  3246  3382  3739 
f  2950  3387  3386 
f  3386  3803  2950 
f  2951  2950  3803 
f  3803  3804  2951 
f  2707  3171  2542 
f  2542  2952  2707 
f  3508  2523  3240 
f  3240  3239  3508 
f  2523  2522  3513 
f  3513  3240  2523 
f  3532  3535  3608 
f  3534  3220  3535 
f  3669  2652  2655 
f  2655  3668  3669 
f  3081  3281  2653 
f  2654  2653  3281 
f  3113  3013  3016 
f  3016  3114  3113 
f  3113  2568  2567 
f  2567  3013  3113 
f  2758  2759  2725 
f  2463  2466  3073 
f  3073  3146  2463 
f  3073  2466  2366 
f  2366  2365  3073 
f  2465  2943  2942 
f  3493  3470  3489 
f  3805  2661  2883 
f  2883  2882  3805 
f  2755  3475  3080 
f  3080  2756  2755 
f  3080  3475  3476 
f  3476  3078  3080 
f  3476  2958  3078 
f  2961  2753  2752 
f  2752  3374  2961 
f  2963  2479  2751 
f  2751  2753  2963 
f  2480  2479  2963 
f  2963  2563  2480 
f  3792  3793  3544 
f  3544  3334  3792 
f  3470  3399  3531 
f  3408  3407  3806 
f  2633  3197  3196 
f  3196  2924  2633 
f  3585  3481  3064 
f  3064  2820  3585 
f  3011  3012  2528 
f  2529  2532  3807 
f  3807  3243  2529 
f  3807  2532  2789 
f  2789  3731  3807 
f  3731  2789  3378 
f  3378  3346  3731 
f  3378  2944  3195 
f  3195  3346  3378 
f  3807  2775  2732 
f  2732  3243  3807 
f  2775  3807  3731 
f  3731  2776  2775 
f  2777  2451  2450 
f  2777  2776  3348 
f  3348  2451  2777 
f  3347  2449  2451 
f  2451  3348  3347 
f  2440  2644  2423 
f  3383  2985  2666 
f  2666  2889  3383 
f  2985  2984  2666 
f  2984  3117  2664 
f  2664  2666  2984 
f  3809  3452  3166 
f  3166  3808  3809 
f  3810  2551  2953 
f  2953  2447  3810 
f  2448  2447  2953 
f  2953  2554  2448 
f  3811  3594  1471 
f  1471  1470  3811 
f  3594  3037   684 
f   684  1471  3594 
f  3164  3812  2770 
f  2770  2769  3164 
f  3813  3814  3436 
f  3436  3435  3813 
f  3817  3818  3815 
f  3815  3816  3817 
f  3017  3018  3344 
f  3344  3736  3017 
f  3819  3134  2397 
f  2397  3345  3819 
f  3134  2398  2397 
f  3151  3821  3820 
f  3820  2995  3151 
f  3388  3062  3822 
f  3822  3385  3388 
f  3062  3061  3350 
f  3350  3822  3062 
f  3061  2698  3350 
f  3025  3547  3550 
f  3550  3023  3025 
f  2644  3101  2424 
f  3101  2940  2424 
f  2686  2749  3148 
f  3741  3738  3740 
f  2821  3739  3382 
f  2440  3115  2644 
f  3115  2645  2644 
f  3100  2672  2940 
f  2425  2941  3108 
f  2941  2672  2671 
f  2671  3108  2941 
f  2615  3039  2619 
f  2619  2616  2615 
f  3040  2402  2401 
f  2401  3041  3040 
f  3067  3066  3823 
f  3823  3824  3067 
f  3068  3825  3280 
f  3280  3154  3068 
f  3106  3826  2838 
f  2838  2837  3106 
f  3825  3826  3106 
f  3106  3280  3825 
f  2730  2805  2804 
f  2804  2731  2730 
f  3827  3821  3151 
f  3151  3153  3827 
f  3757  3227  2870 
f  2870  3464  3757 
f  3206  3464  2870 
f  2870  2874  3206 
f  3206  2874  2873 
f  2873  2865  3206 
f  2865  2873  2948 
f  2948  3717  2865 
f  2948  3125  3124 
f  3124  3717  2948 
f  3320  3506  3558 
f  3558  3317  3320 
f  3503  3766  3767 
f  3767  3504  3503 
f  3767  3766  2406 
f  2406  3681  3767 
f  2540  2571  3406 
f  3406  2537  2540 
f  3793  3074  3544 
f  3828  3265  2884 
f  2884  3365  3828 
f  2761  3542  3791 
f  3791  3828  2761 
f  3828  3791  3584 
f  3584  3265  3828 
f  2441  2760  2763 
f  3684  3228  3756 
f  3756  3683  3684 
f  3228  3227  3757 
f  3757  3756  3228 
f  3130  2516  2661 
f  2661  3805  3130 
f  2499  3583  3805 
f  3805  2882  2499 
f  3130  3829  3830 
f  2810  1491  2844 
f  2844  2811  2810 
f  2813  2404  2403 
f  2403  2810  2813 
f  2404  2813  2982 
f  2982  2981  2404 
f  3391  3724  3614 
f  3614  3616  3391 
f  3391  3390  3724 
f  2531  2676  2788 
f  2715  3299  2716 
f  2566  3088  3831 
f  3831  3296  2566 
f  2566  3296  3397 
f  3397  2564  2566 
f  3833  3294  3297 
f  3297  3832  3833 
f  3091  3090  3426 
f  3426  3359  3091 
f  3426  3090  2991 
f  2991  3427  3426 
f  3427  2991  2896 
f  2896  2899  3427 
f  2621  3384  3053 
f  3053  3054  2621 
f  3383  2889  2553 
f  2553  3384  3383 
f  2553  2555  3053 
f  3053  3384  2553 
f  2665  3834  3376 
f  3376  2890  2665 
f  2983  2998  3117 
f  3117  2984  2983 
f  2998  2559  3117 
f  3835  3154  3280 
f  3280  3279  3835 
f  3836  3451  3450 
f  3450  2625  3836 
f  3365  2762  2761 
f  2761  3828  3365 
f  3448  3792  3334 
f  3334  2956  3448 
f  2441  2444  2962 
f  2962  2965  2441 
f  3171  3769  2542 
f  2987  3837  3582 
f  3582  2988  2987 
f  3582  3837  3829 
f  3829  3583  3582 
f  3829  3130  3805 
f  3805  3583  3829 
f  3837  2987  2706 
f  2706  2709  3837 
f  3837  2709  3830 
f  3830  3829  3837 
f  2502  2501  3132 
f  3133  3770  2711 
f  2500  3417  2929 
f  2929  2501  2500 
f  3417  3203  2929 
f  2697  3041  3838 
f  3838  3349  2697 
f  2401  2980  3838 
f  3838  3041  2401 
f  2979  2701  2700 
f  2700  2946  2979 
f  2952  2951  2708 
f  2708  2707  2952 
f  2709  2708  3830 
f  3830  2708  2951 
f  2951  3804  3830 
f  3581  3131  3804 
f  3804  3803  3581 
f  3804  3131  3130 
f  3130  3830  3804 
f  3822  3840  3839 
f  3839  3385  3822 
f  3385  3839  3841 
f  3841  3386  3385 
f  3386  3841  3842 
f  3842  3803  3386 
f  3803  3842  3843 
f  3843  3581  3803 
f  3581  3843  3844 
f  3844  2517  3581 
f  2517  3844  3845 
f  3845  2514  2517 
f  2514  3845  3846 
f  3846  2946  2514 
f  2946  3846  3847 
f  3847  2979  2946 
f  2979  3847  3848 
f  3848  2980  2979 
f  2980  3848  3849 
f  3849  3838  2980 
f  3838  3849  3850 
f  3850  3349  3838 
f  3349  3850  3851 
f  3851  3350  3349 
f  3350  3851  3840 
f  3840  3822  3350 
f  3854  3855  3852 
f  3852  3853  3854 
f  3839  3852  3856 
f  3856  3841  3839 
f  3841  3856  3857 
f  3857  3842  3841 
f  3857  3858  3843 
f  3843  3842  3857 
f  3843  3858  3859 
f  3859  3844  3843 
f  3844  3859  3860 
f  3860  3845  3844 
f  3845  3860  3861 
f  3861  3846  3845 
f  3846  3861  3862 
f  3862  3847  3846 
f  3847  3862  3863 
f  3863  3848  3847 
f  3848  3863  3864 
f  3864  3849  3848 
f  3864  3867  3865 
f  3865  3866  3864 
f  3866  3865  3854 
f  3854  3853  3866 
f  3852  3855  3868 
f  3868  3856  3852 
f  3856  3868  3869 
f  3869  3857  3856 
f  3857  3869  3870 
f  3870  3858  3857 
f  3858  3870  3871 
f  3871  3859  3858 
f  3859  3871  3872 
f  3872  3860  3859 
f  3860  3872  3873 
f  3873  3861  3860 
f  3861  3873  3874 
f  3874  3862  3861 
f  3862  3874  3867 
f  3867  3863  3862 
f  3863  3867  3864 
f  2501  2931  3133 
f  3133  2931  3771 
f  3771  3770  3133 
f  2930  3482  3771 
f  3771  2931  2930 
f  3771  3482  2678 
f  2678  3439  3771 
f  2677  2818  3439 
f  3439  2678  2677 
f  3705  2949  2541 
f  2541  3706  3705 
f  2541  2544  3706 
f  3714  3713  3709 
f  3709  3712  3714 
f  3715  3303  3302 
f  3302  3790  3715 
f  3401  2772  3789 
f  3789  3788  3401 
f  2772  2771  3875 
f  3875  3789  2772 
f  3878  3879  3876 
f  3876  3877  3878 
f  3879  3434  3876 
f  2624  2623  3434 
f  3434  3433  2624 
f  2682  3833  3590 
f  3590  2683  2682 
f  3294  3833  2682 
f  2682  2400  3294 
f  3294  2400  2399 
f  2399  3295  3294 
f  3092  3398  3293 
f  3293  3168  3092 
f  3743  2622  3292 
f  3292  2990  3743 
f  3054  3292  2622 
f  2622  2621  3054 
f  2556  2557  2426 
f  2557  2423  2426 
f  2426  2642  2733 
f  2733  2556  2426 
f  2642  2643  3217 
f  3217  2733  2642 
f  2999  3880  3217 
f  3217  2643  2999 
f  2999  3381  3880 
f  3381  3745  3880 
f  3381  3039  3745 
f  2896  2990  3292 
f  3292  2897  2896 
f  2897  2576  3881 
f  3881  2898  2897 
f  2576  3882  3881 
f  3884  2579  3167 
f  3167  3883  3884 
f  3167  2954  3885 
f  3885  3883  3167 
f  3884  3883  1548 
f  1548  1547  3884 
f  3883  3885  1549 
f  1549  1548  3883 
f  2552  3885  2954 
f  2394  2533  3423 
f  3588  3597  3799 
f  3799  3589  3588 
f  3886  3887  3256 
f  3256  3308  3886 
f  3307  3309  2835 
f  2835  2838  3307 
f  3307  2838  3826 
f  3826  3308  3307 
f  3825  3886  3308 
f  3308  3826  3825 
f  3154  3835  3888 
f  3888  3155  3154 
f  3889  3890  3891 
f  3889  3891  3892 
f  3433  3894  3893 
f  3893  2624  3433 
f  3038  3895  1559 
f  1559   685  3038 
f  3895  2900  1561 
f  1561  1559  3895 
f  2900  3895  3360 
f  3360  2901  2900 
f  3896  2631  2735 
f  2746  3148  2749 
f  3732  3135  3733 
f  3733  3734  3732 
f  3749  2866  2646 
f  2646  2645  3749 
f  2898  3881  3351 
f  2578  3053  2555 
f  2954  2953  2551 
f  2551  2552  2954 
f  3897  3810  2447 
f  2447  2446  3897 
f  3898  3165   922 
f   922  1565  3898 
f  2910  2617  3169 
f  3169  3168  2910 
f  2618  2617  2910 
f  2910  2909  2618 
f  3746  3744  2618 
f  2618  2909  3746 
f  3218  3899  2438 
f  3332  3331  3900 
f  3900  3746  3332 
f  3899  3900  3331 
f  3331  3747  3899 
f  3747  2439  2438 
f  2438  3899  3747 
f  2625  2624  3893 
f  3893  3836  2625 
f  3901  3894  3433 
f  3433  3436  3901 
f  3901  3436  3814 
f  3814  3902  3901 
f  3891  3816  3815 
f  3903  3435  3434 
f  3434  3879  3903 
f  3799  3597  3596 
f  3596  3595  3799 
f  3597  3087  3596 
f  3087  2565  3904 
f  3904  3596  3087 
f  2564  3360  3904 
f  3904  2565  2564 
f  3596  3904  3038 
f  3038  3037  3596 
f  3360  3895  3038 
f  3038  3904  3360 
f  2831  2834  3258 
f  2593  2881  3304 
f  3304  3118  2593 
f  3827  3305  3789 
f  3789  3875  3827 
f  3877  3876  3820 
f  3820  3821  3877 
f  3876  3434  2623 
f  2623  3820  3876 
f  3706  2544  3714 
f  3714  3712  3706 
f  3714  2544  2543 
f  2543  3704  3714 
f  3704  2543  3786 
f  3786  3703  3704 
f  3703  3786  3787 
f  3787  3795  3703 
f  3241  3796  3795 
f  3795  3787  3241 
f  3249  3241  2816 
f  2816  3010  3249 
f  3010  2816  2815 
f  2815  3011  3010 
f  3011  2815  2826 
f  2826  2822  3011 
f  2822  2826  3327 
f  3327  2823  2822 
f  3327  3095  2823 
f  2597  2705  2598 
f  3834  3905  3376 
f  3376  3905  2445 
f  2445  2448  3376 
f  2396  3907  3906 
f  3906  2450  2396 
f  2394  3423  3908 
f  3908  3909  2394 
f  3423  2536  3452 
f  3452  3908  3423 
f  3898  3808  3166 
f  3166  3165  3898 
f  2535  2382  2607 
f  2535  2607  2610 
f  2610  2536  2535 
f  2609  2608   751 
f   751   923  2609 
f  3910  3911  3098 
f  3098  3097  3910 
f  3911  3913  3912 
f  3912  3098  3911 
f  2483  2482  3914 
f  2482  2748  2917 
f  3065  3155  3889 
f  3889  3892  3065 
f  3889  3155  3888 
f  3888  3890  3889 
f  3916  3902  3814 
f  3814  3915  3916 
f  3813  3917  3915 
f  3915  3814  3813 
f  2881  3303  3788 
f  3788  3304  2881 
f  3715  3401  3788 
f  3788  3303  3715 
f  3709  3713  3790 
f  3790  3302  3709 
f  3709  3302  2880 
f  2880  3710  3709 
f  3263  3262  3781 
f  3781  3780  3263 
f  3262  3590  3593 
f  3593  3781  3262 
f  3918  3831  3088 
f  3088  3598  3918 
f  2917  3017  3736 
f  3743  2616  2619 
f  2619  2622  3743 
f  3028  3027  2923 
f  2923  3740  3028 
f  2923  3027  3751 
f  3751  3750  2923 
f  3716  3919  3163 
f  3163  3076  3075 
f  2484  3920  2804 
f  2804  2803  2484 
f  3575  3574  3580 
f  3580  3579  3575 
f  3574  3708  3711 
f  3711  3580  3574 
f  3708  3706  3712 
f  3712  3711  3708 
f  2929  3202  2827 
f  2827  2930  2929 
f  2828  2827  3202 
f  3202  3201  2828 
f  2828  3201  2548 
f  2548  3531  2828 
f  2548  2955  3531 
f  2545  2548  3201 
f  3490  3531  2955 
f  2955  3479  3490 
f  3531  3490  3470 
f  3490  3489  3470 
f  3674  3056  3055 
f  3489  3121  3493 
f  3121  3056  3493 
f  3467  3539  3674 
f  3674  2600  3467 
f  3497  3431  3319 
f  3319  3498  3497 
f  2743  3278  3275 
f  3278  3497  3498 
f  3498  3275  3278 
f  3430  3431  3501 
f  3501  3500  3430 
f  3431  3497  3496 
f  3496  3501  3431 
f  2639  3641  2640 
f  2486  2485  2640 
f  2640  3641  2486 
f  3647  3466  3023 
f  3023  3550  3647 
f  3550  3549  3647 
f  3425  3424  3921 
f  2456  2455  3395 
f  3921  3424  3922 
f  3922  2800  3686 
f  3922  3424  2800 
f  3723  3701  3702 
f  3366  3923  3764 
f  3764  3367  3366 
f  3923  3237  3763 
f  3763  3764  3923 
f  2431  2413  2432 
f  2795  2432  2413 
f  2413  3696  2795 
f  2413  2416  3696 
f  3057  3696  2416 
f  2416  3326  3057 
f  3326  2549  3057 
f  3326  2388  2549 
f  2415  2787  3326 
f  2477  3443  2750 
f  2750  2478  2477 
f  2476  2478  2371 
f  2371  2876  2476 
f  2372  2503  2506 
f  2506  3226  2372 
f  3924  2779  2504 
f  2504  3443  3924 
f  3925  2780  2782 
f  2782  3337  3925 
f  3926  3929  3925 
f  3925  3337  3926 
f  2505  3314  3225 
f  3225  2506  2505 
f  3924  3443  2477 
f  2477  3927  3924 
f  3928  3927  2477 
f  2477  2476  3928 
f  2476  2875  3700 
f  3700  3928  2476 
f  3924  3699  2781 
f  2781  2779  3924 
f  3316  1596  1595 
f  3547  3548  3549 
f  3548  3558  3549 
f  2460  2459  3930 
f  3930  3268  2460 
f  3930  2459  3495 
f  3495  3372  3930 
f  3274  3273  3931 
f  3931  3720  3274 
f  3200  3931  3273 
f  3273  3270  3200 
f  3270  3269  2575 
f  2575  3200  3270 
f  2572  3512  3511 
f  3511  3512  3765 
f  3765  3932  3511 
f  2540  2539  3366 
f  2539  3238  3923 
f  3923  3366  2539 
f  3238  3237  3923 
f  2966  3184  3931 
f  3931  3200  2966 
f  3184  3183  3720 
f  3720  3931  3184 
f  3183  3509  3444 
f  3444  3720  3183 
f  2571  3444  3509 
f  3509  3406  2571 
f  3044  2905  3421 
f  3421  3420  3044 
f  3321  2669  2668 
f  2668  3322  3321 
f  3933  3763  3760 
f  3760  3761  3933 
f  3764  3763  3933 
f  3933  3765  3764 
f  3932  3765  3933 
f  3933  3934  3932 
f  3934  3933  3761 
f  3761  3685  3934 
f  3761  3762  3685 
f  3762  3230  3229 
f  2473  2845  2474 
f  2845  3935  3510 
f  3935  3936  2407 
f  2407  3510  3935 
f  3936  2408  2407 
f  2408  3936  3934 
f  3934  2662  2408 
f  3934  3685  2662 
f  3761  3759  3762 
f  2845  3511  3935 
f  3511  3932  3936 
f  3936  3935  3511 
f  3932  3934  3936 
f  3502  3430  3500 
f  3500  3503  3502 
f  3377  2693  3324 
f  3103  3324  2693 
f  2693  2943  3103 
f  2694  2693  3377 
f  2778  2777  3403 
f  3907  3404  3403 
f  3403  3906  3907 
f  3905  3938  3937 
f  3937  2445  3905 
f  3937  3809  2445 
f  3809  3808  2446 
f  3808  3898  3897 
f  3897  2446  3808 
f  3897  3898  1565 
f  1565  1607  3897 
f  3938  3909  3908 
f  3908  3937  3938 
f  2393  3939  2394 
f  3939  2533  2394 
f  3347  3035  3939 
f  3939  2449  3347 
f  3939  2852  2533 
f  2852  2851  2534 
f  2534  2533  2852 
f  3036  2714  2713 
f  2713  2853  3036 
f  2713  3213  2854 
f  2854  2853  2713 
f  2920  2627  3244 
f  3244  3298  2920 
f  2716  3299  3298 
f  3298  3212  2716 
f  3298  3244  3212 
f  3212  2375  2378 
f  2378  3213  3212 
f  3244  2375  3212 
f  2920  3147  2628 
f  2628  2627  2920 
f  3452  3809  3937 
f  3937  3908  3452 
f  3809  2446  2445 
f  3352  3351  1610 
f  1610  1609  3352 
f  3881  3882  1612 
f  1612  1611  3881 
f  2576  2579  3884 
f  3884  3882  2576 
f  3351  3881  1611 
f  1611  1610  3351 
f  2903  3089  1614 
f  1614  1613  2903 
f  3258  3800  3798 
f  3798  2831  3258 
f  2748  3012  2749 
f  3012  2822  3737 
f  3768  1616  1615 
f  1615  3119  3768 
f  2993  2626  2625 
f  2625  3450  2993 
f  3820  2623  2626 
f  2626  2995  3820 
f  3153  3306  3305 
f  3305  3827  3153 
f  3152  3768  3306 
f  3306  3153  3152 
f  3875  3877  3821 
f  3821  3827  3875 
f  3794  2606  2605 
f  2605  3120  3794 
f  3794  3120  1618 
f  1618  1617  3794 
f  2771  3878  3877 
f  3877  3875  2771 
f  2771  2770  3878 
f  3903  3879  3878 
f  3878  2770  3903 
f  2770  3812  3903 
f  3812  3813  3435 
f  3435  3903  3812 
f  3940  3917  3813 
f  3813  3812  3940 
f  2729  2728  3940 
f  3850  3849  3864 
f  3864  3866  3850 
f  3866  3851  3850 
f  3853  3840  3851 
f  3851  3866  3853 
f  3840  3853  3852 
f  3852  3839  3840 
f  3818  3817  2728 
f  2728  3910  3818 
f  3941  3942  3815 
f  3815  3818  3941 
f  3818  3910  3097 
f  3097  3941  3818 
f  3815  3942  3071 
f  3071  3891  3815 
f  3725  3727  3726 
f  3726  2856  3725 
f  3784  3802  3943 
f  3943  3782  3784 
f  3071  3942  3944 
f  3944  3072  3071 
f  3942  3941  3944 
f  3891  3071  3070 
f  3070  3892  3891 
f  3783  3072  3944 
f  3783  3782  3069 
f  3069  3072  3783 
f  3886  3825  3068 
f  3068  3067  3886 
f  3824  3887  3886 
f  3886  3067  3824 
f  3185  3586  3801 
f  3887  3186  3257 
f  3257  3256  3887 
f  3801  3257  3186 
f  3186  3185  3801 
f  3187  3186  3887 
f  3887  3824  3187 
f  3800  3258  3257 
f  3257  3801  3800 
f  3801  3589  3800 
f  3943  3187  3824 
f  3824  3823  3943 
f  3802  3188  3187 
f  3187  3943  3802 
f  3802  3592  3188 
f  3592  3591  3587 
f  3587  3586  3592 
f  3832  3297  3831 
f  3831  3918  3832 
f  3297  3296  3831 
f  3065  3892  3070 
f  3070  3066  3065 
f  3823  3066  3070 
f  3070  3069  3823 
f  3823  3069  3782 
f  3782  3943  3823 
f  2831  3798  3811 
f  3811  2832  2831 
f  3595  3594  3811 
f  3811  3798  3595 
f  3188  3586  3185 
f  3591  3590  3833 
f  3833  3832  3591 
f  3918  3587  3591 
f  3591  3832  3918 
f  3598  3588  3587 
f  3587  3918  3598 
f  3598  3597  3588 
f  2728  3817  3940 
f  3817  3917  3940 
f  3915  3917  3817 
f  3817  3816  3915 
f  3891  3916  3915 
f  3915  3816  3891 
f  3096  3099  3777 
f  3777  3785  3096 
f  3944  3941  3097 
f  3097  3096  3944 
f  3785  3783  3944 
f  3944  3096  3785 
f  3776  3779  3783 
f  3783  3785  3776 
f  3775  3778  2915 
f  2916  2915  3778 
f  3778  3797  2916 
f  3912  3913  2483 
f  2483  3914  3912 
f  3912  3797  3099 
f  3099  3098  3912 
f  3914  2916  3797 
f  3797  3912  3914 
f  3914  2482  2917 
f  2917  2916  3914 
f  3911  3910  2728 
f  2728  2731  3911 
f  2804  3920  3911 
f  3911  2731  2804 
f  3911  3920  3913 
f  3920  2484  2483 
f  2483  3913  3920 
f  2484  2803  3109 
f  3109  2526  2484 
f  2526  2481  2484 
f  2802  3286  3109 
f  3109  2803  2802 
f  2802  3076  3282 
f  3282  3286  2802 
f  3076  3163  3919 
f  3164  2729  3940 
f  3940  3812  3164 
f  3164  2730  2729 
f  2730  3164  3075 
f  3075  2805  2730 
f  3110  3109  3286 
f  3286  3287  3110 
f  3796  3249  3110 
f  3110  3287  3796 
f  3796  3241  3249 
f  3283  3282  3076 
f  3076  3919  3283 
f  3919  3716  3437 
f  3437  3283  3919 
f  3715  3790  3437 
f  3437  3716  3715 
f  3945  3263  3780 
f  3780  3774  3945 
f  3342  2680  3263 
f  3263  3945  3342 
f  3345  2681  2680 
f  2680  3342  3345 
f  3343  3945  3774 
f  3774  2918  3343 
f  3343  3342  3945 
f  3344  3018  3819 
f  3819  3345  3344 
f  2397  2400  2682 
f  2682  2681  2397 
f  2681  3345  2397 
f  3819  3018  2684 
f  2684  3733  3819 
f  3733  3135  3134 
f  3134  3819  3733 
f  3741  3394  3739 
f  3739  3738  3741 
f  2922  3394  3741 
f  3741  2923  2922 
f  3382  3341  2821 
f  3341  2745  2821 
f  2821  3094  3093 
f  2822  2824  2747 
f  2824  3094  2747 
f  3094  2821  2747 
f  2822  2747  3737 
f  3095  3411  3738 
f  3738  3093  3095 
f  3411  3740  3738 
f  2922  2921  3192 
f  3442  3194  3752 
f  3752  2970  3442 
f  3145  3194  3442 
f  3752  3728  2967 
f  2967  2970  3752 
f  3442  3102  3145 
f  3102  3101  3145 
f  3946  2673  2672 
f  2672  3100  3946 
f  3102  3441  3946 
f  3946  3100  3102 
f  2513  2968  2735 
f  2735  2734  2513 
f  2510  2513  2734 
f  2734  2720  2510 
f  2720  2719  2989 
f  2989  2510  2720 
f  3690  2936  2935 
f  2935  3687  3690 
f  2933  2936  3690 
f  3690  3729  2933 
f  3729  2934  2933 
f  3465  3730  2934 
f  2934  3729  3465 
f  3687  2935  2989 
f  2989  2719  3687 
f  3688  3687  2719 
f  2719  2718  3688 
f  2777  2778  2558 
f  3906  3403  2777 
f  2777  2450  3906 
f  2664  3404  2665 
f  2665  3404  3834 
f  3947  3834  3404 
f  3404  3907  3947 
f  2396  2395  3947 
f  3947  3907  2396 
f  3938  3905  3834 
f  3834  3947  3938 
f  2395  3909  3938 
f  3938  3947  2395 
f  2395  2394  3909 
f  2852  3939  3035 
f  3939  2393  2449 
f  2393  2396  2449 
f  2450  2449  2396 
f  3347  3346  3195 
f  3916  3891  3890 
f  3451  3836  2997 
f  2997  2996  3451 
f  3836  3893  3107 
f  3107  2997  3836 
f  3451  2996  1627 
f  1627  1105  3451 
f  3893  3894  3279 
f  3279  3107  3893 
f  3894  3901  3835 
f  3835  3279  3894 
f  3901  3902  3888 
f  3888  3835  3901 
f  3902  3916  3890 
f  3890  3888  3902 
f  3896  2735  3727 
f  2735  2968  3727 
f  2969  3441  3442 
f  3442  2970  2969 
f  2967  3727  2968 
f  3946  3441  2969 
f  2969  2512  3946 
f  2511  2673  3946 
f  3946  2512  2511 
f  3408  3806  3773 
f  3896  3727  3725 
f  3725  3773  3896 
f  2632  2631  3896 
f  3896  3773  2632 
f  3806  2632  3773 
f  3408  3773  3772 
f  3948  3218  3217 
f  3217  3880  3948 
f  3900  3899  3218 
f  3218  3948  3900 
f  3948  3880  3745 
f  3745  3744  3948 
f  3746  3900  3948 
f  3948  3744  3746 
f  2866  3749  3949 
f  3949  3402  2866 
f  3748  3330  3949 
f  3949  3749  3748 
f  3402  3949  3950 
f  3950  3735  3402 
f  3330  3333  3950 
f  3950  3949  3330 
f  3950  3333  3136 
f  3136  3732  3950 
f  3735  3950  3732 
f  3732  3734  3735 
f  3149  2585  3735 
f  3735  3734  3149 
f  3148  2586  2585 
f  2585  3149  3148 
f  3646  3516  3624 
f  3211  3210  2640 
f  2640  2485  3211 
f  3210  2641  2640 
f  3339  2641  3210 
f  3210  3209  3339 
f  3025  3024  3318 
f  3318  3317  3025 
f  2602  3023  2600 
f  2491  2601  3055 
f  3674  3055  2601 
f  2601  2600  3674 
f  3610  3606  3611 
f  3606  3605  3611 
f  3610  3951  3634 
f  3634  3606  3610 
f  3517  3951  3610 
f  3610  3609  3517 
f  3609  3515  3517 
f  3638  3533  3532 
f  3532  3952  3638 
f  3952  3605  3638 
f  3611  3952  3532 
f  3532  3608  3611 
f  3611  3605  3952 
f  3954  2913  2912 
f  2912  3953  3954 
f  3955  3414  2913 
f  2913  3954  3955 
f  3956  3415  3414 
f  3414  3955  3956 
f  3957  3208  3415 
f  3415  3956  3957 
f  3958  3959  3960 
f  3961  3128  3958 
f  3958  3960  3961 
f  3962  3627  3128 
f  3128  3961  3962 
f  3963  3628  3627 
f  3627  3962  3963 
f  3964  3625  3628 
f  3628  3963  3964 
f  3965  3624  3625 
f  3625  3964  3965 
f  3966  3646  3624 
f  3624  3965  3966 
f  3967  3517  3646 
f  3646  3966  3967 
f  3968  3951  3517 
f  3517  3967  3968 
f  3969  3634  3951 
f  3951  3968  3969 
f  3970  3519  3634 
f  3634  3969  3970 
f  3971  3290  3519 
f  3519  3970  3971 
f  3972  3291  3290 
f  3290  3971  3972 
f  3953  2912  3291 
f  3291  3972  3953 
f  3960  3973  3974 
f  3975  3961  3960 
f  3960  3974  3975 
f  3976  3962  3961 
f  3961  3975  3976 
f  3977  3963  3962 
f  3962  3976  3977 
f  3978  3964  3963 
f  3963  3977  3978 
f  3979  3965  3964 
f  3964  3978  3979 
f  3980  3966  3965 
f  3965  3979  3980 
f  3981  3967  3966 
f  3966  3980  3981 
f  3973  3982  3974 
f  3974  3982  3975 
f  3975  3983  3976 
f  3984  3977  3976 
f  3976  3983  3984 
f  3985  3978  3977 
f  3977  3984  3985 
f  3986  3979  3978 
f  3978  3985  3986 
f  3987  3980  3979 
f  3979  3986  3987 
f  3988  3981  3980 
f  3980  3987  3988 
f  3990  3954  3953 
f  3953  3989  3990 
f  3991  3955  3954 
f  3954  3990  3991 
f  3992  3956  3955 
f  3955  3991  3992 
f  3993  3957  3956 
f  3956  3992  3993 
f  3994  3968  3967 
f  3967  3981  3994 
f  3995  3969  3968 
f  3968  3994  3995 
f  3996  3970  3969 
f  3969  3995  3996 
f  3997  3971  3970 
f  3970  3996  3997 
f  3998  3972  3971 
f  3971  3997  3998 
f  3989  3953  3972 
f  3972  3998  3989 
f  4000  3990  3989 
f  3989  3999  4000 
f  4001  3991  3990 
f  3990  4000  4001 
f  4002  3992  3991 
f  3991  4001  4002 
f  4003  3993  3992 
f  3992  4002  4003 
f  4004  3994  3981 
f  3981  3988  4004 
f  4005  3995  3994 
f  3994  4004  4005 
f  4006  3996  3995 
f  3995  4005  4006 
f  4007  3997  3996 
f  3996  4006  4007 
f  4008  3998  3997 
f  3997  4007  4008 
f  3999  3989  3998 
f  3998  4008  3999 
f  3650  3209  3208 
f  3208  4009  3650 
f  3959  4009  3208 
f  3208  3957  3959 
f  3993  4003  3982 
f  3982  3973  3993 
f  3973  3959  3957 
f  3957  3993  3973 
f  3412  3415  3208 
f  3208  3211  3412 
f  3211  2485  3412 
f  3959  3958  4009 
f  3650  3127  3340 
f  3128  3127  3958 
f  3127  4009  3958 
f  3127  3650  4009 
f  3973  3960  3959 
f  4011  4003  4002 
f  4002  4010  4011 
f  4012  3982  4003 
f  4003  4011  4012 
f  4012  3975  3982 
f  4002  4001  4010 
f  4014  4011  4010 
f  4010  4013  4014 
f  4015  4012  4011 
f  4011  4014  4015 
f  4016  3975  4012 
f  4012  4015  4016 
f  4013  4010  4001 
f  4001  4017  4013 
f  4016  3983  3975 
f  4018  4017  4001 
f  4001  4000  4018 
f  2879  2892  3123 
f  2924  3081  3688 
f  3688  2718  2924 
f  2723  3689  3688 
f  3688  3081  2723 
f  2632  3806  3197 
f  3197  2633  2632 
f  3806  3407  3197 
f  2925  3197  3407 
f  3407  3271  2925 
f  2582  1699   810 
f   810  2741  2582 
f  2594  1700  1426 
f  1426  2595  2594 
f  2751  2479   120 
f   120   503  2751 
f  3060  1422  1701 
f  1701  2695  3060 
f  3152  1702  1616 
f  1616  3768  3152 
f  3926  1704  1703 
f  1703  3929  3926 
f  2480  2562   490 
f   490   121  2480 
f  2836  1705  1627 
f  1627  2996  2836 
f  3119  1615  1700 
f  1700  2594  3119 
f  3930  1706  1195 
f  1195  3268  3930 
f  2835  1707  1705 
f  1705  2836  2835 
f  3810  3897  1607 
f  1607  1708  3810 
f  3309  1709  1707 
f  1707  2835  3309 
f  3579  1711  1710 
f  1710  3575  3579 
f  3882  3884  1547 
f  1547  1612  3882 
f  3811  1470  1712 
f  1712  2832  3811 
f  2994  1034  1702 
f  1702  3152  2994 
f  3450  1104  1035 
f  1035  2993  3450 
f  2525  3047  3046 
f  3046  2522  2525 
f  3563  3396  2455 
f  2523  3508  4019 
f  4019  2524  2523 
f  3658  3020  3019 
f  3019  3659  3658 
f  3364  2469  2471 
f  2471  3301  3364 
f  3260  3660  3657 
f  3753  3259  2878 
f  2878  3754  3753 
f  3323  3753  3321 
f  3260  3657  2879 
f  3045  3044  3420 
f  3420  3758  3045 
f  3420  3419  3759 
f  3759  3758  3420 
f  3419  3230  3762 
f  3762  3759  3419 
f  3418  3421  4020 
f  4020  3721  3418 
f  3421  2905  4020 
f  3322  2668  2905 
f  4020  2668  2667 
f  2667  3721  4020 
f  3180  3179  4021 
f  4021  3363  3180 
f  4021  3179  2493 
f  2493  4022  4021 
f  2469  4019  3508 
f  3508  2470  2469 
f  3424  2793  2798 
f  2798  2800  3424 
f  3199  3370  3722 
f  3657  3564  3252 
f  3253  2649  2768 
f  2649  3019  3022 
f  3022  2650  2649 
f  3022  2887  2650 
f  2879  3657  2892 
f  3657  3659  3564 
f  3659  3019  3564 
f  2649  3253  3564 
f  3253  3252  3564 
f  2905  2668  4020 
f  2905  2904  3322 
f  2379  2364  2373 
f  2373  2380  2379 
f  2380  2373  2372 
f  2372  3226  2380 
f  2370  2388  2371 
f  2787  2388  3326 
f  2376  4672  2377 
f  4673  4672  2376 
f  2376  2368  4673 
f  2386  2385  2381 
f  2381  2384  2386 
f  4674  4673  2368 
f  2368  2367  4674 
f  4676  4675  2369 
f  2369  2363  4676 
f  2364  2379  5279 
f  5279  4677  2364 
f  2780  3925  3314 
f  3314  2505  2780 
f  3925  3929  3315 
f  3315  3314  3925 
f  3929  1703  1714 
f  1714  3315  3929 
f  1595    20  2380 
f  2380  3226  1595 
f   977  1061  2402 
f  2402  3040   977 
f  3315  1714  1596 
f  1596  3316  3315 
f  2832  1712  1715 
f  1715  2833  2832 
f  2833  1715  1709 
f  1709  3309  2833 
f  2574   219   137 
f   137  2494  2574 
f  3575  1710  1423 
f  1423  3576  3575 
f  3578  1425  1711 
f  1711  3579  3578 
f  2552   195  1549 
f  1549  3885  2552 
f  2403  1061  1491 
f  1491  2810  2403 
f  2581  1716  1699 
f  1699  2582  2581 
f  2895  1717  1716 
f  1716  2581  2895 
f  3794  1617  1717 
f  1717  2895  3794 
f  1701   978  2696 
f  2696  2695  1701 
f  1609  1614  3089 
f  3089  3352  1609 
f   136  1718  4022 
f  4022  2493   136 
f   400  1208  3375 
f  3375  2752   400 
f  1708   196  2551 
f  2551  3810  1708 
f  1491   491  2844 
f  1023  1706  3930 
f  3930  3372  1023 
f  1613  1561  2900 
f  2900  2903  1613 
f  1194   220  2575 
f  2575  3269  1194 
f   906  1618  3120 
f  3120  2754   906 
f    19  1719  5279 
f  5279  2379    19 
f  3865  3867  3874 
f  3874  3873  3872 
f  3865  3874  3872 
f  3872  3871  3870 
f  3870  3869  3868 
f  3872  3870  3868 
f  3865  3872  3868 
f  3854  3865  3868 
f  3855  3854  3868 
f  4025  4026  4023 
f  4023  4024  4025 
f  4027  4028  4029 
f  4032  4033  4030 
f  4030  4031  4032 
f  4036  4037  4034 
f  4034  4035  4036 
f  4038  4039  3694 
f  4040  4041  4042 
f  4042  4043  4040 
f  4046  4047  4044 
f  4044  4045  4046 
f  4048  4028  4027 
f  4051  4052  4049 
f  4049  4050  4051 
f  4056  4053  4054 
f  4054  4055  4056 
f  4047  4059  4057 
f  4057  4058  4047 
f  4060  4038  4061 
f  4062  4063  4064 
f  4066  3178  2431 
f  2431  4065  4066 
f  4069  4070  4067 
f  4067  4068  4069 
f  3232  4072  4071 
f  4071  3702  3232 
f  4075  4076  4073 
f  4073  4074  4075 
f  4079  4080  4077 
f  4077  4078  4079 
f  4068  4082  4081 
f  4081  4069  4068 
f  4085  4086  4083 
f  4083  4084  4085 
f  4087  4088  4089 
f  4089  4090  4087 
f  4093  4094  4091 
f  4091  4092  4093 
f  4097  4098  4095 
f  4095  4096  4097 
f  4054  4101  4099 
f  4099  4100  4054 
f  4102  4103  4104 
f  4105  4106  4030 
f  4109  4110  4107 
f  4107  4108  4109 
f  4113  4114  4111 
f  4111  4112  4113 
f  4117  4118  4115 
f  4115  4116  4117 
f  4031  4119  4032 
f  4122  4123  4120 
f  4120  4121  4122 
f  4126  4127  4124 
f  4124  4125  4126 
f  4131  4128  4129 
f  4129  4130  4131 
f  4133  4060  4061 
f  4061  4132  4133 
f  4136  4137  4134 
f  4134  4135  4136 
f  4138  4139  4140 
f  4059  4047  4046 
f  4046  4141  4059 
f  4142  4033  4032 
f  4055  4145  4143 
f  4143  4144  4055 
f  4146  4147  4148 
f  4148  4149  4146 
f  2457  4126  4150 
f  4126  2457  4127 
f  3232  3231  4151 
f  4151  4072  3232 
f  4106  4105  4152 
f  4152  4153  4106 
f  4154  4155  4074 
f  4074  4073  4154 
f  4156  4157  4158 
f  4158  4159  4156 
f  4161  4162  4042 
f  4042  4160  4161 
f  4165  4166  4163 
f  4163  4164  4165 
f  4167  4168  4082 
f  4082  4068  4167 
f  4169  4167  4065 
f  4173  4170  4171 
f  4171  4172  4173 
f  4154  4176  4174 
f  4174  4175  4154 
f  4179  4180  4177 
f  4177  4178  4179 
f  2509  4181  3247 
f  4102  4144  4182 
f  4182  4103  4102 
f  4038  3695  4181 
f  4181  4061  4038 
f  4185  4186  4183 
f  4183  4184  4185 
f  4189  4190  4187 
f  4187  4188  4189 
f  4193  4194  4191 
f  4191  4192  4193 
f  4033  4142  4195 
f  4026  4025  4196 
f  4196  4197  4026 
f  4037  4036  4198 
f  4198  4199  4037 
f  4029  4201  4057 
f  4057  4200  4029 
f  4138  4200  4057 
f  4057  4059  4138 
f  4204  4205  4202 
f  4202  4203  4204 
f  4097  4024  4023 
f  4023  4098  4097 
f  4208  4209  4206 
f  4206  4207  4208 
f  4171  4212  4210 
f  4210  4211  4171 
f  4215  4216  4213 
f  4213  4214  4215 
f  4102  4056  4055 
f  4055  4144  4102 
f  4218  4219  4081 
f  4081  4217  4218 
f  4220  4221  4093 
f  4093  4092  4220 
f  3354  3673  4222 
f  4222  4223  3354 
f  4224  4225  4226 
f  4226  4227  4224 
f  4229  4230  4159 
f  4159  4228  4229 
f  4110  4139  4138 
f  4138  4141  4110 
f  4232  4233  4140 
f  4140  4231  4232 
f  4155  4080  4079 
f  4079  4074  4155 
f  4191  4235  4234 
f  4234  4192  4191 
f  4236  4237  4238 
f  4238  4239  4236 
f  4240  4231  4140 
f  4140  4139  4240 
f  4243  4241  4170 
f  4170  4242  4243 
f  4097  4245  4244 
f  4244  4024  4097 
f  4046  4045  4175 
f  4175  4107  4046 
f  4246  4217  4081 
f  4081  4082  4246 
f  4109  4139  4110 
f  4044  4247  4077 
f  4247  4249  4248 
f  4248  4077  4247 
f  4035  4250  4251 
f  4251  4036  4035 
f  4218  4042  4162 
f  4252  4119  4031 
f  4253  4198  4036 
f  4036  4251  4253 
f  4146  4049  4052 
f  4052  4254  4146 
f  4215  4185  4255 
f  4255  4244  4215 
f  4025  4255  4196 
f  4256  4257  4258 
f  4260  4261  4259 
f  4259  4034  4260 
f  4213  4222  3723 
f  3723  4262  4213 
f  4265  4266  4263 
f  4263  4264  4265 
f  4256  4269  4267 
f  4267  4268  4256 
f  4075  4271  4115 
f  4115  4270  4075 
f  4051  2971  2457 
f  2457  4150  4051 
f  4272  2971  4051 
f  2971  4272  3686 
f  4038  3694  3695 
f  4111  4114  4273 
f  4273  4098  4111 
f  4223  4096  2658 
f  4245  4223  4222 
f  4222  4216  4245 
f  4274  4275  4276 
f  4100  4277  4267 
f  4267  4145  4100 
f  4043  4218  4217 
f  4217  4131  4043 
f  4278  4279  4050 
f  4050  4049  4278 
f  4282  4283  4280 
f  4280  4281  4282 
f  4248  4284  4191 
f  4191  4194  4248 
f  4178  4177  4285 
f  4285  4286  4178 
f  4260  4287  4066 
f  4066  4261  4260 
f  3176  4288  4103 
f  4103  3449  3176 
f  4182  3449  4103 
f  4291  4292  4289 
f  4289  4290  4291 
f  3449  4182  4293 
f  4293  2421  3449 
f  4207  4296  4294 
f  4294  4295  4207 
f  4174  4108  4107 
f  4107  4175  4174 
f  4175  4045  4155 
f  4155  4154  4175 
f  4192  4234  4297 
f  4297  4298  4192 
f  4193  4192  4298 
f  4298  4299  4193 
f  4070  4261  4066 
f  4066  4067  4070 
f  4301  4026  4197 
f  4197  4300  4301 
f  4129  4128  4060 
f  4060  4133  4129 
f  4200  4233  4027 
f  4027  4029  4200 
f  4302  4142  4032 
f  4032  4119  4302 
f  4305  4306  4303 
f  4303  4304  4305 
f  4307  4308  4290 
f  4290  4289  4307 
f  4220  4205  4204 
f  4204  4221  4220 
f  4025  4024  4244 
f  4244  4255  4025 
f  4237  4309  4238 
f  4105  4202  4205 
f  4310  4026  4301 
f  4217  4246  4128 
f  4128  4131  4217 
f  3354  4223  2657 
f  4312  4153  4152 
f  4152  4311  4312 
f  4075  4074  4079 
f  4079  4271  4075 
f  4180  4148  4147 
f  4147  4177  4180 
f  4245  4097  4096 
f  4096  4223  4245 
f  4315  4316  4313 
f  4313  4314  4315 
f  4147  4146  4254 
f  4254  4317  4147 
f  4320  4321  4318 
f  4318  4319  4320 
f  2658  2657  4223 
f  4138  4140  4233 
f  4233  4200  4138 
f  4268  4267  4277 
f  4277  4322  4268 
f  4323  4324  4325 
f  4288  3176  3178 
f  3178  4287  4288 
f  4098  4023  4111 
f  4326  4327  4328 
f  4328  4228  4326 
f  4330  4179  4178 
f  4178  4329  4330 
f  4142  4331  4332 
f  4332  4195  4142 
f  4233  4232  4048 
f  4048  4027  4233 
f  4260  4034  4037 
f  4037  4333  4260 
f  4245  4216  4215 
f  4215  4244  4245 
f  4069  4081  4219 
f  4219  4230  4069 
f  4334  4060  4128 
f  4128  4246  4334 
f  4284  4248  4249 
f  4249  4335  4284 
f  4229  4259  4261 
f  4261  4070  4229 
f  4298  4297  4336 
f  4336  4337  4298 
f  4308  4094  4093 
f  4093  4290  4308 
f  4338  4269  4256 
f  4256  4258  4338 
f  2431  3691  4169 
f  4169  4065  2431 
f  4325  4315  4122 
f  4122  4339  4325 
f  4104  4288  4333 
f  4095  4098  4273 
f  4212  4171  4170 
f  4170  4241  4212 
f  4227  4340  4341 
f  4341  4224  4227 
f  4248  4342  4078 
f  4078  4077  4248 
f  4068  4067  4065 
f  4065  4167  4068 
f  4059  4141  4138 
f  4215  4214  4186 
f  4186  4185  4215 
f  4110  4141  4046 
f  4046  4107  4110 
f  4313  4316  4211 
f  4211  4210  4313 
f  4105  4205  4220 
f  4220  4152  4105 
f  4181  3695  3247 
f  4240  4161  4160 
f  4169  3691  3694 
f  3694  4039  4169 
f  4343  3231  3722 
f  3722  4164  4343 
f  4222  3673  3723 
f  4222  4213  4216 
f  4177  4147  4317 
f  4317  4285  4177 
f  4124  4305  4304 
f  4304  4125  4124 
f  4293  4338  2421 
f  2421  4338  4258 
f  4258  2422  2421 
f  4258  4257  2422 
f  4278  4049  4146 
f  4146  4149  4278 
f  4089  4088  4344 
f  4344  4345  4089 
f  4346  4347  4332 
f  4332  4331  4346 
f  4348  4299  4298 
f  4298  4337  4348 
f  4078  4342  4349 
f  4349  4350  4078 
f  4352  4117  4116 
f  4116  4351  4352 
f  4271  4350  4116 
f  4116  4115  4271 
f  4078  4350  4271 
f  4271  4079  4078 
f  4351  4116  4350 
f  4350  4349  4351 
f  4144  4143  4293 
f  4293  4182  4144 
f  4037  4199  4104 
f  4104  4333  4037 
f  4228  4328  4259 
f  4259  4229  4228 
f  4034  4259  4328 
f  4328  4035  4034 
f  4328  4327  4250 
f  4250  4035  4328 
f  4199  4198  4053 
f  4053  4056  4199 
f  4073  4064  4176 
f  4176  4154  4073 
f  4077  4080  4044 
f  4155  4045  4044 
f  4044  4080  4155 
f  4341  4353  4121 
f  4121  4237  4341 
f  4354  4058  4057 
f  4057  4201  4354 
f  4137  4314  4274 
f  4274  4134  4137 
f  4102  4104  4199 
f  4199  4056  4102 
f  4270  4355  4076 
f  4076  4075  4270 
f  4117  4357  4356 
f  4356  4118  4117 
f  4336  4359  4358 
f  4358  4337  4336 
f  4337  4358  4360 
f  4360  4348  4337 
f  4352  4361  4357 
f  4357  4117  4352 
f  4364  4365  4362 
f  4362  4363  4364 
f  4357  4367  4366 
f  4366  4356  4357 
f  4359  4369  4368 
f  4368  4358  4359 
f  4358  4368  4370 
f  4370  4360  4358 
f  4361  4371  4367 
f  4367  4357  4361 
f  4372  4373  4374 
f  4286  4375  4329 
f  4329  4178  4286 
f  4377  4303  4306 
f  4306  4376  4377 
f  4378  4366  4367 
f  4367  4376  4378 
f  4375  4370  4368 
f  4368  4329  4375 
f  4376  4367  4371 
f  4371  4377  4376 
f  4372  4379  4362 
f  4362  4365  4372 
f  4329  4368  4369 
f  4369  4330  4329 
f  4158  4380  4139 
f  4139  4109  4158 
f  4219  4156  4159 
f  4159  4230  4219 
f  4070  4069  4230 
f  4230  4229  4070 
f  4039  4038  4060 
f  4060  4334  4039 
f  4334  4168  4039 
f  4039  4168  4167 
f  4167  4169  4039 
f  4066  4287  3178 
f  4255  4185  4184 
f  4184  4196  4255 
f  4381  4372  4365 
f  4381  4365  4382 
f  4382  4383  4381 
f  4383  4382  4384 
f  4384  4385  4383 
f  4385  4384  4355 
f  4355  4270  4385 
f  4388  4389  4386 
f  4386  4387  4388 
f  4389  4390  4209 
f  4209  4386  4389 
f  4209  4390  4391 
f  4391  4206  4209 
f  4391  4393  4392 
f  4392  4206  4391 
f  4392  4393  4394 
f  4394  4395  4392 
f  4366  4378  4381 
f  4366  4381  4383 
f  4383  4356  4366 
f  4356  4383  4385 
f  4385  4118  4356 
f  4385  4270  4115 
f  4115  4118  4385 
f  4396  4397  4398 
f  4399  4281  4280 
f  4280  4400  4399 
f  4051  4050  4401 
f  4401  4272  4051 
f  4263  4266  4402 
f  4402  4403  4263 
f  4279  4404  4401 
f  4401  4050  4279 
f  4407  4408  4405 
f  4405  4406  4407 
f  4168  4334  4246 
f  4246  4082  4168 
f  4274  4276  4134 
f  4135  4202  4105 
f  4203  4202  4135 
f  4135  4134  4203 
f  4410  4136  4033 
f  4033  4409  4410 
f  4311  4152  4220 
f  4220  4092  4311 
f  4105  4030  4135 
f  4135  4030  4033 
f  4033  4136  4135 
f  4221  4291  4290 
f  4290  4093  4221 
f  4204  4411  4291 
f  4291  4221  4204 
f  4324  4412  4211 
f  4211  4316  4324 
f  4394  4414  4413 
f  4413  4395  4394 
f  4414  4415  4413 
f  4171  4211  4412 
f  4412  4172  4171 
f  4073  4076  4062 
f  4062  4064  4073 
f  4062  4076  4355 
f  4355  4416  4062 
f  4417  4416  4355 
f  4355  4384  4417 
f  4417  4384  4382 
f  4382  4364  4417 
f  4382  4365  4364 
f  4130  4040  4043 
f  4043  4131  4130 
f  4112  4111  4310 
f  4023  4026  4310 
f  4310  4111  4023 
f  4173  4418  4170 
f  4420  4190  4189 
f  4189  4419  4420 
f  4411  4421  4292 
f  4292  4291  4411 
f  4276  4275  4421 
f  4421  4411  4276 
f  4085  4422  4086 
f  4256  4268  4423 
f  4423  4257  4256 
f  4161  4240  4139 
f  4311  4092  4091 
f  4091  4424  4311 
f  4188  4187  4412 
f  4412  4425  4188 
f  4048  4232  4184 
f  4184  4183  4048 
f  4184  4232  4231 
f  4231  4196  4184 
f  4231  4240  4197 
f  4197  4196  4231 
f  4191  4284  4426 
f  4426  4235  4191 
f  4428  4354  4201 
f  4201  4427  4428 
f  4427  4201  4029 
f  4029  4323  4427 
f  4425  4324  4323 
f  4431  4432  4429 
f  4429  4430  4431 
f  4433  4434  4435 
f  4433  4166  4165 
f  4165  4434  4433 
f  4436  4437  4400 
f  4438  4439  4440 
f  4443  4444  4441 
f  4441  4442  4443 
f  4444  4443  4445 
f  4445  4446  4444 
f  4447  3922  4446 
f  4450  4451  4448 
f  4448  4449  4450 
f  3425  4165  3370 
f  4165  3425  4434 
f  4434  3921  4435 
f  3921  4434  3425 
f  4239  4453  4452 
f  4452  4236  4239 
f  4453  4429  4432 
f  4432  4452  4453 
f  4454  4142  4302 
f  4430  4456  4455 
f  4455  4431  4430 
f  4122  4121  4353 
f  4353  4339  4122 
f  4415  4335  4354 
f  4354  4428  4415 
f  4335  4249  4058 
f  4058  4354  4335 
f  4249  4247  4047 
f  4047  4058  4249 
f  4247  4044  4047 
f  4136  4410  4137 
f  4121  4120  4309 
f  4309  4237  4121 
f  4294  4296  4457 
f  4457  4458  4294 
f  4274  4314  4313 
f  4340  4459  4415 
f  4415  4353  4340 
f  4457  4459  4340 
f  4340  4458  4457 
f  4084  4083  4460 
f  4460  4461  4084 
f  4460  4463  4462 
f  4462  4461  4460 
f  4237  4464  4465 
f  4465  4341  4237 
f  4353  4341  4340 
f  4388  4387  4466 
f  4466  4467  4388 
f  4225  4469  4468 
f  4468  4226  4225 
f  4472  4085  4470 
f  4470  4471  4472 
f  4470  4085  4084 
f  4469  4474  4473 
f  4473  4468  4469 
f  4475  4471  4470 
f  4470  4476  4475 
f  4208  4207  4295 
f  4295  4477  4208 
f  4084  4461  4476 
f  4476  4470  4084 
f  4430  4429  4451 
f  4429  4453  4478 
f  4478  4451  4429 
f  4453  4239  4479 
f  4479  4478  4453 
f  4239  4238  4480 
f  4480  4479  4239 
f  4409  4480  4238 
f  4238  4309  4409 
f  4409  4309  4120 
f  4120  4410  4409 
f  4410  4120  4123 
f  4123  4137  4410 
f  4474  4482  4481 
f  4481  4473  4474 
f  4476  4483  4484 
f  4484  4475  4476 
f  4476  4461  4483 
f  4486  4481  4482 
f  4482  4485  4486 
f  4487  4484  4483 
f  4490  4491  4488 
f  4488  4489  4490 
f  4492  4493  4494 
f  4497  4498  4495 
f  4495  4496  4497 
f  4438  4501  4499 
f  4499  4500  4438 
f  4504  4505  4502 
f  4502  4503  4504 
f  4501  4507  4506 
f  4506  4499  4501 
f  4505  4508  4502 
f  4509  4442  4510 
f  4404  4279  4437 
f  4437  4511  4404 
f  4279  4278  4400 
f  4400  4437  4279 
f  3921  4512  4435 
f  4512  3922  4447 
f  3922  4512  3921 
f  4403  4445  4443 
f  4443  4263  4403 
f  4263  4443  4442 
f  4442  4513  4263 
f  4514  4408  4407 
f  4507  4516  4515 
f  4515  4509  4507 
f  4519  4511  4517 
f  4517  4518  4519 
f  4509  4510  4506 
f  4506  4507  4509 
f  4520  4509  4515 
f  4521  4516  4507 
f  4507  4501  4521 
f  4399  4523  4522 
f  4522  4281  4399 
f  4281  4522  4524 
f  4524  4282  4281 
f  4278  4149  4398 
f  4398  4400  4278 
f  4524  4522  4492 
f  4523  4495  4498 
f  4498  4522  4523 
f  4208  4525  4386 
f  4386  4209  4208 
f  4318  4397  4396 
f  4396  4319  4318 
f  4398  4397  4523 
f  4523  4399  4398 
f  4397  4318  4495 
f  4495  4523  4397 
f  4318  4321  4495 
f  4496  4495  4321 
f  4321  4466  4496 
f  4490  4466  4387 
f  4387  4491  4490 
f  4320  4467  4466 
f  4466  4321  4320 
f  4461  4462  4526 
f  4526  4483  4461 
f  4511  4527  4517 
f  4508  4529  4528 
f  4528  4502  4508 
f  4502  4528  4530 
f  4530  4503  4502 
f  4530  4526  4462 
f  4462  4503  4530 
f  4463  4504  4503 
f  4503  4462  4463 
f  4456  4438  4500 
f  4500  4455  4456 
f  4531  4532  4264 
f  4532  4407  4264 
f  4265  4264  4407 
f  4407  4406  4265 
f  4483  4526  4533 
f  4533  4487  4483 
f  4524  4533  4526 
f  4526  4530  4524 
f  4530  4528  4282 
f  4282  4524  4530 
f  4282  4528  4529 
f  4529  4283  4282 
f  4527  4511  4437 
f  4437  4436  4527 
f  4519  4441  4404 
f  4404  4511  4519 
f  4404  4441  4444 
f  4444  4401  4404 
f  4444  4446  4272 
f  4272  4401  4444 
f  4272  4446  3922 
f  3922  3686  4272 
f  4028  4048  4183 
f  4183  4534  4028 
f  4183  4186  4535 
f  4535  4534  4183 
f  4186  4214  4536 
f  4536  4535  4186 
f  4214  4213  4262 
f  4262  4536  4214 
f  4430  4451  4450 
f  4450  4456  4430 
f  4450  4438  4456 
f  4399  4400  4398 
f  4436  4400  4280 
f  4280  4283  4436 
f  4283  4529  4527 
f  4527  4436  4283 
f  4529  4508  4517 
f  4517  4527  4529 
f  4508  4505  4518 
f  4518  4517  4508 
f  4501  4438  4440 
f  4263  4513  4264 
f  4531  4520  4537 
f  4537  4538  4532 
f  4532  4531  4537 
f  4538  4514  4532 
f  4424  4539  4312 
f  4312  4311  4424 
f  4515  4537  4520 
f  4347  4346  4540 
f  4540  4541  4347 
f  4540  4542  4543 
f  4543  4541  4540 
f  4547  4544  4545 
f  4545  4546  4547 
f  4521  4544  4547 
f  4515  4516  4538 
f  4538  4537  4515 
f  4516  4521  4514 
f  4514  4538  4516 
f  4520  4442  4509 
f  4264  4513  4520 
f  4520  4531  4264 
f  4265  4549  4548 
f  4548  4266  4265 
f  4406  4550  4549 
f  4549  4265  4406 
f  4549  4089  4345 
f  4345  4548  4549 
f  4550  4090  4089 
f  4089  4549  4550 
f  4406  4405  4551 
f  4551  4550  4406 
f  4551  4090  4550 
f  4123  4314  4137 
f  4325  4324  4315 
f  4123  4122  4315 
f  4315  4314  4123 
f  4447  4552  4512 
f  4512  4552  4553 
f  4553  4435  4512 
f  4446  4445  4447 
f  4445  4403  4552 
f  4552  4447  4445 
f  4403  4554  4553 
f  4553  4552  4403 
f  4403  4402  4554 
f  4266  4548  4555 
f  4555  4402  4266 
f  4402  4555  4556 
f  4556  4554  4402 
f  4548  4345  4557 
f  4557  4555  4548 
f  4555  4557  4558 
f  4558  4556  4555 
f  4345  4559  4560 
f  4560  4557  4345 
f  4344  4559  4345 
f  4065  4067  4066 
f  4132  4061  4181 
f  4181  4561  4132 
f  4519  4510  4441 
f  4562  4464  4563 
f  4563  4564  4562 
f  4566  4564  4563 
f  4563  4565  4566 
f  4565  4568  4567 
f  4567  4566  4565 
f  4568  4570  4569 
f  4569  4567  4568 
f  4500  4499  4505 
f  4505  4504  4500 
f  4506  4510  4519 
f  4519  4518  4506 
f  4504  4569  4570 
f  4570  4500  4504 
f  4499  4506  4518 
f  4518  4505  4499 
f  4164  4571  4572 
f  4572  4573  4164 
f  4166  4575  4574 
f  4574  4163  4166 
f  4433  4576  4575 
f  4575  4166  4433 
f  4163  4574  4577 
f  4577  4571  4163 
f  4575  4579  4578 
f  4578  4574  4575 
f  4576  4580  4579 
f  4579  4575  4576 
f  4574  4578  4581 
f  4581  4577  4574 
f  4579  4583  4582 
f  4582  4578  4579 
f  4580  4584  4583 
f  4583  4579  4580 
f  4578  4582  4585 
f  4585  4581  4578 
f  4435  4553  4586 
f  4586  4433  4435 
f  4433  4586  4576 
f  4576  4586  4580 
f  4586  4587  4584 
f  4584  4580  4586 
f  4553  4554  4587 
f  4587  4586  4553 
f  4588  4584  4587 
f  4589  4556  4558 
f  4554  4588  4587 
f  4588  4554  4556 
f  4590  4588  4589 
f  4572  4591  4592 
f  4592  4573  4572 
f  4592  4591  4593 
f  4593  4594  4592 
f  4594  4593  4595 
f  4343  4573  4596 
f  4596  4151  4343 
f  4594  4595  4597 
f  4289  4241  4243 
f  4243  4307  4289 
f  4420  4419  4071 
f  4071  4072  4420 
f  4418  4420  4072 
f  4072  4598  4418 
f  4242  4599  4600 
f  4600  4243  4242 
f  4072  4151  4596 
f  4596  4598  4072 
f  4594  4601  4596 
f  4164  4573  4343 
f  4428  4427  4325 
f  4325  4339  4428 
f  4428  4339  4353 
f  4353  4415  4428 
f  4466  4490  4496 
f  4386  4525  4491 
f  4491  4387  4386 
f  4491  4525  4602 
f  4602  4488  4491 
f  4208  4477  4602 
f  4602  4525  4208 
f  4496  4490  4489 
f  4489  4497  4496 
f  4485  4494  4493 
f  4493  4486  4485 
f  4030  4106  4031 
f  4106  4153  4031 
f  4603  4031  4153 
f  4153  4312  4603 
f  4603  4312  4539 
f  4539  4604  4603 
f  4604  4558  4557 
f  4557  4605  4604 
f  4557  4560  4605 
f  4603  4252  4031 
f  4243  4600  4606 
f  4606  4307  4243 
f  4308  4608  4607 
f  4607  4094  4308 
f  4094  4607  4609 
f  4609  4091  4094 
f  4091  4609  4610 
f  4610  4424  4091 
f  4589  4558  4611 
f  4539  4424  4610 
f  4610  4612  4539 
f  4611  4604  4612 
f  4606  4600  4613 
f  4607  4608  4614 
f  4614  4615  4607 
f  4607  4615  4616 
f  4616  4609  4607 
f  4610  4609  4616 
f  4616  4617  4610 
f  4619  4618  4589 
f  4589  4611  4619 
f  4610  4617  4619 
f  4619  4612  4610 
f  4612  4619  4611 
f  4620  4613  4600 
f  4615  4614  4621 
f  4621  4622  4615 
f  4616  4615  4622 
f  4622  4623  4616 
f  4624  4625  4626 
f  4619  4627  4628 
f  4583  4630  4629 
f  4629  4582  4583 
f  4584  4631  4630 
f  4630  4583  4584 
f  4582  4633  4632 
f  4632  4585  4582 
f  4633  4582  4629 
f  4585  4632  4595 
f  4595  4632  4597 
f  4634  4597  4632 
f  4630  4635  4629 
f  4631  4625  4630 
f  4633  4636  4632 
f  4637  4629  4635 
f  4638  4639  4636 
f  4625  4624  4640 
f  4638  4637  4635 
f  4635  4640  4638 
f  4630  4625  4635 
f  4589  4626  4590 
f  4626  4625  4631 
f  4589  4588  4556 
f  4620  4601  4594 
f  4594  4597  4620 
f  4643  4641  4634 
f  4634  4642  4643 
f  4644  4641  4643 
f  4644  4614  4608 
f  4608  4606  4644 
f  4608  4308  4307 
f  4307  4606  4608 
f  4623  4645  4617 
f  4617  4616  4623 
f  4635  4625  4640 
f  4649  4646  4647 
f  4647  4648  4649 
f  4622  4650  4646 
f  4646  4623  4622 
f  4623  4646  4649 
f  4649  4645  4623 
f  4649  4651  4628 
f  4628  4627  4649 
f  4624  4651  4648 
f  4648  4640  4624 
f  4640  4648  4647 
f  4647  4638  4640 
f  4638  4647  4652 
f  4652  4639  4638 
f  4639  4652  4650 
f  4650  4621  4639 
f  4650  4622  4621 
f  4028  4425  4323 
f  4028  4534  4188 
f  4188  4425  4028 
f  4534  4535  4189 
f  4189  4188  4534 
f  4535  4536  4419 
f  4419  4189  4535 
f  4536  4262  4071 
f  4071  4419  4536 
f  4071  4262  3723 
f  3723  3702  4071 
f  4143  4269  4338 
f  4338  4293  4143 
f  4268  4322  4653 
f  4653  4423  4268 
f  4043  4042  4218 
f  2456  3395  4654 
f  4654  4127  2456 
f  4052  4051  4150 
f  4194  4342  4248 
f  4317  4254  4126 
f  4126  4125  4317 
f  4254  4052  4150 
f  4150  4126  4254 
f  4349  4342  4194 
f  4194  4193  4349 
f  4304  4303  4286 
f  4286  4285  4304 
f  4351  4349  4193 
f  4193  4299  4351 
f  4125  4304  4285 
f  4285  4317  4125 
f  4352  4351  4299 
f  4299  4348  4352 
f  4361  4352  4348 
f  4348  4360  4361 
f  4371  4361  4360 
f  4360  4370  4371 
f  4303  4377  4375 
f  4375  4286  4303 
f  4377  4371  4370 
f  4370  4375  4377 
f  2456  4127  2457 
f  4100  4099  4363 
f  4363  4277  4100 
f  4379  4374  4655 
f  4655  4653  4379 
f  4305  4657  4658 
f  4656  4305  4658 
f  4656  4658  4659 
f  4363  4362  4322 
f  4322  4277  4363 
f  4127  4654  4124 
f  4654  4657  4305 
f  4305  4124  4654 
f  4659  4655  4374 
f  4374  4656  4659 
f  4653  4322  4362 
f  4362  4379  4653 
f  4269  4143  4145 
f  4145  4267  4269 
f  4145  4055  4054 
f  4054  4100  4145 
f  4417  4364  4363 
f  4363  4099  4417 
f  4416  4417  4099 
f  4099  4101  4416 
f  4062  4416  4101 
f  4101  4063  4062 
f  4095  4660  2658 
f  4654  3395  3396 
f  3396  4661  4654 
f  4661  4662  4657 
f  4657  4654  4661 
f  4164  3722  3370 
f  3370  4165  4164 
f  4588  4590  4631 
f  4590  4626  4631 
f  4628  4618  4619 
f  4649  4627  4645 
f  4619  4617  4645 
f  4645  4627  4619 
f  4589  4618  4626 
f  4618  4628  4624 
f  4624  4626  4618 
f  4628  4651  4624 
f  4584  4588  4631 
f  4544  4521  4501 
f  4501  4440  4544 
f  4440  4439  4545 
f  4545  4544  4440 
f  4514  4407  4532 
f  4101  4054  4053 
f  4053  4063  4101 
f  4629  4637  4636 
f  4636  4633  4629 
f  4637  4638  4636 
f  4636  4642  4634 
f  4621  4614  4644 
f  4644  4643  4621 
f  4621  4643  4642 
f  4642  4639  4621 
f  4642  4636  4639 
f  4611  4558  4604 
f  4612  4604  4539 
f  4604  4605  4603 
f  4605  4560  4252 
f  4252  4603  4605 
f  4560  4559  4252 
f  4559  4344  4119 
f  4119  4252  4559 
f  4119  4344  4088 
f  4088  4302  4119 
f  4088  4087  4454 
f  4454  4302  4088 
f  4300  4197  4240 
f  4240  4160  4300 
f  4300  4160  4042 
f  4042  4041  4300 
f  4139  4380  4161 
f  4162  4157  4156 
f  4219  4218  4162 
f  4162  4156  4219 
f  4510  4442  4441 
f  4442  4520  4513 
f  4134  4276  4203 
f  4203  4276  4411 
f  4411  4204  4203 
f  4289  4292  4241 
f  4292  4421  4212 
f  4212  4241  4292 
f  4421  4275  4210 
f  4210  4212  4421 
f  4274  4313  4210 
f  4210  4275  4274 
f  4596  4599  4598 
f  4599  4242  4418 
f  4418  4598  4599 
f  4242  4170  4418 
f  4315  4324  4316 
f  4324  4425  4412 
f  4028  4323  4029 
f  4323  4325  4427 
f  4415  4459  4413 
f  4413  4459  4457 
f  4457  4395  4413 
f  4395  4457  4296 
f  4296  4392  4395 
f  4296  4207  4206 
f  4206  4392  4296 
f  4396  4398  4149 
f  4149  4148  4396 
f  4335  4426  4284 
f  4180  4179  4320 
f  4320  4319  4180 
f  4234  4235  4394 
f  4394  4393  4234 
f  4297  4234  4393 
f  4393  4391  4297 
f  4148  4180  4319 
f  4319  4396  4148 
f  4179  4330  4467 
f  4467  4320  4179 
f  4336  4297  4391 
f  4391  4390  4336 
f  4359  4336  4390 
f  4390  4389  4359 
f  4369  4359  4389 
f  4389  4388  4369 
f  4330  4369  4388 
f  4388  4467  4330 
f  4414  4394  4235 
f  4235  4426  4414 
f  4414  4426  4335 
f  4335  4415  4414 
f  4224  4341  4465 
f  4455  4500  4570 
f  4237  4236  4464 
f  4504  4463  4569 
f  4083  4086  4564 
f  4564  4566  4083 
f  4086  4422  4562 
f  4562  4564  4086 
f  4432  4431  4568 
f  4568  4565  4432 
f  4236  4452  4563 
f  4563  4464  4236 
f  4452  4432  4565 
f  4565  4563  4452 
f  4431  4455  4570 
f  4570  4568  4431 
f  4460  4083  4566 
f  4566  4567  4460 
f  4463  4460  4567 
f  4567  4569  4463 
f  4227  4458  4340 
f  4295  4468  4477 
f  4482  4663  4485 
f  4498  4492  4522 
f  4492  4533  4524 
f  4227  4226  4294 
f  4294  4458  4227 
f  4664  4225  4224 
f  4224  4422  4664 
f  4469  4225  4664 
f  4664  4665  4469 
f  4226  4468  4295 
f  4295  4294  4226 
f  4474  4469  4665 
f  4665  4666  4474 
f  4468  4473  4602 
f  4602  4477  4468 
f  4482  4474  4666 
f  4666  4663  4482 
f  4473  4481  4488 
f  4488  4602  4473 
f  4481  4486  4489 
f  4489  4488  4481 
f  4663  4667  4494 
f  4494  4485  4663 
f  4492  4494  4667 
f  4667  4533  4492 
f  4493  4492  4498 
f  4498  4497  4493 
f  4497  4489  4486 
f  4486  4493  4497 
f  4422  4472  4664 
f  4198  4253  4063 
f  4063  4053  4198 
f  4260  4333  4288 
f  4288  4287  4260 
f  4104  4103  4288 
f  4422  4085  4472 
f  4472  4471  4665 
f  4665  4664  4472 
f  4471  4475  4666 
f  4666  4665  4471 
f  4475  4484  4663 
f  4663  4666  4475 
f  4484  4487  4667 
f  4667  4663  4484 
f  4487  4533  4667 
f  4464  4562  4465 
f  4562  4422  4224 
f  4224  4465  4562 
f  4606  4613  4644 
f  4613  4620  4641 
f  4641  4644  4613 
f  4597  4634  4641 
f  4641  4620  4597 
f  4650  4652  4647 
f  4647  4646  4650 
f  4649  4648  4651 
f  4479  4668  4478 
f  4448  4451  4478 
f  4478  4668  4448 
f  4480  4409  4033 
f  4033  4195  4480 
f  4195  4332  4479 
f  4479  4480  4195 
f  4332  4347  4668 
f  4668  4479  4332 
f  4668  4347  4448 
f  4347  4541  4448 
f  4541  4543  4449 
f  4449  4448  4541 
f  4408  4514  4521 
f  4521  4669  4408 
f  4669  4542  4405 
f  4405  4408  4669 
f  4405  4542  4540 
f  4540  4551  4405 
f  4540  4346  4090 
f  4090  4551  4540 
f  4346  4087  4090 
f  4346  4454  4087 
f  4346  4331  4454 
f  4331  4142  4454 
f  4543  4546  4545 
f  4545  4449  4543 
f  4449  4545  4439 
f  4439  4450  4449 
f  4439  4438  4450 
f  4521  4547  4669 
f  4669  4547  4546 
f  4546  4542  4669 
f  4546  4543  4542 
f  4063  4253  4064 
f  4064  4253  4251 
f  4251  4176  4064 
f  4176  4251  4250 
f  4250  4174  4176 
f  4250  4327  4174 
f  4327  4326  4108 
f  4108  4174  4327 
f  4326  4158  4109 
f  4109  4108  4326 
f  4228  4159  4158 
f  4158  4326  4228 
f  4158  4157  4380 
f  4380  4157  4162 
f  4162  4161  4380 
f  4096  4095  2658 
f  4273  4561  4660 
f  4660  4095  4273 
f  4300  4041  4301 
f  4041  4040  4310 
f  4310  4301  4041 
f  4040  4130  4112 
f  4112  4310  4040 
f  4130  4129  4113 
f  4113  4112  4130 
f  4129  4133  4113 
f  4113  4133  4132 
f  4132  4114  4113 
f  4561  4273  4114 
f  4114  4132  4561 
f  4634  4632  4636 
f  4581  4585  4595 
f  4595  4593  4581 
f  4581  4593  4591 
f  4591  4577  4581 
f  4591  4572  4571 
f  4571  4577  4591 
f  4596  4592  4594 
f  4571  4164  4163 
f  4599  4596  4601 
f  4601  4600  4599 
f  4601  4620  4600 
f  4592  4596  4573 
f  4151  3231  4343 
f  4418  4173  4190 
f  4190  4420  4418 
f  4190  4173  4172 
f  4172  4187  4190 
f  4172  4412  4187 
f  4305  4656  4306 
f  4373  4376  4306 
f  4306  4656  4373 
f  4656  4374  4373 
f  4372  4374  4379 
f  4376  4373  4378 
f  4373  4372  4378 
f  4381  4378  4372 
f  4662  4659  4658 
f  4658  4657  4662 
f  4655  4423  4653 
f  4181  2509  4561 
f  2509  2508  4561 
f  2658  4660  2508 
f  4660  4561  2508 
f  2520  3701  3031 
f   692  7909   693 
f   693   694   692 
f  3044  3045  3046 
f   966   875   876 
f   876  1595   966 
f  3226  3225  3316 
f  3316  1595  3226 
f 11257 11258 11264 
f 11264 11263 11257 
f 11350 11337 11342 
f 11342 11343 11350 
f  4681 11366 11367 
f 11367  4682  4681 
f 11382 11358 11356 
f 11197 11196 11211 
f 11211 11209 11197 
f 11169 11168 11182 
f 11182 11183 11169 
f 11270 11269 11277 
f 11277 11276 11270 
f 11362 11364 11348 
f 11348 11347 11362 
f 11249 11262 11235 
f 11235 11239 11249 
f 11251 11250 11275 
f 11275 11268 11251 
f 11306 11305 11322 
f 11322 11321 11306 
f 11204 11203 11183 
f 11183 11182 11204 
f 11319 11300 11277 
f 11277 11318 11319 
f 11185 11184 11178 
f 11178 11177 11185 
f 11223 11210 11216 
f 11225 11224 11218 
f 11218 11214 11225 
f 11336 11332 11325 
f 11334 11378 11346 
f 11310 11377 11323 
f 11323 11309 11310 
f 11236 11233 11232 
f 11232 11237 11236 
f 11373 11374 11355 
f 11355 11361 11373 
f 11344 11343 11342 
f 11342 11341 11344 
f 11291 11309 11304 
f 11304 11292 11291 
f 11217 11233 11226 
f 11226 11215 11217 
f 11228 11227 11213 
f 11213 11212 11228 
f 11190 11173 11170 
f 11170 11186 11190 
f 11172 11171 11166 
f 11166 11165 11172 
f 11207 11201 11191 
f 11191 11184 11207 
f 11349 11351 11356 
f 11356 11358 11349 
f 11335 11340  9673 
f 11244 11251 11252 
f 11252 11245 11244 
f 11302 11324 11329 
f 11329 11320 11302 
f 11279 11284 11298 
f 11298 11297 11279 
f 11359 11358 11370 
f 11370 11369 11359 
f 11211 11215 11226 
f 11226 11230 11211 
f 11203 11204 11210 
f 11210 11212 11203 
f 11199 11215 11211 
f 11211 11196 11199 
f 11359 11345 11349 
f 11349 11358 11359 
f 11290 11292 11304 
f 11304 11303 11290 
f 11318 11268 11275 
f 11275 11317 11318 
f 11197 11209 11214 
f 11214 11208 11197 
f 11227 11244 11245 
f 11245 11231 11227 
f 11203 11202 11186 
f 11186 11183 11203 
f 11269 11270 11249 
f 11249 11252 11269 
f 11243 11228 11223 
f 11223 11315 11243 
f  9666 11383 11356 
f 11348 11354 11376 
f 11376 11339 11348 
f 11390  4686 11370 
f 11370 11382 11390 
f 11285 11266 11270 
f 11270 11276 11285 
f 11223 11216 11218 
f 11218 11224 11223 
f 11201 11200 11187 
f 11187 11191 11201 
f 11167 11178 11172 
f 11172 11165 11167 
f 11334 11346 11353 
f 11353 11338 11334 
f 11329 11330 11307 
f 11307 11320 11329 
f 11306 11308 11296 
f 11296 11297 11306 
f 11261 11242 11238 
f 11238 11254 11261 
f 11312 11326 11327 
f 11327 11311 11312 
f 11389 11385 11375 
f 11375 11372 11389 
f  9667  9670 11155 
f 11155 11154  9667 
f 11222 11247 11246 
f 11175 11168 11159 
f 11159 11160 11175 
f 11188 11208 11205 
f 11205 11189 11188 
f 11205 11204 11182 
f 11182 11189 11205 
f 11177 11178  9671 
f  9671 11162 11161 
f 11177  9671 11161 
f 11353 11352 11338 
f 11258 11259 11273 
f 11273 11264 11258 
f 11347 11352 11355 
f 11355 11362 11347 
f 11260 11261  9672 
f  9672 11274 11260 
f 11299 11290 11303 
f 11303 11314 11299 
f 11241 11246 11258 
f 11258 11257 11241 
f 11220 11206 11202 
f 11202 11219 11220 
f 11177 11173 11190 
f 11190 11185 11177 
f 11206 11198 11185 
f 11185 11190 11206 
f  9676 11157 11156 
f 11156  9675  9676 
f 11156 11155  9670 
f  9670  9675 11156 
f 11218 11216 11205 
f 11205 11208 11218 
f  9678 11164 11158 
f 11158  9677  9678 
f 11372 11371 11387 
f 11387 11389 11372 
f  9664 11340 11333 
f 11333  9663  9664 
f  9674  9673 11331 
f 11331 11328  9674 
f  9679 11160 11159 
f  9680  9682  9681 
f  9685  9684  9683 
f  9683  9686  9685 
f  9687  9681  9682 
f  9682  9688  9687 
f  9687  9689  9681 
f  9690  9686  9681 
f  9681  9689  9690 
f  9690  9691  9685 
f  9685  9686  9690 
f  9694  9693  9692 
f  9692  9695  9694 
f  9697  9696  9687 
f  9687  9688  9697 
f  9696  9698  9689 
f  9689  9687  9696 
f  9698  9699  9690 
f  9690  9689  9698 
f  9700  9691  9690 
f  9690  9699  9700 
f  9702  9701  9692 
f  9692  9693  9702 
f  9704  9703  9696 
f  9696  9697  9704 
f  9703  9705  9698 
f  9698  9696  9703 
f  9705  9706  9699 
f  9699  9698  9705 
f  9707  9700  9699 
f  9699  9706  9707 
f  9708  9701  9702 
f  9702  9709  9708 
f  9712  9711  9710 
f  9710  9713  9712 
f  9715  9714  9710 
f  9710  9711  9715 
f  9716  9704  9714 
f  9714  9715  9716 
f  9716  9717  9703 
f  9703  9704  9716 
f  9717  9718  9705 
f  9705  9703  9717 
f  9718  9719  9706 
f  9706  9705  9718 
f  9720  9721  9707 
f  9722  9708  9709 
f  9709  9723  9722 
f  9724  9711  9712 
f  9712  9725  9724 
f  9726  9716  9715 
f  9715  9727  9726 
f  9728  9717  9716 
f  9716  9726  9728 
f  9729  9719  9718 
f  9718  9730  9729 
f  9731  9720  9719 
f  9719  9729  9731 
f  9731  9732  9721 
f  9721  9720  9731 
f  9735  9734  9733 
f  9733  9732  9735 
f  9737  9736  9724 
f  9724  9725  9737 
f  9736  9738  9727 
f  9727  9724  9736 
f  9738  9739  9726 
f  9726  9727  9738 
f  9739  9740  9728 
f  9728  9726  9739 
f  9740  9741  9730 
f  9730  9728  9740 
f  9741  9742  9729 
f  9729  9730  9741 
f  9742  9743  9731 
f  9731  9729  9742 
f  9744  9732  9731 
f  9731  9743  9744 
f  9744  9745  9735 
f  9735  9732  9744 
f  9747  9746  9736 
f  9736  9737  9747 
f  9746  9748  9738 
f  9738  9736  9746 
f  9749  9740  9739 
f  9739  9750  9749 
f  9751  9741  9740 
f  9740  9749  9751 
f  9752  9742  9741 
f  9741  9751  9752 
f  9752  9753  9743 
f  9743  9742  9752 
f  9754  9744  9743 
f  9743  9753  9754 
f  9754  9755  9745 
f  9745  9744  9754 
f  9756  9746  9747 
f  9747  9757  9756 
f  9760  9759  9758 
f  9758  9748  9760 
f  9761  9755  9754 
f  9754  9762  9761 
f  9756  9760  9748 
f  9748  9746  9756 
f  9759  9763  9750 
f  9750  9758  9759 
f  9749  9750  9763 
f  9763  9764  9749 
f  9755  9761  9765 
f  9766  9760  9756 
f  9756  9767  9766 
f  9768  9763  9759 
f  9759  9769  9768 
f  9770  9764  9763 
f  9763  9768  9770 
f  9771  9765  9761 
f  9761  9772  9771 
f  9773  9767  9756 
f  9756  9757  9773 
f  9769  9759  9760 
f  9760  9766  9769 
f  9774  9764  9770 
f  9770  9775  9774 
f  9778  9777  9776 
f  9776  9779  9778 
f  9780  9762  9778 
f  9778  9779  9780 
f  9761  9762  9780 
f  9780  9772  9761 
f  9781  9767  9773 
f  9773  9782  9781 
f  9784  9783  9769 
f  9769  9766  9784 
f  9785  9775  9770 
f  9770  9786  9785 
f  9787  9779  9776 
f  9776  9788  9787 
f  9787  9789  9780 
f  9780  9779  9787 
f  9789  9790  9772 
f  9772  9780  9789 
f  9771  9792  9791 
f  9784  9766  9767 
f  9767  9781  9784 
f  9793  9768  9769 
f  9769  9783  9793 
f  9788  9776  9775 
f  9775  9785  9788 
f  9794  9781  9782 
f  9782  9795  9794 
f  9794  9796  9784 
f  9784  9781  9794 
f  9797  9783  9784 
f  9784  9796  9797 
f  9798  9793  9783 
f  9783  9797  9798 
f  9798  9799  9786 
f  9786  9793  9798 
f  9799  9800  9785 
f  9785  9786  9799 
f  9801  9788  9785 
f  9785  9800  9801 
f  9802  9787  9788 
f  9788  9801  9802 
f  9804  9803  9792 
f  9792  9790  9804 
f  9805  9791  9792 
f  9792  9803  9805 
f  9806  9794  9795 
f  9795  9807  9806 
f  9794  9806  9808 
f  9808  9796  9794 
f  9808  9809  9797 
f  9797  9796  9808 
f  9809  9810  9798 
f  9798  9797  9809 
f  9811  9800  9799 
f  9799  9812  9811 
f  9811  9813  9801 
f  9801  9800  9811 
f  9814  9802  9801 
f  9801  9813  9814 
f  9816  9815  9803 
f  9803  9804  9816 
f  9817  9805  9803 
f  9803  9815  9817 
f  9818  9806  9807 
f  9807  9819  9818 
f  9821  9820  9809 
f  9809  9808  9821 
f  9820  9822  9810 
f  9810  9809  9820 
f  9823  9815  9816 
f  9816  9824  9823 
f  9810  9822  9825 
f  9825  9812  9810 
f  9811  9827  9826 
f  9828  9814  9813 
f  9813  9829  9828 
f  9830  9818  9819 
f  9819  9831  9830 
f  9832  9821  9818 
f  9818  9830  9832 
f  9820  9834  9833 
f  9833  9822  9820 
f  9836  9824  9835 
f  9835  9837  9836 
f  9839  9838  9823 
f  9823  9840  9839 
f  9834  9820  9821 
f  9821  9841  9834 
f  9842  9825  9822 
f  9822  9833  9842 
f  9843  9827  9825 
f  9825  9842  9843 
f  9837  9835  9828 
f  9828  9844  9837 
f  9845  9834  9841 
f  9841  9846  9845 
f  9834  9845  9847 
f  9848  9833  9834 
f  9834  9847  9848 
f  9851  9850  9849 
f  9849  9852  9851 
f  9853  9839  9840 
f  9840  9854  9853 
f  9855  9830  9831 
f  9831  9856  9855 
f  9846  9841  9832 
f  9832  9857  9846 
f  9858  9842  9833 
f  9833  9848  9858 
f  9859  9843  9842 
f  9842  9858  9859 
f  9852  9849  9843 
f  9843  9859  9852 
f  9861  9844  9860 
f  9860  9862  9861 
f  9863  9837  9844 
f  9844  9861  9863 
f  9864  9836  9837 
f  9837  9863  9864 
f  9865  9855  9856 
f  9856  9866  9865 
f  9868  9867  9846 
f  9846  9857  9868 
f  9867  9869  9845 
f  9845  9846  9867 
f  9847  9869  9870 
f  9872  9871  9858 
f  9858  9848  9872 
f  9873  9862  9851 
f  9851  9874  9873 
f  9873  9875  9861 
f  9861  9862  9873 
f  9876  9863  9861 
f  9861  9875  9876 
f  9877  9864  9863 
f  9863  9876  9877 
f  9878  9868  9865 
f  9865  9879  9878 
f  9880  9867  9868 
f  9868  9878  9880 
f  9880  9881  9869 
f  9869  9867  9880 
f  9869  9881  9870 
f  9882  9852  9859 
f  9859  9883  9882 
f  9852  9882  9874 
f  9874  9851  9852 
f  9878  9879  9884 
f  9884  9885  9878 
f  9886  9880  9878 
f  9878  9885  9886 
f  9887  9881  9880 
f  9880  9886  9887 
f  9888  9870  9881 
f  9881  9887  9888 
f  9890  9889  9874 
f  9874  9882  9890 
f  9892  9891  9877 
f  9877  9893  9892 
f  9895  9894  9886 
f  9886  9885  9895 
f  9894  9896  9887 
f  9887  9886  9894 
f  9897  9888  9887 
f  9887  9896  9897 
f  9900  9899  9898 
f  9898  9901  9900 
f  9904  9903  9902 
f  9902  9905  9904 
f  9907  9906  9902 
f  9902  9903  9907 
f  9895  9909  9908 
f  9908  9894  9895 
f  9908  9910  9896 
f  9896  9894  9908 
f  9897  9896  9910 
f  9910  9911  9897 
f  9914  9913  9912 
f  9912  9915  9914 
f  9893  9917  9916 
f  9916  9892  9893 
f  9918  9920  9919 
f  9923  9922  9921 
f  9921  9898  9923 
f  9898  9921  9901 
f  9924  9903  9904 
f  9904  9925  9924 
f  9926  9907  9903 
f  9903  9924  9926 
f  9926  9927  9909 
f  9909  9907  9926 
f  9908  9929  9928 
f  9928  9910  9908 
f  9930  9889  9890 
f  9890  9931  9930 
f  9932  9934  9933 
f  9935  9937  9936 
f  9939  9938  9921 
f  9921  9922  9939 
f  9938  9941  9940 
f  9940  9921  9938 
f  9943  9942  9924 
f  9924  9925  9943 
f  9944  9927  9926 
f  9926  9945  9944 
f  9946  9948  9947 
f  9951  9950  9949 
f  9949  9952  9951 
f  9955  9954  9953 
f  9953  9956  9955 
f  9959  9958  9957 
f  9957  9960  9959 
f  9962  9961  9913 
f  9913  9914  9962 
f  9916  9917  9961 
f  9961  9963  9916 
f  9966  9965  9964 
f  9964  9934  9966 
f  9969  9968  9967 
f  9967  9970  9969 
f  9919  9965  9937 
f  9945  9926  9924 
f  9924  9942  9945 
f  9971  9930  9931 
f  9931  9972  9971 
f  9974  9973  9966 
f  9966  9934  9974 
f  9977  9976  9975 
f  9975  9978  9977 
f  9980  9979  9944 
f  9944  9981  9980 
f  9983  9982  9947 
f  9947  9984  9983 
f  9986  9985  9971 
f  9971  9972  9986 
f  9961  9962  9987 
f  9976  9989  9988 
f  9988  9975  9976 
f  9991  9990  9938 
f  9938  9939  9991 
f  9992  9981  9945 
f  9945  9942  9992 
f  9993  9948  9994 
f  9956  9995  9955 
f  9997  9996  9970 
f  9970  9967  9997 
f  9958  9959  9998 
f  9998  9999  9958 
f 10001 10000  9966 
f  9966  9973 10001 
f 10002  9965  9966 
f  9966 10000 10002 
f 10003  9937  9965 
f  9965 10002 10003 
f 10006 10005 10004 
f 10004 10007 10006 
f  9992  9942  9943 
f  9943 10008  9992 
f  9994  9948 10009 
f 10009 10010  9994 
f 10011  9951  9952 
f  9952 10012 10011 
f  9985 10014 10013 
f 10013  9971  9985 
f  9961  9987  9963 
f  9936  9937 10003 
f 10003  9977  9936 
f 10016 10015  9989 
f  9989  9976 10016 
f 10018 10017  9984 
f  9984  9993 10018 
f 10017  9983  9984 
f 10019  9996  9997 
f  9997 10020 10019 
f 10022 10021  9999 
f  9999  9998 10022 
f  9987 10024 10023 
f 10023 10001  9987 
f 10000 10026 10025 
f 10025 10002 10000 
f 10002 10025 10027 
f 10027 10003 10002 
f 10027 10028  9977 
f  9977 10003 10027 
f  9977 10028 10016 
f 10016  9976  9977 
f  9990  9991 10029 
f 10029 10030  9990 
f  9992 10031  9981 
f 10031 10032  9980 
f  9980  9981 10031 
f  9986 10033  9985 
f  9987 10014 10034 
f 10034 10024  9987 
f 10035 10006 10007 
f 10007 10036 10035 
f 10010 10038 10037 
f 10037  9994 10010 
f  9993  9994 10037 
f 10037 10018  9993 
f 10039 10011 10012 
f 10012 10040 10039 
f  9997  9995 10041 
f 10041 10020  9997 
f 10034 10014  9985 
f  9985 10033 10034 
f 10000 10001 10023 
f 10023 10026 10000 
f 10043 10042 10035 
f 10035 10036 10043 
f 10044 10045 10031 
f 10046 10017 10018 
f 10018 10047 10046 
f 10039 10049 10048 
f 10048 10041 10039 
f 10050 10034 10033 
f 10033 10051 10050 
f 10050 10052 10024 
f 10024 10034 10050 
f 10027 10054 10053 
f 10053 10028 10027 
f 10048 10055 10020 
f 10020 10041 10048 
f 10051 10033 10021 
f 10021 10056 10051 
f 10053 10057 10016 
f 10016 10028 10053 
f 10029 10059 10058 
f 10058 10030 10029 
f 10030 10058 10060 
f 10060 10061 10030 
f 10062 10032 10031 
f 10031 10045 10062 
f 10064 10063 10037 
f 10037 10038 10064 
f 10046 10065 10040 
f 10040 10017 10046 
f 10066 10056 10021 
f 10021 10022 10066 
f 10027 10025 10067 
f 10067 10054 10027 
f 10015 10016 10057 
f 10057 10068 10015 
f 10047 10018 10037 
f 10037 10063 10047 
f 10055 10066 10019 
f 10019 10020 10055 
f 10023 10024 10052 
f 10052 10069 10023 
f 10070 10026 10023 
f 10023 10069 10070 
f 10070 10067 10025 
f 10025 10026 10070 
f 10071 10042 10043 
f 10043 10072 10071 
f 10073 10064 10062 
f 10062 10074 10073 
f 10073 10075 10063 
f 10063 10064 10073 
f 10075 10076 10047 
f 10047 10063 10075 
f 10077 10065 10046 
f 10046 10078 10077 
f 10080 10079 10051 
f 10051 10056 10080 
f 10081 10067 10070 
f 10070 10082 10081 
f 10067 10081 10083 
f 10083 10054 10067 
f 10054 10083 10084 
f 10084 10053 10054 
f 10076 10078 10046 
f 10046 10047 10076 
f 10085 10049 10065 
f 10065 10077 10085 
f 10086 10080 10056 
f 10056 10066 10086 
f 10087 10050 10051 
f 10051 10079 10087 
f 10088 10082 10070 
f 10070 10069 10088 
f 10058 10090 10089 
f 10089 10060 10058 
f 10074 10062 10045 
f 10045 10089 10074 
f 10091 10088 10069 
f 10069 10052 10091 
f 10084 10092 10057 
f 10057 10053 10084 
f 10092 10093 10068 
f 10068 10057 10092 
f 10090 10058 10059 
f 10059 10094 10090 
f 10055 10048 10095 
f 10095 10096 10055 
f 10086 10066 10055 
f 10055 10096 10086 
f 10052 10050 10087 
f 10087 10091 10052 
f 10098 10097 10089 
f 10089 10090 10098 
f 10099 10074 10089 
f 10089 10097 10099 
f 10075 10073 10100 
f 10102 10101 10078 
f 10078 10076 10102 
f 10104 10103 10096 
f 10096 10095 10104 
f 10103 10105 10086 
f 10086 10096 10103 
f 10086 10105 10106 
f 10106 10080 10086 
f 10108 10107 10091 
f 10091 10087 10108 
f 10091 10107 10109 
f 10109 10088 10091 
f 10111 10110 10081 
f 10081 10082 10111 
f 10113 10112 10084 
f 10084 10083 10113 
f 10098 10090 10094 
f 10094 10114 10098 
f 10074 10099 10100 
f 10100 10073 10074 
f 10077 10115 10085 
f 10084 10112 10116 
f 10116 10092 10084 
f 10093 10117 10072 
f 10117 10114 10071 
f 10071 10072 10117 
f 10076 10075 10100 
f 10100 10102 10076 
f 10077 10078 10101 
f 10101 10115 10077 
f 10087 10079 10118 
f 10118 10108 10087 
f 10081 10110 10113 
f 10113 10083 10081 
f 10080 10106 10118 
f 10118 10079 10080 
f 10109 10111 10082 
f 10082 10088 10109 
f 10120 10119 10097 
f 10097 10098 10120 
f 10100 10122 10121 
f 10121 10102 10100 
f 10102 10121 10123 
f 10123 10101 10102 
f 10124 10106 10105 
f 10105 10125 10124 
f 10124 10126 10118 
f 10118 10106 10124 
f 10126 10127 10108 
f 10108 10118 10126 
f 10107 10129 10128 
f 10128 10109 10107 
f 10128 10130 10111 
f 10111 10109 10128 
f 10132 10131 10113 
f 10113 10110 10132 
f 10134 10133 10116 
f 10116 10112 10134 
f 10122 10100 10099 
f 10099 10135 10122 
f 10136 10104 10115 
f 10115 10137 10136 
f 10129 10107 10108 
f 10108 10127 10129 
f 10117 10116 10133 
f 10133 10138 10117 
f 10114 10139 10120 
f 10120 10098 10114 
f 10119 10135 10099 
f 10099 10097 10119 
f 10130 10132 10110 
f 10110 10111 10130 
f 10117 10138 10139 
f 10139 10114 10117 
f 10115 10101 10123 
f 10123 10137 10115 
f 10140 10103 10104 
f 10104 10136 10140 
f 10105 10103 10140 
f 10140 10125 10105 
f 10112 10113 10131 
f 10131 10134 10112 
f 10142 10141 10120 
f 10120 10139 10142 
f 10144 10143 10135 
f 10135 10119 10144 
f 10145 10122 10135 
f 10135 10143 10145 
f 10145 10146 10121 
f 10121 10122 10145 
f 10147 10137 10123 
f 10123 10148 10147 
f 10147 10149 10136 
f 10136 10137 10147 
f 10150 10125 10140 
f 10140 10151 10150 
f 10126 10153 10152 
f 10152 10127 10126 
f 10155 10154 10128 
f 10128 10129 10155 
f 10156 10130 10128 
f 10128 10154 10156 
f 10130 10156 10157 
f 10157 10132 10130 
f 10159 10158 10133 
f 10133 10134 10159 
f 10160 10138 10133 
f 10133 10158 10160 
f 10138 10160 10142 
f 10142 10139 10138 
f 10144 10119 10120 
f 10120 10141 10144 
f 10123 10121 10146 
f 10146 10148 10123 
f 10151 10140 10136 
f 10136 10149 10151 
f 10124 10125 10150 
f 10150 10161 10124 
f 10153 10126 10124 
f 10124 10161 10153 
f 10129 10127 10152 
f 10152 10155 10129 
f 10157 10162 10131 
f 10131 10132 10157 
f 10162 10159 10134 
f 10134 10131 10162 
f 10145 10143 11135 
f 10145 11135 11136 
f 11136 10146 10145 
f 10146 11136 11137 
f 11137 10148 10146 
f 10163 11138 11137 
f 11137 11161 11162 
f 10163 11137 11162 
f 10151 10149 11147 
f 11147 11146 10151 
f 10153 10161 11143 
f 11143 11142 10153 
f 10162 10157 10164 
f 10159 10165 10158 
f 10141 11140 11139 
f 11139 10144 10141 
f 10156 10154 10167 
f 10167 10166 10156 
f 11140  9677 11153 
f 10164 10165 10159 
f 10159 10162 10164 
f 10165 11150 11151 
f 10144 11139 11135 
f 11135 10143 10144 
f 11138 11141 11147 
f 10147 11138 11147 
f 10147 11147 10149 
f 10150 11146 11143 
f 11143 10161 10150 
f 11142 11145 10155 
f 10155 10152 11142 
f 10167 11145 11144 
f 11151 11150  9678 
f  9678  9677 11151 
f 11148  9679  9678 
f  9678 11150 11148 
f  9676  9675 11145 
f 11145 11142  9676 
f 10167 11144 11149 
f 11149 10166 10167 
f  9671 11163 11162 
f  9947  9982 10171 
f 10171  9946  9947 
f  9984  9947  9948 
f  9948  9993  9984 
f  9928  9929  9979 
f  9979 10009  9928 
f  9817  9815  9823 
f  9823  9838  9817 
f  9812  9825  9827 
f  9827  9811  9812 
f  9798  9810  9812 
f  9812  9799  9798 
f  9752  9777  9778 
f  9778  9753  9752 
f  9753  9778  9762 
f  9762  9754  9753 
f  9770  9768  9793 
f  9793  9786  9770 
f  9818  9821  9808 
f  9808  9806  9818 
f  9845  9869  9847 
f  9872  9848  9847 
f  9847  9870  9872 
f 10172  9974 10173 
f  9963  9973  9974 
f  9974  9916  9963 
f 10001  9973  9963 
f  9963  9987 10001 
f 10013 10014  9987 
f  9987  9962 10013 
f  9914 10174 10013 
f 10013  9962  9914 
f 10175 10174  9914 
f  9914  9915 10175 
f  9873 10175  9915 
f  9915  9875  9873 
f  9876  9875  9915 
f  9915  9912  9876 
f 10178 10177 10176 
f 10176 10179 10178 
f 10182 10181 10180 
f 10180 10183 10182 
f 10183 10180 10184 
f 10184 10185 10183 
f 10188 10187 10186 
f 10186 10189 10188 
f 10192 10191 10190 
f 10190 10193 10192 
f 10194 10192 10193 
f 10193 10195 10194 
f  9956  9953  9950 
f  9950  9951  9956 
f  9995  9956  9951 
f  9951 10011  9995 
f 10041  9995 10011 
f 10011 10039 10041 
f 10040 10065 10049 
f 10049 10039 10040 
f 10095 10048 10049 
f 10049 10085 10095 
f 10104 10095 10085 
f 10085 10115 10104 
f 10179 10176 10181 
f 10181 10182 10179 
f 10021  9986  9999 
f 10033  9986 10021 
f  9989 10007 10004 
f 10004  9988  9989 
f 10015 10036 10007 
f 10007  9989 10015 
f 10068 10043 10036 
f 10036 10015 10068 
f 10093 10072 10043 
f 10043 10068 10093 
f 10117 10093 10092 
f 10092 10116 10117 
f 10196  9933  9934 
f  9934  9964 10196 
f  9911  9928 10197 
f 10197 10198  9911 
f 10032 10010  9980 
f  9929  9927  9944 
f  9944  9979  9929 
f  9908  9909  9927 
f  9927  9929  9908 
f 10032 10062 10064 
f 10064 10038 10032 
f 10038 10010 10032 
f  9979  9980 10010 
f 10010 10009  9979 
f 10009 10197  9928 
f  9895  9885  9884 
f  9750  9739  9758 
f  9711  9724  9727 
f  9727  9715  9711 
f  9857  9832  9830 
f  9830  9855  9857 
f  9868  9857  9855 
f  9855  9865  9868 
f  9849  9827  9843 
f  9823  9824  9836 
f  9836  9840  9823 
f  9890  9882  9883 
f  9858  9871  9883 
f  9883  9859  9858 
f  9873  9874  9889 
f  9889 10175  9873 
f  9826  9827  9849 
f  9849  9850  9826 
f  9826  9813  9811 
f 10201 10200 10199 
f 10199 10202 10201 
f 10178 10204 10203 
f 10203 10205 10178 
f 10207 10206 10182 
f 10182 10183 10207 
f 10210 10209 10208 
f 10208 10211 10210 
f 10188 10213 10212 
f 10212 10187 10188 
f 10215 10214 10192 
f 10192 10194 10215 
f 10206 10216 10179 
f 10179 10182 10206 
f 10213 10218 10217 
f 10217 10219 10213 
f 10189 10221 10220 
f 10220 10188 10189 
f  9970 10223 10222 
f 10222  9969  9970 
f  9996 10224 10223 
f 10223  9970  9996 
f 10022 10224  9996 
f  9996 10019 10022 
f 10019 10066 10022 
f 10225 10202 10199 
f 10204 10226 10203 
f 10214 10228 10227 
f 10219 10217 10229 
f 10229 10230 10219 
f 10230 10231 10219 
f 10232 10202 10225 
f 10225 10233 10232 
f 10234 10201 10202 
f 10202 10232 10234 
f 10235 10215 10203 
f 10203 10226 10235 
f  9829  9860  9844 
f  9844  9828  9829 
f 10236  9835  9824 
f  9824  9816 10236 
f  9804 10237 10236 
f 10236  9816  9804 
f  9790  9789 10237 
f 10237  9804  9790 
f 10236  9814  9828 
f  9828  9835 10236 
f  9802  9814 10236 
f 10236 10237  9802 
f  9789  9787  9802 
f  9802 10237  9789 
f  9854  9864  9877 
f  9877  9891  9854 
f  9840  9836  9864 
f  9864  9854  9840 
f  9771  9772  9790 
f  9790  9792  9771 
f  9851  9862  9860 
f  9860  9850  9851 
f  9930 10174 10175 
f 10175  9889  9930 
f 10013 10174  9930 
f  9930  9971 10013 
f 10238  9957  9958 
f  9958 10239 10238 
f  9749  9764  9774 
f  9774  9751  9749 
f  9717  9728  9730 
f  9730  9718  9717 
f  9680  9681  9686 
f  9686  9683  9680 
f  9738  9748  9758 
f  9758  9739  9738 
f  9841  9821  9832 
f  9866 10240  9879 
f  9879  9865  9866 
f  9707  9706  9719 
f  9719  9720  9707 
f 10241  9856  9831 
f  9831 10242 10241 
f 10243  9795  9782 
f  9782 10244 10243 
f  9807  9795 10243 
f 10243 10245  9807 
f 10242  9831  9819 
f  9819 10246 10242 
f 10246  9819  9807 
f  9807 10245 10246 
f 10242  9839  9853 
f  9853 10241 10242 
f 10246  9838  9839 
f  9839 10242 10246 
f 10245  9817  9838 
f  9838 10246 10245 
f 10243  9805  9817 
f  9817 10245 10243 
f 10244  9791  9805 
f  9805 10243 10244 
f 10249 10248 10247 
f 10247 10250 10249 
f 10253 10252 10251 
f 10251 10254 10253 
f 10252 10253 10250 
f 10250 10247 10252 
f 10257 10256 10255 
f 10255 10258 10257 
f 10260 10259 10254 
f 10254 10251 10260 
f 10263 10262 10261 
f 10261 10258 10263 
f 10266 10265 10264 
f 10264 10267 10266 
f 10268  9683  9684 
f  9684 10269 10268 
f 10270  9682  9680 
f  9680 10271 10270 
f 10272 10270 10271 
f 10271 10273 10272 
f 10275 10274 10272 
f 10272 10276 10275 
f 10255  9713 10277 
f 10277 10278 10255 
f 10256  9712  9713 
f  9713 10255 10256 
f 10251  9737  9725 
f  9725 10260 10251 
f 10252  9747  9737 
f  9737 10251 10252 
f 10247  9757  9747 
f  9747 10252 10247 
f 10248  9773  9757 
f  9757 10247 10248 
f 10244  9782  9773 
f  9773 10248 10244 
f  9791 10244 10248 
f 10248 10249  9791 
f  9791 10249  9771 
f 10250  9765  9771 
f  9771 10249 10250 
f 10253  9755  9765 
f  9765 10250 10253 
f 10254  9745  9755 
f  9755 10253 10254 
f 10259  9735  9745 
f  9745 10254 10259 
f 10257 10258 10261 
f 10261  9734 10257 
f 10271  9680  9683 
f  9683 10268 10271 
f 10267 10275 10276 
f 10276 10266 10267 
f 10258 10255 10278 
f 10278 10263 10258 
f 10266 10280 10279 
f 10279 10265 10266 
f 10276 10272 10273 
f 10279 10280 10268 
f 10268 10269 10279 
f 10273 10271 10268 
f 10268 10280 10273 
f 10273 10280 10266 
f 10266 10276 10273 
f 10267 10264 10262 
f 10262 10263 10267 
f 10275 10267 10263 
f 10263 10278 10275 
f 10274 10275 10278 
f 10278 10277 10274 
f 10281 10283 10282 
f 10282 10283 10274 
f 10274 10277 10282 
f 10281  9697  9688 
f  9688 10283 10281 
f  9714  9704  9697 
f  9697 10281  9714 
f 10281 10282  9710 
f  9710  9714 10281 
f 10277  9713  9710 
f  9710 10282 10277 
f 10270 10272 10274 
f 10274 10283 10270 
f  9682 10270 10283 
f 10283  9688  9682 
f 10260  9725  9712 
f  9712 10256 10260 
f 10259 10260 10256 
f 10256 10257 10259 
f  9735 10259 10257 
f 10257  9734  9735 
f  9732  9733 10284 
f  9734 10261  9733 
f  9732 10284  9721 
f 10286 10285  9723 
f  9723 10287 10286 
f 10288 10286 10287 
f 10287 10289 10288 
f 10290 10288 10289 
f 10289 10291 10290 
f 10292 10290 10291 
f 10291  9694 10292 
f  9774  9775  9776 
f  9776  9777  9774 
f  9752  9751  9774 
f  9774  9777  9752 
f  9685 10293  9684 
f 10294 10269  9684 
f  9684 10293 10294 
f 10295 10279 10269 
f 10269 10294 10295 
f 10279 10295 10265 
f 10296 10264 10265 
f 10265 10295 10296 
f 10297 10262 10264 
f 10264 10296 10297 
f 10298 10261 10262 
f 10262 10297 10298 
f 10299  9733 10261 
f 10261 10298 10299 
f 10300 10284  9733 
f  9733 10299 10300 
f 10301  9721 10284 
f 10284 10300 10301 
f 10302  9707  9721 
f  9721 10301 10302 
f 10303  9700  9707 
f  9707 10302 10303 
f 10304  9691  9700 
f  9700 10303 10304 
f 10293  9685  9691 
f  9691 10304 10293 
f  9692 10296 10295 
f 10295  9695  9692 
f  9701 10297 10296 
f 10296  9692  9701 
f  9708 10298 10297 
f 10297  9701  9708 
f  9722 10299 10298 
f 10298  9708  9722 
f  9723 10300 10299 
f 10299  9722  9723 
f 10285 10301 10300 
f 10300  9723 10285 
f 10286 10302 10301 
f 10301 10285 10286 
f 10288 10303 10302 
f 10302 10286 10288 
f 10290 10304 10303 
f 10303 10288 10290 
f 10292 10293 10304 
f 10304 10290 10292 
f  9694 10294 10293 
f 10293 10292  9694 
f 10294  9694  9695 
f  9695 10295 10294 
f  9709 10287  9723 
f 10291  9693  9694 
f 10289 10287  9709 
f  9709  9702 10289 
f 10291 10289  9702 
f  9702  9693 10291 
f  9961  9917  9913 
f  9913  9917  9893 
f  9893  9912  9913 
f  9877  9876  9912 
f  9912  9893  9877 
f 10305 10307 10306 
f 10310 10309 10308 
f 10308 10311 10310 
f 10312 10306 10307 
f 10307 10313 10312 
f 10312 10314 10306 
f 10315 10311 10306 
f 10306 10314 10315 
f 10315 10316 10310 
f 10310 10311 10315 
f 10319 10318 10317 
f 10317 10320 10319 
f 10322 10321 10312 
f 10312 10313 10322 
f 10321 10323 10314 
f 10314 10312 10321 
f 10323 10324 10315 
f 10315 10314 10323 
f 10325 10316 10315 
f 10315 10324 10325 
f 10327 10326 10317 
f 10317 10318 10327 
f 10329 10328 10321 
f 10321 10322 10329 
f 10328 10330 10323 
f 10323 10321 10328 
f 10330 10331 10324 
f 10324 10323 10330 
f 10332 10325 10324 
f 10324 10331 10332 
f 10333 10326 10327 
f 10327 10334 10333 
f 10337 10336 10335 
f 10335 10338 10337 
f 10340 10339 10335 
f 10335 10336 10340 
f 10341 10329 10339 
f 10339 10340 10341 
f 10341 10342 10328 
f 10328 10329 10341 
f 10342 10343 10330 
f 10330 10328 10342 
f 10343 10344 10331 
f 10331 10330 10343 
f 10345 10346 10332 
f 10347 10333 10334 
f 10334 10348 10347 
f 10349 10336 10337 
f 10337 10350 10349 
f 10351 10341 10340 
f 10340 10352 10351 
f 10353 10342 10341 
f 10341 10351 10353 
f 10354 10344 10343 
f 10343 10355 10354 
f 10356 10345 10344 
f 10344 10354 10356 
f 10356 10357 10346 
f 10346 10345 10356 
f 10360 10359 10358 
f 10358 10357 10360 
f 10362 10361 10349 
f 10349 10350 10362 
f 10361 10363 10352 
f 10352 10349 10361 
f 10363 10364 10351 
f 10351 10352 10363 
f 10364 10365 10353 
f 10353 10351 10364 
f 10365 10366 10355 
f 10355 10353 10365 
f 10366 10367 10354 
f 10354 10355 10366 
f 10367 10368 10356 
f 10356 10354 10367 
f 10369 10357 10356 
f 10356 10368 10369 
f 10369 10370 10360 
f 10360 10357 10369 
f 10372 10371 10361 
f 10361 10362 10372 
f 10371 10373 10363 
f 10363 10361 10371 
f 10374 10365 10364 
f 10364 10375 10374 
f 10376 10366 10365 
f 10365 10374 10376 
f 10377 10367 10366 
f 10366 10376 10377 
f 10377 10378 10368 
f 10368 10367 10377 
f 10379 10369 10368 
f 10368 10378 10379 
f 10379 10380 10370 
f 10370 10369 10379 
f 10381 10371 10372 
f 10372 10382 10381 
f 10384 10383 10375 
f 10375 10373 10384 
f 10385 10380 10379 
f 10379 10386 10385 
f 10381 10384 10373 
f 10373 10371 10381 
f 10374 10375 10383 
f 10383 10387 10374 
f 10380 10385 10388 
f 10389 10384 10381 
f 10381 10390 10389 
f 10391 10387 10383 
f 10383 10392 10391 
f 10393 10388 10385 
f 10385 10394 10393 
f 10395 10390 10381 
f 10381 10382 10395 
f 10392 10383 10384 
f 10384 10389 10392 
f 10396 10387 10391 
f 10391 10397 10396 
f 10400 10399 10398 
f 10398 10401 10400 
f 10402 10386 10400 
f 10400 10401 10402 
f 10385 10386 10402 
f 10402 10394 10385 
f 10403 10390 10395 
f 10395 10404 10403 
f 10406 10405 10392 
f 10392 10389 10406 
f 10407 10397 10391 
f 10391 10408 10407 
f 10409 10401 10398 
f 10398 10410 10409 
f 10409 10411 10402 
f 10402 10401 10409 
f 10411 10412 10394 
f 10394 10402 10411 
f 10414 10413 10393 
f 10393 10415 10414 
f 10406 10389 10390 
f 10390 10403 10406 
f 10410 10398 10397 
f 10397 10407 10410 
f 10416 10403 10404 
f 10404 10417 10416 
f 10416 10418 10406 
f 10406 10403 10416 
f 10419 10405 10406 
f 10406 10418 10419 
f 10419 10420 10408 
f 10408 10405 10419 
f 10420 10421 10407 
f 10407 10408 10420 
f 10422 10410 10407 
f 10407 10421 10422 
f 10423 10409 10410 
f 10410 10422 10423 
f 10425 10424 10415 
f 10415 10412 10425 
f 10426 10414 10415 
f 10415 10424 10426 
f 10427 10416 10417 
f 10417 10428 10427 
f 10416 10427 10429 
f 10429 10418 10416 
f 10429 10430 10419 
f 10419 10418 10429 
f 10431 10421 10420 
f 10420 10432 10431 
f 10431 10433 10422 
f 10422 10421 10431 
f 10434 10423 10422 
f 10422 10433 10434 
f 10436 10435 10424 
f 10424 10425 10436 
f 10437 10426 10424 
f 10424 10435 10437 
f 10427 10428 10438 
f 10438 10439 10427 
f 10440 10430 10429 
f 10429 10441 10440 
f 10442 10439 10438 
f 10438 10443 10442 
f 10444 10435 10436 
f 10436 10445 10444 
f 10431 10447 10446 
f 10433 10431 10446 
f 10446 10448 10433 
f 10449 10434 10433 
f 10433 10448 10449 
f 10450 10442 10443 
f 10443 10451 10450 
f 10453 10452 10442 
f 10442 10450 10453 
f 10455 10445 10454 
f 10454 10456 10455 
f 10458 10457 10444 
f 10444 10459 10458 
f 10452 10453 10460 
f 10460 10461 10452 
f 10464 10463 10462 
f 10462 10465 10464 
f 10466 10447 10463 
f 10463 10464 10466 
f 10456 10454 10449 
f 10449 10467 10456 
f 10468 10465 10460 
f 10460 10469 10468 
f 10470 10472 10471 
f 10473 10458 10459 
f 10459 10474 10473 
f 10475 10450 10451 
f 10451 10476 10475 
f 10469 10460 10453 
f 10453 10477 10469 
f 10478 10464 10465 
f 10465 10468 10478 
f 10479 10466 10464 
f 10464 10478 10479 
f 10481 10467 10480 
f 10480 10482 10481 
f 10483 10456 10467 
f 10467 10481 10483 
f 10484 10455 10456 
f 10456 10483 10484 
f 10485 10475 10476 
f 10476 10486 10485 
f 10488 10487 10469 
f 10469 10477 10488 
f 10487 10489 10468 
f 10468 10469 10487 
f 10490 10240 10478 
f 10478 10468 10490 
f 10491 10482 10472 
f 10472 10492 10491 
f 10491 10493 10481 
f 10481 10482 10491 
f 10494 10483 10481 
f 10481 10493 10494 
f 10495 10484 10483 
f 10483 10494 10495 
f 10496 10488 10485 
f 10485 10497 10496 
f 10498 10487 10488 
f 10488 10496 10498 
f 10498 10499 10489 
f 10489 10487 10498 
f 10496 10497 10500 
f 10500 10501 10496 
f 10502 10498 10496 
f 10496 10501 10502 
f 10503 10499 10498 
f 10498 10502 10503 
f  9884 10503  9895 
f 10495  9932  9933 
f  9933 10504 10495 
f  9902  9906 10502 
f 10502 10501  9902 
f  9906  9895 10503 
f 10503 10502  9906 
f 10437 10435 10444 
f 10444 10457 10437 
f 10441 10429 10427 
f 10427 10439 10441 
f 10432 10463 10447 
f 10447 10431 10432 
f 10440 10462 10463 
f 10463 10432 10440 
f 10419 10430 10432 
f 10432 10420 10419 
f 10377 10399 10400 
f 10400 10378 10377 
f 10378 10400 10386 
f 10386 10379 10378 
f 10391 10392 10405 
f 10405 10408 10391 
f 10452 10461 10441 
f 10441 10439 10452 
f 10468 10489 10490 
f  9892 10172 10493 
f 10493 10491  9892 
f 10494 10493 10172 
f 10172 10173 10494 
f 10501 10500  9905 
f  9905  9902 10501 
f 10336 10349 10352 
f 10352 10340 10336 
f 10477 10453 10450 
f 10450 10475 10477 
f 10488 10477 10475 
f 10475 10485 10488 
f 10470 10447 10466 
f 10446 10471 10480 
f 10480 10448 10446 
f 10444 10445 10455 
f 10455 10459 10444 
f 10504  9933 10196 
f 10196 10505 10504 
f 10474 10504 10505 
f 10505 10473 10474 
f 10478 10240 10506 
f 10506 10479 10478 
f 10446 10447 10470 
f 10470 10471 10446 
f 10448 10480 10467 
f 10467 10449 10448 
f 10507 10454 10445 
f 10445 10436 10507 
f 10425 10508 10507 
f 10507 10436 10425 
f 10412 10411 10508 
f 10508 10425 10412 
f 10507 10434 10449 
f 10449 10454 10507 
f 10423 10434 10507 
f 10507 10508 10423 
f 10411 10409 10423 
f 10423 10508 10411 
f 10474 10484 10495 
f 10495 10504 10474 
f 10459 10455 10484 
f 10484 10474 10459 
f 10393 10394 10412 
f 10412 10415 10393 
f 10472 10482 10480 
f 10480 10471 10472 
f 10470 10466 10479 
f 10479 10472 10470 
f 10374 10387 10396 
f 10396 10376 10374 
f 10342 10353 10355 
f 10355 10343 10342 
f 10305 10306 10311 
f 10311 10308 10305 
f 10363 10373 10375 
f 10375 10364 10363 
f 10497 10485 10486 
f 10332 10331 10344 
f 10344 10345 10332 
f 10509 10476 10451 
f 10451 10510 10509 
f 10511 10417 10404 
f 10404 10512 10511 
f 10428 10417 10511 
f 10511 10513 10428 
f 10510 10451 10443 
f 10443 10514 10510 
f 10438 10514 10443 
f 10515 10486 10476 
f 10476 10509 10515 
f 10432 10430 10440 
f 10473 10505 10515 
f 10515 10509 10473 
f 10510 10458 10473 
f 10473 10509 10510 
f 10514 10457 10458 
f 10458 10510 10514 
f 10513 10437 10457 
f 10457 10514 10513 
f 10511 10426 10437 
f 10437 10513 10511 
f 10512 10414 10426 
f 10426 10511 10512 
f 10514 10438 10428 
f 10428 10513 10514 
f 10413 10517 10516 
f 10516 10518 10413 
f 10521 10520 10519 
f 10519 10522 10521 
f 10520 10521 10518 
f 10518 10516 10520 
f 10525 10524 10523 
f 10523 10526 10525 
f 10528 10527 10522 
f 10522 10519 10528 
f 10531 10530 10529 
f 10529 10526 10531 
f 10534 10533 10532 
f 10532 10535 10534 
f 10536 10308 10309 
f 10309 10537 10536 
f 10538 10307 10305 
f 10305 10539 10538 
f 10540 10538 10539 
f 10539 10541 10540 
f 10543 10542 10540 
f 10540 10544 10543 
f 10523 10338 10545 
f 10545 10546 10523 
f 10524 10337 10338 
f 10338 10523 10524 
f 10519 10362 10350 
f 10350 10528 10519 
f 10520 10372 10362 
f 10362 10519 10520 
f 10516 10382 10372 
f 10372 10520 10516 
f 10517 10395 10382 
f 10382 10516 10517 
f 10512 10404 10395 
f 10395 10517 10512 
f 10414 10512 10517 
f 10517 10413 10414 
f 10518 10388 10393 
f 10393 10413 10518 
f 10521 10380 10388 
f 10388 10518 10521 
f 10522 10370 10380 
f 10380 10521 10522 
f 10527 10360 10370 
f 10370 10522 10527 
f 10525 10526 10529 
f 10529 10359 10525 
f 10539 10305 10308 
f 10308 10536 10539 
f 10535 10543 10544 
f 10544 10534 10535 
f 10526 10523 10546 
f 10546 10531 10526 
f 10534 10548 10547 
f 10547 10533 10534 
f 10544 10540 10541 
f 10547 10548 10536 
f 10536 10537 10547 
f 10541 10539 10536 
f 10536 10548 10541 
f 10541 10548 10534 
f 10534 10544 10541 
f 10535 10532 10530 
f 10530 10531 10535 
f 10543 10535 10531 
f 10531 10546 10543 
f 10542 10543 10546 
f 10546 10545 10542 
f 10549 10551 10550 
f 10550 10551 10542 
f 10542 10545 10550 
f 10313 10551 10549 
f 10339 10329 10322 
f 10322 10549 10339 
f 10549 10550 10335 
f 10335 10339 10549 
f 10545 10338 10335 
f 10335 10550 10545 
f 10538 10540 10542 
f 10542 10551 10538 
f 10307 10538 10551 
f 10551 10313 10307 
f 10528 10350 10337 
f 10337 10524 10528 
f 10527 10528 10524 
f 10524 10525 10527 
f 10360 10527 10525 
f 10525 10359 10360 
f 10357 10358 10552 
f 10359 10529 10358 
f 10357 10552 10346 
f 10554 10553 10348 
f 10348 10555 10554 
f 10556 10554 10555 
f 10555 10557 10556 
f 10558 10556 10557 
f 10557 10559 10558 
f 10560 10558 10559 
f 10559 10319 10560 
f 10396 10397 10398 
f 10398 10399 10396 
f 10377 10376 10396 
f 10396 10399 10377 
f 10310 10561 10309 
f 10562 10537 10309 
f 10309 10561 10562 
f 10563 10547 10537 
f 10537 10562 10563 
f 10547 10563 10533 
f 10564 10532 10533 
f 10533 10563 10564 
f 10565 10530 10532 
f 10532 10564 10565 
f 10566 10529 10530 
f 10530 10565 10566 
f 10567 10358 10529 
f 10529 10566 10567 
f 10568 10552 10358 
f 10358 10567 10568 
f 10569 10346 10552 
f 10552 10568 10569 
f 10570 10332 10346 
f 10346 10569 10570 
f 10571 10325 10332 
f 10332 10570 10571 
f 10572 10316 10325 
f 10325 10571 10572 
f 10561 10310 10316 
f 10316 10572 10561 
f 10317 10564 10563 
f 10563 10320 10317 
f 10326 10565 10564 
f 10564 10317 10326 
f 10333 10566 10565 
f 10565 10326 10333 
f 10347 10567 10566 
f 10566 10333 10347 
f 10348 10568 10567 
f 10567 10347 10348 
f 10553 10569 10568 
f 10568 10348 10553 
f 10554 10570 10569 
f 10569 10553 10554 
f 10556 10571 10570 
f 10570 10554 10556 
f 10558 10572 10571 
f 10571 10556 10558 
f 10560 10561 10572 
f 10572 10558 10560 
f 10319 10562 10561 
f 10561 10560 10319 
f 10562 10319 10320 
f 10320 10563 10562 
f 10334 10555 10348 
f 10559 10318 10319 
f 10557 10555 10334 
f 10334 10327 10557 
f 10559 10557 10327 
f 10327 10318 10559 
f 10495 10494 10173 
f 10173  9932 10495 
f 10465 10462 10461 
f 10461 10460 10465 
f 10440 10441 10461 
f 10461 10462 10440 
f 10452 10439 10442 
f 10313 10549 10322 
f  9879 10490 10489 
f 10489 10499  9879 
f  9884  9879 10499 
f 10499 10503  9884 
f  9974 10172  9892 
f  9892  9916  9974 
f  9932 10173  9974 
f  9974  9934  9932 
f  9906  9907  9909 
f  9909  9895  9906 
f 10492 10472 10479 
f 10479 10506 10492 
f  9813  9826  9829 
f  9860  9829  9826 
f  9826  9850  9860 
f  9879 10240 10490 
f  9999  9986  9972 
f  9972  9958  9999 
f 10573  9853  9854 
f  9854  9891 10573 
f 10574 10241  9853 
f  9853 10573 10574 
f  9866  9856 10241 
f 10241 10574  9866 
f 10573 10575 10574 
f 10575 10573  9891 
f  9891 10576 10575 
f  9892 10576  9891 
f 10506 10575 10492 
f 10576 10491 10492 
f 10492 10575 10576 
f 10576  9892 10491 
f 10515 10505 10196 
f 10196 10577 10515 
f 10486 10515 10577 
f 10577 10578 10486 
f 10578 10497 10486 
f 10579 10581 10580 
f 10584 10583 10582 
f 10582 10585 10584 
f 10587 10586 10580 
f 10580 10581 10587 
f 10587 10581 10588 
f 10589 10588 10581 
f 10581 10583 10589 
f 10589 10583 10584 
f 10584 10590 10589 
f 10593 10592 10591 
f 10591 10594 10593 
f 10595 10586 10587 
f 10587 10596 10595 
f 10596 10587 10588 
f 10588 10597 10596 
f 10597 10588 10589 
f 10589 10598 10597 
f 10599 10598 10589 
f 10589 10590 10599 
f 10600 10594 10591 
f 10591 10601 10600 
f 10602 10595 10596 
f 10596 10603 10602 
f 10603 10596 10597 
f 10597 10604 10603 
f 10604 10597 10598 
f 10598 10605 10604 
f 10606 10605 10598 
f 10598 10599 10606 
f 10608 10607 10600 
f 10600 10601 10608 
f 10611 10610 10609 
f 10609 10612 10611 
f 10613 10612 10609 
f 10609 10614 10613 
f 10615 10613 10614 
f 10614 10602 10615 
f 10615 10602 10603 
f 10603 10616 10615 
f 10616 10603 10604 
f 10604 10617 10616 
f 10617 10604 10605 
f 10605 10618 10617 
f 10619 10606 10620 
f 10622 10621 10607 
f 10607 10608 10622 
f 10624 10623 10611 
f 10611 10612 10624 
f 10626 10625 10613 
f 10613 10615 10626 
f 10627 10626 10615 
f 10615 10616 10627 
f 10629 10628 10617 
f 10617 10618 10629 
f 10630 10629 10618 
f 10618 10619 10630 
f 10630 10619 10620 
f 10620 10631 10630 
f 10633 10631 10632 
f 10632 10634 10633 
f 10635 10623 10624 
f 10624 10636 10635 
f 10636 10624 10625 
f 10625 10637 10636 
f 10637 10625 10626 
f 10626 10638 10637 
f 10638 10626 10627 
f 10627 10639 10638 
f 10639 10627 10628 
f 10628 10640 10639 
f 10640 10628 10629 
f 10629 10641 10640 
f 10641 10629 10630 
f 10630 10642 10641 
f 10643 10642 10630 
f 10630 10631 10643 
f 10643 10631 10633 
f 10633 10644 10643 
f 10645 10635 10636 
f 10636 10646 10645 
f 10646 10636 10637 
f 10637 10647 10646 
f 10638 10639 10648 
f 10649 10648 10639 
f 10639 10640 10649 
f 10650 10649 10640 
f 10640 10641 10650 
f 10650 10641 10642 
f 10642 10651 10650 
f 10652 10651 10642 
f 10642 10643 10652 
f 10652 10643 10644 
f 10644 10653 10652 
f 10655 10654 10645 
f 10645 10646 10655 
f 10657 10656 10652 
f 10652 10653 10657 
f 10655 10646 10647 
f 10647 10658 10655 
f 10658 10647 10648 
f 10648 10659 10658 
f 10653 10660 10657 
f 10662 10661 10655 
f 10655 10658 10662 
f 10663 10662 10658 
f 10658 10659 10663 
f 10665 10664 10657 
f 10657 10660 10665 
f 10666 10654 10655 
f 10655 10661 10666 
f 10668 10667 10663 
f 10663 10659 10668 
f 10671 10670 10669 
f 10669 10672 10671 
f 10673 10670 10671 
f 10671 10656 10673 
f 10657 10664 10673 
f 10673 10656 10657 
f 10675 10674 10666 
f 10666 10661 10675 
f 10677 10676 10663 
f 10663 10667 10677 
f 10679 10678 10669 
f 10669 10670 10679 
f 10679 10670 10673 
f 10673 10680 10679 
f 10680 10673 10664 
f 10664 10681 10680 
f 10665 10683 10682 
f 10684 10675 10661 
f 10661 10662 10684 
f 10676 10684 10662 
f 10662 10663 10676 
f 10678 10677 10667 
f 10667 10669 10678 
f 10686 10685 10674 
f 10674 10675 10686 
f 10686 10675 10684 
f 10684 10687 10686 
f 10688 10687 10684 
f 10684 10676 10688 
f 10688 10676 10677 
f 10677 10689 10688 
f 10690 10689 10677 
f 10677 10678 10690 
f 10691 10690 10678 
f 10678 10679 10691 
f 10692 10681 10682 
f 10682 10693 10692 
f 10694 10693 10682 
f 10682 10683 10694 
f 10696 10695 10685 
f 10685 10686 10696 
f 10686 10687 10697 
f 10697 10696 10686 
f 10697 10687 10688 
f 10688 10698 10697 
f 10699 10698 10688 
f 10688 10689 10699 
f 10699 10689 10690 
f 10690 10700 10699 
f 10701 10700 10690 
f 10690 10691 10701 
f 10702 10692 10693 
f 10693 10703 10702 
f 10704 10703 10693 
f 10693 10694 10704 
f 10706 10705 10695 
f 10695 10696 10706 
f 10708 10707 10697 
f 10697 10698 10708 
f 10710 10709 10702 
f 10702 10703 10710 
f 10699 10712 10711 
f 10700 10713 10712 
f 10714 10713 10700 
f 10700 10701 10714 
f 10716 10715 10705 
f 10705 10706 10716 
f 10707 10717 10716 
f 10716 10706 10707 
f 10707 10708 10718 
f 10718 10717 10707 
f 10721 10720 10719 
f 10719 10709 10721 
f 10723 10722 10710 
f 10710 10724 10723 
f 10725 10718 10708 
f 10708 10711 10725 
f 10720 10726 10714 
f 10714 10719 10720 
f 10727 10716 10717 
f 10717 10728 10727 
f 10729 10728 10717 
f 10717 10718 10729 
f 10731 10730 10725 
f 10725 10732 10731 
f 10734 10733 10722 
f 10722 10723 10734 
f 10736 10735 10715 
f 10715 10716 10736 
f 10730 10729 10718 
f 10718 10725 10730 
f 10739 10738 10737 
f 10737 10726 10739 
f 10740 10739 10726 
f 10726 10720 10740 
f 10741 10740 10720 
f 10720 10721 10741 
f 10743 10742 10735 
f 10735 10736 10743 
f 10745 10744 10727 
f 10727 10728 10745 
f 10747 10746 10731 
f 10731 10738 10747 
f 10747 10738 10739 
f 10739 10748 10747 
f 10749 10748 10739 
f 10739 10740 10749 
f 10750 10749 10740 
f 10740 10741 10750 
f 10730 10731 10746 
f 10746 10752 10751 
f 10754  9935 10753 
f 10753 10755 10754 
f 10704 10724 10710 
f 10710 10703 10704 
f 10698 10699 10711 
f 10711 10708 10698 
f 10650 10651 10671 
f 10671 10672 10650 
f 10651 10652 10656 
f 10656 10671 10651 
f 10707 10706 10696 
f 10696 10697 10707 
f 10729 10756 10745 
f 10745 10728 10729 
f 10747 10748 10757 
f 10757 10758 10747 
f 10749 10759 10757 
f 10757 10748 10749 
f 10648 10647 10638 
f 10612 10613 10625 
f 10625 10624 10612 
f 10727 10744 10743 
f 10743 10736 10727 
f 10712 10713 10737 
f 10737 10732 10712 
f 10710 10722 10721 
f 10721 10709 10710 
f 10754 10755 10733 
f 10733 10734 10754 
f 10729 10730 10760 
f 10760 10756 10729 
f 10747 10758 10752 
f 10752 10746 10747 
f 10712 10732 10725 
f 10725 10711 10712 
f 10712 10699 10700 
f 10713 10714 10726 
f 10726 10737 10713 
f 10761 10702 10709 
f 10709 10719 10761 
f 10692 10702 10761 
f 10761 10762 10692 
f 10681 10692 10762 
f 10762 10680 10681 
f 10761 10719 10714 
f 10714 10701 10761 
f 10691 10762 10761 
f 10761 10701 10691 
f 10680 10762 10691 
f 10691 10679 10680 
f 10722 10733 10741 
f 10741 10721 10722 
f 10665 10682 10681 
f 10681 10664 10665 
f 10731 10732 10737 
f 10737 10738 10731 
f 10648 10649 10668 
f 10668 10659 10648 
f 10616 10617 10628 
f 10628 10627 10616 
f 10579 10582 10583 
f 10583 10581 10579 
f 10647 10637 10638 
f 10730 10746 10760 
f 10606 10619 10618 
f 10618 10605 10606 
f 10764 10763 10715 
f 10715 10735 10764 
f 10766 10765 10674 
f 10674 10685 10766 
f 10695 10767 10766 
f 10766 10685 10695 
f 10763 10768 10705 
f 10705 10715 10763 
f 10768 10767 10695 
f 10695 10705 10768 
f 10769 10764 10735 
f 10735 10742 10769 
f 10734 10764 10769 
f 10769 10754 10734 
f 10763 10764 10734 
f 10734 10723 10763 
f 10768 10763 10723 
f 10723 10724 10768 
f 10767 10768 10724 
f 10724 10704 10767 
f 10766 10767 10704 
f 10704 10694 10766 
f 10765 10766 10694 
f 10694 10683 10765 
f 10772 10771 10770 
f 10770 10773 10772 
f 10776 10775 10774 
f 10774 10777 10776 
f 10777 10770 10771 
f 10771 10776 10777 
f 10780 10779 10778 
f 10778 10781 10780 
f 10782 10774 10775 
f 10775 10783 10782 
f 10785 10779 10784 
f 10784 10786 10785 
f 10789 10788 10787 
f 10787 10790 10789 
f 10792 10791 10585 
f 10585 10582 10792 
f 10794 10793 10579 
f 10579 10580 10794 
f 10796 10795 10793 
f 10793 10794 10796 
f 10798 10797 10796 
f 10796 10799 10798 
f 10778 10801 10800 
f 10800 10610 10778 
f 10781 10778 10610 
f 10610 10611 10781 
f 10774 10782 10623 
f 10623 10635 10774 
f 10777 10774 10635 
f 10635 10645 10777 
f 10770 10777 10645 
f 10645 10654 10770 
f 10773 10770 10654 
f 10654 10666 10773 
f 10765 10773 10666 
f 10666 10674 10765 
f 10683 10772 10773 
f 10773 10765 10683 
f 10683 10665 10772 
f 10771 10772 10665 
f 10665 10660 10771 
f 10776 10771 10660 
f 10660 10653 10776 
f 10775 10776 10653 
f 10653 10644 10775 
f 10783 10775 10644 
f 10644 10633 10783 
f 10780 10634 10784 
f 10784 10779 10780 
f 10793 10792 10582 
f 10582 10579 10793 
f 10788 10789 10797 
f 10797 10798 10788 
f 10779 10785 10801 
f 10801 10778 10779 
f 10789 10790 10802 
f 10802 10803 10789 
f 10797 10795 10796 
f 10802 10791 10792 
f 10792 10803 10802 
f 10795 10803 10792 
f 10792 10793 10795 
f 10795 10797 10789 
f 10789 10803 10795 
f 10788 10785 10786 
f 10786 10787 10788 
f 10798 10801 10785 
f 10785 10788 10798 
f 10799 10800 10801 
f 10801 10798 10799 
f 10804 10806 10805 
f 10806 10800 10799 
f 10799 10805 10806 
f 10804 10805 10586 
f 10586 10595 10804 
f 10614 10804 10595 
f 10595 10602 10614 
f 10804 10614 10609 
f 10609 10806 10804 
f 10800 10806 10609 
f 10609 10610 10800 
f 10794 10805 10799 
f 10799 10796 10794 
f 10580 10586 10805 
f 10805 10794 10580 
f 10782 10781 10611 
f 10611 10623 10782 
f 10783 10780 10781 
f 10781 10782 10783 
f 10633 10634 10780 
f 10780 10783 10633 
f 10631 10807 10632 
f 10634 10632 10784 
f 10631 10620 10807 
f 10809 10808 10621 
f 10621 10810 10809 
f 10812 10811 10808 
f 10808 10809 10812 
f 10814 10813 10811 
f 10811 10812 10814 
f 10815 10593 10813 
f 10813 10814 10815 
f 10668 10672 10669 
f 10669 10667 10668 
f 10650 10672 10668 
f 10668 10649 10650 
f 10584 10585 10816 
f 10817 10816 10585 
f 10585 10791 10817 
f 10818 10817 10791 
f 10791 10802 10818 
f 10802 10790 10818 
f 10819 10818 10790 
f 10790 10787 10819 
f 10820 10819 10787 
f 10787 10786 10820 
f 10821 10820 10786 
f 10786 10784 10821 
f 10822 10821 10784 
f 10784 10632 10822 
f 10823 10822 10632 
f 10632 10807 10823 
f 10824 10823 10807 
f 10807 10620 10824 
f 10825 10824 10620 
f 10620 10606 10825 
f 10826 10825 10606 
f 10606 10599 10826 
f 10827 10826 10599 
f 10599 10590 10827 
f 10816 10827 10590 
f 10590 10584 10816 
f 10591 10592 10818 
f 10818 10819 10591 
f 10601 10591 10819 
f 10819 10820 10601 
f 10608 10601 10820 
f 10820 10821 10608 
f 10622 10608 10821 
f 10821 10822 10622 
f 10621 10622 10822 
f 10822 10823 10621 
f 10810 10621 10823 
f 10823 10824 10810 
f 10809 10810 10824 
f 10824 10825 10809 
f 10812 10809 10825 
f 10825 10826 10812 
f 10814 10812 10826 
f 10826 10827 10814 
f 10815 10814 10827 
f 10827 10816 10815 
f 10593 10815 10816 
f 10816 10817 10593 
f 10817 10818 10592 
f 10592 10593 10817 
f 10607 10621 10808 
f 10813 10593 10594 
f 10811 10600 10607 
f 10607 10808 10811 
f 10813 10594 10600 
f 10600 10811 10813 
f 10750 10828 10759 
f 10759 10749 10750 
f 10829  9923  9898 
f  9898  9899 10829 
f 10114 10094 10071 
f 10042 10071 10094 
f 10094 10059 10042 
f 10035 10042 10059 
f 10059 10029 10035 
f  9991 10006 10035 
f 10035 10029  9991 
f  9939 10005 10006 
f 10006  9991  9939 
f 10830 10005  9939 
f  9939  9922 10830 
f  9923 10831 10830 
f 10830  9922  9923 
f 10831  9923 10829 
f 10829 10832 10831 
f 10004 10005 10830 
f 10830 10833 10004 
f 10834 10831 10832 
f 10832 10751 10834 
f 10833 10830 10831 
f 10831 10834 10833 
f 10752 10834 10751 
f  9936 10753  9935 
f 10834 10752 10835 
f 10835 10833 10834 
f 10758 10835 10752 
f  9975 10757 10759 
f 10759  9978  9975 
f  9975 10758 10757 
f  9977  9978  9936 
f 10759 10828  9936 
f  9936  9978 10759 
f  9988 10004 10833 
f 10833 10835  9988 
f 10835 10758  9975 
f 10835  9975  9988 
f 10836 10838 10837 
f 10841 10840 10839 
f 10839 10842 10841 
f 10844 10843 10837 
f 10837 10838 10844 
f 10844 10838 10845 
f 10846 10845 10838 
f 10838 10840 10846 
f 10846 10840 10841 
f 10841 10847 10846 
f 10850 10849 10848 
f 10848 10851 10850 
f 10852 10843 10844 
f 10844 10853 10852 
f 10853 10844 10845 
f 10845 10854 10853 
f 10854 10845 10846 
f 10846 10855 10854 
f 10856 10855 10846 
f 10846 10847 10856 
f 10857 10851 10848 
f 10848 10858 10857 
f 10859 10852 10853 
f 10853 10860 10859 
f 10860 10853 10854 
f 10854 10861 10860 
f 10861 10854 10855 
f 10855 10862 10861 
f 10863 10862 10855 
f 10855 10856 10863 
f 10865 10864 10857 
f 10857 10858 10865 
f 10868 10867 10866 
f 10866 10869 10868 
f 10870 10869 10866 
f 10866 10871 10870 
f 10872 10870 10871 
f 10871 10859 10872 
f 10872 10859 10860 
f 10860 10873 10872 
f 10873 10860 10861 
f 10861 10874 10873 
f 10874 10861 10862 
f 10862 10875 10874 
f 10876 10863 10877 
f 10879 10878 10864 
f 10864 10865 10879 
f 10881 10880 10868 
f 10868 10869 10881 
f 10883 10882 10870 
f 10870 10872 10883 
f 10884 10883 10872 
f 10872 10873 10884 
f 10886 10885 10874 
f 10874 10875 10886 
f 10887 10886 10875 
f 10875 10876 10887 
f 10887 10876 10877 
f 10877 10888 10887 
f 10890 10888 10889 
f 10889 10891 10890 
f 10892 10880 10881 
f 10881 10893 10892 
f 10893 10881 10882 
f 10882 10894 10893 
f 10894 10882 10883 
f 10883 10895 10894 
f 10895 10883 10884 
f 10884 10896 10895 
f 10896 10884 10885 
f 10885 10897 10896 
f 10897 10885 10886 
f 10886 10898 10897 
f 10898 10886 10887 
f 10887 10899 10898 
f 10900 10899 10887 
f 10887 10888 10900 
f 10900 10888 10890 
f 10890 10901 10900 
f 10902 10892 10893 
f 10893 10903 10902 
f 10903 10893 10894 
f 10894 10904 10903 
f 10906 10905 10895 
f 10895 10896 10906 
f 10907 10906 10896 
f 10896 10897 10907 
f 10908 10907 10897 
f 10897 10898 10908 
f 10898 10899 10908 
f 10909 10908 10899 
f 10899 10900 10909 
f 10910 10900 10901 
f 10901 10911 10910 
f 10913 10912 10902 
f 10902 10903 10913 
f 10914 10904 10905 
f 10905 10915 10914 
f 10911 10917 10916 
f 10916 10910 10911 
f 10913 10903 10904 
f 10904 10914 10913 
f 10906 10918 10915 
f 10915 10905 10906 
f 10920 10919 10913 
f 10913 10914 10920 
f 10922 10921 10915 
f 10915 10918 10922 
f 10924 10923 10916 
f 10916 10917 10924 
f 10925 10912 10913 
f 10913 10919 10925 
f 10921 10920 10914 
f 10914 10915 10921 
f 10927 10926 10922 
f 10922 10918 10927 
f 10930 10929 10928 
f 10928 10931 10930 
f 10916 10923 10929 
f 10929 10930 10916 
f 10933 10932 10925 
f 10925 10919 10933 
f 10934 10920 10921 
f 10921 10935 10934 
f 10937 10936 10922 
f 10922 10926 10937 
f 10939 10938 10928 
f 10928 10929 10939 
f 10939 10929 10923 
f 10923 10940 10939 
f 10934 10933 10919 
f 10919 10920 10934 
f 10938 10937 10926 
f 10926 10928 10938 
f 10942 10941 10932 
f 10932 10933 10942 
f 10933 10943 10942 
f 10944 10935 10936 
f 10936 10945 10944 
f 10945 10936 10937 
f 10937 10946 10945 
f 10947 10946 10937 
f 10937 10938 10947 
f 10948 10947 10938 
f 10938 10939 10948 
f 10950 10940 10949 
f 10949 10951 10950 
f 10953 10952 10941 
f 10941 10942 10953 
f 10942 10943 10954 
f 10954 10953 10942 
f 10954 10943 10955 
f 10955 10956 10954 
f 10956 10955 10944 
f 10944 10957 10956 
f 10959 10958 10945 
f 10945 10946 10959 
f 10959 10946 10947 
f 10947 10960 10959 
f 10961 10960 10947 
f 10947 10948 10961 
f 10962 10950 10951 
f 10951 10963 10962 
f 10965 10964 10952 
f 10952 10953 10965 
f 10966 10954 10956 
f 10956 10967 10966 
f 10967 10956 10957 
f 10957 10968 10967 
f 10970 10969 10962 
f 10962 10963 10970 
f 10972 10971 10960 
f 10960 10961 10972 
f 10974 10973 10964 
f 10964 10965 10974 
f 10975 10974 10965 
f 10965 10966 10975 
f 10967 10968 10976 
f 10976 10977 10967 
f 10979 10978 10972 
f 10972 10969 10979 
f 10977 10975 10966 
f 10966 10967 10977 
f 10980 10976 10968 
f 10968 10981 10980 
f 10982 10980 10981 
f 10981 10983 10982 
f 10985 10984 10975 
f 10975 10977 10985 
f 10986 10985 10977 
f 10977 10976 10986 
f 10988 10987 10982 
f 10982 10989 10988 
f 10991 10990 10973 
f 10973 10974 10991 
f 10992 10986 10976 
f 10976 10980 10992 
f 10987 10992 10980 
f 10980 10982 10987 
f 10993 10988 10989 
f 10989 10978 10993 
f 10994 10993 10978 
f 10978 10979 10994 
f 10996 10995 10990 
f 10990 10991 10996 
f 10997 10984 10985 
f 10985 10998 10997 
f 10999 10986 10992 
f 10992 11000 10999 
f 11001 10988 10993 
f 10993 11002 11001 
f  9918 11002 10993 
f 10993 10994  9918 
f 10987 10988 11001 
f 11001 11003 10987 
f 10958 10959 10983 
f 10983 10981 10958 
f 10957 10958 10981 
f 10981 10968 10957 
f 10944 10945 10958 
f 10958 10957 10944 
f 10908 10909 10930 
f 10930 10931 10908 
f 10910 10916 10930 
f 10930 10909 10910 
f 10922 10936 10935 
f 10935 10921 10922 
f 10965 10953 10954 
f 10954 10966 10965 
f 10999 10998 10985 
f 10985 10986 10999 
f 10869 10870 10882 
f 10882 10881 10869 
f 10984 10991 10974 
f 10974 10975 10984 
f 10997 10996 10991 
f 10991 10984 10997 
f 10970 11004 10979 
f 10979 10969 10970 
f 10992 10987 11003 
f 11003 11000 10992 
f 10971 10989 10982 
f 10982 10983 10971 
f 10959 10960 10971 
f 10971 10983 10959 
f 10971 10972 10978 
f 10978 10989 10971 
f 10961 10962 10969 
f 10969 10972 10961 
f 10950 10962 10961 
f 10961 10948 10950 
f 10940 10950 10948 
f 10948 10939 10940 
f 11006 11005  9918 
f  9918 10994 11006 
f 11004 11006 10994 
f 10994 10979 11004 
f 10924 10949 10940 
f 10940 10923 10924 
f 10906 10907 10927 
f 10927 10918 10906 
f 10873 10874 10885 
f 10885 10884 10873 
f 10836 10839 10840 
f 10840 10838 10836 
f 10894 10895 10905 
f 10905 10904 10894 
f 10863 10876 10875 
f 10875 10862 10863 
f 11008 11007 10973 
f 10973 10990 11008 
f 11010 11009 10932 
f 10932 10941 11010 
f 10952 11011 11010 
f 11010 10941 10952 
f 11007 11012 10964 
f 10964 10973 11007 
f 11012 11011 10952 
f 10952 10964 11012 
f 11013 11008 10990 
f 10990 10995 11013 
f 11006 11008 11013 
f 11013 11005 11006 
f 11007 11008 11006 
f 11006 11004 11007 
f 11012 11007 11004 
f 11004 10970 11012 
f 11011 11012 10970 
f 10970 10963 11011 
f 11010 11011 10963 
f 10963 10951 11010 
f 11009 11010 10951 
f 10951 10949 11009 
f 10924 11015 11014 
f 11014 11016 10924 
f 11019 11018 11017 
f 11017 11020 11019 
f 11020 11014 11015 
f 11015 11019 11020 
f 11023 11022 11021 
f 11021 11024 11023 
f 11025 11017 11018 
f 11018 11026 11025 
f 11028 11022 11027 
f 11027 11029 11028 
f 11032 11031 11030 
f 11030 11033 11032 
f 11035 11034 10842 
f 10842 10839 11035 
f 11037 11036 10836 
f 10836 10837 11037 
f 11039 11038 11036 
f 11036 11037 11039 
f 11041 11040 11039 
f 11039 11042 11041 
f 11021 11044 11043 
f 11043 10867 11021 
f 11024 11021 10867 
f 10867 10868 11024 
f 11017 11025 10880 
f 10880 10892 11017 
f 11020 11017 10892 
f 10892 10902 11020 
f 11014 11020 10902 
f 10902 10912 11014 
f 11016 11014 10912 
f 10912 10925 11016 
f 11009 11016 10925 
f 10925 10932 11009 
f 10949 10924 11016 
f 11016 11009 10949 
f 11015 10924 10917 
f 11019 11015 10917 
f 10917 10911 11019 
f 11018 11019 10911 
f 10911 10901 11018 
f 11026 11018 10901 
f 10901 10890 11026 
f 11023 10891 11027 
f 11027 11022 11023 
f 11036 11035 10839 
f 10839 10836 11036 
f 11031 11032 11040 
f 11040 11041 11031 
f 11022 11028 11044 
f 11044 11021 11022 
f 11032 11033 11045 
f 11045 11046 11032 
f 11040 11038 11039 
f 11045 11034 11035 
f 11035 11046 11045 
f 11038 11046 11035 
f 11035 11036 11038 
f 11038 11040 11032 
f 11032 11046 11038 
f 11031 11028 11029 
f 11029 11030 11031 
f 11041 11044 11028 
f 11028 11031 11041 
f 11042 11043 11044 
f 11044 11041 11042 
f 11047 11049 11048 
f 11049 11043 11042 
f 11042 11048 11049 
f 11047 11048 10843 
f 10843 10852 11047 
f 10871 11047 10852 
f 10852 10859 10871 
f 11047 10871 10866 
f 10866 11049 11047 
f 11043 11049 10866 
f 10866 10867 11043 
f 11037 11048 11042 
f 11042 11039 11037 
f 10837 10843 11048 
f 11048 11037 10837 
f 11025 11024 10868 
f 10868 10880 11025 
f 11026 11023 11024 
f 11024 11025 11026 
f 10890 10891 11023 
f 11023 11026 10890 
f 10888 11050 10889 
f 10891 10889 11027 
f 10888 10877 11050 
f 11052 11051 10878 
f 10878 11053 11052 
f 11055 11054 11051 
f 11051 11052 11055 
f 11057 11056 11054 
f 11054 11055 11057 
f 11058 10850 11056 
f 11056 11057 11058 
f 10927 10931 10928 
f 10928 10926 10927 
f 10908 10931 10927 
f 10927 10907 10908 
f 10841 10842 11059 
f 11060 11059 10842 
f 10842 11034 11060 
f 11061 11060 11034 
f 11034 11045 11061 
f 11045 11033 11061 
f 11062 11061 11033 
f 11033 11030 11062 
f 11063 11062 11030 
f 11030 11029 11063 
f 11064 11063 11029 
f 11029 11027 11064 
f 11065 11064 11027 
f 11027 10889 11065 
f 11066 11065 10889 
f 10889 11050 11066 
f 11067 11066 11050 
f 11050 10877 11067 
f 11068 11067 10877 
f 10877 10863 11068 
f 11069 11068 10863 
f 10863 10856 11069 
f 11070 11069 10856 
f 10856 10847 11070 
f 11059 11070 10847 
f 10847 10841 11059 
f 10848 10849 11061 
f 11061 11062 10848 
f 10858 10848 11062 
f 11062 11063 10858 
f 10865 10858 11063 
f 11063 11064 10865 
f 10879 10865 11064 
f 11064 11065 10879 
f 10878 10879 11065 
f 11065 11066 10878 
f 11053 10878 11066 
f 11066 11067 11053 
f 11052 11053 11067 
f 11067 11068 11052 
f 11055 11052 11068 
f 11068 11069 11055 
f 11057 11055 11069 
f 11069 11070 11057 
f 11058 11057 11070 
f 11070 11059 11058 
f 10850 11058 11059 
f 11059 11060 10850 
f 11060 11061 10849 
f 10849 10850 11060 
f 10864 10878 11051 
f 11056 10850 10851 
f 11054 10857 10864 
f 10864 11051 11054 
f 11056 10851 10857 
f 10857 11054 11056 
f 10933 10934 10943 
f 10955 10943 10934 
f  9918  9919 11002 
f 11002  9919 11071 
f 11072 11001 11002 
f 11002 11071 11072 
f 10769  9935 10754 
f 11073 10769 10742 
f 10742 11000 11073 
f 10743 10999 11000 
f 11000 10742 10743 
f 10999 10743 11074 
f 10998 11074 11075 
f 11077 11076 10996 
f 10996 10997 11077 
f 11076 11078 10995 
f 10995 10996 11076 
f 11079 11013 10995 
f 10995 11078 11079 
f 11080 11005 11013 
f 11013 11079 11080 
f 11081  9918 11005 
f 11005 11080 11081 
f  9965  9920  9964 
f  9920  9918 11081 
f  9964 11081 10196 
f 10577 10196 11081 
f 11081 11080 10577 
f 11079 10578 10577 
f 10577 11080 11079 
f 11078 10497 10578 
f 10578 11079 11078 
f 11076 10500 10497 
f 10497 11078 11076 
f  9866 10574 10506 
f 10506 10240  9866 
f 10500 11076  9905 
f 11077 11082  9905 
f  9905 11076 11077 
f  9900 11074  9899 
f 11074 10743  9899 
f 10743 10744  9899 
f 10829  9899 10744 
f 10744 10745 10829 
f 10756 10832 10829 
f 10829 10745 10756 
f 10760 10751 10832 
f 10832 10756 10760 
f 10760 10746 10751 
f 11077 10997 10998 
f 10998 11075 11077 
f 11083 11082 11077 
f 11077 11075 11083 
f  9904  9905 11082 
f 11082 11084  9904 
f  9925  9904 11084 
f 11084 11085  9925 
f  9943  9925 11085 
f 11085 11086  9943 
f  9919  9937 11071 
f 10909 10900 10910 
f 10955 10934 10935 
f 10935 10944 10955 
f  9920 11081  9964 
f 11073 11003 11001 
f 11001 11072 11073 
f 11073 11000 11003 
f  9937  9935 11071 
f 10999 11074 10998 
f 11074  9900 11083 
f 11083 11075 11074 
f  9901 11087 11083 
f 11083  9900  9901 
f  9921  9940 11087 
f 11087  9901  9921 
f 10575 10506 10574 
f 10750 10741 10733 
f 10733 10755 10750 
f 10828 10750 10755 
f 10755 10753 10828 
f 10753  9936 10828 
f  9965  9919  9920 
f 11085  9940  9941 
f  9941 11086 11085 
f 11084 11087  9940 
f  9940 11085 11084 
f 11087 11084 11082 
f 11082 11083 11087 
f 11073 11072  9935 
f 11072 11071  9935 
f 11073  9935 10769 
f 10716 10727 10736 
f 10044 10031  9992 
f  9992 10008 10044 
f  9990 10030 10061 
f 10061 11088  9990 
f  9938  9990 11088 
f 11088  9941  9938 
f 10008 11086  9941 
f  9941 11088 10008 
f 10044 10008 11088 
f 11088 10061 10044 
f 10045 10044 10061 
f 10061 10060 10045 
f 10060 10089 10045 
f 11086 10008  9943 
f  9981  9944  9945 
f 10012  9952  9982 
f  9982  9983 10012 
f  9982  9952  9949 
f  9949 10171  9982 
f 10205 11089 10177 
f 10177 10178 10205 
f 10204 10216 10200 
f 10040 10012  9983 
f  9983 10017 10040 
f 10195 11089 10205 
f 10205 10194 10195 
f 11091 10198 11090 
f 11090 11092 11091 
f 11093  9897  9911 
f  9911 10198 11093 
f  9928  9911  9910 
f 10197  9946 11090 
f 11090 10198 10197 
f  9946 10197  9948 
f 10239  9958  9972 
f  9972 11094 10239 
f  9888  9872  9870 
f  9931  9890  9883 
f  9883 11095  9931 
f 11093 11096  9888 
f  9888  9897 11093 
f 11095 11094  9972 
f  9972  9931 11095 
f 11096 11097  9883 
f  9883  9871 11096 
f 11098 11097 11096 
f 11096 11093 11098 
f 11091 11098 11093 
f 11093 10198 11091 
f  9872  9888 11096 
f 11096  9871  9872 
f 10191 10220 10221 
f 10221 10190 10191 
f 10227 10218 10220 
f 10220 10191 10227 
f 10229 10217 10227 
f 10227 10228 10229 
f 10226 10201 10234 
f 10234 10235 10226 
f 10201 10226 10204 
f 10204 10200 10201 
f 10235 10228 10214 
f 10214 10215 10235 
f 10234 10229 10228 
f 10228 10235 10234 
f 10230 10229 10234 
f 10234 10232 10230 
f 10233 10231 10230 
f 10230 10232 10233 
f 10209 11100 11099 
f 11099 11101 10209 
f 10186 10187 10185 
f 10185 10184 10186 
f  9967  9968  9954 
f  9954  9955  9967 
f  9955  9995  9997 
f  9955  9997  9967 
f 11102 11104 11103 
f 11107 11106 11105 
f 11105 11108 11107 
f 11109 11103 11104 
f 11104 11110 11109 
f 10223  9959  9960 
f  9960 10222 10223 
f 10224  9998  9959 
f  9959 10223 10224 
f 10224 10022  9998 
f 11102 11103 11111 
f 11111 11112 11102 
f 11112 11111 11106 
f 11106 11107 11112 
f 11108 11105 11113 
f 11113 11114 11108 
f 11114 11113 11115 
f 11115 11116 11114 
f 11116 11115 11117 
f 11117 11118 11116 
f 11117 11120 11119 
f 11119 11118 11117 
f 11120 11122 11121 
f 11121 11123 11120 
f 11122 11125 11124 
f 11124 11126 11122 
f 11124 11125 11127 
f 11127 11128 11124 
f 11127 11109 11110 
f 11110 11128 11127 
f 10197 10009  9948 
f  9968  9969 11104 
f 11104 11102  9968 
f 11106 10181 10176 
f 10176 11105 11106 
f 11108  9950  9953 
f  9953 11107 11108 
f 10186 10184 11103 
f 11103 11109 10186 
f  9969 10222 11110 
f 11110 11104  9969 
f 11103 10184 10180 
f 10180 11111 11103 
f 11112  9954  9968 
f  9968 11102 11112 
f 10180 10181 11106 
f 11106 11111 10180 
f 11107  9953  9954 
f  9954 11112 11107 
f 11105 10176 10177 
f 10177 11113 11105 
f 11114  9949  9950 
f  9950 11108 11114 
f 11113 10177 11089 
f 11089 11115 11113 
f 11116 10171  9949 
f  9949 11114 11116 
f 11115 11089 10195 
f 10195 11117 11115 
f 11118  9946 10171 
f 10171 11116 11118 
f 10195 10193 11120 
f 11120 11117 10195 
f 11090  9946 11118 
f 11118 11119 11090 
f 10193 10190 11122 
f 11122 11120 10193 
f 10190 10221 11125 
f 11125 11122 10190 
f 11126 11124  9957 
f  9957 10238 11126 
f 11125 10221 10189 
f 10189 11127 11125 
f  9960  9957 11124 
f 11124 11128  9960 
f 11127 10189 10186 
f 10186 11109 11127 
f 10222  9960 11128 
f 11128 11110 10222 
f 11101 10233 10225 
f 10225 11129 11101 
f 11099 10231 10233 
f 10233 11101 11099 
f 11100 10212 10231 
f 10231 11099 11100 
f 10210 10185 10187 
f 10187 11130 10210 
f 10211 10183 10185 
f 10185 10210 10211 
f 10211 10208 10207 
f 10207 10183 10211 
f 11131 10238 10239 
f 10239 11132 11131 
f 11121 11126 10238 
f 10238 11131 11121 
f 11092 11123 11121 
f 11121 11131 11092 
f 11132 11091 11092 
f 11092 11131 11132 
f 11133 11098 11091 
f 11091 11132 11133 
f 11134 11097 11098 
f 11098 11133 11134 
f 11097 11134  9883 
f  9883 11134 11095 
f 11133 11094 11095 
f 11095 11134 11133 
f 11132 10239 11094 
f 11094 11133 11132 
f 11122 11126 11121 
f 11120 11123 11119 
f 11092 11090 11119 
f 11119 11123 11092 
f 10207 10225 10199 
f 10199 10206 10207 
f 10209 11101 11129 
f 11129 10208 10209 
f 10219 10231 10212 
f 10212 10213 10219 
f 10191 10192 10214 
f 10214 10227 10191 
f 10206 10199 10200 
f 10200 10216 10206 
f 10188 10220 10218 
f 10218 10213 10188 
f 10204 10178 10179 
f 10179 10216 10204 
f 10215 10194 10205 
f 10205 10203 10215 
f 10218 10227 10217 
f 10209 10210 11130 
f 11130 11100 10209 
f 11130 10187 10212 
f 10212 11100 11130 
f 10208 11129 10225 
f 10225 10207 10208 
f  9678  9679 11159 
f 11159 11164  9678 
f 11166 11157  9676 
f  9676 10168 11166 
f 10166 10164 10157 
f 10157 10156 10166 
f 10166 11149 11148 
f 11148 10164 10166 
f 11154 11160  9679 
f  9679  9667 11154 
f 11388 11374 11373 
f 11373  4687 11388 
f 11385  5410 11368 
f 11368 11375 11385 
f 11152 11161 11136 
f 11136 11135 11152 
f 11136 11161 11137 
f 11138 10147 10148 
f 10148 11137 11138 
f 11140 11153 11152 
f 11152 11139 11140 
f 10142 10160 11151 
f 11151 11140 10142 
f 11140 10141 10142 
f 11139 11152 11135 
f 11138 10163 11141 
f 10168  9676 11142 
f 11142 11143 10168 
f  9675  9670 11144 
f 11144 11145  9675 
f 10170 10169 11146 
f 11146 11147 10170 
f 10165 10164 11148 
f 11148 11150 10165 
f  9670  9667 11149 
f 11149 11144  9670 
f 10169 10168 11143 
f 11143 11146 10169 
f  9667  9679 11148 
f 11148 11149  9667 
f 11155 11180 11174 
f 11155 11174  9668 
f 11155  9668 11154 
f 11152 11173 11177 
f 11177 11161 11152 
f 11181 11176 11156 
f 11156 11157 11181 
f 11176 11180 11155 
f 11155 11156 11176 
f 11164 11169 11158 
f 11147 11141 10163 
f 10170 11147 10163 
f 10170 10163 11162 
f 11163 10170 11162 
f 10168 10169 11165 
f 11165 11166 10168 
f 10169 10170 11167 
f 11167 11165 10169 
f 11167 10170 11163 
f 11171 11181 11157 
f 11157 11166 11171 
f  9668 11179 11175 
f 11154  9668 11175 
f 11154 11175 11160 
f 11164 11159 11168 
f 11168 11169 11164 
f 11173 11152 11153 
f 11153 11170 11173 
f 11172 11191 11187 
f 11187 11171 11172 
f 11178 11184 11191 
f 11191 11172 11178 
f 11189 11182 11168 
f 11188 11189 11168 
f 11175 11188 11168 
f 11179  9668 11174 
f 11187 11193 11181 
f 11181 11171 11187 
f 11188 11175 11179 
f 11195 11188 11179 
f  9669 11195 11179 
f  9669 11179 11174 
f 11180  9669 11174 
f 11181 11193 11192 
f 11192 11176 11181 
f 11192 11194  9669 
f 11176 11192  9669 
f 11176  9669 11180 
f 11170 11169 11183 
f 11183 11186 11170 
f 11195  9669 11194 
f 11195 11194 11196 
f 11196 11197 11195 
f 11198 11221 11207 
f 11196 11194 11192 
f 11192 11199 11196 
f 11208 11188 11195 
f 11195 11197 11208 
f 11201 11207 11221 
f 11199 11192 11193 
f 11193 11200 11199 
f 11206 11190 11186 
f 11186 11202 11206 
f 11209 11234 11222 
f 11204 11205 11216 
f 11216 11210 11204 
f 11230 11234 11209 
f 11209 11211 11230 
f 11202 11203 11212 
f 11212 11213 11202 
f 11210 11223 11228 
f 11228 11212 11210 
f 11222 11225 11214 
f 11214 11209 11222 
f 11215 11199 11200 
f 11200 11217 11215 
f 11232 11233 11217 
f 11217 11221 11232 
f 11229 11232 11221 
f 11221 11220 11229 
f 11225 11241 11240 
f 11240 11224 11225 
f 11236 11238 11226 
f 11226 11233 11236 
f 11228 11243 11244 
f 11244 11227 11228 
f 11229 11220 11219 
f 11219 11231 11229 
f 11238 11242 11230 
f 11230 11226 11238 
f 11231 11219 11213 
f 11213 11227 11231 
f 11235 11237 11232 
f 11232 11229 11235 
f 11230 11242 11248 
f 11248 11234 11230 
f 11231 11245 11239 
f 11237 11262 11253 
f 11253 11236 11237 
f 11257 11256 11240 
f 11240 11241 11257 
f 11259 11258 11246 
f 11246 11247 11259 
f 11248 11260 11259 
f 11259 11247 11248 
f 11225 11222 11246 
f 11246 11241 11225 
f 11253 11254 11238 
f 11238 11236 11253 
f 11261 11260 11248 
f 11248 11242 11261 
f 11270 11266 11262 
f 11262 11249 11270 
f 11244 11243 11250 
f 11250 11251 11244 
f 11268 11269 11252 
f 11252 11251 11268 
f 11265 11267 11254 
f 11254 11253 11265 
f 11239 11245 11252 
f 11252 11249 11239 
f 11243 11315 11255 
f 11255 11250 11243 
f 11254 11272 11261 
f 11256 11271 11255 
f 11274 11273 11259 
f 11259 11260 11274 
f 11262 11266 11265 
f 11265 11253 11262 
f 11279 11278 11263 
f 11263 11264 11279 
f 11266 11285 11280 
f 11280 11265 11266 
f 11250 11255 11316 
f 11316 11275 11250 
f  9672 11288 11286 
f 11286 11274  9672 
f 11278 11283 11271 
f 11271 11263 11278 
f 11286 11284 11273 
f 11273 11274 11286 
f 11267 11281 11287 
f 11287 11272 11267 
f 11287 11288  9672 
f  9672 11272 11287 
f 11277 11300 11289 
f 11289 11276 11277 
f 11297 11296 11278 
f 11278 11279 11297 
f 11267 11265 11280 
f 11280 11281 11267 
f 11294 11282 11283 
f 11283 11296 11294 
f 11264 11273 11284 
f 11284 11279 11264 
f 11276 11289 11295 
f 11295 11285 11276 
f 11299 11298 11284 
f 11284 11286 11299 
f 11291 11281 11280 
f 11280 11301 11291 
f 11292 11287 11281 
f 11281 11291 11292 
f 11294 11313 11302 
f 11302 11293 11294 
f 11288 11287 11292 
f 11292 11290 11288 
f 11299 11286 11288 
f 11288 11290 11299 
f 11301 11280 11285 
f 11285 11295 11301 
f 11314 11305 11298 
f 11298 11299 11314 
f 11300 11307 11312 
f 11312 11289 11300 
f 11312 11311 11295 
f 11295 11289 11312 
f 11304 11323 11328 
f 11328 11303 11304 
f 11306 11297 11298 
f 11298 11305 11306 
f 11300 11319 11320 
f 11320 11307 11300 
f 11310 11301 11295 
f 11295 11311 11310 
f 11307 11330 11326 
f 11326 11312 11307 
f 11294 11296 11308 
f 11308 11313 11294 
f 11331 11322 11305 
f 11305 11314 11331 
f 11313 11332 11324 
f 11324 11302 11313 
f 11310 11309 11291 
f 11291 11301 11310 
f 11283 11278 11296 
f 11277 11269 11268 
f 11268 11318 11277 
f 11262 11237 11235 
f 11254 11267 11272 
f 11272  9672 11261 
f 11239 11235 11229 
f 11229 11231 11239 
f 11207 11184 11185 
f 11185 11198 11207 
f 11223 11224 11240 
f 11240 11315 11223 
f 11315 11240 11256 
f 11256 11255 11315 
f 11255 11271 11316 
f 11271 11283 11282 
f 11282 11316 11271 
f 11257 11263 11271 
f 11271 11256 11257 
f 11234 11248 11247 
f 11247 11222 11234 
f 11213 11219 11202 
f 11208 11214 11218 
f 11200 11193 11187 
f 11198 11206 11220 
f 11220 11221 11198 
f 11217 11200 11201 
f 11201 11221 11217 
f 11167 11163  9671 
f  9671 11178 11167 
f 11169 11170 11153 
f 11153 11158 11169 
f 10158 10165 11151 
f 11151 10160 10158 
f 10167 10154 10155 
f 10155 11145 10167 
f 11146 10150 10151 
f 11142 10152 10153 
f  9677 11158 11153 
f 11140 11151  9677 
f 11275 11316 11282 
f 11282 11317 11275 
f 11282 11294 11293 
f 11293 11317 11282 
f 11318 11317 11293 
f 11293 11319 11318 
f 11293 11302 11320 
f 11320 11319 11293 
f  9664  9663 11321 
f 11321 11322  9664 
f 11325 11308 11306 
f 11306 11321 11325 
f 11341 11342  9665 
f  9665  9674 11328 
f 11328 11323  9665 
f 11313 11308 11325 
f 11325 11332 11313 
f 11314 11303 11328 
f 11328 11331 11314 
f  9673  9664 11322 
f 11322 11331  9673 
f 11349 11345 11336 
f 11336 11333 11349 
f 11329 11324 11378 
f 11378 11334 11329 
f  9666 11351 11340 
f 11340 11335  9666 
f 11337  9674  9665 
f  9665 11342 11337 
f 11326 11330 11338 
f 11338 11339 11326 
f 11376 11327 11326 
f 11326 11339 11376 
f 11338 11330 11329 
f 11329 11334 11338 
f 11341 11377 11327 
f 11327 11376 11341 
f  9673  9674 11337 
f 11337 11335  9673 
f 11357 11360 11350 
f 11350 11343 11357 
f 11344 11365 11357 
f 11357 11343 11344 
f  9666 11335 11337 
f 11337 11350  9666 
f 11353 11361 11355 
f 11355 11352 11353 
f 11341 11376 11354 
f 11354 11344 11341 
f 11349 11333 11340 
f 11340 11351 11349 
f 11373 11361 11379 
f 11379 11380 11373 
f 11374 11371 11362 
f 11362 11355 11374 
f 11344 11354 11363 
f 11363 11365 11344 
f 11354 11348 11364 
f 11364 11363 11354 
f 11368 11367 11357 
f 11357 11365 11368 
f 11360 11357 11367 
f 11367 11366 11360 
f  4684  4685 11382 
f 11382 11381  4684 
f  4686 11386 11369 
f 11369 11370  4686 
f 11364 11362 11371 
f 11371 11372 11364 
f 11375 11363 11364 
f 11364 11372 11375 
f 11388 11387 11371 
f 11371 11374 11388 
f 11365 11363 11375 
f 11375 11368 11365 
f 11368  5410  4682 
f  4682 11367 11368 
f 11386  4687 11373 
f 11373 11380 11386 
f 11310 11311 11327 
f 11327 11377 11310 
f 11332 11336 11378 
f 11378 11324 11332 
f 11378 11336 11345 
f 11345 11346 11378 
f 11346 11345 11359 
f 11359 11379 11346 
f 11379 11359 11369 
f 11369 11380 11379 
f 11383 11384 11381 
f 11381 11356 11383 
f 11381 11384  4683 
f  4683  4684 11381 
f 11356 11381 11382 
f 11382 11370 11358 
f 11346 11379 11361 
f 11361 11353 11346 
f 11347 11339 11338 
f 11338 11352 11347 
f 11325  9663 11336 
f 11304 11309 11323 
f  9664  9673 11340 
f 11356 11351  9666 
f  9666 11350 11360 
f  9663 11333 11336 
f 11325 11321  9663 
f 11339 11347 11348 
f  9665 11323 11377 
f 11377 11341  9665 
f  4685 11390 11382 
f  9666 11360 11383 
f 11360 11366 11384 
f 11384 11383 11360 
f 11366  4681  4683 
f  4683 11384 11366 
f 11380 11369 11386 
f 11391 11394 11393 
f 11393 11392 11391 
f 11396 11395 11398 
f 11398 11397 11396 
f 11399  5027 11401 
f 11401 11400 11399 
f 11402 11404 11403 
f 11405 11408 11407 
f 11407 11406 11405 
f 11409 11412 11411 
f 11411 11410 11409 
f 11413 11416 11415 
f 11415 11414 11413 
f 11417 11420 11419 
f 11419 11418 11417 
f 11421 11424 11423 
f 11423 11422 11421 
f 11425 11428 11427 
f 11427 11426 11425 
f 11429 11432 11431 
f 11431 11430 11429 
f 11433 11411 11412 
f 11412 11434 11433 
f 11435 11437 11415 
f 11415 11436 11435 
f 11438 11441 11440 
f 11440 11439 11438 
f 11442 11444 11443 
f 11445 11448 11447 
f 11447 11446 11445 
f 11449 11451 11450 
f 11452 11454 11453 
f 11456 11455 11458 
f 11458 11457 11456 
f 11460 11459 11462 
f 11462 11461 11460 
f 11463 11466 11465 
f 11465 11464 11463 
f 11467 11468 11398 
f 11398 11395 11467 
f 11470 11469 11471 
f 11471 11455 11470 
f 11473 11472 11474 
f 11474 11461 11473 
f 11475 11478 11477 
f 11477 11476 11475 
f 11480 11479 11482 
f 11482 11481 11480 
f 11483 11486 11485 
f 11485 11484 11483 
f 11487 11439 11489 
f 11489 11488 11487 
f 11490 11403 11404 
f 11404 11491 11490 
f 11492 11494 11493 
f 11496 11495 11497 
f 11497 11425 11496 
f 11499 11498 11501 
f 11501 11500 11499 
f 11502 11505 11504 
f 11504 11503 11502 
f 11506 11508 11507 
f 11507 11403 11506 
f 11407 11509 11474 
f 11474 11472 11407 
f 11434 11478 11443 
f 11443 11433 11434 
f 11510 11406 11407 
f 11407 11472 11510 
f 11506 11403 11490 
f 11490 11511 11506 
f 11512 11513 11471 
f 11471 11469 11512 
f 11437 11514 11427 
f 11427 11428 11437 
f 11405 11515 11448 
f 11448 11408 11405 
f 11476 11516 11495 
f 11495 11496 11476 
f 11434 11412 11479 
f 11479 11517 11434 
f 11414 11497 11421 
f 11421 11413 11414 
f 11519 11518 11442 
f 11442 11475 11519 
f 11520 11404 11521 
f 11419 11524 11523 
f 11523 11522 11419 
f  5033 11402 11507 
f 11507 11525  5033 
f 11526 11416 11413 
f 11413 11527 11526 
f 11442 11446 11447 
f 11447 11444 11442 
f 11488 11489 11529 
f 11529 11528 11488 
f 11530 11486 11483 
f 11483 11440 11530 
f 11452 11531 11532 
f 11532 11454 11452 
f 11501 11498 11534 
f 11534 11533 11501 
f 11429 11505 11536 
f 11536 11535 11429 
f 11538 11537 11540 
f 11540 11539 11538 
f 11542 11541 11544 
f 11544 11543 11542 
f  4678 11546 11545 
f 11545  5030  4678 
f 11547 11550 11549 
f 11549 11548 11547 
f 11551 11553 11552 
f 11554 11556 11555 
f 11555 11410 11554 
f 11558 11557 11559 
f 11559 11515 11558 
f 11559 11557 11411 
f 11411 11433 11559 
f 11562 11561 11560 
f 11441 11562 11560 
f 11441 11560 11440 
f 11532 11531 11563 
f 11392 11393 11565 
f 11565 11564 11392 
f 11420 11417 11465 
f 11465 11563 11420 
f 11567 11566 11568 
f 11568 11538 11567 
f 11570 11569 11513 
f 11513 11512 11570 
f 11571 11391 11392 
f 11392 11553 11571 
f 11573 11572 11517 
f 11517 11574 11573 
f 11441 11438 11480 
f 11480 11481 11441 
f 11574 11480 11438 
f 11438 11575 11574 
f 11577 11576 11579 
f 11579 11578 11577 
f 11579 11576 11548 
f 11548 11549 11579 
f 11447 11515 11559 
f 11559 11444 11447 
f 11581 11580 11583 
f 11583 11582 11581 
f 11546  4678 11585 
f 11585 11584 11546 
f 11587 11586 11588 
f 11588 11493 11587 
f 11589 11591 11590 
f 11590 11494 11589 
f 11592 11555 11556 
f 11593 11595 11594 
f 11598 11597 11596 
f 11596 11599 11598 
f 11601 11600 11594 
f 11594 11595 11601 
f 11601 11595 11602 
f 11603 11602 11595 
f 11595 11597 11603 
f 11603 11597 11598 
f 11598 11604 11603 
f 11607 11606 11605 
f 11605 11608 11607 
f 11609 11600 11601 
f 11601 11610 11609 
f 11610 11601 11602 
f 11602 11611 11610 
f 11611 11602 11603 
f 11603 11612 11611 
f 11613 11612 11603 
f 11603 11604 11613 
f 11614 11608 11605 
f 11605 11615 11614 
f 11616 11609 11610 
f 11610 11617 11616 
f 11617 11610 11611 
f 11611 11618 11617 
f 11618 11611 11612 
f 11612 11619 11618 
f 11620 11619 11612 
f 11612 11613 11620 
f 11622 11621 11614 
f 11614 11615 11622 
f 11625 11624 11623 
f 11623 11626 11625 
f 11627 11626 11623 
f 11623 11628 11627 
f 11629 11627 11628 
f 11628 11616 11629 
f 11629 11616 11617 
f 11617 11630 11629 
f 11630 11617 11618 
f 11618 11631 11630 
f 11631 11618 11619 
f 11619 11632 11631 
f 11633 11620 11634 
f 11636 11635 11621 
f 11621 11622 11636 
f 11638 11637 11625 
f 11625 11626 11638 
f 11640 11639 11627 
f 11627 11629 11640 
f 11641 11640 11629 
f 11629 11630 11641 
f 11643 11642 11631 
f 11631 11632 11643 
f 11644 11643 11632 
f 11632 11633 11644 
f 11644 11633 11634 
f 11634 11645 11644 
f 11647 11645 11646 
f 11646 11648 11647 
f 11649 11637 11638 
f 11638 11650 11649 
f 11650 11638 11639 
f 11639 11651 11650 
f 11651 11639 11640 
f 11640 11652 11651 
f 11652 11640 11641 
f 11641 11653 11652 
f 11653 11641 11642 
f 11642 11654 11653 
f 11654 11642 11643 
f 11643 11655 11654 
f 11655 11643 11644 
f 11644 11656 11655 
f 11657 11656 11644 
f 11644 11645 11657 
f 11657 11645 11647 
f 11647 11658 11657 
f 11659 11649 11650 
f 11650 11660 11659 
f 11660 11650 11651 
f 11651 11661 11660 
f 11663 11662 11652 
f 11652 11653 11663 
f 11664 11663 11653 
f 11653 11654 11664 
f 11665 11664 11654 
f 11654 11655 11665 
f 11665 11655 11656 
f 11656 11666 11665 
f 11667 11666 11656 
f 11656 11657 11667 
f 11667 11657 11658 
f 11658 11668 11667 
f 11670 11669 11659 
f 11659 11660 11670 
f 11672 11661 11671 
f 11671 11673 11672 
f 11675 11674 11667 
f 11667 11668 11675 
f 11670 11660 11661 
f 11661 11672 11670 
f 11673 11671 11662 
f 11662 11676 11673 
f 11663 11677 11676 
f 11676 11662 11663 
f 11668 11678 11675 
f 11680 11679 11670 
f 11670 11672 11680 
f 11682 11681 11673 
f 11673 11676 11682 
f 11683 11682 11676 
f 11676 11677 11683 
f 11685 11684 11675 
f 11675 11678 11685 
f 11686 11669 11670 
f 11670 11679 11686 
f 11681 11680 11672 
f 11672 11673 11681 
f 11688 11687 11683 
f 11683 11677 11688 
f 11691 11690 11689 
f 11689 11692 11691 
f 11693 11690 11691 
f 11691 11674 11693 
f 11675 11684 11693 
f 11693 11674 11675 
f 11695 11694 11686 
f 11686 11679 11695 
f 11696 11680 11681 
f 11681 11697 11696 
f 11699 11698 11683 
f 11683 11687 11699 
f 11701 11700 11689 
f 11689 11690 11701 
f 11701 11690 11693 
f 11693 11702 11701 
f 11702 11693 11684 
f 11684 11703 11702 
f 11685 11705 11704 
f 11696 11695 11679 
f 11679 11680 11696 
f 11706 11697 11681 
f 11681 11682 11706 
f 11700 11699 11687 
f 11687 11689 11700 
f 11708 11707 11694 
f 11694 11695 11708 
f 11708 11695 11696 
f 11696 11709 11708 
f 11710 11709 11696 
f 11696 11697 11710 
f 11711 11710 11697 
f 11697 11706 11711 
f 11711 11706 11698 
f 11698 11712 11711 
f 11712 11698 11699 
f 11699 11713 11712 
f 11714 11713 11699 
f 11699 11700 11714 
f 11715 11714 11700 
f 11700 11701 11715 
f 11716 11703 11704 
f 11704 11717 11716 
f 11718 11717 11704 
f 11704 11705 11718 
f 11720 11719 11707 
f 11707 11708 11720 
f 11708 11709 11721 
f 11721 11720 11708 
f 11721 11709 11710 
f 11710 11722 11721 
f 11722 11710 11711 
f 11711 11723 11722 
f 11725 11724 11712 
f 11712 11713 11725 
f 11725 11713 11714 
f 11714 11726 11725 
f 11727 11726 11714 
f 11714 11715 11727 
f 11728 11716 11717 
f 11717 11729 11728 
f 11730 11729 11717 
f 11717 11718 11730 
f 11732 11731 11719 
f 11719 11720 11732 
f 11733 11721 11722 
f 11722 11734 11733 
f 11734 11722 11723 
f 11723 11735 11734 
f 11737 11736 11728 
f 11728 11729 11737 
f 11723 11724 11738 
f 11738 11735 11723 
f 11725 11740 11739 
f 11742 11741 11726 
f 11726 11727 11742 
f 11744 11743 11731 
f 11731 11732 11744 
f 11745 11744 11732 
f 11732 11733 11745 
f 11734 11735 11746 
f 11746 11747 11734 
f 11750 11749 11748 
f 11748 11736 11750 
f 11752 11751 11737 
f 11737 11753 11752 
f 11747 11754 11733 
f 11733 11734 11747 
f 11755 11746 11735 
f 11735 11738 11755 
f 11756 11755 11738 
f 11738 11739 11756 
f 11749 11757 11742 
f 11742 11748 11749 
f 11759 11758 11754 
f 11754 11747 11759 
f 11747 11760 11759 
f 11761 11760 11747 
f 11747 11746 11761 
f 11764 11763 11762 
f 11762 11765 11764 
f 11767 11766 11751 
f 11751 11752 11767 
f 11769 11768 11743 
f 11743 11744 11769 
f 11758 11770 11745 
f 11745 11754 11758 
f 11771 11761 11746 
f 11746 11755 11771 
f 11772 11771 11755 
f 11755 11756 11772 
f 11763 11772 11756 
f 11756 11762 11763 
f 11775 11774 11773 
f 11773 11757 11775 
f 11776 11775 11757 
f 11757 11749 11776 
f 11777 11776 11749 
f 11749 11750 11777 
f 11779 11778 11768 
f 11768 11769 11779 
f 11780 11770 11758 
f 11758 11781 11780 
f 11781 11758 11759 
f 11759 11782 11781 
f 11760 11783 11782 
f 11784 11761 11771 
f 11771 11785 11784 
f 11787 11786 11764 
f 11764 11774 11787 
f 11787 11774 11775 
f 11775 11788 11787 
f 11789 11788 11775 
f 11775 11776 11789 
f 11790 11789 11776 
f 11776 11777 11790 
f 11792 11791 11779 
f 11779 11780 11792 
f 11793 11792 11780 
f 11780 11781 11793 
f 11793 11781 11782 
f 11782 11794 11793 
f 11782 11783 11794 
f 11796 11795 11772 
f 11772 11763 11796 
f 11763 11764 11786 
f 11786 11796 11763 
f 11792 11798 11797 
f 11797 11791 11792 
f 11799 11798 11792 
f 11792 11793 11799 
f 11800 11799 11793 
f 11793 11794 11800 
f 11801 11800 11794 
f 11794 11783 11801 
f 11802 11796 11786 
f 11786 11803 11802 
f 11805 11804 11790 
f 11790 11806 11805 
f 11807 11798 11799 
f 11799 11808 11807 
f 11808 11799 11800 
f 11800 11809 11808 
f 11810 11809 11800 
f 11800 11801 11810 
f 11813 11812 11811 
f 11811 11814 11813 
f 11817 11816 11815 
f 11815 11818 11817 
f 11819 11818 11815 
f 11815 11820 11819 
f 11807 11808 11821 
f 11821 11822 11807 
f 11821 11808 11809 
f 11809 11823 11821 
f 11810 11824 11823 
f 11823 11809 11810 
f 11827 11826 11825 
f 11825 11828 11827 
f 11804 11805 11829 
f 11829 11830 11804 
f 11831 11833 11832 
f 11835 11811 11834 
f 11834 11836 11835 
f 11811 11812 11834 
f 11838 11837 11817 
f 11817 11818 11838 
f 11839 11838 11818 
f 11818 11819 11839 
f 11839 11819 11822 
f 11822 11840 11839 
f 11821 11823 11841 
f 11841 11842 11821 
f 11844 11843 11802 
f 11802 11803 11844 
f 11845 11847 11846 
f 11848 11850 11849 
f 11851 11836 11834 
f 11834 11852 11851 
f 11852 11834 11853 
f 11853 11854 11852 
f 11855 11837 11838 
f 11838 11856 11855 
f 11858 11857 11839 
f 11839 11840 11858 
f 11859 11861 11860 
f 11864 11863 11862 
f 11862 11865 11864 
f 11868 11867 11866 
f 11866 11869 11868 
f 11872 11871 11870 
f 11870 11873 11872 
f 11874 11827 11828 
f 11828 11875 11874 
f 11829 11876 11875 
f 11875 11830 11829 
f 11878 11846 11877 
f 11877 11879 11878 
f 11882 11881 11880 
f 11880 11883 11882 
f 11833 11849 11879 
f 11857 11856 11838 
f 11838 11839 11857 
f 11885 11884 11843 
f 11843 11844 11885 
f 11886 11846 11878 
f 11878 11887 11886 
f 11890 11889 11888 
f 11888 11891 11890 
f 11893 11892 11858 
f 11858 11894 11893 
f 11896 11895 11861 
f 11861 11897 11896 
f 11898 11884 11885 
f 11885 11899 11898 
f 11875 11900 11874 
f 11891 11888 11901 
f 11901 11902 11891 
f 11903 11851 11852 
f 11852 11904 11903 
f 11905 11856 11857 
f 11857 11892 11905 
f 11906 11907 11860 
f 11867 11868 11908 
f 11909 11880 11881 
f 11881 11910 11909 
f 11873 11912 11911 
f 11911 11872 11873 
f 11913 11887 11878 
f 11878 11914 11913 
f 11915 11914 11878 
f 11878 11879 11915 
f 11916 11915 11879 
f 11879 11849 11916 
f 11919 11918 11917 
f 11917 11920 11919 
f 11905 11921 11855 
f 11855 11856 11905 
f 11907 11923 11922 
f 11922 11860 11907 
f 11925 11924 11863 
f 11863 11864 11925 
f 11899 11885 11926 
f 11926 11927 11899 
f 11875 11876 11900 
f 11850 11890 11916 
f 11916 11849 11850 
f 11928 11891 11902 
f 11902 11929 11928 
f 11930 11906 11895 
f 11895 11931 11930 
f 11931 11895 11896 
f 11933 11932 11909 
f 11909 11910 11933 
f 11934 11911 11912 
f 11912 11935 11934 
f 11900 11913 11936 
f 11936 11937 11900 
f 11914 11915 11938 
f 11938 11939 11914 
f 11915 11916 11940 
f 11940 11938 11915 
f 11940 11916 11890 
f 11890 11941 11940 
f 11890 11891 11928 
f 11928 11941 11890 
f 11904 11943 11942 
f 11942 11903 11904 
f 11905 11892 11944 
f 11944 11892 11893 
f 11893 11945 11944 
f 11898 11899 11946 
f 11900 11937 11947 
f 11947 11927 11900 
f 11949 11948 11918 
f 11918 11919 11949 
f 11923 11907 11950 
f 11950 11951 11923 
f 11906 11930 11950 
f 11950 11907 11906 
f 11953 11952 11924 
f 11924 11925 11953 
f 11909 11932 11954 
f 11954 11908 11909 
f 11947 11946 11899 
f 11899 11927 11947 
f 11914 11939 11936 
f 11936 11913 11914 
f 11955 11948 11949 
f 11949 11956 11955 
f 11957 11944 11958 
f 11960 11959 11930 
f 11930 11931 11960 
f 11953 11954 11961 
f 11961 11962 11953 
f 11964 11963 11946 
f 11946 11947 11964 
f 11964 11947 11937 
f 11937 11965 11964 
f 11940 11941 11966 
f 11966 11967 11940 
f 11961 11954 11932 
f 11932 11968 11961 
f 11963 11969 11935 
f 11935 11946 11963 
f 11966 11941 11928 
f 11928 11970 11966 
f 11942 11943 11971 
f 11971 11972 11942 
f 11943 11974 11973 
f 11973 11971 11943 
f 11975 11958 11944 
f 11944 11945 11975 
f 11976 11951 11950 
f 11950 11977 11976 
f 11960 11931 11952 
f 11952 11978 11960 
f 11979 11934 11935 
f 11935 11969 11979 
f 11940 11967 11980 
f 11980 11938 11940 
f 11929 11981 11970 
f 11970 11928 11929 
f 11959 11977 11950 
f 11950 11930 11959 
f 11968 11932 11933 
f 11933 11979 11968 
f 11936 11982 11965 
f 11965 11937 11936 
f 11983 11982 11936 
f 11936 11939 11983 
f 11983 11939 11938 
f 11938 11980 11983 
f 11985 11984 11955 
f 11955 11956 11985 
f 11987 11986 11975 
f 11975 11976 11987 
f 11987 11976 11977 
f 11977 11988 11987 
f 11988 11977 11959 
f 11959 11989 11988 
f 11991 11990 11960 
f 11960 11978 11991 
f 11992 11969 11963 
f 11963 11993 11992 
f 11995 11994 11983 
f 11983 11980 11995 
f 11980 11967 11996 
f 11996 11995 11980 
f 11967 11966 11997 
f 11997 11996 11967 
f 11989 11959 11960 
f 11960 11990 11989 
f 11998 11991 11978 
f 11978 11962 11998 
f 11999 11979 11969 
f 11969 11992 11999 
f 12000 11993 11963 
f 11963 11964 12000 
f 12001 11982 11983 
f 11983 11994 12001 
f 11971 11973 12002 
f 12002 12003 11971 
f 11986 12002 11958 
f 11958 11975 11986 
f 12004 11965 11982 
f 11982 12001 12004 
f 11997 11966 11970 
f 11970 12005 11997 
f 12005 11970 11981 
f 11981 12006 12005 
f 12003 12007 11972 
f 11972 11971 12003 
f 11968 12009 12008 
f 12008 11961 11968 
f 11999 12009 11968 
f 11968 11979 11999 
f 11965 12004 12000 
f 12000 11964 11965 
f 12010 12003 12002 
f 12002 12011 12010 
f 12012 12011 12002 
f 12002 11986 12012 
f 11988 12013 11987 
f 12014 11989 11990 
f 11990 12015 12014 
f 12016 12008 12009 
f 12009 12017 12016 
f 12017 12009 11999 
f 11999 12018 12017 
f 11999 11992 12019 
f 12019 12018 11999 
f 12020 12000 12004 
f 12004 12021 12020 
f 12004 12001 12022 
f 12022 12021 12004 
f 12023 11994 11995 
f 11995 12024 12023 
f 12025 11996 11997 
f 11997 12026 12025 
f 12010 12027 12007 
f 12007 12003 12010 
f 11986 11987 12013 
f 12013 12012 11986 
f 11991 11998 12028 
f 11997 12005 12029 
f 12029 12026 11997 
f 12006 11984 12030 
f 12030 11984 11985 
f 11985 12027 12030 
f 11989 12014 12013 
f 12013 11988 11989 
f 11991 12028 12015 
f 12015 11990 11991 
f 12000 12020 12031 
f 12031 11993 12000 
f 11995 11996 12025 
f 12025 12024 11995 
f 11992 11993 12031 
f 12031 12019 11992 
f 12022 12001 11994 
f 11994 12023 12022 
f 12032 12010 12011 
f 12011 12033 12032 
f 12013 12014 12034 
f 12034 12035 12013 
f 12014 12015 12036 
f 12036 12034 12014 
f 12038 12037 12018 
f 12018 12019 12038 
f 12038 12019 12031 
f 12031 12039 12038 
f 12039 12031 12020 
f 12020 12040 12039 
f 12021 12022 12041 
f 12041 12042 12021 
f 12041 12022 12023 
f 12023 12043 12041 
f 12044 12024 12025 
f 12025 12045 12044 
f 12046 12026 12029 
f 12029 12047 12046 
f 12035 12048 12012 
f 12012 12013 12035 
f 12050 12049 12028 
f 12028 12016 12050 
f 12042 12040 12020 
f 12020 12021 12042 
f 12030 12051 12047 
f 12047 12029 12030 
f 12027 12010 12032 
f 12032 12052 12027 
f 12033 12011 12012 
f 12012 12048 12033 
f 12043 12023 12024 
f 12024 12044 12043 
f 12030 12027 12052 
f 12052 12051 12030 
f 12028 12049 12036 
f 12036 12015 12028 
f 12053 12050 12016 
f 12016 12017 12053 
f 12018 12037 12053 
f 12053 12017 12018 
f 12026 12046 12045 
f 12045 12025 12026 
f 12054 12052 12032 
f 12032 12055 12054 
f 12056 12033 12048 
f 12048 12057 12056 
f 12058 12057 12048 
f 12048 12035 12058 
f 12058 12035 12034 
f 12034 12059 12058 
f 12061 12060 12036 
f 12036 12049 12061 
f 12061 12049 12050 
f 12050 12062 12061 
f 12063 12064 12053 
f 12053 12037 12063 
f 12039 12040 12066 
f 12066 12065 12039 
f 12067 12042 12041 
f 12041 12068 12067 
f 12069 12068 12041 
f 12041 12043 12069 
f 12043 12044 12070 
f 12070 12069 12043 
f 12071 12046 12047 
f 12047 12072 12071 
f 12073 12072 12047 
f 12047 12051 12073 
f 12051 12052 12054 
f 12054 12073 12051 
f 12056 12055 12032 
f 12032 12033 12056 
f 12036 12060 12059 
f 12059 12034 12036 
f 12064 12062 12050 
f 12050 12053 12064 
f 12038 12074 12063 
f 12063 12037 12038 
f 12065 12074 12038 
f 12038 12039 12065 
f 12042 12067 12066 
f 12066 12040 12042 
f 12070 12044 12045 
f 12045 12075 12070 
f 12075 12045 12046 
f 12046 12071 12075 
f 12058 12076 12057 
f 12058 12059 12077 
f 12077 12076 12058 
f 12059 12060 12078 
f 12078 12077 12059 
f 11561 11562 12078 
f 12079 11561 12078 
f 12079 12078 12080 
f 12064 12082 12081 
f 12081 12062 12064 
f 12065 12084 12083 
f 12083 12074 12065 
f 12075 12085 12070 
f 12071 12072 12086 
f 12055 12056 12088 
f 12088 12087 12055 
f 12069 12090 12089 
f 12089 12068 12069 
f 12087 12091 11580 
f 12085 12075 12071 
f 12071 12086 12085 
f 12086 12093 12092 
f 12056 12057 12076 
f 12076 12088 12056 
f 12061 12062 12081 
f 12081 12094 12080 
f 12061 12081 12080 
f 12063 12074 12083 
f 12083 12082 12063 
f 12084 12066 12067 
f 12067 12095 12084 
f 12089 12096 12095 
f 12093 11580 11581 
f 11581 12092 12093 
f 12097 12092 11581 
f 11581 11592 12097 
f 11577 12084 12095 
f 12095 11576 11577 
f 12089 12090 12098 
f 12098 12096 12089 
f 11560 11561 12099 
f 11861 11859 12100 
f 12100 11897 11861 
f 11895 11906 11860 
f 11860 11861 11895 
f 11841 11922 11894 
f 11894 11842 11841 
f 11730 11753 11737 
f 11737 11729 11730 
f 11724 11725 11739 
f 11739 11738 11724 
f 11711 11712 11724 
f 11724 11723 11711 
f 11665 11666 11691 
f 11691 11692 11665 
f 11666 11667 11674 
f 11674 11691 11666 
f 11683 11698 11706 
f 11706 11682 11683 
f 11732 11720 11721 
f 11721 11733 11732 
f 11759 11760 11782 
f 11784 11783 11760 
f 11760 11761 11784 
f 12101 12102 11886 
f 11876 11829 11886 
f 11886 11887 11876 
f 11913 11900 11876 
f 11876 11887 11913 
f 11926 11874 11900 
f 11900 11927 11926 
f 11827 11874 11926 
f 11926 12103 11827 
f 12104 11826 11827 
f 11827 12103 12104 
f 11787 11788 11826 
f 11826 12104 11787 
f 11789 11825 11826 
f 11826 11788 11789 
f 12107 12106 12105 
f 12105 12108 12107 
f 12111 12110 12109 
f 12109 12112 12111 
f 12110 12114 12113 
f 12113 12109 12110 
f 12117 12116 12115 
f 12115 12118 12117 
f 12121 12120 12119 
f 12119 12122 12121 
f 12124 12123 12120 
f 12120 12121 12124 
f 11867 11864 11865 
f 11865 11866 11867 
f 11908 11925 11864 
f 11864 11867 11908 
f 11954 11953 11925 
f 11925 11908 11954 
f 11952 11953 11962 
f 11962 11978 11952 
f 12008 11998 11962 
f 11962 11961 12008 
f 12016 12028 11998 
f 11998 12008 12016 
f 12106 12111 12112 
f 12112 12105 12106 
f 11935 11912 11898 
f 11946 11935 11898 
f 11902 11901 11917 
f 11917 11918 11902 
f 11929 11902 11918 
f 11918 11948 11929 
f 11981 11929 11948 
f 11948 11955 11981 
f 12006 11981 11955 
f 11955 11984 12006 
f 12030 12029 12005 
f 12005 12006 12030 
f 12125 11877 11846 
f 11846 11847 12125 
f 11824 12127 12126 
f 12126 11841 11824 
f 11945 11893 11923 
f 11842 11894 11858 
f 11858 11840 11842 
f 11821 11842 11840 
f 11840 11822 11821 
f 11945 11951 11976 
f 11976 11975 11945 
f 11951 11945 11923 
f 11894 11922 11923 
f 11923 11893 11894 
f 11922 11841 12126 
f 11807 11797 11798 
f 11662 11671 11652 
f 11626 11627 11639 
f 11639 11638 11626 
f 11770 11769 11744 
f 11744 11745 11770 
f 11780 11779 11769 
f 11769 11770 11780 
f 11762 11756 11739 
f 11737 11751 11750 
f 11750 11736 11737 
f 11802 11795 11796 
f 11771 11772 11795 
f 11795 11785 11771 
f 11787 12104 11803 
f 11803 11786 11787 
f 11740 11765 11762 
f 11762 11739 11740 
f 11740 11725 11726 
f 12130 12129 12128 
f 12128 12131 12130 
f 12107 12133 12132 
f 12132 12134 12107 
f 12135 12110 12111 
f 12111 12136 12135 
f 12139 12138 12137 
f 12137 12140 12139 
f 12117 12118 12141 
f 12141 12142 12117 
f 12143 12124 12121 
f 12121 12144 12143 
f 12136 12111 12106 
f 12106 12145 12136 
f 12142 12147 12146 
f 12146 12148 12142 
f 12116 12117 12149 
f 12149 12150 12116 
f 11881 11882 12151 
f 12151 12152 11881 
f 11910 11881 12152 
f 12152 12153 11910 
f 11934 11933 11910 
f 11910 12153 11934 
f 11933 11934 11979 
f 12154 12128 12129 
f 12134 12132 12155 
f 12144 12157 12156 
f 12147 12159 12158 
f 12158 12146 12147 
f 12159 12147 12160 
f 12162 12161 12154 
f 12154 12129 12162 
f 12163 12162 12129 
f 12129 12130 12163 
f 12164 12155 12132 
f 12132 12143 12164 
f 11741 11742 11757 
f 11757 11773 11741 
f 12165 11728 11736 
f 11736 11748 12165 
f 11716 11728 12165 
f 12165 12166 11716 
f 11703 11716 12166 
f 12166 11702 11703 
f 12165 11748 11742 
f 11742 11727 12165 
f 11715 12166 12165 
f 12165 11727 11715 
f 11702 12166 11715 
f 11715 11701 11702 
f 11766 11806 11790 
f 11790 11777 11766 
f 11751 11766 11777 
f 11777 11750 11751 
f 11685 11704 11703 
f 11703 11684 11685 
f 11764 11765 11773 
f 11773 11774 11764 
f 11844 11803 12104 
f 12104 12103 11844 
f 11926 11885 11844 
f 11844 12103 11926 
f 12168 12167 11873 
f 11873 11870 12168 
f 11663 11664 11688 
f 11688 11677 11663 
f 11630 11631 11642 
f 11642 11641 11630 
f 11593 11596 11597 
f 11597 11595 11593 
f 11651 11652 11671 
f 11671 11661 11651 
f 11754 11745 11733 
f 11778 11779 11791 
f 11791 12169 11778 
f 11620 11633 11632 
f 11632 11619 11620 
f 12171 12170 11743 
f 11743 11768 12171 
f 12173 12172 11694 
f 11694 11707 12173 
f 11719 12174 12173 
f 12173 11707 11719 
f 12170 12175 11731 
f 11731 11743 12170 
f 12175 12174 11719 
f 11719 11731 12175 
f 12170 12171 11767 
f 11767 11752 12170 
f 12175 12170 11752 
f 11752 11753 12175 
f 12174 12175 11753 
f 11753 11730 12174 
f 12173 12174 11730 
f 11730 11718 12173 
f 12172 12173 11718 
f 11718 11705 12172 
f 12178 12177 12176 
f 12176 12179 12178 
f 12182 12181 12180 
f 12180 12183 12182 
f 12183 12176 12177 
f 12177 12182 12183 
f 12186 12185 12184 
f 12184 12187 12186 
f 12188 12180 12181 
f 12181 12189 12188 
f 12191 12185 12190 
f 12190 12192 12191 
f 12195 12194 12193 
f 12193 12196 12195 
f 12198 12197 11599 
f 11599 11596 12198 
f 12200 12199 11593 
f 11593 11594 12200 
f 12202 12201 12199 
f 12199 12200 12202 
f 12204 12203 12202 
f 12202 12205 12204 
f 12184 12207 12206 
f 12206 11624 12184 
f 12187 12184 11624 
f 11624 11625 12187 
f 12180 12188 11637 
f 11637 11649 12180 
f 12183 12180 11649 
f 11649 11659 12183 
f 12176 12183 11659 
f 11659 11669 12176 
f 12179 12176 11669 
f 11669 11686 12179 
f 12172 12179 11686 
f 11686 11694 12172 
f 11705 12178 12179 
f 12179 12172 11705 
f 11705 11685 12178 
f 12177 12178 11685 
f 11685 11678 12177 
f 12182 12177 11678 
f 11678 11668 12182 
f 12181 12182 11668 
f 11668 11658 12181 
f 12189 12181 11658 
f 11658 11647 12189 
f 12186 11648 12190 
f 12190 12185 12186 
f 12199 12198 11596 
f 11596 11593 12199 
f 12194 12195 12203 
f 12203 12204 12194 
f 12185 12191 12207 
f 12207 12184 12185 
f 12195 12196 12208 
f 12208 12209 12195 
f 12203 12201 12202 
f 12208 12197 12198 
f 12198 12209 12208 
f 12201 12209 12198 
f 12198 12199 12201 
f 12201 12203 12195 
f 12195 12209 12201 
f 12194 12191 12192 
f 12192 12193 12194 
f 12204 12207 12191 
f 12191 12194 12204 
f 12205 12206 12207 
f 12207 12204 12205 
f 12210 12212 12211 
f 12212 12206 12205 
f 12205 12211 12212 
f 12210 12211 11600 
f 11600 11609 12210 
f 11628 12210 11609 
f 11609 11616 11628 
f 12210 11628 11623 
f 11623 12212 12210 
f 12206 12212 11623 
f 11623 11624 12206 
f 12200 12211 12205 
f 12205 12202 12200 
f 11594 11600 12211 
f 12211 12200 11594 
f 12188 12187 11625 
f 11625 11637 12188 
f 12189 12186 12187 
f 12187 12188 12189 
f 11647 11648 12186 
f 12186 12189 11647 
f 11645 12213 11646 
f 11648 11646 12190 
f 11645 11634 12213 
f 12215 12214 11635 
f 11635 12216 12215 
f 12218 12217 12214 
f 12214 12215 12218 
f 12220 12219 12217 
f 12217 12218 12220 
f 12221 11607 12219 
f 12219 12220 12221 
f 11688 11692 11689 
f 11689 11687 11688 
f 11665 11692 11688 
f 11688 11664 11665 
f 11598 11599 12222 
f 12223 12222 11599 
f 11599 12197 12223 
f 12224 12223 12197 
f 12197 12208 12224 
f 12208 12196 12224 
f 12225 12224 12196 
f 12196 12193 12225 
f 12226 12225 12193 
f 12193 12192 12226 
f 12227 12226 12192 
f 12192 12190 12227 
f 12228 12227 12190 
f 12190 11646 12228 
f 12229 12228 11646 
f 11646 12213 12229 
f 12230 12229 12213 
f 12213 11634 12230 
f 12231 12230 11634 
f 11634 11620 12231 
f 12232 12231 11620 
f 11620 11613 12232 
f 12233 12232 11613 
f 11613 11604 12233 
f 12222 12233 11604 
f 11604 11598 12222 
f 11605 11606 12224 
f 12224 12225 11605 
f 11615 11605 12225 
f 12225 12226 11615 
f 11622 11615 12226 
f 12226 12227 11622 
f 11636 11622 12227 
f 12227 12228 11636 
f 11635 11636 12228 
f 12228 12229 11635 
f 12216 11635 12229 
f 12229 12230 12216 
f 12215 12216 12230 
f 12230 12231 12215 
f 12218 12215 12231 
f 12231 12232 12218 
f 12220 12218 12232 
f 12232 12233 12220 
f 12221 12220 12233 
f 12233 12222 12221 
f 11607 12221 12222 
f 12222 12223 11607 
f 12223 12224 11606 
f 11606 11607 12223 
f 11621 11635 12214 
f 12219 11607 11608 
f 12217 11614 11621 
f 11621 12214 12217 
f 12219 11608 11614 
f 11614 12217 12219 
f 11875 11828 11830 
f 11828 11825 11804 
f 11804 11830 11828 
f 11790 11804 11825 
f 11825 11789 11790 
f 12234 12236 12235 
f 12239 12238 12237 
f 12237 12240 12239 
f 12242 12241 12235 
f 12235 12236 12242 
f 12242 12236 12243 
f 12244 12243 12236 
f 12236 12238 12244 
f 12244 12238 12239 
f 12239 12245 12244 
f 12248 12247 12246 
f 12246 12249 12248 
f 12250 12241 12242 
f 12242 12251 12250 
f 12251 12242 12243 
f 12243 12252 12251 
f 12252 12243 12244 
f 12244 12253 12252 
f 12254 12253 12244 
f 12244 12245 12254 
f 12255 12249 12246 
f 12246 12256 12255 
f 12257 12250 12251 
f 12251 12258 12257 
f 12258 12251 12252 
f 12252 12259 12258 
f 12259 12252 12253 
f 12253 12260 12259 
f 12261 12260 12253 
f 12253 12254 12261 
f 12263 12262 12255 
f 12255 12256 12263 
f 12266 12265 12264 
f 12264 12267 12266 
f 12268 12267 12264 
f 12264 12269 12268 
f 12270 12268 12269 
f 12269 12257 12270 
f 12270 12257 12258 
f 12258 12271 12270 
f 12271 12258 12259 
f 12259 12272 12271 
f 12272 12259 12260 
f 12260 12273 12272 
f 12274 12261 12275 
f 12277 12276 12262 
f 12262 12263 12277 
f 12279 12278 12266 
f 12266 12267 12279 
f 12281 12280 12268 
f 12268 12270 12281 
f 12282 12281 12270 
f 12270 12271 12282 
f 12284 12283 12272 
f 12272 12273 12284 
f 12285 12284 12273 
f 12273 12274 12285 
f 12285 12274 12275 
f 12275 12286 12285 
f 12288 12286 12287 
f 12287 12289 12288 
f 12290 12278 12279 
f 12279 12291 12290 
f 12291 12279 12280 
f 12280 12292 12291 
f 12292 12280 12281 
f 12281 12293 12292 
f 12293 12281 12282 
f 12282 12294 12293 
f 12294 12282 12283 
f 12283 12295 12294 
f 12295 12283 12284 
f 12284 12296 12295 
f 12296 12284 12285 
f 12285 12297 12296 
f 12298 12297 12285 
f 12285 12286 12298 
f 12298 12286 12288 
f 12288 12299 12298 
f 12300 12290 12291 
f 12291 12301 12300 
f 12301 12291 12292 
f 12292 12302 12301 
f 12304 12303 12293 
f 12293 12294 12304 
f 12305 12304 12294 
f 12294 12295 12305 
f 12306 12305 12295 
f 12295 12296 12306 
f 12306 12296 12297 
f 12297 12307 12306 
f 12308 12307 12297 
f 12297 12298 12308 
f 12308 12298 12299 
f 12299 12309 12308 
f 12311 12310 12300 
f 12300 12301 12311 
f 12312 12302 12303 
f 12303 12313 12312 
f 12315 12314 12308 
f 12308 12309 12315 
f 12311 12301 12302 
f 12302 12312 12311 
f 12304 12316 12313 
f 12313 12303 12304 
f 12309 12317 12315 
f 12319 12318 12311 
f 12311 12312 12319 
f 12321 12320 12313 
f 12313 12316 12321 
f 12323 12322 12315 
f 12315 12317 12323 
f 12324 12310 12311 
f 12311 12318 12324 
f 12320 12319 12312 
f 12312 12313 12320 
f 12326 12325 12321 
f 12321 12316 12326 
f 12329 12328 12327 
f 12327 12330 12329 
f 12331 12328 12329 
f 12329 12314 12331 
f 12315 12322 12331 
f 12331 12314 12315 
f 12333 12332 12324 
f 12324 12318 12333 
f 12334 12319 12320 
f 12320 12335 12334 
f 12337 12336 12321 
f 12321 12325 12337 
f 12339 12338 12327 
f 12327 12328 12339 
f 12339 12328 12331 
f 12331 12340 12339 
f 12340 12331 12322 
f 12322 12341 12340 
f 12343 12342 12323 
f 12323 12344 12343 
f 12334 12333 12318 
f 12318 12319 12334 
f 12338 12337 12325 
f 12325 12327 12338 
f 12346 12345 12332 
f 12332 12333 12346 
f 12346 12333 12334 
f 12334 12347 12346 
f 12348 12347 12334 
f 12334 12335 12348 
f 12348 12335 12336 
f 12336 12349 12348 
f 12349 12336 12337 
f 12337 12350 12349 
f 12351 12350 12337 
f 12337 12338 12351 
f 12352 12351 12338 
f 12338 12339 12352 
f 12353 12341 12342 
f 12342 12354 12353 
f 12355 12354 12342 
f 12342 12343 12355 
f 12357 12356 12345 
f 12345 12346 12357 
f 12346 12347 12358 
f 12358 12357 12346 
f 12358 12347 12348 
f 12348 12359 12358 
f 12361 12360 12349 
f 12349 12350 12361 
f 12361 12350 12351 
f 12351 12362 12361 
f 12363 12362 12351 
f 12351 12352 12363 
f 12364 12353 12354 
f 12354 12365 12364 
f 12366 12365 12354 
f 12354 12355 12366 
f 12357 12368 12367 
f 12367 12356 12357 
f 12370 12369 12358 
f 12358 12359 12370 
f 12372 12371 12367 
f 12367 12368 12372 
f 12374 12373 12364 
f 12364 12365 12374 
f 12361 12376 12375 
f 12362 12377 12376 
f 12376 12361 12362 
f 12378 12377 12362 
f 12362 12363 12378 
f 12380 12379 12371 
f 12371 12372 12380 
f 12381 12380 12372 
f 12372 12382 12381 
f 12385 12384 12383 
f 12383 12373 12385 
f 12387 12386 12374 
f 12374 12388 12387 
f 12382 12390 12389 
f 12389 12381 12382 
f 12393 12392 12391 
f 12391 12394 12393 
f 12395 12393 12394 
f 12394 12375 12395 
f 12384 12396 12378 
f 12378 12383 12384 
f 12398 12397 12389 
f 12389 12392 12398 
f 12399 12401 12400 
f 12403 12402 12386 
f 12386 12387 12403 
f 12405 12404 12379 
f 12379 12380 12405 
f 12397 12406 12381 
f 12381 12389 12397 
f 12407 12398 12392 
f 12392 12393 12407 
f 12408 12407 12393 
f 12393 12395 12408 
f 12411 12410 12409 
f 12409 12396 12411 
f 12412 12411 12396 
f 12396 12384 12412 
f 12413 12412 12384 
f 12384 12385 12413 
f 12415 12414 12404 
f 12404 12405 12415 
f 12416 12406 12397 
f 12397 12417 12416 
f 12417 12397 12398 
f 12398 12418 12417 
f 12419 12398 12407 
f 12407 12169 12419 
f 12421 12420 12400 
f 12400 12410 12421 
f 12421 12410 12411 
f 12411 12422 12421 
f 12423 12422 12411 
f 12411 12412 12423 
f 12424 12423 12412 
f 12412 12413 12424 
f 12426 12425 12415 
f 12415 12416 12426 
f 12427 12426 12416 
f 12416 12417 12427 
f 12427 12417 12418 
f 12418 12428 12427 
f 12426 12430 12429 
f 12429 12425 12426 
f 12431 12430 12426 
f 12426 12427 12431 
f 12432 12431 12427 
f 12427 12428 12432 
f 11797 11807 12432 
f 12424 12433 11847 
f 11847 11845 12424 
f 11815 12430 12431 
f 12431 11820 11815 
f 11820 12431 12432 
f 12432 11807 11820 
f 12366 12388 12374 
f 12374 12365 12366 
f 12369 12368 12357 
f 12357 12358 12369 
f 12360 12361 12375 
f 12375 12394 12360 
f 12370 12360 12394 
f 12394 12391 12370 
f 12348 12349 12360 
f 12360 12359 12348 
f 12306 12307 12329 
f 12329 12330 12306 
f 12307 12308 12314 
f 12314 12329 12307 
f 12321 12336 12335 
f 12335 12320 12321 
f 12382 12368 12369 
f 12369 12390 12382 
f 12398 12419 12418 
f 11805 12421 12422 
f 12422 12101 11805 
f 12423 12102 12101 
f 12101 12422 12423 
f 12430 11815 11816 
f 11816 12429 12430 
f 12267 12268 12280 
f 12280 12279 12267 
f 12406 12405 12380 
f 12380 12381 12406 
f 12416 12415 12405 
f 12405 12406 12416 
f 12399 12395 12375 
f 12376 12377 12409 
f 12409 12401 12376 
f 12374 12386 12385 
f 12385 12373 12374 
f 12433 12434 12125 
f 12125 11847 12433 
f 12402 12403 12434 
f 12434 12433 12402 
f 12407 12408 12435 
f 12435 12169 12407 
f 12376 12401 12399 
f 12399 12375 12376 
f 12377 12378 12396 
f 12396 12409 12377 
f 12436 12364 12373 
f 12373 12383 12436 
f 12353 12364 12436 
f 12436 12437 12353 
f 12341 12353 12437 
f 12437 12340 12341 
f 12436 12383 12378 
f 12378 12363 12436 
f 12352 12437 12436 
f 12436 12363 12352 
f 12340 12437 12352 
f 12352 12339 12340 
f 12402 12433 12424 
f 12424 12413 12402 
f 12386 12402 12413 
f 12413 12385 12386 
f 12323 12342 12341 
f 12341 12322 12323 
f 12400 12401 12409 
f 12409 12410 12400 
f 12399 12400 12408 
f 12408 12395 12399 
f 12304 12305 12326 
f 12326 12316 12304 
f 12271 12272 12283 
f 12283 12282 12271 
f 12234 12237 12238 
f 12238 12236 12234 
f 12292 12293 12303 
f 12303 12302 12292 
f 12425 12414 12415 
f 12261 12274 12273 
f 12273 12260 12261 
f 12439 12438 12379 
f 12379 12404 12439 
f 12441 12440 12332 
f 12332 12345 12441 
f 12356 12442 12441 
f 12441 12345 12356 
f 12438 12443 12371 
f 12371 12379 12438 
f 12367 12371 12443 
f 12444 12439 12404 
f 12404 12414 12444 
f 12360 12370 12359 
f 12403 12439 12444 
f 12444 12434 12403 
f 12438 12439 12403 
f 12403 12387 12438 
f 12443 12438 12387 
f 12387 12388 12443 
f 12442 12443 12388 
f 12388 12366 12442 
f 12441 12442 12366 
f 12366 12355 12441 
f 12440 12441 12355 
f 12355 12343 12440 
f 12443 12442 12356 
f 12356 12367 12443 
f 12344 12446 12445 
f 12445 12447 12344 
f 12450 12449 12448 
f 12448 12451 12450 
f 12451 12445 12446 
f 12446 12450 12451 
f 12454 12453 12452 
f 12452 12455 12454 
f 12456 12448 12449 
f 12449 12457 12456 
f 12459 12453 12458 
f 12458 12460 12459 
f 12463 12462 12461 
f 12461 12464 12463 
f 12466 12465 12240 
f 12240 12237 12466 
f 12468 12467 12234 
f 12234 12235 12468 
f 12470 12469 12467 
f 12467 12468 12470 
f 12472 12471 12470 
f 12470 12473 12472 
f 12452 12475 12474 
f 12474 12265 12452 
f 12455 12452 12265 
f 12265 12266 12455 
f 12448 12456 12278 
f 12278 12290 12448 
f 12451 12448 12290 
f 12290 12300 12451 
f 12445 12451 12300 
f 12300 12310 12445 
f 12447 12445 12310 
f 12310 12324 12447 
f 12440 12447 12324 
f 12324 12332 12440 
f 12343 12344 12447 
f 12447 12440 12343 
f 12446 12344 12323 
f 12323 12317 12446 
f 12450 12446 12317 
f 12317 12309 12450 
f 12449 12450 12309 
f 12309 12299 12449 
f 12457 12449 12299 
f 12299 12288 12457 
f 12454 12289 12458 
f 12458 12453 12454 
f 12467 12466 12237 
f 12237 12234 12467 
f 12462 12463 12471 
f 12471 12472 12462 
f 12453 12459 12475 
f 12475 12452 12453 
f 12463 12464 12476 
f 12476 12477 12463 
f 12471 12469 12470 
f 12476 12465 12466 
f 12466 12477 12476 
f 12469 12477 12466 
f 12466 12467 12469 
f 12469 12471 12463 
f 12463 12477 12469 
f 12462 12459 12460 
f 12460 12461 12462 
f 12472 12475 12459 
f 12459 12462 12472 
f 12473 12474 12475 
f 12475 12472 12473 
f 12478 12480 12479 
f 12480 12474 12473 
f 12473 12479 12480 
f 12241 12478 12479 
f 12269 12478 12250 
f 12250 12257 12269 
f 12478 12269 12264 
f 12264 12480 12478 
f 12474 12480 12264 
f 12264 12265 12474 
f 12468 12479 12473 
f 12473 12470 12468 
f 12235 12241 12479 
f 12479 12468 12235 
f 12456 12455 12266 
f 12266 12278 12456 
f 12457 12454 12455 
f 12455 12456 12457 
f 12288 12289 12454 
f 12454 12457 12288 
f 12286 12481 12287 
f 12289 12287 12458 
f 12286 12275 12481 
f 12483 12482 12276 
f 12276 12484 12483 
f 12486 12485 12482 
f 12482 12483 12486 
f 12488 12487 12485 
f 12485 12486 12488 
f 12489 12248 12487 
f 12487 12488 12489 
f 12326 12330 12327 
f 12327 12325 12326 
f 12306 12330 12326 
f 12326 12305 12306 
f 12239 12240 12490 
f 12491 12490 12240 
f 12240 12465 12491 
f 12492 12491 12465 
f 12465 12476 12492 
f 12476 12464 12492 
f 12493 12492 12464 
f 12464 12461 12493 
f 12494 12493 12461 
f 12461 12460 12494 
f 12495 12494 12460 
f 12460 12458 12495 
f 12496 12495 12458 
f 12458 12287 12496 
f 12497 12496 12287 
f 12287 12481 12497 
f 12498 12497 12481 
f 12481 12275 12498 
f 12499 12498 12275 
f 12275 12261 12499 
f 12500 12499 12261 
f 12261 12254 12500 
f 12501 12500 12254 
f 12254 12245 12501 
f 12490 12501 12245 
f 12245 12239 12490 
f 12246 12247 12492 
f 12492 12493 12246 
f 12256 12246 12493 
f 12493 12494 12256 
f 12263 12256 12494 
f 12494 12495 12263 
f 12277 12263 12495 
f 12495 12496 12277 
f 12276 12277 12496 
f 12496 12497 12276 
f 12484 12276 12497 
f 12497 12498 12484 
f 12483 12484 12498 
f 12498 12499 12483 
f 12486 12483 12499 
f 12499 12500 12486 
f 12488 12486 12500 
f 12500 12501 12488 
f 12489 12488 12501 
f 12501 12490 12489 
f 12248 12489 12490 
f 12490 12491 12248 
f 12491 12492 12247 
f 12247 12248 12491 
f 12262 12276 12482 
f 12487 12248 12249 
f 12485 12255 12262 
f 12262 12482 12485 
f 12487 12249 12255 
f 12255 12485 12487 
f 12424 11845 12102 
f 12102 12423 12424 
f 12392 12389 12390 
f 12390 12391 12392 
f 12370 12391 12390 
f 12390 12369 12370 
f 12382 12372 12368 
f 12241 12250 12478 
f 11791 12428 12418 
f 12418 12419 11791 
f 11797 12432 12428 
f 12428 11791 11797 
f 11886 11829 11805 
f 11805 12101 11886 
f 11845 11846 11886 
f 11886 12102 11845 
f 11820 11807 11822 
f 11822 11819 11820 
f 12420 12435 12408 
f 12408 12400 12420 
f 11726 11741 11740 
f 11773 11765 11740 
f 11740 11741 11773 
f 11791 12419 12169 
f 11912 11873 11884 
f 11884 11898 11912 
f 12502 11806 11766 
f 11766 11767 12502 
f 12503 12502 11767 
f 11767 12171 12503 
f 11778 12503 12171 
f 12171 11768 11778 
f 12502 12503 12504 
f 12504 12505 11806 
f 11806 12502 12504 
f 11805 11806 12505 
f 12435 12420 12504 
f 12505 12504 12420 
f 12420 12421 12505 
f 12505 12421 11805 
f 12444 12506 12125 
f 12125 12434 12444 
f 12414 12507 12506 
f 12506 12444 12414 
f 12507 12414 12425 
f 12508 12510 12509 
f 12513 12512 12511 
f 12511 12514 12513 
f 12515 12509 12510 
f 12510 12516 12515 
f 12515 12517 12509 
f 12518 12514 12509 
f 12509 12517 12518 
f 12518 12519 12513 
f 12513 12514 12518 
f 12522 12521 12520 
f 12520 12523 12522 
f 12525 12524 12515 
f 12515 12516 12525 
f 12524 12526 12517 
f 12517 12515 12524 
f 12526 12527 12518 
f 12518 12517 12526 
f 12528 12519 12518 
f 12518 12527 12528 
f 12530 12529 12520 
f 12520 12521 12530 
f 12532 12531 12524 
f 12524 12525 12532 
f 12531 12533 12526 
f 12526 12524 12531 
f 12533 12534 12527 
f 12527 12526 12533 
f 12535 12528 12527 
f 12527 12534 12535 
f 12536 12529 12530 
f 12530 12537 12536 
f 12540 12539 12538 
f 12538 12541 12540 
f 12543 12542 12538 
f 12538 12539 12543 
f 12544 12532 12542 
f 12542 12543 12544 
f 12544 12545 12531 
f 12531 12532 12544 
f 12545 12546 12533 
f 12533 12531 12545 
f 12546 12547 12534 
f 12534 12533 12546 
f 12548 12549 12535 
f 12550 12536 12537 
f 12537 12551 12550 
f 12552 12539 12540 
f 12540 12553 12552 
f 12554 12544 12543 
f 12543 12555 12554 
f 12556 12545 12544 
f 12544 12554 12556 
f 12557 12547 12546 
f 12546 12558 12557 
f 12559 12548 12547 
f 12547 12557 12559 
f 12559 12560 12549 
f 12549 12548 12559 
f 12563 12562 12561 
f 12561 12560 12563 
f 12565 12564 12552 
f 12552 12553 12565 
f 12564 12566 12555 
f 12555 12552 12564 
f 12566 12567 12554 
f 12554 12555 12566 
f 12567 12568 12556 
f 12556 12554 12567 
f 12568 12569 12558 
f 12558 12556 12568 
f 12569 12570 12557 
f 12557 12558 12569 
f 12570 12571 12559 
f 12559 12557 12570 
f 12572 12560 12559 
f 12559 12571 12572 
f 12572 12573 12563 
f 12563 12560 12572 
f 12575 12574 12564 
f 12564 12565 12575 
f 12574 12576 12566 
f 12566 12564 12574 
f 12567 12577 12568 
f 12578 12569 12568 
f 12568 12577 12578 
f 12579 12570 12569 
f 12569 12578 12579 
f 12579 12580 12571 
f 12571 12570 12579 
f 12581 12572 12571 
f 12571 12580 12581 
f 12581 12582 12573 
f 12573 12572 12581 
f 12583 12574 12575 
f 12575 12584 12583 
f 12585 12582 12581 
f 12581 12586 12585 
f 12583 12587 12576 
f 12576 12574 12583 
f 12587 12588 12577 
f 12577 12576 12587 
f 12582 12585 12589 
f 12590 12587 12583 
f 12583 12591 12590 
f 12592 12588 12587 
f 12587 12590 12592 
f 12593 12589 12585 
f 12585 12594 12593 
f 12595 12591 12583 
f 12583 12584 12595 
f 12596 12588 12592 
f 12592 12597 12596 
f 12600 12599 12598 
f 12598 12601 12600 
f 12602 12586 12600 
f 12600 12601 12602 
f 12585 12586 12602 
f 12602 12594 12585 
f 12603 12591 12595 
f 12595 12604 12603 
f 12605 12597 12592 
f 12592 12606 12605 
f 12607 12601 12598 
f 12598 12608 12607 
f 12607 12609 12602 
f 12602 12601 12607 
f 12609 12610 12594 
f 12594 12602 12609 
f 12593 12612 12611 
f 12613 12590 12591 
f 12591 12603 12613 
f 12606 12592 12590 
f 12590 12613 12606 
f 12608 12598 12597 
f 12597 12605 12608 
f 12614 12603 12604 
f 12604 12615 12614 
f 12614 12616 12613 
f 12613 12603 12614 
f 12617 12606 12613 
f 12613 12616 12617 
f 12617 12618 12605 
f 12605 12606 12617 
f 12619 12608 12605 
f 12605 12618 12619 
f 12620 12607 12608 
f 12608 12619 12620 
f 12622 12621 12612 
f 12612 12610 12622 
f 12623 12611 12612 
f 12612 12621 12623 
f 12624 12614 12615 
f 12615 12625 12624 
f 12614 12624 12626 
f 12626 12616 12614 
f 12626 12627 12617 
f 12617 12616 12626 
f 12628 12618 12617 
f 12617 12627 12628 
f 12628 12629 12619 
f 12619 12618 12628 
f 12630 12620 12619 
f 12619 12629 12630 
f 12632 12631 12621 
f 12621 12622 12632 
f 12633 12623 12621 
f 12621 12631 12633 
f 12634 12624 12625 
f 12625 12635 12634 
f 12636 12627 12626 
f 12626 12637 12636 
f 12638 12631 12632 
f 12632 12639 12638 
f 12628 12641 12640 
f 12629 12640 12642 
f 12643 12630 12629 
f 12629 12642 12643 
f 12644 12634 12635 
f 12635 12645 12644 
f 12637 12634 12644 
f 12644 12646 12637 
f 12637 12646 12647 
f 12647 12636 12637 
f 12649 12639 12648 
f 12648 12650 12649 
f 12652 12651 12638 
f 12638 12653 12652 
f 12654 12641 12636 
f 12636 12647 12654 
f 12650 12648 12643 
f 12643 12655 12650 
f 12657 12656 12646 
f 12646 12644 12657 
f 12658 12647 12646 
f 12646 12656 12658 
f 12660 12659 12654 
f 12654 12661 12660 
f 12662 12652 12653 
f 12653 12663 12662 
f 12664 12644 12645 
f 12645 12665 12664 
f 12661 12654 12647 
f 12647 12658 12661 
f 12667 12655 12666 
f 12666 12668 12667 
f 12669 12650 12655 
f 12655 12667 12669 
f 12670 12649 12650 
f 12650 12669 12670 
f 12671 12664 12665 
f 12665 12672 12671 
f 12673 12656 12657 
f 12657 12674 12673 
f 12675 12668 12660 
f 12660 12676 12675 
f 12675 12677 12667 
f 12667 12668 12675 
f 12678 12669 12667 
f 12667 12677 12678 
f 12679 12670 12669 
f 12669 12678 12679 
f 12661 12676 12660 
f 12676 12681 12680 
f 12684 12683 12682 
f 12682 11848 12684 
f 12633 12631 12638 
f 12638 12651 12633 
f 12627 12636 12641 
f 12641 12628 12627 
f 12579 12599 12600 
f 12600 12580 12579 
f 12580 12600 12586 
f 12586 12581 12580 
f 12637 12626 12624 
f 12624 12634 12637 
f 12658 12656 12673 
f 12673 12685 12658 
f 12675 12687 12686 
f 12686 12677 12675 
f 12678 12677 12686 
f 12686 12688 12678 
f 12577 12567 12576 
f 12539 12552 12555 
f 12555 12543 12539 
f 12657 12664 12671 
f 12671 12674 12657 
f 12640 12659 12666 
f 12666 12642 12640 
f 12638 12639 12649 
f 12649 12653 12638 
f 12684 12662 12663 
f 12663 12683 12684 
f 12658 12685 12689 
f 12689 12661 12658 
f 12675 12676 12680 
f 12680 12687 12675 
f 12640 12641 12654 
f 12654 12659 12640 
f 12640 12629 12628 
f 12642 12666 12655 
f 12655 12643 12642 
f 12690 12648 12639 
f 12639 12632 12690 
f 12622 12691 12690 
f 12690 12632 12622 
f 12610 12609 12691 
f 12691 12622 12610 
f 12690 12630 12643 
f 12643 12648 12690 
f 12620 12630 12690 
f 12690 12691 12620 
f 12609 12607 12620 
f 12620 12691 12609 
f 12653 12649 12670 
f 12670 12663 12653 
f 12593 12594 12610 
f 12610 12612 12593 
f 12660 12668 12666 
f 12666 12659 12660 
f 12577 12588 12596 
f 12596 12578 12577 
f 12545 12556 12558 
f 12558 12546 12545 
f 12508 12509 12514 
f 12514 12511 12508 
f 12576 12567 12566 
f 12661 12689 12676 
f 12535 12534 12547 
f 12547 12548 12535 
f 12692 12665 12645 
f 12645 12693 12692 
f 12694 12615 12604 
f 12604 12695 12694 
f 12625 12615 12694 
f 12694 12696 12625 
f 12693 12645 12635 
f 12635 12697 12693 
f 12697 12635 12625 
f 12625 12696 12697 
f 12698 12672 12665 
f 12665 12692 12698 
f 12662 12684 12698 
f 12698 12692 12662 
f 12693 12652 12662 
f 12662 12692 12693 
f 12697 12651 12652 
f 12652 12693 12697 
f 12696 12633 12651 
f 12651 12697 12696 
f 12694 12623 12633 
f 12633 12696 12694 
f 12695 12611 12623 
f 12623 12694 12695 
f 12701 12700 12699 
f 12699 12702 12701 
f 12705 12704 12703 
f 12703 12706 12705 
f 12704 12705 12702 
f 12702 12699 12704 
f 12709 12708 12707 
f 12707 12710 12709 
f 12712 12711 12706 
f 12706 12703 12712 
f 12715 12714 12713 
f 12713 12710 12715 
f 12718 12717 12716 
f 12716 12719 12718 
f 12720 12511 12512 
f 12512 12721 12720 
f 12722 12510 12508 
f 12508 12723 12722 
f 12724 12722 12723 
f 12723 12725 12724 
f 12727 12726 12724 
f 12724 12728 12727 
f 12707 12541 12729 
f 12729 12730 12707 
f 12708 12540 12541 
f 12541 12707 12708 
f 12703 12565 12553 
f 12553 12712 12703 
f 12704 12575 12565 
f 12565 12703 12704 
f 12699 12584 12575 
f 12575 12704 12699 
f 12700 12595 12584 
f 12584 12699 12700 
f 12695 12604 12595 
f 12595 12700 12695 
f 12611 12695 12700 
f 12700 12701 12611 
f 12611 12701 12593 
f 12702 12589 12593 
f 12593 12701 12702 
f 12705 12582 12589 
f 12589 12702 12705 
f 12706 12573 12582 
f 12582 12705 12706 
f 12711 12563 12573 
f 12573 12706 12711 
f 12709 12710 12713 
f 12713 12562 12709 
f 12723 12508 12511 
f 12511 12720 12723 
f 12719 12727 12728 
f 12728 12718 12719 
f 12710 12707 12730 
f 12730 12715 12710 
f 12718 12732 12731 
f 12731 12717 12718 
f 12728 12724 12725 
f 12731 12732 12720 
f 12720 12721 12731 
f 12725 12723 12720 
f 12720 12732 12725 
f 12725 12732 12718 
f 12718 12728 12725 
f 12719 12716 12714 
f 12714 12715 12719 
f 12727 12719 12715 
f 12715 12730 12727 
f 12726 12727 12730 
f 12730 12729 12726 
f 12733 12735 12734 
f 12734 12735 12726 
f 12726 12729 12734 
f 12733 12525 12516 
f 12516 12735 12733 
f 12542 12532 12525 
f 12525 12733 12542 
f 12733 12734 12538 
f 12538 12542 12733 
f 12729 12541 12538 
f 12538 12734 12729 
f 12722 12724 12726 
f 12726 12735 12722 
f 12510 12722 12735 
f 12735 12516 12510 
f 12712 12553 12540 
f 12540 12708 12712 
f 12711 12712 12708 
f 12708 12709 12711 
f 12563 12711 12709 
f 12709 12562 12563 
f 12560 12561 12736 
f 12562 12713 12561 
f 12560 12736 12549 
f 12738 12737 12551 
f 12551 12739 12738 
f 12740 12738 12739 
f 12739 12741 12740 
f 12742 12740 12741 
f 12741 12743 12742 
f 12744 12742 12743 
f 12743 12522 12744 
f 12596 12597 12598 
f 12598 12599 12596 
f 12579 12578 12596 
f 12596 12599 12579 
f 12513 12745 12512 
f 12746 12721 12512 
f 12512 12745 12746 
f 12747 12731 12721 
f 12721 12746 12747 
f 12731 12747 12717 
f 12748 12716 12717 
f 12717 12747 12748 
f 12749 12714 12716 
f 12716 12748 12749 
f 12750 12713 12714 
f 12714 12749 12750 
f 12751 12561 12713 
f 12713 12750 12751 
f 12752 12736 12561 
f 12561 12751 12752 
f 12753 12549 12736 
f 12736 12752 12753 
f 12754 12535 12549 
f 12549 12753 12754 
f 12755 12528 12535 
f 12535 12754 12755 
f 12756 12519 12528 
f 12528 12755 12756 
f 12745 12513 12519 
f 12519 12756 12745 
f 12520 12748 12747 
f 12747 12523 12520 
f 12529 12749 12748 
f 12748 12520 12529 
f 12536 12750 12749 
f 12749 12529 12536 
f 12550 12751 12750 
f 12750 12536 12550 
f 12551 12752 12751 
f 12751 12550 12551 
f 12737 12753 12752 
f 12752 12551 12737 
f 12738 12754 12753 
f 12753 12737 12738 
f 12740 12755 12754 
f 12754 12738 12740 
f 12742 12756 12755 
f 12755 12740 12742 
f 12744 12745 12756 
f 12756 12742 12744 
f 12522 12746 12745 
f 12745 12744 12522 
f 12746 12522 12523 
f 12523 12747 12746 
f 12537 12739 12551 
f 12743 12521 12522 
f 12741 12739 12537 
f 12537 12530 12741 
f 12743 12741 12530 
f 12530 12521 12743 
f 12679 12678 12688 
f 12688 12757 12679 
f 12758 11814 11811 
f 11811 11835 12758 
f 12027 11985 12007 
f 11956 11972 12007 
f 12007 11985 11956 
f 11949 11942 11972 
f 11972 11956 11949 
f 11903 11942 11949 
f 11949 11919 11903 
f 11851 11903 11919 
f 11919 11920 11851 
f 12759 11836 11851 
f 11851 11920 12759 
f 11835 11836 12759 
f 12759 12760 11835 
f 12760 12761 12758 
f 12758 11835 12760 
f 11917 12762 12759 
f 12759 11920 11917 
f 12763 12681 12761 
f 12761 12760 12763 
f 12762 12763 12760 
f 12760 12759 12762 
f 12680 12681 12763 
f 11850 11848 12682 
f 12763 12762 12764 
f 12764 12680 12763 
f 12687 12680 12764 
f 11888 11889 12688 
f 12688 12686 11888 
f 11888 12686 12687 
f 11890 11850 11889 
f 12688 11889 11850 
f 11850 12757 12688 
f 11901 12764 12762 
f 12762 11917 11901 
f 12764 11888 12687 
f 12764 11901 11888 
f 12765 12767 12766 
f 12770 12769 12768 
f 12768 12771 12770 
f 12772 12766 12767 
f 12767 12773 12772 
f 12772 12774 12766 
f 12775 12771 12766 
f 12766 12774 12775 
f 12775 12776 12770 
f 12770 12771 12775 
f 12779 12778 12777 
f 12777 12780 12779 
f 12782 12781 12772 
f 12772 12773 12782 
f 12781 12783 12774 
f 12774 12772 12781 
f 12783 12784 12775 
f 12775 12774 12783 
f 12785 12776 12775 
f 12775 12784 12785 
f 12787 12786 12777 
f 12777 12778 12787 
f 12789 12788 12781 
f 12781 12782 12789 
f 12788 12790 12783 
f 12783 12781 12788 
f 12790 12791 12784 
f 12784 12783 12790 
f 12792 12785 12784 
f 12784 12791 12792 
f 12793 12786 12787 
f 12787 12794 12793 
f 12797 12796 12795 
f 12795 12798 12797 
f 12800 12799 12795 
f 12795 12796 12800 
f 12801 12789 12799 
f 12799 12800 12801 
f 12801 12802 12788 
f 12788 12789 12801 
f 12802 12803 12790 
f 12790 12788 12802 
f 12803 12804 12791 
f 12791 12790 12803 
f 12805 12806 12792 
f 12807 12793 12794 
f 12794 12808 12807 
f 12809 12796 12797 
f 12797 12810 12809 
f 12811 12801 12800 
f 12800 12812 12811 
f 12813 12802 12801 
f 12801 12811 12813 
f 12814 12804 12803 
f 12803 12815 12814 
f 12816 12805 12804 
f 12804 12814 12816 
f 12816 12817 12806 
f 12806 12805 12816 
f 12820 12819 12818 
f 12818 12817 12820 
f 12822 12821 12809 
f 12809 12810 12822 
f 12821 12823 12812 
f 12812 12809 12821 
f 12823 12824 12811 
f 12811 12812 12823 
f 12824 12825 12813 
f 12813 12811 12824 
f 12825 12826 12815 
f 12815 12813 12825 
f 12826 12827 12814 
f 12814 12815 12826 
f 12827 12828 12816 
f 12816 12814 12827 
f 12829 12817 12816 
f 12816 12828 12829 
f 12829 12830 12820 
f 12820 12817 12829 
f 12832 12831 12821 
f 12821 12822 12832 
f 12831 12833 12823 
f 12823 12821 12831 
f 12834 12825 12824 
f 12824 12835 12834 
f 12836 12826 12825 
f 12825 12834 12836 
f 12837 12827 12826 
f 12826 12836 12837 
f 12827 12837 12828 
f 12838 12829 12828 
f 12828 12837 12838 
f 12840 12839 12830 
f 12830 12829 12840 
f 12841 12831 12832 
f 12832 12842 12841 
f 12844 12843 12835 
f 12835 12833 12844 
f 12839 12840 12845 
f 12845 12846 12839 
f 12841 12844 12833 
f 12833 12831 12841 
f 12834 12835 12843 
f 12843 12847 12834 
f 12848 12844 12841 
f 12841 12849 12848 
f 12850 12847 12843 
f 12843 12851 12850 
f 12852 12846 12845 
f 12845 12853 12852 
f 12854 12849 12841 
f 12841 12842 12854 
f 12851 12843 12844 
f 12844 12848 12851 
f 12855 12847 12850 
f 12850 12856 12855 
f 12859 12858 12857 
f 12857 12860 12859 
f 12845 12859 12860 
f 12860 12853 12845 
f 12861 12849 12854 
f 12854 12862 12861 
f 12864 12863 12851 
f 12851 12848 12864 
f 12865 12856 12850 
f 12850 12866 12865 
f 12867 12860 12857 
f 12857 12868 12867 
f 12867 12869 12853 
f 12853 12860 12867 
f 12864 12848 12849 
f 12849 12861 12864 
f 12868 12857 12856 
f 12856 12865 12868 
f 12870 12861 12862 
f 12862 12871 12870 
f 12861 12870 12872 
f 12874 12873 12866 
f 12866 12863 12874 
f 12873 12875 12865 
f 12865 12866 12873 
f 12876 12868 12865 
f 12865 12875 12876 
f 12877 12867 12868 
f 12868 12876 12877 
f 12880 12879 12878 
f 12878 12869 12880 
f 12881 12870 12871 
f 12871 12882 12881 
f 12870 12881 12883 
f 12883 12872 12870 
f 12883 12885 12884 
f 12884 12872 12883 
f 12885 12886 12874 
f 12874 12884 12885 
f 12887 12875 12873 
f 12873 12888 12887 
f 12887 12889 12876 
f 12876 12875 12887 
f 12890 12877 12876 
f 12876 12889 12890 
f 12892 12891 12879 
f 12879 12880 12892 
f 12893 12881 12882 
f 12882 12894 12893 
f 12896 12895 12885 
f 12885 12883 12896 
f 12895 12897 12886 
f 12886 12885 12895 
f 12898 12891 12892 
f 12892 12899 12898 
f 12900 12890 12889 
f 12889 12901 12900 
f 12902 12893 12894 
f 12894 12903 12902 
f 12904 12896 12893 
f 12893 12902 12904 
f 12895 12906 12905 
f 12905 12897 12895 
f 12907 12899 12900 
f 12900 12908 12907 
f 12906 12895 12896 
f 12896 12904 12906 
f 12910 12909 12897 
f 12897 12905 12910 
f 12912 12911 12909 
f 12909 12910 12912 
f 12913 12906 12904 
f 12904 12914 12913 
f 12915 12905 12906 
f 12906 12913 12915 
f 12917 12916 12912 
f 12912 12918 12917 
f 12919 12902 12903 
f 12903 12920 12919 
f 12921 12910 12905 
f 12905 12915 12921 
f 12918 12912 12910 
f 12910 12921 12918 
f 12922 12908 12916 
f 12916 12917 12922 
f 12923 12907 12908 
f 12908 12922 12923 
f 12924 12919 12920 
f 12920 12925 12924 
f 12927 12926 12913 
f 12913 12914 12927 
f 12929 12928 12921 
f 12921 12915 12929 
f 12931 12930 12922 
f 12922 12917 12931 
f 11831 12923 12922 
f 12922 12930 11831 
f 12918 12932 12931 
f 12931 12917 12918 
f 12888 12909 12911 
f 12911 12887 12888 
f 12886 12897 12909 
f 12909 12888 12886 
f 12874 12886 12888 
f 12888 12873 12874 
f 12837 12858 12859 
f 12859 12838 12837 
f 12840 12838 12859 
f 12859 12845 12840 
f 12850 12851 12863 
f 12863 12866 12850 
f 12893 12896 12883 
f 12883 12881 12893 
f 12929 12915 12913 
f 12913 12926 12929 
f 12796 12809 12812 
f 12812 12800 12796 
f 12914 12904 12902 
f 12902 12919 12914 
f 12927 12914 12919 
f 12919 12924 12927 
f 12898 12899 12907 
f 12907 12933 12898 
f 12921 12928 12932 
f 12932 12918 12921 
f 12901 12911 12912 
f 12912 12916 12901 
f 12887 12911 12901 
f 12901 12889 12887 
f 12901 12916 12908 
f 12908 12900 12901 
f 12890 12900 12899 
f 12899 12892 12890 
f 12880 12877 12890 
f 12890 12892 12880 
f 12869 12867 12877 
f 12877 12880 12869 
f 12934 12923 11831 
f 11831 12935 12934 
f 12933 12907 12923 
f 12923 12934 12933 
f 12852 12853 12869 
f 12869 12878 12852 
f 12834 12847 12855 
f 12855 12836 12834 
f 12802 12813 12815 
f 12815 12803 12802 
f 12765 12766 12771 
f 12771 12768 12765 
f 12823 12833 12835 
f 12835 12824 12823 
f 12792 12791 12804 
f 12804 12805 12792 
f 12936 12920 12903 
f 12903 12937 12936 
f 12938 12871 12862 
f 12862 12939 12938 
f 12882 12871 12938 
f 12938 12940 12882 
f 12937 12903 12894 
f 12894 12941 12937 
f 12941 12894 12882 
f 12882 12940 12941 
f 12942 12925 12920 
f 12920 12936 12942 
f 12934 12935 12942 
f 12942 12936 12934 
f 12937 12933 12934 
f 12934 12936 12937 
f 12941 12898 12933 
f 12933 12937 12941 
f 12940 12891 12898 
f 12898 12941 12940 
f 12938 12879 12891 
f 12891 12940 12938 
f 12939 12878 12879 
f 12879 12938 12939 
f 12852 12944 12943 
f 12943 12945 12852 
f 12948 12947 12946 
f 12946 12949 12948 
f 12947 12948 12945 
f 12945 12943 12947 
f 12952 12951 12950 
f 12950 12953 12952 
f 12955 12954 12949 
f 12949 12946 12955 
f 12958 12957 12956 
f 12956 12953 12958 
f 12961 12960 12959 
f 12959 12962 12961 
f 12963 12768 12769 
f 12769 12964 12963 
f 12965 12767 12765 
f 12765 12966 12965 
f 12967 12965 12966 
f 12966 12968 12967 
f 12970 12969 12967 
f 12967 12971 12970 
f 12950 12798 12972 
f 12972 12973 12950 
f 12951 12797 12798 
f 12798 12950 12951 
f 12946 12822 12810 
f 12810 12955 12946 
f 12947 12832 12822 
f 12822 12946 12947 
f 12943 12842 12832 
f 12832 12947 12943 
f 12944 12854 12842 
f 12842 12943 12944 
f 12939 12862 12854 
f 12854 12944 12939 
f 12878 12939 12944 
f 12944 12852 12878 
f 12945 12846 12852 
f 12948 12839 12846 
f 12846 12945 12948 
f 12949 12830 12839 
f 12839 12948 12949 
f 12954 12820 12830 
f 12830 12949 12954 
f 12952 12953 12956 
f 12956 12819 12952 
f 12966 12765 12768 
f 12768 12963 12966 
f 12962 12970 12971 
f 12971 12961 12962 
f 12953 12950 12973 
f 12973 12958 12953 
f 12961 12975 12974 
f 12974 12960 12961 
f 12971 12967 12968 
f 12974 12975 12963 
f 12963 12964 12974 
f 12968 12966 12963 
f 12963 12975 12968 
f 12968 12975 12961 
f 12961 12971 12968 
f 12962 12959 12957 
f 12957 12958 12962 
f 12970 12962 12958 
f 12958 12973 12970 
f 12969 12970 12973 
f 12973 12972 12969 
f 12976 12978 12977 
f 12977 12978 12969 
f 12969 12972 12977 
f 12976 12782 12773 
f 12773 12978 12976 
f 12799 12789 12782 
f 12782 12976 12799 
f 12976 12977 12795 
f 12795 12799 12976 
f 12972 12798 12795 
f 12795 12977 12972 
f 12965 12967 12969 
f 12969 12978 12965 
f 12767 12965 12978 
f 12978 12773 12767 
f 12955 12810 12797 
f 12797 12951 12955 
f 12954 12955 12951 
f 12951 12952 12954 
f 12820 12954 12952 
f 12952 12819 12820 
f 12817 12818 12979 
f 12819 12956 12818 
f 12817 12979 12806 
f 12981 12980 12808 
f 12808 12982 12981 
f 12983 12981 12982 
f 12982 12984 12983 
f 12985 12983 12984 
f 12984 12986 12985 
f 12987 12985 12986 
f 12986 12779 12987 
f 12855 12856 12857 
f 12857 12858 12855 
f 12837 12836 12855 
f 12855 12858 12837 
f 12770 12988 12769 
f 12989 12964 12769 
f 12769 12988 12989 
f 12990 12974 12964 
f 12964 12989 12990 
f 12974 12990 12960 
f 12991 12959 12960 
f 12960 12990 12991 
f 12992 12957 12959 
f 12959 12991 12992 
f 12993 12956 12957 
f 12957 12992 12993 
f 12994 12818 12956 
f 12956 12993 12994 
f 12995 12979 12818 
f 12818 12994 12995 
f 12996 12806 12979 
f 12979 12995 12996 
f 12997 12792 12806 
f 12806 12996 12997 
f 12998 12785 12792 
f 12792 12997 12998 
f 12999 12776 12785 
f 12785 12998 12999 
f 12988 12770 12776 
f 12776 12999 12988 
f 12777 12991 12990 
f 12990 12780 12777 
f 12786 12992 12991 
f 12991 12777 12786 
f 12793 12993 12992 
f 12992 12786 12793 
f 12807 12994 12993 
f 12993 12793 12807 
f 12808 12995 12994 
f 12994 12807 12808 
f 12980 12996 12995 
f 12995 12808 12980 
f 12981 12997 12996 
f 12996 12980 12981 
f 12983 12998 12997 
f 12997 12981 12983 
f 12985 12999 12998 
f 12998 12983 12985 
f 12987 12988 12999 
f 12999 12985 12987 
f 12779 12989 12988 
f 12988 12987 12779 
f 12989 12779 12780 
f 12780 12990 12989 
f 12794 12982 12808 
f 12986 12778 12779 
f 12984 12982 12794 
f 12794 12787 12984 
f 12986 12984 12787 
f 12787 12778 12986 
f 12861 12872 12864 
f 12884 12864 12872 
f 11831 12930 11833 
f 12930 13000 11833 
f 13001 13000 12930 
f 12930 12931 13001 
f 12698 12684 11848 
f 13002 12928 12672 
f 12672 12698 13002 
f 12671 12672 12928 
f 12928 12929 12671 
f 12929 13003 12671 
f 12926 13004 13003 
f 13005 12927 12924 
f 12924 13006 13005 
f 13006 12924 12925 
f 12925 13007 13006 
f 13008 13007 12925 
f 12925 12942 13008 
f 13009 13008 12942 
f 12942 12935 13009 
f 13010 13009 12935 
f 12935 11831 13010 
f 11879 11877 11832 
f 11832 13010 11831 
f 11877 12125 13010 
f 12506 13009 13010 
f 13010 12125 12506 
f 13008 13009 12506 
f 12506 12507 13008 
f 13007 13008 12507 
f 12507 12425 13007 
f 13006 13007 12425 
f 12425 12429 13006 
f 11778 12169 12435 
f 12435 12503 11778 
f 12429 11816 13006 
f 13005 13006 11816 
f 11816 13011 13005 
f 11813 11814 13003 
f 13003 11814 12671 
f 12671 11814 12674 
f 12758 12673 12674 
f 12674 11814 12758 
f 12685 12673 12758 
f 12758 12761 12685 
f 12689 12685 12761 
f 12761 12681 12689 
f 12689 12681 12676 
f 13005 13004 12926 
f 12926 12927 13005 
f 13012 13004 13005 
f 13005 13011 13012 
f 11817 13013 13011 
f 13011 11816 11817 
f 11837 13014 13013 
f 13013 11817 11837 
f 11855 13015 13014 
f 13014 11837 11855 
f 11833 13000 11849 
f 12838 12840 12829 
f 12884 12874 12863 
f 12863 12864 12884 
f 11832 11877 13010 
f 13002 13001 12931 
f 12931 12932 13002 
f 13002 12932 12928 
f 11849 13000 11848 
f 12929 12926 13003 
f 13003 13004 13012 
f 13012 11813 13003 
f 11812 11813 13012 
f 13012 13016 11812 
f 11834 11812 13016 
f 13016 11853 11834 
f 12504 12503 12435 
f 12679 12683 12663 
f 12663 12670 12679 
f 12757 12682 12683 
f 12683 12679 12757 
f 12682 12757 11850 
f 11879 11832 11833 
f 13014 13015 11854 
f 11854 11853 13014 
f 13013 13014 11853 
f 11853 13016 13013 
f 13016 13012 13011 
f 13011 13013 13016 
f 13002 11848 13001 
f 13001 11848 13000 
f 13002 12698 11848 
f 12644 12664 12657 
f 11957 11921 11905 
f 11905 11944 11957 
f 11904 13017 11974 
f 11974 11943 11904 
f 11852 11854 13017 
f 13017 11904 11852 
f 11921 13017 11854 
f 11854 13015 11921 
f 11957 11974 13017 
f 13017 11921 11957 
f 11958 11973 11974 
f 11974 11957 11958 
f 11973 11958 12002 
f 13015 11855 11921 
f 11892 11857 11858 
f 11924 11896 11897 
f 11897 11863 11924 
f 11897 12100 11862 
f 11862 11863 11897 
f 12133 12107 12108 
f 12108 13018 12133 
f 12134 12131 12145 
f 11952 11931 11896 
f 11896 11924 11952 
f 12123 12124 12133 
f 12133 13018 12123 
f 13021 13020 13019 
f 13019 12127 13021 
f 13022 12127 11824 
f 11824 11810 13022 
f 11841 11823 11824 
f 12126 12127 13019 
f 13019 11859 12126 
f 11859 11860 12126 
f 12167 13023 11884 
f 11884 11873 12167 
f 11801 11783 11784 
f 11843 13024 11795 
f 11795 11802 11843 
f 13022 11810 11801 
f 11801 13025 13022 
f 13024 11843 11884 
f 11884 13023 13024 
f 13025 11785 11795 
f 11795 13026 13025 
f 13027 13022 13025 
f 13025 13026 13027 
f 13021 12127 13022 
f 13022 13027 13021 
f 11784 11785 13025 
f 13025 11801 11784 
f 12122 12119 12150 
f 12150 12149 12122 
f 12157 12122 12149 
f 12149 12148 12157 
f 12158 12156 12157 
f 12157 12146 12158 
f 12155 12164 12163 
f 12163 12130 12155 
f 12130 12131 12134 
f 12134 12155 12130 
f 12164 12143 12144 
f 12144 12156 12164 
f 12163 12164 12156 
f 12156 12158 12163 
f 12159 12162 12163 
f 12163 12158 12159 
f 12161 12162 12159 
f 12159 12160 12161 
f 12140 13029 13028 
f 13028 13030 12140 
f 12115 12113 12114 
f 12114 12118 12115 
f 11880 11868 11869 
f 11869 11883 11880 
f 11868 11909 11908 
f 11868 11880 11909 
f 13031 13033 13032 
f 13036 13035 13034 
f 13034 13037 13036 
f 13039 13038 13032 
f 13032 13033 13039 
f 12152 12151 11871 
f 11871 11872 12152 
f 12153 12152 11872 
f 11872 11911 12153 
f 12153 11911 11934 
f 13031 13041 13040 
f 13040 13033 13031 
f 13041 13036 13037 
f 13037 13040 13041 
f 13035 13043 13042 
f 13042 13034 13035 
f 13043 13045 13044 
f 13044 13042 13043 
f 13045 13047 13046 
f 13046 13044 13045 
f 13046 13047 13048 
f 13048 13049 13046 
f 13049 13051 13050 
f 13050 13052 13049 
f 13052 13054 13053 
f 13053 13055 13052 
f 13053 13057 13056 
f 13056 13055 13053 
f 13056 13057 13038 
f 13038 13039 13056 
f 12126 11860 11922 
f 11883 13031 13032 
f 13032 11882 11883 
f 13037 13034 12105 
f 12105 12112 13037 
f 13035 13036 11866 
f 11866 11865 13035 
f 12115 13039 13033 
f 13033 12113 12115 
f 11882 13032 13038 
f 13038 12151 11882 
f 13033 13040 12109 
f 12109 12113 13033 
f 13041 13031 11883 
f 11883 11869 13041 
f 12109 13040 13037 
f 13037 12112 12109 
f 13036 13041 11869 
f 11869 11866 13036 
f 13034 13042 12108 
f 12108 12105 13034 
f 13043 13035 11865 
f 11865 11862 13043 
f 13042 13044 13018 
f 13018 12108 13042 
f 13045 13043 11862 
f 11862 12100 13045 
f 13044 13046 12123 
f 12123 13018 13044 
f 13047 13045 12100 
f 12100 11859 13047 
f 12123 13046 13049 
f 13049 12120 12123 
f 13019 13048 13047 
f 13047 11859 13019 
f 12120 13049 13052 
f 13052 12119 12120 
f 12119 13052 13055 
f 13055 12150 12119 
f 13054 12168 11870 
f 11870 13053 13054 
f 13055 13056 12116 
f 12116 12150 13055 
f 11871 13057 13053 
f 13053 11870 11871 
f 13056 13039 12115 
f 12115 12116 13056 
f 12151 13038 13057 
f 13057 11871 12151 
f 13029 13058 12154 
f 12154 12161 13029 
f 13028 13029 12161 
f 12161 12160 13028 
f 13030 13028 12160 
f 12160 12141 13030 
f 12139 13059 12118 
f 12118 12114 12139 
f 12138 12139 12114 
f 12114 12110 12138 
f 12138 12110 12135 
f 12135 12137 12138 
f 13061 13060 12167 
f 12167 12168 13061 
f 13050 13061 12168 
f 12168 13054 13050 
f 13020 13061 13050 
f 13050 13051 13020 
f 13060 13061 13020 
f 13020 13021 13060 
f 13062 13060 13021 
f 13021 13027 13062 
f 13063 13062 13027 
f 13027 13026 13063 
f 13026 11795 13063 
f 11795 13024 13063 
f 13062 13063 13024 
f 13024 13023 13062 
f 13060 13062 13023 
f 13023 12167 13060 
f 13052 13050 13054 
f 13049 13048 13051 
f 13020 13051 13048 
f 13048 13019 13020 
f 12135 12136 12128 
f 12128 12154 12135 
f 12140 12137 13058 
f 13058 13029 12140 
f 12147 12142 12141 
f 12141 12160 12147 
f 12122 12157 12144 
f 12144 12121 12122 
f 12136 12145 12131 
f 12131 12128 12136 
f 12117 12142 12148 
f 12148 12149 12117 
f 12134 12145 12106 
f 12106 12107 12134 
f 12143 12132 12133 
f 12133 12124 12143 
f 12148 12146 12157 
f 12140 13030 13059 
f 13059 12139 12140 
f 13059 13030 12141 
f 12141 12118 13059 
f 12137 12135 12154 
f 12154 13058 12137 
f 11581 11582 11555 
f 11555 11592 11581 
f 11485 13064 11577 
f 11577 11578 11485 
f 12090 12069 12070 
f 12070 12085 12090 
f 12090 12085 12097 
f 12097 12098 12090 
f 11550 11547 11592 
f 11592 11556 11550 
f  4994  4993 11463 
f 11463 11464  4994 
f  5030 11545 13065 
f 13065  5029  5030 
f 13066 12076 12077 
f 12077 11562 13066 
f 12077 12078 11562 
f 12080 12078 12060 
f 12060 12061 12080 
f 12087 12088 13066 
f 13066 12091 12087 
f 12054 12087 12093 
f 12093 12073 12054 
f 12087 12054 12055 
f 12088 12076 13066 
f 12080 12094 12079 
f 13064 12083 12084 
f 12084 11577 13064 
f 11576 12095 12096 
f 12096 11548 11576 
f 13067 12081 12082 
f 12082 13068 13067 
f 12086 12092 12097 
f 12097 12085 12086 
f 11548 12096 12098 
f 12098 11547 11548 
f 13068 12082 12083 
f 12083 13064 13068 
f 11547 12098 12097 
f 12097 11592 11547 
f 11549 11550 13071 
f 11549 13071 13070 
f 11549 13070 13069 
f 13066 11562 11441 
f 11441 11481 13066 
f 13072 11578 11579 
f 11579 13073 13072 
f 13073 11579 11549 
f 11549 13069 13073 
f 11582 11583 11409 
f 12079 12094 12081 
f 12079 12081 13067 
f 11561 12079 13067 
f 12099 11561 13067 
f 13064 11485 11486 
f 11486 13068 13064 
f 13068 11486 11530 
f 11530 13067 13068 
f 11530 12099 13067 
f 11484 11485 11578 
f 11578 13072 11484 
f 11550 11556 11554 
f 11554 13074 13071 
f 11550 11554 13071 
f 11582 11409 11410 
f 11410 11555 11582 
f 11481 11482 12091 
f 12091 13066 11481 
f 11483 11484 11529 
f 11529 11489 11483 
f 11440 11483 11489 
f 11489 11439 11440 
f 11410 11411 11557 
f 11410 11557 11558 
f 11554 11410 11558 
f 13074 13070 13071 
f 11529 11484 13072 
f 13072 13075 11529 
f 13074 11554 11558 
f 13074 11558 13077 
f 13074 13077 13076 
f 13070 13074 13076 
f 13069 13070 13076 
f 13072 13073 13078 
f 13078 13075 13072 
f 13073 13069 13076 
f 13076 13079 13078 
f 13073 13076 13078 
f 11482 11479 11412 
f 11412 11409 11482 
f 13077 13079 13076 
f 13077 11405 11406 
f 11406 13079 13077 
f 11575 11487 13080 
f 11406 11510 13078 
f 13078 13079 11406 
f 11515 11405 13077 
f 13077 11558 11515 
f 11488 13080 11487 
f 11510 11528 13075 
f 13075 13078 11510 
f 11574 11517 11479 
f 11479 11480 11574 
f 11408 11551 13081 
f 11433 11443 11444 
f 11444 11559 11433 
f 11509 11407 11408 
f 11408 13081 11509 
f 11517 11477 11478 
f 11478 11434 11517 
f 11443 11478 11475 
f 11475 11442 11443 
f 11551 11408 11448 
f 11448 11445 11551 
f 11472 11473 11528 
f 11528 11510 11472 
f 11462 13080 11473 
f 11473 11461 11462 
f 13082 11573 13080 
f 13080 11462 13082 
f 11445 11446 13083 
f 13083 11571 11445 
f 11460 11461 11474 
f 11474 11540 11460 
f 11475 11476 11496 
f 11496 11519 11475 
f 13082 11516 11572 
f 11572 11573 13082 
f 11540 11474 11509 
f 11509 11539 11540 
f 11516 11476 11477 
f 11477 11572 11516 
f 11423 13082 11462 
f 11462 11459 11423 
f 11509 13081 13084 
f 13084 11539 11509 
f 11516 11424 11495 
f 11459 11460 13085 
f 13085 11422 11459 
f 11391 11571 13083 
f 13083 13086 11391 
f 11564 11552 11553 
f 11553 11392 11564 
f 13084 11552 11564 
f 11564 11567 13084 
f 11445 11571 11553 
f 11553 11551 11445 
f 13085 11460 11540 
f 11540 11537 13085 
f 11538 11539 13084 
f 13084 11567 11538 
f 11413 11421 11422 
f 11422 11527 11413 
f 11496 11425 11426 
f 11426 11519 11496 
f 11428 11425 11497 
f 11497 11414 11428 
f 13087 13085 11537 
f 11537 13088 13087 
f 11424 11421 11497 
f 11497 11495 11424 
f 11519 11426 13089 
f 13089 11518 11519 
f 11537 11538 13090 
f 13086 13089 13091 
f 11566 11567 11564 
f 11564 11565 11566 
f 11422 13085 13087 
f 13087 11527 11422 
f 11502 11393 11394 
f 11394 13092 11502 
f 11527 13087 13093 
f 13093 11526 11527 
f 11426 11427 13094 
f 13094 13089 11426 
f 11568 11566 13096 
f 13096 13095 11568 
f 13092 11394 13091 
f 13091 13097 13092 
f 13096 11566 11565 
f 11565 11503 13096 
f 13088 13090 13099 
f 13099 13098 13088 
f 11568 13095 13099 
f 13099 13090 11568 
f 11415 11416 13100 
f 13100 11436 11415 
f 11505 11502 13092 
f 13092 11536 11505 
f 13088 13098 13093 
f 13093 13087 13088 
f 13101 11536 13097 
f 13097 13102 13101 
f 11393 11502 11503 
f 11503 11565 11393 
f 11416 11526 13103 
f 13103 13100 11416 
f 11570 13096 11503 
f 11503 11504 11570 
f 11470 13104 13093 
f 13093 13098 11470 
f 11469 11470 13098 
f 13098 13099 11469 
f 13101 13106 11499 
f 11499 13105 13101 
f 13095 11512 11469 
f 11469 13099 13095 
f 11570 11512 13095 
f 13095 13096 11570 
f 13104 13103 11526 
f 11526 13093 13104 
f 11569 11570 11504 
f 11504 11430 11569 
f 11436 13100 11542 
f 11542 11534 11436 
f 11542 13100 13103 
f 13103 11541 11542 
f 11471 11513 11591 
f 11591 11458 11471 
f 11429 11430 11504 
f 11504 11505 11429 
f 11436 11534 11498 
f 11498 11435 11436 
f 11456 11541 13103 
f 13103 13104 11456 
f 11534 11542 11543 
f 11543 11533 11534 
f 13101 13105 11535 
f 11535 11536 13101 
f 11590 11569 11430 
f 11430 11431 11590 
f 13105 11499 11500 
f 11500 11450 13105 
f 11456 13104 11470 
f 11470 11455 11456 
f 13097 11536 13092 
f 11415 11437 11428 
f 11428 11414 11415 
f 11422 11423 11459 
f 11537 13090 13088 
f 13090 11538 11568 
f 11424 11516 13082 
f 13082 11423 11424 
f 11487 11575 11438 
f 11438 11439 11487 
f 11442 11518 13083 
f 13083 11446 11442 
f 11518 13089 13086 
f 13086 13083 11518 
f 13089 13094 13091 
f 13091 13094 13102 
f 13102 13097 13091 
f 11391 13086 13091 
f 13091 11394 11391 
f 13081 11551 11552 
f 11552 13084 13081 
f 11477 11517 11572 
f 11515 11447 11448 
f 11528 11529 13075 
f 11575 13080 11573 
f 11573 11574 11575 
f 11473 13080 11488 
f 11488 11528 11473 
f 11530 11440 11560 
f 11560 12099 11530 
f 11409 11583 12091 
f 12091 11482 11409 
f 12072 12073 12093 
f 12093 12086 12072 
f 12089 12095 12067 
f 12067 12068 12089 
f 12082 12064 12063 
f 12084 12065 12066 
f 11580 12091 11583 
f 12087 11580 12093 
f 11427 11514 13102 
f 13102 13094 11427 
f 13102 11514 13106 
f 13106 13101 13102 
f 11437 11435 13106 
f 13106 11514 11437 
f 13106 11435 11498 
f 11498 11499 13106 
f 11587 11431 11432 
f 11432 11586 11587 
f 11451 11432 11429 
f 11429 11535 11451 
f 11468 13107 11398 
f 13107 11458 11591 
f 11591 11589 13107 
f 13105 11450 11451 
f 11451 11535 13105 
f 11569 11590 11591 
f 11591 11513 11569 
f 11494 11590 11431 
f 11431 11587 11494 
f 11490 11588 11449 
f 11449 11511 11490 
f 11501 11452 11453 
f 11453 11500 11501 
f 11520 11492 11493 
f 11493 11491 11520 
f 11397 11398 13107 
f 13107 11589 11397 
f 11543 11524 11531 
f 11531 11533 11543 
f 11523 11524 11543 
f 11543 11544 11523 
f 11531 11452 11501 
f 11501 11533 11531 
f 11468 11523 11544 
f 11544 11457 11468 
f 11494 11492 11397 
f 11397 11589 11494 
f 13108 11395 11396 
f 11396 13109 13108 
f 11467 11395 13108 
f 13108 13110 11467 
f 11520 11396 11397 
f 11397 11492 11520 
f 11532 11563 11465 
f 11465 11466 11532 
f 11468 11467 11522 
f 11522 11523 11468 
f 11490 11491 11493 
f 11493 11588 11490 
f 11463 13111 13112 
f 13112 11466 11463 
f 11464 11465 11417 
f 11417 11584 11464 
f 11467 13110 13113 
f 13113 11522 11467 
f 11522 13113 11418 
f 11418 11419 11522 
f 13065 13110 13108 
f 13108 11401 13065 
f 13109 11400 11401 
f 11401 13108 13109 
f  4680 13114 11402 
f 11402  4983  4680 
f 11508 13115 11525 
f 11525 11507 11508 
f 11418 11546 11584 
f 11584 11417 11418 
f 11545 11546 11418 
f 11418 13113 11545 
f  4994 11464 11584 
f 11584 11585  4994 
f 13110 13065 11545 
f 11545 13113 13110 
f 13065 11401  5027 
f  5027  5029 13065 
f 13115 13111 11463 
f 11463  4993 13115 
f 11456 11457 11544 
f 11544 11541 11456 
f 11450 11500 11453 
f 11453 11449 11450 
f 11453 11454 11511 
f 11511 11449 11453 
f 11454 13112 11506 
f 11506 11511 11454 
f 13112 13111 11508 
f 11508 11506 13112 
f 11521 11404 13114 
f 13114 13116 11521 
f 13114  4680  4679 
f  4679 13116 13114 
f 11404 11402 13114 
f 11402 11403 11507 
f 11454 11532 11466 
f 11466 13112 11454 
f 11420 11563 11531 
f 11531 11524 11420 
f 11451 11449 11586 
f 11471 11458 11455 
f 11587 11493 11494 
f 11404 11520 11491 
f 11520 13109 11396 
f 11586 11449 11588 
f 11451 11586 11432 
f 11524 11419 11420 
f 13107 11468 11457 
f 11457 11458 13107 
f  4983 11402  5033 
f 11520 11521 13109 
f 13109 11521 13116 
f 13116 11400 13109 
f 11400 13116  4679 
f  4679 11399 11400 
f 13111 13115 11508 
f  4690  4691  4688 
f  4688  4689  4690 
f  4692  4693  4694 
f  4694  4695  4692 
f  4696  4697  4698 
f  4699  4700  4701 
f  4701  4702  4699 
f  4699  4703  4700 
f  4706  4707  4704 
f  4704  4705  4706 
f  4708  4707  4709 
f  4710  4711  4712 
f  4712  4713  4710 
f  4716  4717  4714 
f  4714  4715  4716 
f  4720  4721  4718 
f  4718  4719  4720 
f  4724  4725  4722 
f  4722  4723  4724 
f  4726  4727  4728 
f  4728  4729  4726 
f  4732  4733  4730 
f  4730  4731  4732 
f  4735  4705  4704 
f  4704  4734  4735 
f  4736  4737  4738 
f  4738  4739  4736 
f  4740  4700  4741 
f  4744  4745  4742 
f  4742  4743  4744 
f  4730  4748  4746 
f  4746  4747  4730 
f  4749  4750  4751 
f  4752  4753  4754 
f  4754  4755  4752 
f  4757  4758  4720 
f  4720  4756  4757 
f  4761  4762  4759 
f  4759  4760  4761 
f  4765  4766  4763 
f  4763  4764  4765 
f  4768  4769  4770 
f  4770  4767  4768 
f  4772  4773  4774 
f  4774  4771  4772 
f  4776  4777  4775 
f  4775  4731  4776 
f  4779  4780  4765 
f  4765  4778  4779 
f  4781  4782  4783 
f  4784  4785  4740 
f  4781  4786  4787 
f  4788  4789  4790 
f  4791  4792  4793 
f  4793  4794  4791 
f  4795  4796  4797 
f  4800  4801  4798 
f  4798  4799  4800 
f  4721  4804  4802 
f  4802  4803  4721 
f  4805  4806  4807 
f  4810  4811  4808 
f  4808  4809  4810 
f  4812  4813  4814 
f  4814  4815  4812 
f  4816  4817  4795 
f  4819  4689  4748 
f  4748  4818  4819 
f  4821  4724  4723 
f  4723  4820  4821 
f  4822  4823  4723 
f  4723  4722  4822 
f  4824  4813  4825 
f  4825  4826  4824 
f  4828  4829  4830 
f  4830  4827  4828 
f  4812  4832  4833 
f  4833  4831  4812 
f  4750  4749  4834 
f  4835  4836  4837 
f  4790  4789  4838 
f  5044  4717  4839 
f 13130  5066  5059 
f  5059 13124 13130 
f  4754  4841  4842 
f  4842  4843  4754 
f  4802  4844  4751 
f  4751  4845  4802 
f  4848  4849  4846 
f  4846  4847  4848 
f  4850  4851  4744 
f  4852  4853  4719 
f  4719  4718  4852 
f  5056  4854  4855 
f  4699  4856  4857 
f  4857  4703  4699 
f  4704  4707  4708 
f  4708  4789  4704 
f  4858  4768  4859 
f  4860  4693  4861 
f  4863  4864  4862 
f  4862  4839  4863 
f  4866  4864  4863 
f  4863  4865  4866 
f  4867  4696  4698 
f  4868  5045  4870 
f  4871  4872  4873 
f  4849  4848  4838 
f  4838  4708  4849 
f  4765  4764  4874 
f  4874  4778  4765 
f  4824  4875  4814 
f  4814  4813  4824 
f  4835  4837  4876 
f  4876  4877  4835 
f  4878  4879  4738 
f  4738  4737  4878 
f  4869  4747  4746 
f  4746  4880  4869 
f  4881  4880  4882 
f  5435  4883  4884 
f  4884  5434  5435 
f  4886  4887  4885 
f  4885  4877  4886 
f  4888  4889  4887 
f  4887  4886  4888 
f  5057  5061  5064 
f  5064  4855  5057 
f  4811  4891  4890 
f  4890  4808  4811 
f  4892  4893  4829 
f  4829  4828  4892 
f  4860  5278  1719 
f  1719  4670  4860 
f  4813  4812  4831 
f  4831  4825  4813 
f  4781  4787  4894 
f  4894  4782  4781 
f  4895  4896  4728 
f  4728  4727  4895 
f  4724  4897  4898 
f  4898  4899  4724 
f  4900  4901  4801 
f  4801  4800  4900 
f  4904  4905  4902 
f  4902  4903  4904 
f  4721  4720  4758 
f  4856  4763  4766 
f  4766  4857  4856 
f  4908  4909  4906 
f  4906  4907  4908 
f  4904  4903  4910 
f  4910  4706  4904 
f  4878  4911  4879 
f  4912  4913  4784 
f  4822  4888  4886 
f  4886  4823  4822 
f  4749  4751  4844 
f  4844  4914  4749 
f  4915  4916  4716 
f  4716  4715  4915 
f  4755  4865  4863 
f  4863  4916  4755 
f  4854  4919  4917 
f  4917  4918  4854 
f  4919  4854  5056 
f  5056  4920  4919 
f  4918  4851  4921 
f  4921  4855  4918 
f  4701  4700  4921 
f  4892  4828  4922 
f  4922  4745  4744 
f  4873  8955  8277 
f  4839  4862  4923 
f  4923  5044  4839 
f  4799  4807  4924 
f  4927  4928  4925 
f  4925  4926  4927 
f  4929  4926  4925 
f  4913  4930  5058 
f  5058  4840  4913 
f  4931  4932  4710 
f  4901  4933  4739 
f  4934  5323  4769 
f  4815  4935  4832 
f  4832  4812  4815 
f  4780  4936  4857 
f  4857  4766  4780 
f  4709  4937  4778 
f  4778  4874  4709 
f  4731  4730  4868 
f  4868  4776  4731 
f  4776  4868  4870 
f  4870  4938  4776 
f  4852  4718  4872 
f  4872  4871  4852 
f  4734  4704  4789 
f  4789  4939  4734 
f  4788  4940  4789 
f  4909  4847  4846 
f  4846  4906  4909 
f  4743  4742  4760 
f  4760  4759  4743 
f  4901  4816  4795 
f  4902  4905  4933 
f  4933  4901  4902 
f  4941  4844  4802 
f  4802  4804  4941 
f  4805  4942  4806 
f  4712  4711  4943 
f  4943  4944  4712 
f  4836  4885  4697 
f  4697  4945  4836 
f  4830  4946  4947 
f  4947  4827  4830 
f  4810  4870  5045 
f  4948  4869  4880 
f  4880  4881  4948 
f  4951  4952  4949 
f  4949  4950  4951 
f  4953  4892  4954 
f  4918  4917  4922 
f  4922  4851  4918 
f  4939  4955  4956 
f  4820  4723  4823 
f  4823  4877  4820 
f  4788  4896  4791 
f  4791  4940  4788 
f  4910  4903  4797 
f  4797  4957  4910 
f  4817  4796  4795 
f  5346  5347  4770 
f  4841  4958  4803 
f  4803  4842  4841 
f  4959  4938  4870 
f  4769  4768  4858 
f  4858  4934  4769 
f  4797  4858  4957 
f  4929  8956  5434 
f  4960  5436  4961 
f  4853  4963  4962 
f  4962  4719  4853 
f  4701  4921  4851 
f  4851  4850  4701 
f  4729  4728  4788 
f  4778  4937  4964 
f  4964  4779  4778 
f  4702  4850  4908 
f  4909  4743  4759 
f  4759  4847  4909 
f  4737  4734  4939 
f  4939  4956  4737 
f  4784  4913  4785 
f  4840  5057  4785 
f  4785  4913  4840 
f  4796  4817  4965 
f  4965  5323  4796 
f  4757  4697  4885 
f  4885  4887  4757 
f  4866  4966  4819 
f  4819  4864  4866 
f  4878  4931  4710 
f  4710  4713  4878 
f  4769  5323  5356 
f  4784  4741  4952 
f  4784  4952  4967 
f  4967  4968  4784 
f  4806  4969  4970 
f  4970  4807  4806 
f  4820  4799  4798 
f  4717  4716  4863 
f  4863  4839  4717 
f  4844  4941  4914 
f  4902  4901  4795 
f  4903  4902  4795 
f  4795  4797  4903 
f  4954  4892  4922 
f  4917  4954  4922 
f  4752  4915  4960 
f  4960  4961  4752 
f  4908  4850  4744 
f  4703  4857  4971 
f  4900  4816  4901 
f  4688  4691  4882 
f  4940  4972  4939 
f  4790  4838  4762 
f  4762  4761  4790 
f  4828  4827  4922 
f  4959  4809  5058 
f  4810  4809  4959 
f  4770  5347  4861 
f  4861  4767  4770 
f  4781  4783  4919 
f  4919  4786  4781 
f  4937  4706  4910 
f  4858  4797  4796 
f  4796  4934  4858 
f  4954  4917  4919 
f  4919  4783  4954 
f  4841  4754  4753 
f  4753  4973  4841 
f  4724  4821  4911 
f  4911  4897  4724 
f  4974  4786  4890 
f  4890  4891  4974 
f  4786  4919  4920 
f  4831  4833  4975 
f  4975  4976  4831 
f  4865  4755  4754 
f  4754  4843  4865 
f  4748  4730  4733 
f  4733  4818  4748 
f  4819  4966  4690 
f  4690  4689  4819 
f  4877  4885  4835 
f  4835  4885  4836 
f  4944  4894  4977 
f  4977  4898  4944 
f  4978  5067  4898 
f  4898  4979  4978 
f  4697  4696  4945 
f  4872  4718  4958 
f  4958  4973  4872 
f  4958  4841  4973 
f  4739  4801  4901 
f  5436  4960  4883 
f  4883  5435  5436 
f  4910  4957  4772 
f  4942  4805  4876 
f  4876  4837  4942 
f  4923  5055  5044 
f  4981  4982  4726 
f  4726  4729  4981 
f  4680  4983  4793 
f  4793  4792  4680 
f  4854  4918  4855 
f  4914  4725  4749 
f  4837  5370  4984 
f  4984  4942  4837 
f  4756  4720  4719 
f  4719  4962  4756 
f  4688  4880  4746 
f  4746  4689  4688 
f  4880  4688  4882 
f  4807  4970  4985 
f  4985  4986  4807 
f  4924  4807  4986 
f  4799  4924  4800 
f  4751  4966  4845 
f  4987  4988  4925 
f  4746  4748  4689 
f  4959  4870  4810 
f  4989  4775  5375 
f  5375  4990  4989 
f  4991  5376  4945 
f  4945  4696  4991 
f  4956  4931  4878 
f  4878  4737  4956 
f  4850  4702  4701 
f  4967  4952  4951 
f  4783  4782  4953 
f  4953  4954  4783 
f  4820  4877  4876 
f  4876  4799  4820 
f  4868  4730  4747 
f  4934  4796  5323 
f  4893  4992  4993 
f  4993  4994  4893 
f  4823  4886  4877 
f  4767  4861  4693 
f  4693  4692  4767 
f  4955  4932  4931 
f  4734  4737  4736 
f  4736  4735  4734 
f  4995  5370  4837 
f  4837  4836  4995 
f  4914  4822  4722 
f  4816  4996  4817 
f  4997  4996  4816 
f  4961  5436  8957 
f  4998  4913  4912 
f  4959  5058  4930 
f  4999  4988  5000 
f  5000  5001  4999 
f  4959  5003  5002 
f  5002  4938  4959 
f  4826  5384  5385 
f  5385  4951  4826 
f  4826  4825  5004 
f  5004  5384  4826 
f  4967  4951  5385 
f  5385  5005  4967 
f  5006     7  4935 
f  4935  4815  5006 
f  4861  5347  5278 
f  5278  4860  4861 
f  4992  4893  4892 
f  4892  4953  4992 
f  4932  5009  5007 
f  5007  5008  4932 
f  4998  5010  4930 
f  4930  4913  4998 
f  5010  5003  4959 
f  4959  4930  5010 
f  5391  5011  4998 
f  4998  4912  5391 
f  5010  4998  5011 
f  5011  5392  5010 
f  5003  5010  5392 
f  5392  5393  5003 
f  5002  5012  5013 
f  5013  4777  5002 
f  4950  4824  4826 
f  4826  4951  4950 
f  4950  5014  4875 
f  4875  4824  4950 
f  4922  4744  4851 
f  4766  4765  4780 
f  4811  4810  5046 
f  4811  4948  4891 
f  4881  4974  4891 
f  4891  4948  4881 
f  4974  4881  4882 
f  4882  4787  4974 
f  4762  4848  4847 
f  4847  4759  4762 
f  4848  4762  4838 
f  4949  4952  4741 
f  4907  4856  4699 
f  4699  4702  4907 
f  4763  4856  4907 
f  4907  4906  4763 
f  4846  4764  4763 
f  4763  4906  4846 
f  4849  4874  4764 
f  4764  4846  4849 
f  4708  4709  4874 
f  4874  4849  4708 
f  4971  4857  4936 
f  4695  4694  5015 
f  5015  5016  4695 
f  4694  5017  5018 
f  5018  5015  4694 
f  4988  4999  4929 
f  4929  4925  4988 
f  4929  8278  8956 
f  4731  4775  4989 
f  4989  4732  4731 
f  4732  4989  4980 
f  4980  4923  4732 
f  4955  4939  4972 
f  4972  5019  4955 
f  4932  4955  5019 
f  5019  5009  4932 
f  5008  5007  4992 
f  4992  4953  5008 
f  4788  4728  4896 
f  4706  4937  4709 
f  4709  4707  4706 
f  4908  4907  4702 
f  4706  4705  4904 
f  4735  4905  4904 
f  4904  4705  4735 
f  4736  4933  4905 
f  4905  4735  4736 
f  4933  4736  4739 
f  4789  4940  4939 
f  4986  4996  4997 
f  4997  4924  4986 
f  5020  5047  4696 
f  4696  4867  5020 
f  4962  4963  5020 
f  5020  4867  4962 
f  4816  4900  4997 
f  4800  4924  4997 
f  4997  4900  4800 
f  4967  5005  5402 
f  5402  4968  4967 
f  4884  4714  4927 
f  4927  4926  4884 
f  4884  4926  5434 
f  4863  4716  4916 
f  4961  8957  8955 
f  8955  4873  4961 
f  4732  4923  4862 
f  4862  4733  4732 
f  4818  4733  4862 
f  4862  4864  4818 
f  4818  4864  4819 
f  5002  4777  4776 
f  4776  4938  5002 
f  4941  4888  4822 
f  4822  4914  4941 
f  4889  4888  4941 
f  4941  4804  4889 
f  4805  4807  4799 
f  4799  4876  4805 
f  4927  4717  5044 
f  5044  4928  4927 
f  4925  4928  5050 
f  5050  5048  4925 
f  4883  4715  4714 
f  4714  4884  4883 
f  4961  4873  4753 
f  4753  4752  4961 
f  4960  4915  4715 
f  4715  4883  4960 
f  4915  4752  4755 
f  4755  4916  4915 
f  4873  4872  4973 
f  4973  4753  4873 
f  4714  4717  4927 
f  4889  4758  4757 
f  4757  4887  4889 
f  4721  4758  4889 
f  4889  4804  4721 
f  4803  4802  4842 
f  4842  4802  5021 
f  5021  4843  4842 
f  4865  4843  5021 
f  5021  4866  4865 
f  4721  4803  4958 
f  4958  4718  4721 
f  4820  5022  4821 
f  4821  5022  4879 
f  4879  4911  4821 
f  4798  5023  5022 
f  5022  4820  4798 
f  4739  4738  5023 
f  5023  4801  4739 
f  5008  4711  4710 
f  4710  4932  5008 
f  5008  4953  4943 
f  4943  4711  5008 
f  4943  4953  4782 
f  5022  5023  4738 
f  4738  4879  5022 
f  5023  4798  4801 
f  4784  4740  4741 
f  4784  4968  4912 
f  4968  5402  5391 
f  5391  4912  4968 
f  4871  4873  8277 
f  8277  5433  4871 
f  4852  4871  5433 
f  5433  8958  4852 
f  4852  8958  8280 
f  8280  4853  4852 
f  4853  8280  5432 
f  5432  4963  4853 
f  4963  5432  8959 
f  8959  5020  4963 
f  4756  4698  4697 
f  4697  4757  4756 
f  4867  4698  4756 
f  4756  4962  4867 
f  4925  5048  4987 
f  5048  5408  5025 
f  5025  4987  5048 
f  4922  4827  4745 
f  4745  4827  4947 
f  4947  4742  4745 
f  4760  4742  4947 
f  4947  4981  4760 
f  4729  4761  4760 
f  4760  4981  4729 
f  4761  4729  4790 
f  4790  4729  4788 
f  4909  4908  4744 
f  4986  4985  5026 
f  5026  4996  4986 
f  4727  4726  5027 
f  5027 11399  4727 
f  4794  4793  5028 
f  5028  5019  4794 
f  4895  4727 11399 
f 11399  4679  4895 
f  4726  4982  5029 
f  5029  5027  4726 
f  4680  4792  4895 
f  4895  4679  4680 
f  5007  5009 11525 
f 11525 13115  5007 
f  4993  4992  5007 
f  5007 13115  4993 
f  4982  4981  4947 
f  4947  4946  4982 
f  4893  4994 11585 
f 11585  4829  4893 
f 11585  4678  4830 
f  4830  4829 11585 
f  4678  5030  4946 
f  4946  4830  4678 
f  4946  5030  5029 
f  5029  4982  4946 
f  4693  4860  4670 
f  4670  5031  4693 
f  5017  4694  4693 
f  4693  5031  5017 
f     7  5006  5015 
f  5015  5018     7 
f  4815  4814  5032 
f  5032  5006  4815 
f 11525  5009  5019 
f  5019  5028 11525 
f  4793  4983  5033 
f  5033  5028  4793 
f  5028  5033 11525 
f  5019  4972  4794 
f  4791  4794  4972 
f  4972  4940  4791 
f  4789  4708  4838 
f  4977  4894  4787 
f  4782  4894  4944 
f  4944  4943  4782 
f  4898  4897  4712 
f  4712  4944  4898 
f  4897  4911  4713 
f  4713  4712  4897 
f  4713  4911  4878 
f  4931  4956  4955 
f  5034  5035  5036 
f  5036  5037  5034 
f  5037  5036  4771 
f  4771  4774  5037 
f  5006  5032  5016 
f  5016  5015  5006 
f  4875  4936  5032 
f  5032  4814  4875 
f  4936  5035  5034 
f  4768  4767  4859 
f  4859  4767  4692 
f  4692  4774  4773 
f  4773  4859  4692 
f  4780  5035  4936 
f  4780  4779  5036 
f  5036  5035  4780 
f  4999  8278  4929 
f  4896  4895  4792 
f  4792  4791  4896 
f  4769  5356  5346 
f  5346  4770  4769 
f  4991  4696  5047 
f  5047  5024  4991 
f  4836  4945  5376 
f  5376  4995  4836 
f  4988  4987  5025 
f  5025  5000  4988 
f  4825  4831  4976 
f  4976  5004  4825 
f  5002  5003  5393 
f  5393  5012  5002 
f  5375  4775  4777 
f  4777  5013  5375 
f  5040  4989  4990 
f  5047  5020  8959 
f  8959  8962  5047 
f  4817  4996  5026 
f  5026  4965  4817 
f  4969  4806  4942 
f  4942  4984  4969 
f  4976  4975  4671 
f  8279  8278  4999 
f  4999  5001  8279 
f  4744  4743  4909 
f  4774  4692  4695 
f  4695  5037  4774 
f  5037  4695  5016 
f  5016  5034  5037 
f  5034  5016  5032 
f  5032  4936  5034 
f  4936  4875  4971 
f  4875  5014  4971 
f  4971  5014  4703 
f  5014  4950  4949 
f  4949  4703  5014 
f  4949  4741  4700 
f  4700  4703  4949 
f  4700  4740  4921 
f  4740  4785  5057 
f  5057  4921  4740 
f  4921  5057  4855 
f  5056  4890  4920 
f  4920  4890  4786 
f  4786  4974  4787 
f  4964  4937  5039 
f  4937  4910  5039 
f  5039  4910  4772 
f  4772  4957  4773 
f  4957  4859  4773 
f  5036  4779  4964 
f  4964  4771  5036 
f  4964  5039  4772 
f  4772  4771  4964 
f  4859  4957  4858 
f  4979  4898  4977 
f  4977  4787  4882 
f  4882  4979  4977 
f  4979  4882  4978 
f  4834  4691  4690 
f  4690  4750  4834 
f  4690  4966  4751 
f  4751  4750  4690 
f  4866  5021  4845 
f  4845  4966  4866 
f  5021  4802  4845 
f  4691  4834  4978 
f  4978  4882  4691 
f  4749  5067  4978 
f  4978  4834  4749 
f  4899  4725  4724 
f  4914  4722  4725 
f  5418  5042  5043 
f  5043  5041  5418 
f  5418  5041 13142 
f 13142  5423  5418 
f  4990  5038  5040 
f  5040  4980  4989 
f  4923  4980  5055 
f  5055  5052  5044 
f  5051  4928  5044 
f  5044  5052  5051 
f  5051  5050  4928 
f  4869  5045  4868 
f  4868  4747  4869 
f  5045  5046  4810 
f  4869  4948  5046 
f  5046  5045  4869 
f  5046  4948  4811 
f  5434  4926  4929 
f  5446  5024  5047 
f  5047  8962  5446 
f  5041  5043  5048 
f  5048  5050  5041 
f  5043  5042  5408 
f  5408  5048  5043 
f  5423 13142  5049 
f  5049  5425  5423 
f  4980  5040  5054 
f  5054  5055  4980 
f  5040  5038  5053 
f  5053  5054  5040 
f  5425  5049  5054 
f  5054  5053  5425 
f  5049  5052  5055 
f  5055  5054  5049 
f 13132  5063  5062 
f  5062 13126 13132 
f 13124  5059  5065 
f  5065 13129 13124 
f  5060  5064 13131 
f 13131 13128  5060 
f  5061  5057  4840 
f  4840  5063  5061 
f  5058  5062  5063 
f  5063  4840  5058 
f  5064  5060  5056 
f  5056  4855  5064 
f  5059  4808  4890 
f  4890  5065  5059 
f  5060  5065  4890 
f  4890  5056  5060 
f  5062  5058  4809 
f  4809  5066  5062 
f  4808  5059  5066 
f  5066  4809  4808 
f 13128 13131 13127 
f 13131 13125 13127 
f 13125 13132 13127 
f 13132 13126 13127 
f 13130 13124 13127 
f  4749  4725  4899 
f  4899  5067  4749 
f  5067  4899  4898 
f  5070  5069  5068 
f  5068  5071  5070 
f  5072  5075  5074 
f  5074  5073  5072 
f  5076  5078  5077 
f  5079  5082  5081 
f  5081  5080  5079 
f  5079  5080  5083 
f  5086  5085  5084 
f  5084  5087  5086 
f  5088  5089  5087 
f  5090  5093  5092 
f  5092  5091  5090 
f  5096  5095  5094 
f  5094  5097  5096 
f  5100  5099  5098 
f  5098  5101  5100 
f  5104  5103  5102 
f  5102  5105  5104 
f  5106  5109  5108 
f  5108  5107  5106 
f  5112  5111  5110 
f  5110  5113  5112 
f  5115  5114  5084 
f  5084  5085  5115 
f  5116  5119  5118 
f  5118  5117  5116 
f  5120  5121  5080 
f  5124  5123  5122 
f  5122  5125  5124 
f  5110  5127  5126 
f  5126  5128  5110 
f  5129  5131  5130 
f  5132  5135  5134 
f  5134  5133  5132 
f  5137  5136  5100 
f  5100  5138  5137 
f  5141  5140  5139 
f  5139  5142  5141 
f  5145  5144  5143 
f  5143  5146  5145 
f  5148  5147  5150 
f  5150  5149  5148 
f  5152  5151  5154 
f  5154  5153  5152 
f  5156  5111  5155 
f  5155  5157  5156 
f  5159  5158  5145 
f  5145  5160  5159 
f  5161  5163  5162 
f  5164  5120  5165 
f  5161  5167  5166 
f  5168  5170  5169 
f  5171  5174  5173 
f  5173  5172  5171 
f  5175  5177  5176 
f  5180  5179  5178 
f  5178  5181  5180 
f  5101  5183  5182 
f  5182  5184  5101 
f  5185  5187  5186 
f  5190  5189  5188 
f  5188  5191  5190 
f  5192  5195  5194 
f  5194  5193  5192 
f  5196  5175  5197 
f  5199  5198  5128 
f  5128  5069  5199 
f  5201  5200  5103 
f  5103  5104  5201 
f  5202  5102  5103 
f  5103  5203  5202 
f  5204  5206  5205 
f  5205  5193  5204 
f  5208  5207  5210 
f  5210  5209  5208 
f  5192  5211  2386 
f  2386  4672  5192 
f  5130  5212  5129 
f  5213  5215  5214 
f  5170  5216  5169 
f  5217  5218  5097 
f  5134  5222  5221 
f  5221  5220  5134 
f  5182  5224  5131 
f  5131  5223  5182 
f  5227  5226  5225 
f  5225  5228  5227 
f  5229  5124  5230 
f  5231  5098  5099 
f  5099  5232  5231 
f  5233  5235  5234 
f  5079  5083  5237 
f  5237  5236  5079 
f  5084  5169  5088 
f  5088  5087  5084 
f  5238  5239  5148 
f  5240  5241  5073 
f  5243  5218  5242 
f  5242  5244  5243 
f  5246  5245  5243 
f  5243  5244  5246 
f  5247  5078  5076 
f  5248  5250  5249 
f  5251  5253  5252 
f  5228  5088  5216 
f  5216  5227  5228 
f  5145  5158  5254 
f  5254  5144  5145 
f  5204  5193  5194 
f  5194  5255  5204 
f  5213  5257  5256 
f  5256  5215  5213 
f  5258  5117  5118 
f  5118  5259  5258 
f  5261  5260  5126 
f  5126  5127  5261 
f  5262  5263  5260 
f  9325  5442  5265 
f  5265  5264  9325 
f  5267  5257  5266 
f  5266  5268  5267 
f  5269  5267  5268 
f  5268  5270  5269 
f  5271  5235  5273 
f  5273  5272  5271 
f  5191  5188  5274 
f  5274  5275  5191 
f  5276  5208  5209 
f  5209  5277  5276 
f  5240  5279  1719 
f  1719  5278  5240 
f  5193  5205  5211 
f  5211  5192  5193 
f  5161  5162  5280 
f  5280  5167  5161 
f  5281  5107  5108 
f  5108  5282  5281 
f  5104  5285  5284 
f  5284  5283  5104 
f  5286  5180  5181 
f  5181  5287  5286 
f  5290  5289  5288 
f  5288  5291  5290 
f  5101  5138  5100 
f  5236  5237  5146 
f  5146  5143  5236 
f  5294  5293  5292 
f  5292  5295  5294 
f  5290  5086  5296 
f  5296  5289  5290 
f  5258  5259  5297 
f  5298  5164  5299 
f  5202  5203  5267 
f  5267  5269  5202 
f  5129  5300  5223 
f  5223  5131  5129 
f  5301  5095  5096 
f  5096  5302  5301 
f  5135  5302  5243 
f  5243  5245  5135 
f  5234  5304  5303 
f  5303  5305  5234 
f  5305  5306  5233 
f  5233  5234  5305 
f  5304  5235  5307 
f  5307  5230  5304 
f  5081  5307  5080 
f  5276  5308  5208 
f  5308  5124  5125 
f  5253  5440  9436 
f  5218  5217  5309 
f  5309  5242  5218 
f  5179  5310  5187 
f  5313  5312  5311 
f  5311  5314  5313 
f  5315  5311  5312 
f  5299  5317  5316 
f  5316  5318  5299 
f  5319  5090  5320 
f  5287  5119  5321 
f  5322  5149  5323 
f  5195  5192  4672 
f  4672  4673  5195 
f  5160  5146  5237 
f  5237  5324  5160 
f  5089  5254  5158 
f  5158  5325  5089 
f  5111  5156  5248 
f  5248  5110  5111 
f  5156  5326  5250 
f  5250  5248  5156 
f  5231  5251  5252 
f  5252  5098  5231 
f  5114  5327  5169 
f  5169  5084  5114 
f  5168  5169  5328 
f  5295  5292  5225 
f  5225  5226  5295 
f  5123  5139  5140 
f  5140  5122  5123 
f  5287  5175  5196 
f  5288  5287  5321 
f  5321  5291  5288 
f  5329  5184  5182 
f  5182  5223  5329 
f  5185  5186  5330 
f  5092  5332  5331 
f  5331  5091  5092 
f  5214  5333  5077 
f  5077  5266  5214 
f  5210  5207  5335 
f  5335  5334  5210 
f  5190  5249  5250 
f  5336  5262  5260 
f  5260  5261  5336 
f  5339  5338  5337 
f  5337  5340  5339 
f  5341  5342  5276 
f  5304  5230  5308 
f  5308  5303  5304 
f  5327  5344  5343 
f  5200  5257  5203 
f  5203  5103  5200 
f  5168  5328  5171 
f  5171  5282  5168 
f  5296  5345  5177 
f  5177  5289  5296 
f  5197  5175  5176 
f  5346  5150  5347 
f  5220  5221  5183 
f  5183  5348  5220 
f  5349  5250  5326 
f  5149  5322  5238 
f  5238  5148  5149 
f  5177  5345  5238 
f  5315  5442  5441 
f  5350  5351  5444 
f  5232  5099  5352 
f  5352  5353  5232 
f  5081  5229  5230 
f  5230  5307  5081 
f  5109  5168  5108 
f  5158  5159  5354 
f  5354  5325  5158 
f  5082  5294  5229 
f  5295  5226  5139 
f  5139  5123  5295 
f  5117  5344  5327 
f  5327  5114  5117 
f  5164  5165  5299 
f  5317  5299  5165 
f  5165  5271  5317 
f  5176  5323  4965 
f  4965  5197  5176 
f  5137  5268  5266 
f  5266  5077  5137 
f  5246  5244  5199 
f  5199  5355  5246 
f  5258  5093  5090 
f  5090  5319  5258 
f  5149  5356  5323 
f  5164  5340  5121 
f  5164  5358  5357 
f  5357  5340  5164 
f  5186  5187  4970 
f  4970  4969  5186 
f  5200  5178  5179 
f  5097  5218  5243 
f  5243  5096  5097 
f  5223  5300  5329 
f  5288  5175  5287 
f  5289  5177  5175 
f  5175  5288  5289 
f  5342  5308  5276 
f  5303  5308  5342 
f  5132  5351  5350 
f  5350  5301  5132 
f  5294  5124  5229 
f  5083  5359  5237 
f  5286  5287  5196 
f  5068  5263  5071 
f  5328  5327  5360 
f  5170  5141  5142 
f  5142  5216  5170 
f  5208  5308  5207 
f  5349  5316  5189 
f  5190  5349  5189 
f  5150  5147  5241 
f  5241  5347  5150 
f  5161  5166  5305 
f  5305  5163  5161 
f  5325  5296  5086 
f  5238  5322  5176 
f  5176  5177  5238 
f  5342  5163  5305 
f  5305  5303  5342 
f  5220  5361  5133 
f  5133  5134  5220 
f  5104  5283  5297 
f  5297  5201  5104 
f  5362  5275  5274 
f  5274  5166  5362 
f  5166  5306  5305 
f  5211  4976  2385 
f  2385  2386  5211 
f  5245  5222  5134 
f  5134  5135  5245 
f  5128  5198  5113 
f  5113  5110  5128 
f  5199  5069  5070 
f  5070  5355  5199 
f  5257  5213  5266 
f  5213  5214  5266 
f  5332  5284  5363 
f  5363  5280  5332 
f  5364  5366  5284 
f  5284  5365  5364 
f  5077  5333  5076 
f  5252  5361  5348 
f  5348  5098  5252 
f  5348  5361  5220 
f  5119  5287  5181 
f  5444  9325  5264 
f  5264  5350  5444 
f  5296  5152  5345 
f  5330  5215  5256 
f  5256  5185  5330 
f  5309  5217  5367 
f  5368  5109  5106 
f  5106  5369  5368 
f  4684  5172  5173 
f  5173  4685  4684 
f  5234  5235  5304 
f  5300  5129  5105 
f  5215  5330  4984 
f  4984  5370  5215 
f  5136  5352  5099 
f  5099  5100  5136 
f  5068  5069  5126 
f  5126  5260  5068 
f  5260  5263  5068 
f  5187  5371  4985 
f  4985  4970  5187 
f  5310  5371  5187 
f  5179  5180  5310 
f  5131  5224  5355 
f  5372  5311  5373 
f  5126  5069  5128 
f  5349  5190  5250 
f  5374  4990  5375 
f  5375  5155  5374 
f  4991  5076  5333 
f  5333  5376  4991 
f  5344  5117  5258 
f  5258  5319  5344 
f  5229  5081  5082 
f  5357  5339  5340 
f  5163  5342  5341 
f  5341  5162  5163 
f  5200  5179  5256 
f  5256  5257  5200 
f  5248  5127  5110 
f  5322  5323  5176 
f  5277 11388  4687 
f  4687  5377  5277 
f  5203  5257  5267 
f  5147  5072  5073 
f  5073  5241  5147 
f  5343  5319  5320 
f  5114  5115  5116 
f  5116  5117  5114 
f  4995  5214  5215 
f  5215  5370  4995 
f  5300  5102  5202 
f  5196  5197  5378 
f  5379  5196  5378 
f  5351  5443  5444 
f  5380  5298  5299 
f  5349  5318  5316 
f  5381  5001  5000 
f  5000  5373  5381 
f  5349  5326  5382 
f  5382  5383  5349 
f  5206  5339  5385 
f  5385  5384  5206 
f  5206  5384  5004 
f  5004  5205  5206 
f  5357  5005  5385 
f  5385  5339  5357 
f  5386  5195  4673 
f  4673  4674  5386 
f  5241  5240  5278 
f  5278  5347  5241 
f  5377  5341  5276 
f  5276  5277  5377 
f  5320  5388  5387 
f  5387  5389  5320 
f  5380  5299  5318 
f  5318  5390  5380 
f  5390  5318  5349 
f  5349  5383  5390 
f  5391  5298  5380 
f  5380  5011  5391 
f  5390  5392  5011 
f  5011  5380  5390 
f  5383  5393  5392 
f  5392  5390  5383 
f  5382  5157  5013 
f  5013  5012  5382 
f  5338  5339  5206 
f  5206  5204  5338 
f  5338  5204  5255 
f  5255  5394  5338 
f  5308  5230  5124 
f  5146  5160  5145 
f  5191  5395  5190 
f  5191  5275  5336 
f  5262  5336  5275 
f  5275  5362  5262 
f  5362  5167  5263 
f  5263  5262  5362 
f  5142  5139  5226 
f  5226  5227  5142 
f  5227  5216  5142 
f  5337  5121  5340 
f  5293  5082  5079 
f  5079  5236  5293 
f  5143  5292  5293 
f  5293  5236  5143 
f  5225  5292  5143 
f  5143  5144  5225 
f  5228  5225  5144 
f  5144  5254  5228 
f  5088  5228  5254 
f  5254  5089  5088 
f  5359  5324  5237 
f  5075  5397  5396 
f  5396  5074  5075 
f  5074  5396  4675 
f  4675  4676  5074 
f  5373  5311  5315 
f  5315  5381  5373 
f  5315  5441  5445 
f  5111  5112  5374 
f  5374  5155  5111 
f  5112  5309  5398 
f  5398  5374  5112 
f  5343  5399  5360 
f  5360  5327  5343 
f  5320  5389  5399 
f  5399  5343  5320 
f  5388  5341  5377 
f  5377  5387  5388 
f  5168  5282  5108 
f  5086  5087  5089 
f  5089  5325  5086 
f  5294  5082  5293 
f  5086  5290  5085 
f  5115  5085  5290 
f  5290  5291  5115 
f  5116  5115  5291 
f  5291  5321  5116 
f  5321  5119  5116 
f  5169  5327  5328 
f  5371  5310  5379 
f  5379  5378  5371 
f  5400  5247  5076 
f  5076  5401  5400 
f  5352  5247  5400 
f  5400  5353  5352 
f  5196  5379  5286 
f  5180  5286  5379 
f  5379  5310  5180 
f  5357  5358  5402 
f  5402  5005  5357 
f  5265  5312  5313 
f  5313  5094  5265 
f  5265  5442  5312 
f  5243  5302  5096 
f  5351  5253  9436 
f  9436  5443  5351 
f  5112  5113  5242 
f  5242  5309  5112 
f  5198  5244  5242 
f  5242  5113  5198 
f  5198  5199  5244 
f  5382  5326  5156 
f  5156  5157  5382 
f  5329  5300  5202 
f  5202  5269  5329 
f  5270  5184  5329 
f  5329  5269  5270 
f  5185  5256  5179 
f  5179  5187  5185 
f  5313  5314  5217 
f  5217  5097  5313 
f  5311  5404  5403 
f  5403  5314  5311 
f  5264  5265  5094 
f  5094  5095  5264 
f  5351  5132  5133 
f  5133  5253  5351 
f  5350  5264  5095 
f  5095  5301  5350 
f  5301  5302  5135 
f  5135  5132  5301 
f  5253  5133  5361 
f  5361  5252  5253 
f  5094  5313  5097 
f  5270  5268  5137 
f  5137  5138  5270 
f  5101  5184  5270 
f  5270  5138  5101 
f  5183  5221  5182 
f  5221  5222  5405 
f  5405  5182  5221 
f  5245  5246  5405 
f  5405  5222  5245 
f  5101  5098  5348 
f  5348  5183  5101 
f  5200  5201  5406 
f  5201  5297  5259 
f  5259  5406  5201 
f  5178  5200  5406 
f  5406  5407  5178 
f  5119  5181  5407 
f  5407  5118  5119 
f  5388  5320  5090 
f  5090  5091  5388 
f  5388  5091  5331 
f  5331  5341  5388 
f  5331  5162  5341 
f  5406  5259  5118 
f  5118  5407  5406 
f  5407  5181  5178 
f  5164  5121  5120 
f  5164  5298  5358 
f  5358  5298  5391 
f  5391  5402  5358 
f  5251  5439  5440 
f  5440  5253  5251 
f  5231  5437  5439 
f  5439  5251  5231 
f  5231  5232  5438 
f  5438  5437  5231 
f  5232  5353  9427 
f  9427  5438  5232 
f  5353  5400  9426 
f  9426  9427  5353 
f  5136  5137  5077 
f  5077  5078  5136 
f  5247  5352  5136 
f  5136  5078  5247 
f  5311  5372  5404 
f  5404  5372  5025 
f  5025  5408  5404 
f  5308  5125  5207 
f  5125  5122  5335 
f  5335  5207  5125 
f  5140  5368  5335 
f  5335  5122  5140 
f  5109  5368  5140 
f  5140  5141  5109 
f  5141  5170  5109 
f  5170  5168  5109 
f  5295  5124  5294 
f  5371  5378  5026 
f  5026  4985  5371 
f  5107  4681  4682 
f  4682  5106  5107 
f  5174  5399  5409 
f  5409  5173  5174 
f  5281  4683  4681 
f  4681  5107  5281 
f  5106  4682  5410 
f  5410  5369  5106 
f  4684  4683  5281 
f  5281  5172  4684 
f  5387 11386  4686 
f  4686  5389  5387 
f  4687 11386  5387 
f  5387  5377  4687 
f  5369  5334  5335 
f  5335  5368  5369 
f  5277  5209 11387 
f 11387 11388  5277 
f 11387  5209  5210 
f  5210 11389 11387 
f 11389  5210  5334 
f  5334 11385 11389 
f  5334  5369  5410 
f  5410 11385  5334 
f  5073  4677  5279 
f  5279  5240  5073 
f  4676  4677  5073 
f  5073  5074  4676 
f  4674  4675  5396 
f  5396  5386  4674 
f  5195  5386  5411 
f  5411  5194  5195 
f  4686  5409  5399 
f  5399  5389  4686 
f  5173  5409 11390 
f 11390  4685  5173 
f  5409  4686 11390 
f  5399  5174  5360 
f  5171  5328  5360 
f  5360  5174  5171 
f  5169  5216  5088 
f  5363  5167  5280 
f  5162  5331  5332 
f  5332  5280  5162 
f  5284  5332  5092 
f  5092  5283  5284 
f  5283  5092  5093 
f  5093  5297  5283 
f  5093  5258  5297 
f  5319  5343  5344 
f  5412  5415  5414 
f  5414  5413  5412 
f  5415  5154  5151 
f  5151  5414  5415 
f  5386  5396  5397 
f  5397  5411  5386 
f  5255  5194  5411 
f  5411  5324  5255 
f  5324  5412  5413 
f  5148  5239  5147 
f  5239  5072  5147 
f  5072  5239  5153 
f  5153  5154  5072 
f  5160  5324  5413 
f  5160  5413  5414 
f  5414  5159  5160 
f  5381  5315  5445 
f  5282  5171  5172 
f  5172  5281  5282 
f  5149  5150  5346 
f  5346  5356  5149 
f  4991  5024  5401 
f  5401  5076  4991 
f  5214  4995  5376 
f  5376  5333  5214 
f  5373  5000  5025 
f  5025  5372  5373 
f  5205  5004  4976 
f  4976  5211  5205 
f  5382  5012  5393 
f  5393  5383  5382 
f  5375  5013  5157 
f  5157  5155  5375 
f  5416  4990  5374 
f  5401  9657  9426 
f  9426  5400  5401 
f  5197  4965  5026 
f  5026  5378  5197 
f  4969  4984  5330 
f  5330  5186  4969 
f  4976  4671  2385 
f  8279  5001  5381 
f  5381  5445  8279 
f  5124  5295  5123 
f  5154  5415  5075 
f  5075  5072  5154 
f  5415  5412  5397 
f  5397  5075  5415 
f  5412  5324  5411 
f  5411  5397  5412 
f  5324  5359  5255 
f  5255  5359  5394 
f  5359  5083  5394 
f  5394  5083  5337 
f  5337  5338  5394 
f  5337  5083  5080 
f  5080  5121  5337 
f  5080  5307  5120 
f  5120  5307  5271 
f  5271  5165  5120 
f  5307  5235  5271 
f  5233  5306  5274 
f  5306  5166  5274 
f  5166  5167  5362 
f  5354  5417  5325 
f  5325  5417  5296 
f  5417  5152  5296 
f  5152  5153  5345 
f  5345  5153  5239 
f  5414  5151  5354 
f  5354  5159  5414 
f  5354  5151  5152 
f  5152  5417  5354 
f  5239  5238  5345 
f  5366  5363  5284 
f  5363  5366  5263 
f  5263  5167  5363 
f  5366  5364  5263 
f  5212  5130  5070 
f  5070  5071  5212 
f  5070  5130  5131 
f  5131  5355  5070 
f  5246  5355  5224 
f  5224  5405  5246 
f  5405  5224  5182 
f  5071  5263  5364 
f  5364  5212  5071 
f  5129  5212  5364 
f  5364  5365  5129 
f  5285  5104  5105 
f  5300  5105  5102 
f  5421  5042  5418 
f  5418  5422  5421 
f 13143  5422  5418 
f  5418  5423 13143 
f  4990  5416  5038 
f  5416  5374  5398 
f  5309  5367  5398 
f  5367  5217  5419 
f  5420  5217  5314 
f  5217  5420  5419 
f  5420  5314  5403 
f  5261  5127  5248 
f  5248  5249  5261 
f  5249  5190  5395 
f  5261  5249  5395 
f  5395  5336  5261 
f  5395  5191  5336 
f  5442  5315  5312 
f  5446  9657  5401 
f  5401  5024  5446 
f  5422  5403  5404 
f  5404  5421  5422 
f  5421  5404  5408 
f  5408  5042  5421 
f  5423  5425  5424 
f  5424 13143  5423 
f  5398  5367  5426 
f  5426  5416  5398 
f  5416  5426  5053 
f  5053  5038  5416 
f  5425  5053  5426 
f  5426  5424  5425 
f  5424  5426  5367 
f  5367  5419  5424 
f  5429 13133 13139 
f 13139  5428  5429 
f  5430 13135 13141 
f 13141  5273  5430 
f  5273 13141 13134 
f 13134  5272  5273 
f  5427 13140 13137 
f 13137  5431  5427 
f  5272  5427  5317 
f  5317  5271  5272 
f  5316  5317  5427 
f  5427  5431  5316 
f  5273  5235  5233 
f  5233  5430  5273 
f  5429  5428  5274 
f  5274  5188  5429 
f  5430  5233  5274 
f  5274  5428  5430 
f  5431  5219  5189 
f  5189  5316  5431 
f  5188  5189  5219 
f  5219  5429  5188 
f 13136 13141 13135 
f 13136 13137 13140 
f 13136 13133 13138 
f 13136 13139 13133 
f  5129  5365  5285 
f  5285  5105  5129 
f  5365  5284  5285 
f 13124 13129 13127 
f 13131  5064  5061 
f  5061 13125 13131 
f 13126 13130 13127 
f  5060 13128 13129 
f 13129  5065  5060 
f 13129 13128 13127 
f 13126  5062  5066 
f  5066 13130 13126 
f 13125  5061  5063 
f  5063 13132 13125 
f  5219 13138 13133 
f 13133  5429  5219 
f 13136 13140 13134 
f 13140  5427  5272 
f  5272 13134 13140 
f  5428 13139 13135 
f 13135  5430  5428 
f 13136 13138 13137 
f 13138  5219  5431 
f  5431 13137 13138 
f 13136 13135 13139 
f 13136 13134 13141 
f  5050  5051 13142 
f 13142  5041  5050 
f  5049 13142  5051 
f  5051  5052  5049 
f  5424  5419  5420 
f  5420 13143  5424 
f  5420  5403  5422 
f  5422 13143  5420 
f  7588  7589  7586 
f  7586  7587  7588 
f  7592  7593  7590 
f  7590  7591  7592 
f  7595  7586  7589 
f  7589  7594  7595 
f  7597  7598  7599 
f  7599  7596  7597 
f  7600  7601  7602 
f  7602  7603  7600 
f  7605  7606  7604 
f  7604  7593  7605 
f  7609  7610  7607 
f  7607  7608  7609 
f  7612  7613  7814 
f  7814  7813  7612 
f  7614  7615  7898 
f  7898  7882  7614 
f  7618  7590  7616 
f  7616  7617  7618 
f  7621  7622  7619 
f  7619  7620  7621 
f  7623  7624  7625 
f  7626  7627  7628 
f  7629  7630  7603 
f  7633  7634  7631 
f  7631  7632  7633 
f  7635  7636  7896 
f  7896  7897  7635 
f  7637  7610  7638 
f  7640  7641  7642 
f  7643  7991  7992 
f  7992  7644  7643 
f  7646  7647  7648 
f  7648  7645  7646 
f  7651  7652  7649 
f  7649  7650  7651 
f  7655  7656  7653 
f  7653  7654  7655 
f  1220  7657  7658 
f  7661  7662  7659 
f  7659  7660  7661 
f  7665  7666  7663 
f  7663  7664  7665 
f  8017  8018  7668 
f  7668  7667  8017 
f  7671  7672  7669 
f  7669  7670  7671 
f  7675  7635  7673 
f  7673  7674  7675 
f  7622  7663  7676 
f  7676  7677  7622 
f  7678  7925  7679 
f  7682  7683  7680 
f  7680  7681  7682 
f  7648  7684  7685 
f  7687  7859  7901 
f  7901  7686  7687 
f  7713  7688  7768 
f  7689  7690  7816 
f  7816  7819  7689 
f  7680  7693  7691 
f  7691  7692  7680 
f  8018  8051  7694 
f  7694  7668  8018 
f  7696  7697  7695 
f  7695  7667  7696 
f  7667  7695  8056 
f  8056  8017  7667 
f  7700  7618  7698 
f  7698  7699  7700 
f  7632  7702  7701 
f  7701  7633  7632 
f  7705  7706  7703 
f  7703  7704  7705 
f  7617  7707  7708 
f  7685  7684  7672 
f  7672  7671  7685 
f  7709  7685  7710 
f  7710  7689  7709 
f  7692  7712  7711 
f  7711  7680  7692 
f  7913  7914  7714 
f  7714  7713  7913 
f  7717  7718  7715 
f  7715  7716  7717 
f  7608  7719  7609 
f  7721  7651  7650 
f  7650  7720  7721 
f  7613  7796  7814 
f  7704  7703  7694 
f  7694  7722  7704 
f  7652  7651  7677 
f  7677  7676  7652 
f  7664  7621  7723 
f  7637  7607  7610 
f  7696  7726  7724 
f  7724  7725  7696 
f  7712  7692  7727 
f  7727  7728  7712 
f  7653  7723  7621 
f  7621  7620  7653 
f  7839  7639  7691 
f  7691  7693  7839 
f  7729  7679  7925 
f  7925  1955  7729 
f  7622  7730  7619 
f  7732  7619  7730 
f  7730  7731  7732 
f  7735  7736  7733 
f  7733  7734  7735 
f  7671  7737  7710 
f  7710  7685  7671 
f  7736  7735  7738 
f  7738  7739  7736 
f  7740  7741  7601 
f  7647  7646  7742 
f  7744  7702  7632 
f  7632  7743  7744 
f  7745  7746  7607 
f  7607  7637  7745 
f  7747  7748  7631 
f  7631  7634  7747 
f  7605  7593  7592 
f  7592  7749  7605 
f  7752  7753  7750 
f  7750  7751  7752 
f  7756  7757  7754 
f  7754  7755  7756 
f  7759  7760  7737 
f  7737  7758  7759 
f  7761  7627  7626 
f  7626  7717  7761 
f  7726  7696  7667 
f  7667  7668  7726 
f  7597  7764  7762 
f  7762  7763  7597 
f  7688  7661  7765 
f  7765  7768  7688 
f  7766  7767  7714 
f  7714  7846  7766 
f  7654  7658  7657 
f  7657  7655  7654 
f  7912  7913  7713 
f  7713  7768  7912 
f  7621  7664  7663 
f  7663  7622  7621 
f  7769  7589  7588 
f  7771  7665  7606 
f  7606  7770  7771 
f  7746  7772  7608 
f  7608  7607  7746 
f  7598  7773  7774 
f  7774  7599  7598 
f  7672  7684  7775 
f  7775  7776  7672 
f  7646  7796  7613 
f  7613  7777  7646 
f  7625  7600  7778 
f  7779  7684  7648 
f  7648  7647  7779 
f  7779  7647  7742 
f  7656  7616  7723 
f  7723  7653  7656 
f  7591  7781  7780 
f  7780  7592  7591 
f  7705  7890  7806 
f  7806  7897  7705 
f  7782  7783  7784 
f  7784  7785  7782 
f  7626  7786  7718 
f  7763  7787  7598 
f  7598  7597  7763 
f  7696  7725  7788 
f  7788  7697  7696 
f  7651  7721  7789 
f  7789  7677  7651 
f  7707  7655  7657 
f  7657  7678  7707 
f  7778  7600  7603 
f  7674  7790  7675 
f  7660  7700  7699 
f  7600  7625  7791 
f  7733  7659  7662 
f  7662  7734  7733 
f  7792  7749  7592 
f  7592  7780  7792 
f  7692  7691  7793 
f  7638  7610  8157 
f  7617  7616  7656 
f  7795  7796  7797 
f  7797  7794  7795 
f  7706  7724  7726 
f  7726  7703  7706 
f  7845  7844  7799 
f  7799  7798  7845 
f  7740  7803  7802 
f  7802  7741  7740 
f  7804  7805  7799 
f  7799  7844  7804 
f  7594  7589  7807 
f  7807  7808  7594 
f  7811  7615  7809 
f  7809  7810  7811 
f  7604  7606  7665 
f  7665  7664  7604 
f  7800  7793  7691 
f  7691  7639  7800 
f  7724  7812  7813 
f  7813  7725  7724 
f  7626  7628  7786 
f  7813  7814  7788 
f  7788  7725  7813 
f  7772  7783  7782 
f  7782  7815  7772 
f  7618  7617  7708 
f  7708  7698  7618 
f  7790  7777  7613 
f  7613  7612  7790 
f  7817  7818  7819 
f  7819  7816  7817 
f  7709  7689  7819 
f  7819  7785  7709 
f  7681  7775  7779 
f  7777  7742  7646 
f  7742  7682  7681 
f  7681  7779  7742 
f  7792  7595  7820 
f  7820  7821  7792 
f  7778  7627  7822 
f  7642  7641  7810 
f  7737  7671  7670 
f  7670  7758  7737 
f  7804  7844  7893 
f  7756  7750  7753 
f  7753  7757  7756 
f  7823  7824  7605 
f  7605  7749  7823 
f  7601  7600  7791 
f  7717  7626  7718 
f  7675  7636  7635 
f  7820  7595  7594 
f  7594  7825  7820 
f  7810  7824  7823 
f  7823  7642  7810 
f  7818  7782  7785 
f  7785  7819  7818 
f  7676  7663  7666 
f  7666  7826  7676 
f  7693  7680  7683 
f  7683  7827  7693 
f  7828  7860  7859 
f  7859  7687  7828 
f  7829  7744  7743 
f  7743  7830  7829 
f  7919  7918  7831 
f  7831  7801  7919 
f  7703  7726  7668 
f  7668  7694  7703 
f  7832  7673  7635 
f  7635  7838  7832 
f  7674  7673  7827 
f  7827  7683  7674 
f  7708  7834  7833 
f  7833  7698  7708 
f  7699  7698  7833 
f  7833  7765  7699 
f  7765  7661  7660 
f  7660  7699  7765 
f  7680  7711  7681 
f  7684  7779  7775 
f  7728  7835  7776 
f  7776  7712  7728 
f  7612  7675  7790 
f  7789  7730  7622 
f  7622  7677  7789 
f  7619  7732  7836 
f  7836  7620  7619 
f  7620  7836  7654 
f  7654  7653  7620 
f  7834  7837  7679 
f  7679  7729  7834 
f  7834  7708  7837 
f  7707  7678  7837 
f  7837  7708  7707 
f  7692  7793  7727 
f  7840  7841  7721 
f  7721  7720  7840 
f  7842  7789  7721 
f  7721  7841  7842 
f  1955    63  7843 
f  7843  7729  1955 
f  1353  7920  7844 
f  7844  7845  1353 
f  7887  7704  7722 
f  7722  7891  7887 
f  1352  1353  7845 
f  7845  7846  1352 
f  7804  7893  7892 
f  7892  7894  7804 
f  7849  7850  7847 
f  7847  7848  7849 
f  7769  7588  7739 
f  7587  7781  7851 
f  7851  7733  7587 
f  7661  7688  7767 
f  7767  7662  7661 
f  7766  7734  7662 
f  7662  7767  7766 
f  7735  7734  7766 
f  7766  7798  7735 
f  7735  7798  7799 
f  7799  7738  7735 
f  7852  8215  8216 
f  8216  7853  7852 
f  1220  7658  7854 
f  7854  7917  1220 
f  7805  7899  7860 
f  7860  7828  7805 
f  7799  7805  7828 
f  7828  7738  7799 
f  7828  7687  7739 
f  7739  7738  7828 
f  7590  7618  7700 
f  7700  7591  7590 
f  7851  7781  7591 
f  7591  7700  7851 
f  7587  7733  7736 
f  7736  7588  7587 
f  7588  7736  7739 
f  7769  7739  7687 
f  7604  7664  7723 
f  7723  7616  7604 
f  7589  7769  7807 
f  7853  7856  7855 
f  7855  7852  7853 
f  7899  7805  7804 
f  7804  7894  7899 
f  7857  7858  7847 
f  7847  7850  7857 
f  7855  7859  7860 
f  7860  7849  7855 
f  7686  7769  7687 
f  7780  7781  7587 
f  7587  7586  7780 
f  7855  7849  7848 
f  7848  7852  7855 
f  7992  8224  7701 
f  7701  7644  7992 
f  7717  7716  7861 
f  7861  7761  7717 
f  7623  7863  7862 
f  7862  7624  7623 
f  7624  7862  7864 
f  7864  7865  7624 
f  7866  7867  7802 
f  7802  7803  7866 
f  7643  7764  7868 
f  7868  7869  7643 
f  7643  7644  7762 
f  7762  7764  7643 
f  7615  7811  7879 
f  7879  7898  7615 
f  7603  7630  7900 
f  7870  7628  7900 
f  7900  7630  7870 
f  7787  7871  7773 
f  7773  7598  7787 
f  7873  7829  7830 
f  7830  7872  7873 
f  7792  7780  7586 
f  7586  7595  7792 
f  7786  7808  7686 
f  7686  7901  7786 
f  7769  7686  7807 
f  7807  7686  7808 
f  7808  7786  7628 
f  7628  7870  7808 
f  7666  7874  7752 
f  7752  7826  7666 
f  7752  7751  7875 
f  7875  7826  7752 
f  7660  7659  7851 
f  7851  7700  7660 
f  7851  7659  7733 
f  7712  7776  7775 
f  7775  7711  7712 
f  7711  7775  7681 
f  7861  7716  8242 
f  8242  8243  7861 
f  7877  7771  7770 
f  7770  7876  7877 
f  7760  7710  7737 
f  7776  7835  7669 
f  7669  7672  7776 
f  7652  7676  7826 
f  7826  7875  7652 
f  7616  7590  7593 
f  7593  7604  7616 
f  7823  7821  7640 
f  7640  7642  7823 
f  7640  7821  7820 
f  7820  7629  7640 
f  7629  7820  7825 
f  7825  7630  7629 
f  7630  7825  7870 
f  7773  7754  7878 
f  7878  7774  7773 
f  7754  7773  7871 
f  7871  7755  7754 
f  7825  7594  7808 
f  7808  7870  7825 
f  7749  7792  7821 
f  7821  7823  7749 
f  7605  7824  7770 
f  7770  7606  7605 
f  7770  7824  7810 
f  7810  7876  7770 
f  7876  7810  7809 
f  7810  7641  7811 
f  7602  7601  7879 
f  7641  7640  7629 
f  7629  7603  7641 
f  7877  7876  7809 
f  7809  7880  7877 
f  7615  7614  7880 
f  7880  7809  7615 
f  7666  7665  7771 
f  7771  7874  7666 
f  7874  7771  7877 
f  7877  7881  7874 
f  7881  7877  7880 
f  7880  7878  7881 
f  7880  7614  7774 
f  7774  7878  7880 
f  7599  7774  7614 
f  7614  7882  7599 
f  7882  7741  7596 
f  7596  7599  7882 
f  7752  7874  7753 
f  7753  7874  7881 
f  7881  7757  7753 
f  7878  7754  7757 
f  7757  7881  7878 
f  7755  7873  7872 
f  7872  7756  7755 
f  7756  7883  7750 
f  7884  7885  7863 
f  7863  7623  7884 
f  7761  7861  7885 
f  7885  7884  7761 
f  7822  7627  7761 
f  7761  7884  7822 
f  7624  7865  7791 
f  7791  7625  7624 
f  7625  7822  7884 
f  7884  7623  7625 
f  7822  7625  7778 
f  7811  7641  7602 
f  7602  7879  7811 
f  7602  7641  7603 
f  7802  7867  7869 
f  7869  7868  7802 
f  7867  8252  8253 
f  8253  7869  7867 
f  7744  7829  7787 
f  7787  7763  7744 
f  7741  7802  7868 
f  7868  7596  7741 
f  7868  7764  7597 
f  7597  7596  7868 
f  7631  7817  7743 
f  7743  7632  7631 
f  7830  7743  7817 
f  7817  7816  7830 
f  7690  7872  7830 
f  7830  7816  7690 
f  7829  7873  7871 
f  7871  7787  7829 
f  7763  7762  7702 
f  7702  7744  7763 
f  7702  7762  7644 
f  7644  7701  7702 
f  7751  7750  7758 
f  7758  7670  7751 
f  7758  7750  7883 
f  7883  7759  7758 
f  7745  7697  7788 
f  7788  7795  7745 
f  7697  7638  7695 
f  7648  7685  7709 
f  7709  7645  7648 
f  7601  7791  7740 
f  7865  7803  7740 
f  7740  7791  7865 
f  7864  7866  7803 
f  7803  7865  7864 
f  7756  7872  7883 
f  7872  7690  7759 
f  7759  7883  7872 
f  7759  7690  7760 
f  7690  7689  7710 
f  7710  7760  7690 
f  7747  7719  7815 
f  7815  7748  7747 
f  7815  7719  7608 
f  7608  7772  7815 
f  7745  7637  7638 
f  7745  7638  7697 
f  7746  7794  7783 
f  7783  7772  7746 
f  7794  7746  7745 
f  7745  7795  7794 
f  7645  7709  7785 
f  7785  7784  7645 
f  7784  7797  7646 
f  7646  7645  7784 
f  7646  7797  7796 
f  7783  7794  7797 
f  7797  7784  7783 
f  7818  7748  7815 
f  7815  7782  7818 
f  7748  7818  7817 
f  7817  7631  7748 
f  7856  7853  7715 
f  7715  7718  7856 
f  7789  7842  7731 
f  7731  7730  7789 
f  7682  7790  7674 
f  7674  7683  7682 
f  7682  7742  7777 
f  7777  7790  7682 
f  7917  7854  7886 
f  7886  7908  7917 
f    63  7912  7768 
f  7768  7843    63 
f  7842  7895  7886 
f  7886  7731  7842 
f  7841  7831  7895 
f  7895  7842  7841 
f  7831  7841  7840 
f  7840  7801  7831 
f  7793  7800  7801 
f  7801  7840  7793 
f  7720  7727  7793 
f  7793  7840  7720 
f  7727  7720  7650 
f  7728  7727  7650 
f  7650  7649  7728 
f  7728  7649  7835 
f   990  7921  7888 
f  7888  7889   990 
f  7848  7847  8258 
f  8258  8259  7848 
f  7695  7638  8157 
f  8157  8056  7695 
f  7847  7858  8260 
f  8260  8258  7847 
f  7888  8261  8260 
f  8260  7858  7888 
f  7609  8262  8263 
f  8263  7610  7609 
f  8264  8252  7867 
f  7867  7866  8264 
f  7609  7719  8265 
f  8265  8262  7609 
f  7716  7715  8266 
f  8266  8242  7716 
f  7747  7634  8267 
f  8267  8268  7747 
f  7707  7617  7656 
f  7656  7655  7707 
f  7885  7861  8243 
f  8243  8269  7885 
f  7864  7862  8271 
f  8271  8270  7864 
f  7862  7863  8272 
f  8272  8271  7862 
f  7991  7643  7869 
f  7869  8253  7991 
f  7633  7701  8224 
f  8224  8273  7633 
f  7719  7747  8268 
f  8268  8265  7719 
f  7866  7864  8270 
f  8270  8264  7866 
f  7715  7853  8216 
f  8216  8266  7715 
f  8272  7863  7885 
f  7885  8269  8272 
f  7722  7694  8051 
f  8051  8274  7722 
f  8157  7610  8263 
f  7634  7633  8273 
f  8273  8267  7634 
f  7833  7834  7729 
f  7729  7843  7833 
f  7892   428   990 
f   990  7889  7892 
f  7798  7766  7846 
f  7846  7845  7798 
f  7914  1352  7846 
f  7846  7714  7914 
f  7658  7654  7836 
f  7836  7854  7658 
f  7838  7635  7897 
f  7897  7806  7838 
f  7920  7905  7893 
f  7893  7844  7920 
f  7714  7767  7688 
f  7688  7713  7714 
f  7891  7722  8274 
f  8274  8275  7891 
f  7890  7705  7704 
f  7704  7887  7890 
f  7839  7693  7827 
f  7827  7611  7839 
f  7893  7905   428 
f   428  7892  7893 
f  7679  7837  7678 
f  7765  7833  7843 
f  7843  7768  7765 
f  7857  7894  7892 
f  7892  7889  7857 
f  7827  7673  7832 
f  7832  7611  7827 
f   668  7908  7886 
f  7886  7895   668 
f  7918   668  7895 
f  7895  7831  7918 
f  7836  7732  7854 
f  7854  7732  7731 
f  7731  7886  7854 
f  7858  7857  7889 
f  7889  7888  7858 
f  7921  1704  8261 
f  8261  7888  7921 
f  7706  7705  7897 
f  7897  7896  7706 
f  7898  7741  7882 
f  7850  7849  7860 
f  7860  7899  7850 
f  7900  7627  7778 
f  7778  7603  7900 
f  7796  7795  7788 
f  7788  7814  7796 
f  7857  7850  7899 
f  7899  7894  7857 
f  7859  7855  7856 
f  7856  7901  7859 
f  7601  7741  7879 
f  7628  7627  7900 
f  7901  7856  7718 
f  7718  7786  7901 
f  7741  7898  7879 
f  7724  7706  7896 
f  7896  7812  7724 
f  7896  7636  7812 
f  7636  7675  7612 
f  7812  7636  7612 
f  7612  7813  7812 
f  7852  7848  8259 
f  8259  8215  7852 
f  7755  7871  7873 
f  7875  7835  7649 
f  7649  7652  7875 
f  7835  7875  7669 
f  7669  7875  7751 
f  7751  7670  7669 
f  7924  7923  7887 
f  7887  7891  7924 
f  7923  1014  7890 
f  7890  7887  7923 
f  1014  7915  7806 
f  7806  7890  1014 
f  7915  7902  7806 
f  7902  7922  7838 
f  7838  7806  7902 
f  7922  7904  7838 
f  7903   693  7832 
f   693  7909  7611 
f  7611  7832   693 
f  7909  7907  7839 
f  7839  7611  7909 
f  7907  7906  7839 
f  7906   973  7839 
f   973  1408  7639 
f  7639  7839   973 
f  1408  7911  7800 
f  7800  7639  1408 
f  7911  7910  7801 
f  7801  7800  7911 
f  7910  7919  7801 
f  1220  7916  7657 
f  7916  2355  7657 
f  2355  7928  7678 
f  7678  7657  2355 
f  7928  7927  7678 
f  7927  7926  7678 
f  7926  7925  7678 
f  7903  7832  7838 
f  7838  7904  7903 
f  7924  7891  8275 
f  8275  1718  7924 
f  7931  7930  7929 
f  7929  7932  7931 
f  7935  7934  7933 
f  7933  7936  7935 
f  7938  7937  7932 
f  7932  7929  7938 
f  7940  7939  7942 
f  7942  7941  7940 
f  7943  7946  7945 
f  7945  7944  7943 
f  7948  7936  7947 
f  7947  7949  7948 
f  7952  7951  7950 
f  7950  7953  7952 
f  7954  7957  7956 
f  7956  7955  7954 
f  7958  7961  7960 
f  7960  7959  7958 
f  7964  7963  7962 
f  7962  7933  7964 
f  7967  7966  7965 
f  7965  7968  7967 
f  7969  7971  7970 
f  7972  7974  7973 
f  7975  7946  7976 
f  7979  7978  7977 
f  7977  7980  7979 
f  7982  7981  7984 
f  7984  7983  7982 
f  7985  7986  7953 
f  7987  7989  7988 
f  7990  7993  7992 
f  7992  7991  7990 
f  7995  7994  7997 
f  7997  7996  7995 
f  8000  7999  7998 
f  7998  8001  8000 
f  8004  8003  8002 
f  8002  8005  8004 
f  3563  8007  8006 
f  8010  8009  8008 
f  8008  8011  8010 
f  8014  8013  8012 
f  8012  8015  8014 
f  8017  8016  8019 
f  8019  8018  8017 
f  8022  8021  8020 
f  8020  8023  8022 
f  8026  8025  8024 
f  8024  7982  8026 
f  7968  8028  8027 
f  8027  8012  7968 
f  8029  8030  4423 
f  8033  8032  8031 
f  8031  8034  8033 
f  7997  8036  8035 
f  8038  8037  8040 
f  8040  8039  8038 
f  8041  8043  8042 
f  8045  8044  8047 
f  8047  8046  8045 
f  8031  8049  8048 
f  8048  8050  8031 
f  8018  8019  8052 
f  8052  8051  8018 
f  8054  8016  8053 
f  8053  8055  8054 
f  8016  8017  8056 
f  8056  8053  8016 
f  8059  8058  8057 
f  8057  7964  8059 
f  7978  7979  8060 
f  8060  8061  7978 
f  8064  8063  8062 
f  8062  8065  8064 
f  7963  8067  8066 
f  8036  8022  8023 
f  8023  8035  8036 
f  8068  8045  8069 
f  8069  8036  8068 
f  8049  8031  8070 
f  8070  8071  8049 
f  3361  8041  8072 
f  8072  3362  3361 
f  8075  8074  8073 
f  8073  8076  8075 
f  7951  7952  8077 
f  8079  8078  7999 
f  7999  8000  8079 
f  7955  7956  8080 
f  8063  8081  8052 
f  8052  8062  8063 
f  8001  8027  8028 
f  8028  8000  8001 
f  8013  8082  7967 
f  7985  7953  7950 
f  8054  8084  8083 
f  8083  8085  8054 
f  8071  8087  8086 
f  8086  8049  8071 
f  8002  7966  7967 
f  7967  8082  8002 
f  8088  8050  8048 
f  8048  8089  8088 
f  8090  4257  4423 
f  4423  8030  8090 
f  7968  7965  8091 
f  8093  8092  8091 
f  8091  7965  8093 
f  8096  8095  8094 
f  8094  8097  8096 
f  8022  8036  8069 
f  8069  8098  8022 
f  8097  8100  8099 
f  8099  8096  8097 
f  8101  7944  8102 
f  7996  8103  7995 
f  8105  8104  7978 
f  7978  8061  8105 
f  8106  7985  7950 
f  7950  8107  8106 
f  8108  7980  7977 
f  7977  8109  8108 
f  7948  8110  7935 
f  7935  7936  7948 
f  8113  8112  8111 
f  8111  8114  8113 
f  8117  8116  8115 
f  8115  8118  8117 
f  8120  8119  8098 
f  8098  8121  8120 
f  8122  8075  7972 
f  7972  7973  8122 
f  8085  8019  8016 
f  8016  8054  8085 
f  7940  8124  8123 
f  8123  8125  7940 
f  8042  8043  8126 
f  8126  8010  8042 
f  8127  8129  8072 
f  8072  8128  8127 
f  8003  8004  8006 
f  8006  8007  8003 
f  3267  8043  8041 
f  8041  3361  3267 
f  7967  7968  8012 
f  8012  8013  7967 
f  8130  7931  7932 
f  8132  8131  7949 
f  7949  8014  8132 
f  8107  7950  7951 
f  7951  8133  8107 
f  7941  7942  8135 
f  8135  8134  7941 
f  8023  8137  8136 
f  8136  8035  8023 
f  7995  8138  7955 
f  7955  8080  7995 
f  7971  8139  7943 
f  8140  7996  7997 
f  7997  8035  8140 
f  8140  8103  7996 
f  8005  8002  8082 
f  8082  7962  8005 
f  7934  7935  8141 
f  8141  8142  7934 
f  8064  7981  8144 
f  8144  8143  8064 
f  8145  8148  8147 
f  8147  8146  8145 
f  7972  8076  8149 
f  8124  7940  7941 
f  7941  8150  8124 
f  8054  8055  8151 
f  8151  8084  8054 
f  8000  8028  8152 
f  8152  8079  8000 
f  8066  8029  8006 
f  8006  8004  8066 
f  8139  7946  7943 
f  8025  8026  8153 
f  8009  8058  8059 
f  7943  8154  7971 
f  8094  8095  8011 
f  8011  8008  8094 
f  8155  8141  7935 
f  7935  8110  8155 
f  8049  8156  8048 
f  7986  8157  7953 
f  7963  8005  7962 
f  8159  8158  8160 
f  8160  8080  8159 
f  8065  8062  8085 
f  8085  8083  8065 
f  8162  8161  8164 
f  8164  8163  8162 
f  8101  8102  8165 
f  8165  8166  8101 
f  8167  8163  8164 
f  8164  8168  8167 
f  7937  8170  8169 
f  8169  7932  7937 
f  8173  8172  8171 
f  8171  7959  8173 
f  7947  8013  8014 
f  8014  7949  7947 
f  8174  8089  8048 
f  8048  8156  8174 
f  8083  8084  7957 
f  7957  8175  8083 
f  7972  8149  7974 
f  7957  8084  8151 
f  8151  7956  7957 
f  8133  8176  8145 
f  8145  8146  8133 
f  7964  8057  8067 
f  8067  7963  7964 
f  8153  7954  7955 
f  7955  8138  8153 
f  8177  8047  8044 
f  8044  8178  8177 
f  8068  8148  8044 
f  8044  8045  8068 
f  8032  8140  8136 
f  8138  7995  8103 
f  8103  8140  8032 
f  8032  8033  8103 
f  8155  8180  8179 
f  8179  7938  8155 
f  8139  8181  7973 
f  7989  8172  7988 
f  8098  8119  8021 
f  8021  8022  8098 
f  8167  8182  8163 
f  8117  8118  8114 
f  8114  8111  8117 
f  8183  8110  7948 
f  7948  8184  8183 
f  7944  8154  7943 
f  8075  8076  7972 
f  8026  7982  7983 
f  8179  8185  7937 
f  7937  7938  8179 
f  8172  7989  8183 
f  8183  8184  8172 
f  8178  8044  8148 
f  8148  8145  8178 
f  8027  8186  8015 
f  8015  8012  8027 
f  8050  8187  8034 
f  8034  8031  8050 
f  8188  8038  8039 
f  8039  8189  8188 
f  8190  8191  8104 
f  8104  8105  8190 
f  3660  8193  8192 
f  8192  3658  3660 
f  8062  8052  8019 
f  8019  8085  8062 
f  8195  8194  7982 
f  7982  8024  8195 
f  8025  8034  8187 
f  8187  8024  8025 
f  8067  8057  8196 
f  8196  8197  8067 
f  8058  8126  8196 
f  8196  8057  8058 
f  8126  8058  8009 
f  8009  8010  8126 
f  8031  8032  8070 
f  8035  8136  8140 
f  8087  8071  8137 
f  8137  8198  8087 
f  7954  8153  8026 
f  8152  8028  7968 
f  7968  8091  8152 
f  7965  7966  8199 
f  8199  8093  7965 
f  7966  8002  8003 
f  8003  8199  7966 
f  8197  8090  8030 
f  8030  8200  8197 
f  8197  8200  8067 
f  8066  8067  8200 
f  8200  8029  8066 
f  8049  8086  8156 
f  8201  8078  8079 
f  8079  8202  8201 
f  8203  8202  8079 
f  8079  8152  8203 
f  4257  8090  8204 
f  8204  2422  4257 
f  3698  8162  8163 
f  8163  3699  3698 
f  8206  8205  8081 
f  8081  8063  8206 
f  3697  8129  8162 
f  8162  3698  3697 
f  8167  8207  8208 
f  8208  8182  8167 
f  8211  8210  8209 
f  8209  8212  8211 
f  8130  8100  7931 
f  7930  8094  8213 
f  8213  8142  7930 
f  8010  8011  8128 
f  8128  8042  8010 
f  8127  8128  8011 
f  8011  8095  8127 
f  8096  8161  8127 
f  8127  8095  8096 
f  8096  8099  8164 
f  8164  8161  8096 
f  8214  8217  8216 
f  8216  8215  8214 
f  3563  3562  8218 
f  8218  8007  3563 
f  8168  8188  8189 
f  8189  8219  8168 
f  8164  8099  8188 
f  8188  8168  8164 
f  8188  8099  8100 
f  8100  8038  8188 
f  7933  7934  8059 
f  8059  7964  7933 
f  8213  8059  7934 
f  7934  8142  8213 
f  7930  7931  8097 
f  8097  8094  7930 
f  7931  8100  8097 
f  8130  8038  8100 
f  7947  7962  8082 
f  8082  8013  7947 
f  7932  8169  8130 
f  8217  8214  8220 
f  8220  8221  8217 
f  8219  8207  8167 
f  8167  8168  8219 
f  8222  8212  8209 
f  8209  8223  8222 
f  8220  8211  8189 
f  8189  8039  8220 
f  8037  8038  8130 
f  8141  7929  7930 
f  7930  8142  8141 
f  8220  8214  8210 
f  8210  8211  8220 
f  7992  7993  8060 
f  8060  8224  7992 
f  8075  8122  8225 
f  8225  8074  8075 
f  7969  7970  8226 
f  8226  8227  7969 
f  7970  8229  8228 
f  8228  8226  7970 
f  8230  8166  8165 
f  8165  8231  8230 
f  7990  8233  8232 
f  8232  8125  7990 
f  7990  8125  8123 
f  8123  7993  7990 
f  7959  7960  8234 
f  8234  8173  7959 
f  7946  8235  7976 
f  8236  7976  8235 
f  8235  7974  8236 
f  8150  7941  8134 
f  8134  8237  8150 
f  8239  8238  8191 
f  8191  8190  8239 
f  8155  7938  7929 
f  7929  8141  8155 
f  8149  8040  8037 
f  8037  8170  8149 
f  8130  8169  8037 
f  8169  8170  8037 
f  8170  8236  7974 
f  7974  8149  8170 
f  8015  8186  8113 
f  8113  8240  8015 
f  8113  8186  8241 
f  8241  8112  8113 
f  8009  8059  8213 
f  8213  8008  8009 
f  8213  8094  8008 
f  8071  8070  8136 
f  8136  8137  8071 
f  8070  8032  8136 
f  8225  8243  8242 
f  8242  8074  8225 
f  8245  8244  8131 
f  8131  8132  8245 
f  8121  8098  8069 
f  8137  8023  8020 
f  8020  8198  8137 
f  8001  8241  8186 
f  8186  8027  8001 
f  7962  7947  7936 
f  7936  7933  7962 
f  8183  7989  7987 
f  7987  8180  8183 
f  7987  7975  8179 
f  8179  8180  7987 
f  7975  7976  8185 
f  8185  8179  7975 
f  7976  8236  8185 
f  8134  8135  8246 
f  8246  8115  8134 
f  8115  8116  8237 
f  8237  8134  8115 
f  8185  8236  8170 
f  8170  7937  8185 
f  8110  8183  8180 
f  8180  8155  8110 
f  7948  7949  8131 
f  8131  8184  7948 
f  8131  8244  8172 
f  8172  8184  8131 
f  8244  8171  8172 
f  8172  8173  7988 
f  7945  8234  7944 
f  7988  7946  7975 
f  7975  7987  7988 
f  8245  8247  8171 
f  8171  8244  8245 
f  7959  8171  8247 
f  8247  7958  7959 
f  8015  8240  8132 
f  8132  8014  8015 
f  8240  8248  8245 
f  8245  8132  8240 
f  8248  8246  8247 
f  8247  8245  8248 
f  8247  8246  8135 
f  8135  7958  8247 
f  7942  7961  7958 
f  7958  8135  7942 
f  7961  7942  7939 
f  7939  8102  7961 
f  8113  8114  8240 
f  8114  8118  8248 
f  8248  8240  8114 
f  8246  8248  8118 
f  8118  8115  8246 
f  8116  8117  8238 
f  8238  8239  8116 
f  8117  8111  8249 
f  8250  7969  8227 
f  8227  8251  8250 
f  8122  8250  8251 
f  8251  8225  8122 
f  8181  8250  8122 
f  8122  7973  8181 
f  7970  7971  8154 
f  8154  8229  7970 
f  7971  7969  8250 
f  8250  8181  7971 
f  8181  8139  7971 
f  8173  8234  7945 
f  7945  7988  8173 
f  7945  7946  7988 
f  8165  8232  8233 
f  8233  8231  8165 
f  8231  8233  8253 
f  8253  8252  8231 
f  8105  8124  8150 
f  8150  8190  8105 
f  8102  7939  8232 
f  8232  8165  8102 
f  8232  7939  7940 
f  7940  8125  8232 
f  7977  7978  8104 
f  8104  8177  7977 
f  8191  8047  8177 
f  8177  8104  8191 
f  8046  8047  8191 
f  8191  8238  8046 
f  8190  8150  8237 
f  8237  8239  8190 
f  8124  8105  8061 
f  8061  8123  8124 
f  8061  8060  7993 
f  7993  8123  8061 
f  8112  8021  8119 
f  8119  8111  8112 
f  8119  8120  8249 
f  8249  8111  8119 
f  8106  8159  8151 
f  8151  8055  8106 
f  8055  8053  7986 
f  7997  7994  8068 
f  8068  8036  7997 
f  7944  8101  8154 
f  8229  8154  8101 
f  8101  8166  8229 
f  8228  8229  8166 
f  8166  8230  8228 
f  8117  8249  8238 
f  8238  8249  8120 
f  8120  8046  8238 
f  8120  8121  8046 
f  8046  8121  8069 
f  8069  8045  8046 
f  8108  8109  8176 
f  8176  8077  8108 
f  8176  8133  7951 
f  7951  8077  8176 
f  8106  7986  7985 
f  8106  8055  7986 
f  8107  8133  8146 
f  8146  8158  8107 
f  8158  8159  8106 
f  8106  8107  8158 
f  7994  8147  8148 
f  8148  8068  7994 
f  8147  7994  7995 
f  7995  8160  8147 
f  7995  8080  8160 
f  8146  8147  8160 
f  8160  8158  8146 
f  8178  8145  8176 
f  8176  8109  8178 
f  8109  7977  8177 
f  8177  8178  8109 
f  8221  8076  8073 
f  8073  8217  8221 
f  8152  8091  8092 
f  8092  8203  8152 
f  8033  8034  8025 
f  8025  8153  8033 
f  8033  8153  8138 
f  8138  8103  8033 
f  3562  3021  8254 
f  8254  8218  3562 
f  2422  8204  8043 
f  8043  3267  2422 
f  8203  8092  8254 
f  8254  8255  8203 
f  8202  8203  8255 
f  8255  8192  8202 
f  8192  8193  8201 
f  8201  8202  8192 
f  8156  8201  8193 
f  8193  8174  8156 
f  8078  8201  8156 
f  8156  8086  8078 
f  8086  7999  8078 
f  8087  7998  7999 
f  7999  8086  8087 
f  8087  8198  7998 
f  3337  8257  8256 
f  8256  3926  3337 
f  8210  8259  8258 
f  8258  8209  8210 
f  8053  8056  8157 
f  8157  7986  8053 
f  8209  8258  8260 
f  8260  8223  8209 
f  8256  8223  8260 
f  8260  8261  8256 
f  7952  7953  8263 
f  8263  8262  7952 
f  8264  8230  8231 
f  8231  8252  8264 
f  7952  8262  8265 
f  8265  8077  7952 
f  8074  8242  8266 
f  8266  8073  8074 
f  8108  8268  8267 
f  8267  7980  8108 
f  8066  8004  8005 
f  8005  7963  8066 
f  8251  8269  8243 
f  8243  8225  8251 
f  8228  8270  8271 
f  8271  8226  8228 
f  8226  8271  8272 
f  8272  8227  8226 
f  7991  8253  8233 
f  8233  7990  7991 
f  7979  8273  8224 
f  8224  8060  7979 
f  8077  8265  8268 
f  8268  8108  8077 
f  8230  8264  8270 
f  8270  8228  8230 
f  8073  8266  8216 
f  8216  8217  8073 
f  8272  8269  8251 
f  8251  8227  8272 
f  8081  8274  8051 
f  8051  8052  8081 
f  8157  8263  7953 
f  7980  8267  8273 
f  8273  7979  7980 
f  8196  8204  8090 
f  8090  8197  8196 
f  8208  8257  3337 
f  3337  2782  8208 
f  8161  8162  8129 
f  8129  8127  8161 
f  3362  8072  8129 
f  8129  3697  3362 
f  8007  8218  8199 
f  8199  8003  8007 
f  8194  8144  7981 
f  7981  7982  8194 
f  3699  8163  8182 
f  8182  2781  3699 
f  8072  8041  8042 
f  8042  8128  8072 
f  8205  8275  8274 
f  8274  8081  8205 
f  8143  8206  8063 
f  8063  8064  8143 
f  8088  8276  8187 
f  8187  8050  8088 
f  8182  8208  2782 
f  2782  2781  8182 
f  8030  8029  8200 
f  8126  8043  8204 
f  8204  8196  8126 
f  8222  8257  8208 
f  8208  8207  8222 
f  8187  8276  8195 
f  8195  8024  8187 
f  3020  8255  8254 
f  8254  3021  3020 
f  3658  8192  8255 
f  8255  3020  3658 
f  8199  8218  8093 
f  8218  8254  8092 
f  8092  8093  8218 
f  8223  8256  8257 
f  8257  8222  8223 
f  8261  1704  3926 
f  3926  8256  8261 
f  8065  7984  7981 
f  7981  8064  8065 
f  7960  7961  8102 
f  8212  8219  8189 
f  8189  8211  8212 
f  8235  7946  8139 
f  8139  7973  8235 
f  8080  7956  8151 
f  8151  8159  8080 
f  8222  8207  8219 
f  8219  8212  8222 
f  8039  8040  8221 
f  8221  8220  8039 
f  7944  8234  8102 
f  7974  8235  7973 
f  8040  8149  8076 
f  8076  8221  8040 
f  8102  8234  7960 
f  8083  8175  7984 
f  7984  8065  8083 
f  7984  8175  7983 
f  7983  7954  8026 
f  8175  7957  7954 
f  7954  7983  8175 
f  8214  8215  8259 
f  8259  8210  8214 
f  8116  8239  8237 
f  8241  8001  7998 
f  7998  8198  8241 
f  8198  8020  8241 
f  8020  8021  8112 
f  8112  8241  8020 
f  4022  8205  8206 
f  8206  4021  4022 
f  4021  8206  8143 
f  8143  3363  4021 
f  3363  8143  8144 
f  8144  3364  3363 
f  3364  8144  2469 
f  2469  8144  8194 
f  8194  4019  2469 
f  4019  8194  2524 
f  2525  8195  3047 
f  3047  8195  8276 
f  8276  3048  3047 
f  3048  8276  8088 
f  8088  2906  3048 
f  2906  8088  2904 
f  2904  8088  3323 
f  3323  8088  8089 
f  8089  3753  3323 
f  3753  8089  8174 
f  8174  3259  3753 
f  3259  8174  8193 
f  8193  3260  3259 
f  3260  8193  3660 
f  3563  8006  3396 
f  3396  8006  4661 
f  4661  8006  8029 
f  8029  4662  4661 
f  4662  8029  4659 
f  4659  8029  4655 
f  4655  8029  4423 
f  2525  2524  8194 
f  8194  8195  2525 
f  8275  8205  4022 
f  4022  1718  8275 
f  8343  8367  8306 
f  8307  8339  8369 
f  8369  8368  8307 
f  8372  8373  8370 
f  8370  8371  8372 
f  8376  8377  8374 
f  8374  8375  8376 
f  8380  8381  8378 
f  8378  8379  8380 
f  8384  8385  8382 
f  8382  8383  8384 
f  8386  8387  8388 
f  8391  8392  8389 
f  8389  8390  8391 
f  8395  8396  8393 
f  8393  8394  8395 
f  8397  8398  8399 
f  8402  8403  8400 
f  8400  8401  8402 
f  8404  8342  8281 
f  8281  8304  8404 
f  8405  8406  8407 
f  8408  8409  8410 
f  8412  8413  8414 
f  8414  8411  8412 
f  8284  8415  8282 
f  8418  8419  8416 
f  8416  8417  8418 
f  8422  8423  8420 
f  8420  8421  8422 
f  8424  8425  8967 
f  8429  8430  8427 
f  8427  8428  8429 
f  8431  8432  8391 
f  8433  8434  8435 
f  8357  8436  8349 
f  8438  8439  8407 
f  8407  8437  8438 
f  8442  8443  8440 
f  8440  8441  8442 
f  8446  8447  8444 
f  8444  8445  8446 
f  8448  8449  8450 
f  8451  8452  8303 
f  8453  8954  8960 
f  8960  8454  8453 
f  8456  8403  8402 
f  8402  8455  8456 
f  8459  8460  8457 
f  8457  8458  8459 
f  8461  8462  8463 
f  8464  8280  8958 
f  8958  8383  8464 
f  8467  8468  8465 
f  8465  8466  8467 
f  8471  8472  8469 
f  8469  8470  8471 
f  8475  8476  8473 
f  8473  8474  8475 
f  8477  8478  8308 
f  8308  8360  8477 
f  8481  8482  8479 
f  8479  8480  8481 
f  8485  8486  8483 
f  8483  8484  8485 
f  8487  8488  8489 
f  8309  8966  8492 
f  8492  8490  8309 
f  8311  8493  8310 
f  8429  8496  8494 
f  8494  8495  8429 
f  8499  8500  8497 
f  8497  8498  8499 
f  8503  8504  8501 
f  8501  8502  8503 
f  8505  8506  8507 
f  8510  8511  8508 
f  8508  8509  8510 
f  8514  8515  8512 
f  8512  8513  8514 
f  8516  8517  8518 
f  8887  8519  8520 
f  8523  8524  8521 
f  8521  8522  8523 
f  8452  8283  8303 
f  8282  8525  8526 
f  8526  8284  8282 
f  8527  8528  8529 
f  8408  8410  8530 
f  8531  8532  8533 
f  8531  8533  8534 
f  8531  8534  8535 
f  8473  8538  8536 
f  8536  8537  8473 
f  8300  8539  8540 
f  8540  8285  8300 
f  8543  8544  8541 
f  8541  8542  8543 
f  8545  8546  8547 
f  8381  8380  8548 
f  8548  8549  8381 
f  8551  8552  8553 
f  8553  8550  8551 
f  8549  8555  8554 
f  8554  8381  8549 
f  8556  8557  8558 
f  8277  8559  8384 
f  8384  5433  8277 
f  8461  8463  8560 
f  8560  8561  8461 
f  8485  8562  8563 
f  8564  8565  8566 
f  8568  5434  8956 
f  8956  8567  8568 
f  8571  8572  8569 
f  8569  8570  8571 
f  8350  8573  8312 
f  8550  8574  8551 
f  8576  8459  8458 
f  8458  8575  8576 
f  8580  8581  8578 
f  8578  8579  8580 
f  8584  8585  8582 
f  8582  8583  8584 
f  8588  8589  8586 
f  8586  8587  8588 
f  8591  8592  8590 
f  8590  8486  8591 
f  8594  8595  8374 
f  8374  8593  8594 
f  8281  8332  8286 
f  8556  8598  8596 
f  8596  8597  8556 
f  8504  8503  8599 
f  8599  8600  8504 
f  5436  8602  8601 
f  8601  8957  5436 
f  8607  8423  8422 
f  8422  8606  8607 
f  8608  8301  8314 
f  8314  8315  8608 
f  8536  8538  8609 
f  8609  8610  8536 
f  8613  8614  8611 
f  8611  8612  8613 
f  8617  8618  8615 
f  8615  8616  8617 
f  8354  8619  8499 
f  8499  8498  8354 
f  8488  8316  8355 
f  8355  8489  8488 
f  8404  8466  8317 
f  8317  8342  8404 
f  8620  8621  8622 
f  8622  8623  8620 
f  8624  8625  8626 
f  8628  8629  8545 
f  8545  8627  8628 
f  8630  8631  8529 
f  8529  8528  8630 
f  8446  8632  8318 
f  8318  8328  8446 
f  8633  8634  8387 
f  8387  8386  8633 
f  8635  8636  8637 
f  8640  8641  8638 
f  8638  8639  8640 
f  8505  8507  8431 
f  8644  8645  8642 
f  8642  8643  8644 
f  8646  8647  8556 
f  8556  8597  8646 
f  8649  8612  8611 
f  8611  8648  8649 
f  8476  8648  8538 
f  8538  8473  8476 
f  8301  8608  8287 
f  8651  8568  8567 
f  8567  8650  8651 
f  8652  8319  8347 
f  8653  8399  8398 
f  8398  8400  8653 
f  8519  8524  8523 
f  8523  8520  8519 
f  8590  8483  8486 
f  8654  8655  8495 
f  8495  8494  8654 
f  8426  8321  8657 
f  8657  8656  8426 
f  8660  8661  8658 
f  8658  8659  8660 
f  8663  8948  8949 
f  8949  8662  8663 
f  8666  8667  8664 
f  8664  8665  8666 
f  8373  8907  8844 
f  8844  8364  8373 
f  8379  8670  8668 
f  8668  8669  8379 
f  8541  8544  8627 
f  8627  8671  8541 
f  8673  8441  8440 
f  8440  8672  8673 
f  8674  8375  8675 
f  8392  8677  8676 
f  8676  8389  8392 
f  8679  8416  8419 
f  8419  8678  8679 
f  8680  8602  5436 
f  5436  5435  8680 
f  5434  8568  8680 
f  8680  5435  5434 
f  8531  8535  8322 
f  8433  8683  8681 
f  8681  8682  8433 
f  8684  8685  8682 
f  8686  8687  8562 
f  8323  8687  8355 
f  8282  8285  8540 
f  8540  8525  8282 
f  8689  8471  8593 
f  8593  8688  8689 
f  8605  8688  8324 
f  8324  8313  8605 
f  8690  8691  8692 
f  8693  8694  8298 
f  8695  8520  8696 
f  8697  8626  8625 
f  8451  8303  8698 
f  8698  8699  8451 
f  8325  8312  8701 
f  8701  8700  8325 
f  8703  8704  8557 
f  8557  8702  8703 
f  8557  8556  8702 
f  8705  8702  8556 
f  8556  8647  8705 
f  8706  8707  8708 
f  8708  8310  8706 
f  8710  8582  8585 
f  8585  8709  8710 
f  8712  8319  8713 
f  8713  8711  8712 
f  8716  8717  8714 
f  8714  8715  8716 
f  8512  8509  8508 
f  8508  8718  8512 
f  8417  8637  8719 
f  8719  8634  8417 
f  8536  8610  8721 
f  8721  8720  8536 
f  8657  8722  8378 
f  8378  8656  8657 
f  8723  8724  8584 
f  8584  8583  8723 
f  8725  8515  8514 
f  8728  8729  8726 
f  8726  8727  8728 
f  8654  8730  8488 
f  8488  8487  8654 
f  8732  8409  8731 
f  8731  8564  8732 
f  8422  8905  8365 
f  8365  8606  8422 
f  8325  8307  8368 
f  8368  8733  8325 
f  8735  8479  8482 
f  8482  8734  8735 
f  8738  8739  8736 
f  8736  8737  8738 
f  8903  8740  8969 
f  8532  8741  8398 
f  8398  8397  8532 
f  8743  8744  8434 
f  8434  8742  8743 
f  8746  8644  8643 
f  8643  8745  8746 
f  8415  8650  8747 
f  8747  8748  8415 
f  8293  8749  8462 
f  8462  8288  8293 
f  8318  8632  8630 
f  8630  8326  8318 
f  8390  8389  8548 
f  8548  8743  8390 
f  8739  8738  8431 
f  8431  8750  8739 
f  8402  8401  8751 
f  8751  8752  8402 
f  8753  8310  8754 
f  8521  8542  8541 
f  8541  8755  8521 
f  8501  8504  8756 
f  8756  8757  8501 
f  8665  8952  8953 
f  8953  8666  8665 
f  8759  8760  8761 
f  8761  8758  8759 
f  8959  5432  8762 
f  8762  8763  8959 
f  8631  8749  8526 
f  8526  8529  8631 
f  8631  8632  8446 
f  8446  8445  8631 
f  8523  8766  8764 
f  8764  8765  8523 
f  8697  8359  8358 
f  8358  8767  8697 
f  8768  8428  8769 
f  8769  8315  8768 
f  8601  8770  8955 
f  8955  8957  8601 
f  8356  8376  8327 
f  8771  8458  8457 
f  8457  8604  8771 
f  8773  8774  8772 
f  8772  8771  8773 
f  8693  8561  8560 
f  8560  8775  8693 
f  8601  8289  8294 
f  8294  8770  8601 
f  8776  8513  8777 
f  8778  8779  8610 
f  8610  8609  8778 
f  8296  8780  8781 
f  8781  8290  8296 
f  8351  8491  8966 
f  8782  8783  8784 
f  8673  8672  8785 
f  8785  8786  8673 
f  8413  8497  8500 
f  8500  8414  8413 
f  8554  8424  8967 
f  8967  8968  8554 
f  8518  8393  8396 
f  8396  8516  8518 
f  8684  8682  8787 
f  8474  8533  8532 
f  8532  8397  8474 
f  8789  8790  8788 
f  8788  8530  8789 
f  8791  8614  8613 
f  8447  8793  8792 
f  8792  8444  8447 
f  8690  8560  8794 
f  8796  8479  8735 
f  8735  8795  8796 
f  8507  8432  8431 
f  8797  8798  8658 
f  8658  8661  8797 
f  8505  8431  8799 
f  8799  8734  8505 
f  8735  8734  8799 
f  8799  8800  8735 
f  8454  8729  8728 
f  8728  8453  8454 
f  8646  8597  8600 
f  8600  8599  8646 
f  8504  8600  8801 
f  8801  8756  8504 
f  8727  8726  8382 
f  8382  8291  8727 
f  8759  8325  8733 
f  8733  8760  8759 
f  8512  8718  8777 
f  8777  8513  8512 
f  8803  8435  8434 
f  8434  8802  8803 
f  8434  8744  8802 
f  8774  8679  8678 
f  8678  8804  8774 
f  8573  8350  8341 
f  8341  8465  8573 
f  8302  8805  8806 
f  8806  8288  8302 
f  8549  8548  8389 
f  8389  8676  8549 
f  8555  8549  8676 
f  8676  8807  8555 
f  8488  8619  8354 
f  8354  8345  8488 
f  8345  8808  8316 
f  8687  8686  8487 
f  8487  8489  8687 
f  8484  8655  8654 
f  8654  8487  8484 
f  8644  8810  8809 
f  8809  8645  8644 
f  8614  8609  8611 
f  8593  8374  8377 
f  8377  8688  8593 
f  8583  8582  8492 
f  8492  8811  8583 
f  8737  8812  8800 
f  8800  8738  8737 
f  8563  8591  8486 
f  8486  8485  8563 
f  8690  8692  8694 
f  8694  8775  8690 
f  8783  8782  8547 
f  8753  8814  8813 
f  8813  8782  8753 
f  8768  8815  8429 
f  8429  8428  8768 
f  8387  8817  8816 
f  8816  8388  8387 
f  8818  8819  8820 
f  8820  8346  8818 
f  8475  8474  8821 
f  8821  8822  8475 
f  8824  8524  8821 
f  8821  8823  8824 
f  8825  8717  8716 
f  8415  8748  8826 
f  8826  8282  8415 
f  8638  8517  8516 
f  8516  8371  8638 
f  8638  8371  8370 
f  8370  8639  8638 
f  8327  8827  8323 
f  8458  8771  8772 
f  8772  8575  8458 
f  8623  8622  8574 
f  8574  8550  8623 
f  8384  8383  8958 
f  8958  5433  8384 
f  8828  8514  8513 
f  8513  8776  8828 
f  8830  8815  8816 
f  8816  8829  8830 
f  8290  8286  8332 
f  8743  8548  8380 
f  8380  8744  8743 
f  8831  8832  8833 
f  8765  8834  8696 
f  8696  8520  8765 
f  8434  8433  8835 
f  8835  8742  8434 
f  8682  8685  8835 
f  8835  8433  8682 
f  8441  8439  8438 
f  8969  8837  8764 
f  8764  8836  8969 
f  8765  8764  8837 
f  8837  8838  8765 
f  8694  8692  8698 
f  8698  8291  8694 
f  8291  8698  8303 
f  8839  8840  8448 
f  8842  8483  8590 
f  8590  8841  8842 
f  8540  8539  8367 
f  8367  8527  8540 
f  8887  8843  8519 
f  8605  8457  8460 
f  8608  8539  8292 
f  8292  8287  8608 
f  8844  8455  8402 
f  8402  8752  8844 
f  8578  8810  8579 
f  8326  8630  8528 
f  8528  8343  8326 
f  8529  8526  8525 
f  8525  8527  8529 
f  8462  8749  8631 
f  8631  8445  8462 
f  5432  8280  8464 
f  8464  8762  5432 
f  8571  8570  8794 
f  8794  8845  8571 
f  8573  8846  8701 
f  8452  8846  8468 
f  8468  8847  8452 
f  8776  8636  8615 
f  8615  8828  8776 
f  8848  8828  8615 
f  8482  8481  8506 
f  8506  8505  8482 
f  8699  8698  8692 
f  8692  8691  8699 
f  8374  8595  8675 
f  8675  8375  8374 
f  8801  8600  8597 
f  8597  8596  8801 
f  8537  8533  8474 
f  8318  8849  8328 
f  8378  8381  8554 
f  8554  8968  8378 
f  8649  8648  8476 
f  8476  8850  8649 
f  8741  8400  8398 
f  8322  8851  8366 
f  8507  8506  8659 
f  8659  8658  8507 
f  8683  8853  8852 
f  8852  8681  8683 
f  8856  8857  8854 
f  8854  8855  8856 
f  8361  8858  8329 
f  8669  8380  8379 
f  8825  8963  8783 
f  8477  8360  8330 
f  8330  8436  8477 
f  8670  8859  8624 
f  8624  8668  8670 
f  8568  8651  8806 
f  8806  8680  8568 
f  8650  8284  8293 
f  8293  8651  8650 
f  8755  8813  8814 
f  8861  8830  8829 
f  8829  8860  8861 
f  8353  8862  8331 
f  8666  8453  8863 
f  8863  8667  8666 
f  8759  8312  8325 
f  8521  8524  8824 
f  8824  8542  8521 
f  8520  8523  8765 
f  8525  8540  8527 
f  8843  8822  8519 
f  8485  8484  8686 
f  8686  8562  8485 
f  8292  8539  8300 
f  8813  8755  8541 
f  8541  8671  8813 
f  8493  8490  8710 
f  8710  8706  8493 
f  8490  8492  8582 
f  8582  8710  8490 
f  8827  8327  8376 
f  8376  8562  8827 
f  8550  8553  8332 
f  8336  8290  8332 
f  8693  8294  8289 
f  8289  8561  8693 
f  8585  8725  8514 
f  8514  8864  8585 
f  8284  8526  8749 
f  8749  8293  8284 
f  8606  8365  8366 
f  8366  8865  8606 
f  8310  8708  8344 
f  8642  8647  8646 
f  8646  8443  8642 
f  8799  8431  8738 
f  8800  8799  8738 
f  8382  8385  8295 
f  8295  8291  8382 
f  8558  8424  8554 
f  8554  8555  8558 
f  8687  8323  8827 
f  8512  8866  8509 
f  8777  8718  8719 
f  8719  8637  8777 
f  8290  8336  8296 
f  8337  8297  8296 
f  8296  8333  8337 
f  8868  8950  8951 
f  8951  8867  8868 
f  8819  8818  8497 
f  8393  8518  8684 
f  8684  8787  8393 
f  8727  8303  8863 
f  8863  8728  8727 
f  8670  8379  8478 
f  8478  8477  8670 
f  8478  8379  8378 
f  8378  8722  8478 
f  8745  8640  8580 
f  8841  8449  8427 
f  8427  8430  8841 
f  8278  8869  8567 
f  8567  8956  8278 
f  8503  8502  8785 
f  8785  8672  8503 
f  8856  8855  8456 
f  8456  8455  8856 
f  8631  8630  8632 
f  8492  8491  8870 
f  8870  8811  8492 
f  8509  8871  8510 
f  8783  8965  8784 
f  8532  8531  8872 
f  8826  8285  8282 
f  8669  8668  8802 
f  8802  8744  8669 
f  8569  8572  8700 
f  8700  8873  8569 
f  8712  8791  8874 
f  8438  8442  8441 
f  8650  8415  8284 
f  8470  8875  8593 
f  8593  8471  8470 
f  8615  8636  8679 
f  8679  8616  8615 
f  8876  8499  8877 
f  8878  8879  8578 
f  8578  8581  8878 
f  8604  8457  8605 
f  8431  8391  8390 
f  8390  8750  8431 
f  8734  8482  8505 
f  8753  8782  8880 
f  8328  8849  8881 
f  8881  8334  8328 
f  8356  8335  8377 
f  8377  8376  8356 
f  8882  8515  8725 
f  8864  8514  8828 
f  8583  8811  8723 
f  8732  8808  8345 
f  8808  8564  8566 
f  8711  8713  8883 
f  8883  8778  8711 
f  8683  8626  8853 
f  8473  8537  8474 
f  8538  8648  8611 
f  8611  8609  8538 
f  8377  8335  8324 
f  8324  8688  8377 
f  8737  8736  8518 
f  8523  8522  8766 
f  8744  8380  8669 
f  8297  8337  8314 
f  8314  8301  8297 
f  8651  8288  8806 
f  8651  8293  8288 
f  8536  8720  8533 
f  8533  8537  8536 
f  8295  8385  8298 
f  8772  8774  8804 
f  8475  8822  8843 
f  8475  8843  8850 
f  8850  8476  8475 
f  8873  8700  8701 
f  8407  8796  8795 
f  8795  8437  8407 
f  8400  8741  8884 
f  8884  8401  8400 
f  8624  8803  8802 
f  8802  8668  8624 
f  8885  8674  8675 
f  8444  8792  8560 
f  8826  8886  9586 
f  9586  8285  8826 
f  8847  8299  8283 
f  8283  8452  8847 
f  8670  8477  8436 
f  8436  8859  8670 
f  8467  8466  8404 
f  8404  8305  8467 
f  8742  8835  8739 
f  8739  8750  8742 
f  8736  8739  8835 
f  8835  8685  8736 
f  8391  8432  8392 
f  8607  8606  8865 
f  8865  8703  8607 
f  8887  8520  8695 
f  8552  8833  8553 
f  8573  8468  8846 
f  8573  8465  8468 
f  8715  8714  8888 
f  8690  8570  8569 
f  8794  8570  8690 
f  8305  8404  8304 
f  8493  8706  8310 
f  8821  8474  8397 
f  8397  8823  8821 
f  8546  8825  8783 
f  8863  8453  8728 
f  8747  8869  9590 
f  9590  9591  8747 
f  8300  9592  8889 
f  8889  8292  8300 
f  8567  8869  8747 
f  8747  8650  8567 
f  8805  8602  8680 
f  8680  8806  8805 
f  8385  8384  8559 
f  8559  8298  8385 
f  8464  8383  8382 
f  8382  8726  8464 
f  8729  8762  8464 
f  8464  8726  8729 
f  8763  8762  8729 
f  8729  8454  8763 
f  8454  8960  8961 
f  8961  8763  8454 
f  8748  8747  9591 
f  9591  9594  8748 
f  8832  8333  8336 
f  8832  8831  8891 
f  8891  8333  8832 
f  8417  8634  8633 
f  8633  8418  8417 
f  9596  8892  8297 
f  8297  8301  9596 
f  8780  8893  8894 
f  8894  8781  8780 
f  9597  9596  8301 
f  8301  8287  9597 
f  8781  8894  8948 
f  8948  8663  8781 
f  8889  9597  8287 
f  8287  8292  8889 
f  8780  8297  8892 
f  8892  8893  8780 
f  8337  8333  8891 
f  8891  8386  8337 
f  8446  8328  8334 
f  8334  8447  8446 
f  8845  8793  8340 
f  8340  8338  8845 
f  8339  8307  8572 
f  8572  8571  8339 
f  8794  8792  8793 
f  8793  8845  8794 
f  8792  8794  8560 
f  8334  8881  8895 
f  8895  8340  8334 
f  8367  8343  8528 
f  8528  8527  8367 
f  8896  8369  8339 
f  8339  8338  8896 
f  8895  8896  8338 
f  8338  8340  8895 
f  8875  8594  8593 
f  8465  8341  8317 
f  8317  8466  8465 
f  8867  8665  8664 
f  8664  8305  8867 
f  8467  8305  8299 
f  8299  8847  8467 
f  8467  8847  8468 
f  8623  8317  8341 
f  8341  8620  8623 
f  8623  8550  8342 
f  8342  8317  8623 
f  8550  8332  8342 
f  8690  8569  8691 
f  8691  8873  8701 
f  8701  8699  8691 
f  8846  8451  8699 
f  8699  8701  8846 
f  8451  8846  8452 
f  8560  8690  8775 
f  8569  8873  8691 
f  8448  8849  8318 
f  8318  8326  8448 
f  8326  8343  8839 
f  8839  8448  8326 
f  8539  8315  8306 
f  8306  8367  8539 
f  8839  8769  8428 
f  8428  8840  8839 
f  8539  8608  8315 
f  8636  8776  8777 
f  8777  8637  8636 
f  8616  8773  8617 
f  8618  8617  8708 
f  8708  8707  8618 
f  8388  8816  8815 
f  8815  8768  8388 
f  8429  8495  8430 
f  8841  8430  8495 
f  8495  8842  8841 
f  8841  8590  8449 
f  8508  8511  8816 
f  8816  8817  8508 
f  8510  8871  8897 
f  8897  8860  8510 
f  8511  8829  8816 
f  8898  8412  8411 
f  8411  8866  8898 
f  8412  8898  8899 
f  8899  8900  8412 
f  8587  8862  8353 
f  8590  8592  8450 
f  8450  8449  8590 
f  8652  8588  8587 
f  8901  8819  8497 
f  8497  8413  8901 
f  8829  8511  8510 
f  8510  8860  8829 
f  8860  8897  8876 
f  8876  8861  8860 
f  8842  8655  8484 
f  8484  8483  8842 
f  8655  8842  8495 
f  8487  8686  8484 
f  8817  8387  8634 
f  8634  8719  8817 
f  8508  8817  8719 
f  8719  8718  8508 
f  8902  8281  8662 
f  8662  8868  8902 
f  8867  8902  8868 
f  8679  8774  8773 
f  8773  8616  8679 
f  8754  8310  8344 
f  8344  8903  8754 
f  8904  8754  8903 
f  8903  8836  8904 
f  8904  8814  8753 
f  8753  8754  8904 
f  8784  8309  8311 
f  8376  8375  8563 
f  8674  8591  8563 
f  8563  8375  8674 
f  8592  8591  8674 
f  8674  8885  8592 
f  8592  8885  8450 
f  8636  8635  8679 
f  8689  8472  8471 
f  8778  8614  8711 
f  8614  8791  8712 
f  8882  8899  8898 
f  8898  8515  8882 
f  8723  8586  8589 
f  8589  8724  8723 
f  8811  8862  8586 
f  8586  8723  8811 
f  8741  8532  8872 
f  8741  8872  8884 
f  8905  8751  8401 
f  8905  8401  8884 
f  8884  8365  8905 
f  8809  8423  8607 
f  8607  8705  8809 
f  8420  8423  8809 
f  8809  8810  8420 
f  8426  8425  8851 
f  8706  8710  8709 
f  8709  8707  8706 
f  8872  8366  8365 
f  8365  8884  8872 
f  8589  8588  8900 
f  8900  8899  8589 
f  8724  8589  8899 
f  8899  8882  8724 
f  8584  8724  8882 
f  8882  8725  8584 
f  8584  8725  8585 
f  8883  8906  8779 
f  8779  8778  8883 
f  8864  8709  8585 
f  8496  8429  8815 
f  8815  8830  8496 
f  8830  8861  8496 
f  8861  8876  8496 
f  8494  8496  8876 
f  8876  8877  8494 
f  8822  8821  8524 
f  8524  8519  8822 
f  8557  8704  8424 
f  8424  8558  8557 
f  8425  8704  8703 
f  8703  8865  8425 
f  8704  8425  8424 
f  8352  8870  8351 
f  8870  8491  8351 
f  8814  8522  8521 
f  8521  8755  8814 
f  8904  8766  8522 
f  8522  8814  8904 
f  8764  8766  8904 
f  8904  8836  8764 
f  8877  8730  8654 
f  8654  8494  8877 
f  8848  8709  8864 
f  8864  8828  8848 
f  8615  8618  8848 
f  8626  8697  8853 
f  8767  8852  8853 
f  8853  8697  8767 
f  8329  8858  8852 
f  8358  8329  8852 
f  8767  8358  8852 
f  8645  8809  8705 
f  8518  8736  8685 
f  8685  8684  8518 
f  8681  8852  8858 
f  8858  8394  8681 
f  8858  8361  8363 
f  8858  8363  8395 
f  8394  8858  8395 
f  8857  8856  8907 
f  8907  8320  8857 
f  8455  8844  8907 
f  8907  8856  8455 
f  8682  8681  8787 
f  8393  8787  8681 
f  8681  8394  8393 
f  8855  8854  8627 
f  8627  8544  8855 
f  8543  8456  8855 
f  8855  8544  8543 
f  8456  8543  8403 
f  8671  8547  8782 
f  8782  8813  8671 
f  8358  8546  8545 
f  8545  8629  8358 
f  8620  8758  8761 
f  8761  8621  8620 
f  8459  8576  8469 
f  8469  8472  8459 
f  8460  8459  8472 
f  8472  8689  8460 
f  8460  8689  8605 
f  8689  8688  8605 
f  8732  8410  8409 
f  8702  8705  8607 
f  8607  8703  8702 
f  8811  8870  8862 
f  8862  8870  8352 
f  8352  8331  8862 
f  8797  8909  8908 
f  8908  8677  8797 
f  8658  8798  8432 
f  8432  8507  8658 
f  8392  8798  8797 
f  8797  8677  8392 
f  8798  8392  8432 
f  8879  8577  8421 
f  8421  8420  8879 
f  8878  8364  8577 
f  8577  8879  8878 
f  8373  8364  8878 
f  8878  8370  8373 
f  8812  8517  8638 
f  8638  8641  8812 
f  8517  8812  8737 
f  8737  8518  8517 
f  8558  8555  8807 
f  8556  8558  8807 
f  8807  8598  8556 
f  8677  8908  8596 
f  8596  8598  8677 
f  8801  8596  8908 
f  8908  8909  8801 
f  8742  8750  8390 
f  8390  8743  8742 
f  8439  8441  8910 
f  8652  8347  8820 
f  8911  8346  8347 
f  8347  8874  8911 
f  8790  8911  8791 
f  8791  8613  8790 
f  8612  8788  8790 
f  8790  8613  8612 
f  8649  8912  8788 
f  8788  8612  8649 
f  8912  8649  8850 
f  8850  8913  8912 
f  8913  8850  8843 
f  8912  8408  8530 
f  8530  8788  8912 
f  8408  8912  8913 
f  8913  8843  8409 
f  8409  8408  8913 
f  8712  8711  8614 
f  8614  8778  8609 
f  8319  8587  8353 
f  8795  8735  8800 
f  8800  8812  8795 
f  8795  8812  8641 
f  8641  8437  8795 
f  8437  8641  8640 
f  8640  8438  8437 
f  8442  8438  8745 
f  8745  8643  8442 
f  8910  8405  8407 
f  8407  8439  8910 
f  8406  8914  8796 
f  8796  8407  8406 
f  8673  8786  8910 
f  8480  8479  8796 
f  8796  8915  8480 
f  8807  8676  8677 
f  8677  8598  8807 
f  8916  8909  8797 
f  8797  8661  8916 
f  8801  8909  8916 
f  8916  8756  8801 
f  8916  8917  8757 
f  8757  8756  8916 
f  8660  8917  8916 
f  8916  8661  8660 
f  8732  8564  8808 
f  8687  8489  8355 
f  8687  8827  8562 
f  8562  8376  8563 
f  8362  8657  8321 
f  8362  8348  8722 
f  8722  8657  8362 
f  8722  8348  8478 
f  8721  8610  8779 
f  8859  8436  8357 
f  8357  8918  8859 
f  8359  8918  8357 
f  8825  8546  8359 
f  8546  8783  8547 
f  8640  8745  8438 
f  8643  8642  8443 
f  8443  8442  8643 
f  8919  5455  8920 
f  8921  5449  8942 
f  8922  8923  8943 
f  8925  5450  5451 
f  5451  8924  8925 
f  8926  8927  8944 
f  8944  8945  8926 
f  8929  5452  5461 
f  5461  8928  8929 
f  8919  8930  5453 
f  5453  8946  8919 
f  8925  8921  8942 
f  8942  5450  8925 
f  8927  8931  8941 
f  8941  8944  8927 
f  8941  8931  5448 
f  5458  8932  8920 
f  5458  5459  8932 
f  8933  5448  8931 
f  8934  8947  5457 
f  5457  8935  8934 
f  8757  8929  8928 
f  8928  8501  8757 
f  8405  8926  8934 
f  8934  8406  8405 
f  8481  8925  8924 
f  8924  8506  8481 
f  8910  8927  8926 
f  8926  8405  8910 
f  8659  8930  8919 
f  8919  8660  8659 
f  8917  8932  8929 
f  8929  8757  8917 
f  8501  8928  8936 
f  8936  8502  8501 
f  8502  8936  8923 
f  8923  8785  8502 
f  8786  8933  8931 
f  8931  8910  8786 
f  8480  8921  8925 
f  8925  8481  8480 
f  8937  8915  8914 
f  8914  8935  8937 
f  8660  8919  8920 
f  8920  8917  8660 
f  8927  8910  8931 
f  8932  8917  8920 
f  8506  8924  8930 
f  8930  8659  8506 
f  8785  8922  8933 
f  8933  8786  8785 
f  8406  8934  8935 
f  8935  8914  8406 
f  8922  8785  8923 
f  8915  8937  8921 
f  8921  8480  8915 
f  8796  8914  8915 
f  8652  8820  8819 
f  8819  8901  8652 
f  8901  8900  8588 
f  8588  8652  8901 
f  8901  8413  8412 
f  8412  8900  8901 
f  8848  8618  8707 
f  8707  8709  8848 
f  8653  8400  8403 
f  8403  8543  8653 
f  8824  8653  8543 
f  8543  8542  8824 
f  8399  8653  8824 
f  8824  8823  8399 
f  8399  8823  8397 
f  8624  8626  8803 
f  8626  8435  8803 
f  8435  8683  8433 
f  8579  8810  8644 
f  8644  8746  8579 
f  8579  8746  8745 
f  8745  8580  8579 
f  8581  8639  8370 
f  8370  8878  8581 
f  8580  8640  8639 
f  8639  8581  8580 
f  8396  8372  8371 
f  8371  8516  8396 
f  8395  8320  8372 
f  8372  8396  8395 
f  8395  8363  8320 
f  8628  8854  8857 
f  8857  8938  8628 
f  8854  8628  8627 
f  8547  8671  8627 
f  8627  8545  8547 
f  8810  8578  8879 
f  8879  8420  8810 
f  8647  8642  8645 
f  8645  8705  8647 
f  8599  8440  8443 
f  8443  8646  8599 
f  8672  8440  8599 
f  8599  8503  8672 
f  8441  8673  8910 
f  5462  8933  8922 
f  8922  8943  5462 
f  8930  8924  5451 
f  5451  5453  8930 
f  8943  8923  5454 
f  5455  8919  8946 
f  5452  8929  8932 
f  8932  5459  5452 
f  5448  8933  5462 
f  5456  8937  8935 
f  8935  5457  5456 
f  5458  8920  5455 
f  8934  8926  5447 
f  5447  8947  8934 
f  5449  8921  8937 
f  8937  5456  5449 
f  5460  8936  8928 
f  8928  5461  5460 
f  5454  8923  8936 
f  8936  5460  5454 
f  5447  8926  8945 
f  8952  8665  8867 
f  8867  8951  8952 
f  8962  8959  8763 
f  8763  8961  8962 
f  8954  8453  8666 
f  8666  8953  8954 
f  8869  8278  8279 
f  8279  9590  8869 
f  8826  8748  9594 
f  9594  8886  8826 
f  8950  8868  8662 
f  8662  8949  8950 
f  8445  8444  8463 
f  8463  8462  8445 
f  8463  8444  8560 
f  8701  8312  8573 
f  8888  8714  8883 
f  8883  8713  8888 
f  8883  8714  8906 
f  8349  8330  8906 
f  8906  8714  8349 
f  8288  8462  8461 
f  8461  8302  8288 
f  8303  8727  8291 
f  8298  8694  8295 
f  8295  8694  8291 
f  8693  8298  8294 
f  8601  8602  8805 
f  8805  8289  8601 
f  8289  8805  8302 
f  8302  8461  8561 
f  8561  8289  8302 
f  8298  8559  8770 
f  8770  8294  8298 
f  8955  8770  8559 
f  8559  8277  8955 
f  8290  8781  8663 
f  8663  8286  8290 
f  8286  8663  8662 
f  8662  8281  8286 
f  8281  8902  8304 
f  8304  8902  8867 
f  8867  8305  8304 
f  8305  8664  8299 
f  8299  8664  8667 
f  8667  8283  8299 
f  8283  8667  8863 
f  8863  8303  8283 
f  8693  8775  8694 
f  8428  8427  8840 
f  8427  8449  8448 
f  8448  8840  8427 
f  8448  8450  8849 
f  8849  8450  8885 
f  8885  8881  8849 
f  8881  8885  8895 
f  8675  8595  8896 
f  8896  8895  8675 
f  8595  8594  8369 
f  8369  8896  8595 
f  8594  8875  8368 
f  8368  8369  8594 
f  8875  8470  8733 
f  8733  8368  8875 
f  8733  8470  8760 
f  8760  8470  8469 
f  8469  8761  8760 
f  8761  8469  8576 
f  8576  8621  8761 
f  8621  8576  8575 
f  8575  8622  8621 
f  8622  8575  8772 
f  8772  8574  8622 
f  8804  8551  8574 
f  8574  8772  8804 
f  8804  8678  8552 
f  8552  8551  8804 
f  8678  8419  8833 
f  8833  8552  8678 
f  8419  8418  8831 
f  8831  8833  8419 
f  8831  8418  8633 
f  8633  8891  8831 
f  8891  8633  8386 
f  8885  8675  8895 
f  8637  8417  8416 
f  8416  8635  8637 
f  8635  8416  8679 
f  8314  8388  8768 
f  8768  8315  8314 
f  8333  8296  8336 
f  8337  8386  8388 
f  8388  8314  8337 
f  8553  8833  8832 
f  8832  8336  8553 
f  8332  8553  8336 
f  8315  8769  8306 
f  8332  8281  8342 
f  8769  8839  8343 
f  8343  8306  8769 
f  8350  8758  8620 
f  8620  8341  8350 
f  8312  8759  8758 
f  8758  8350  8312 
f  8700  8572  8307 
f  8307  8325  8700 
f  8571  8845  8338 
f  8338  8339  8571 
f  8965  8783  8963 
f  8963  8964  8965 
f  8716  8715  8352 
f  8352  8351  8716 
f  8352  8715  8331 
f  8490  8311  8309 
f  8782  8784  8311 
f  8311  8880  8782 
f  8712  8874  8347 
f  8347  8319  8712 
f  8331  8715  8888 
f  8888  8353  8331 
f  8353  8888  8713 
f  8713  8319  8353 
f  8346  8820  8347 
f  8911  8789  8818 
f  8818  8346  8911 
f  8818  8789  8354 
f  8789  8530  8410 
f  8410  8354  8789 
f  8410  8732  8345 
f  8345  8354  8410 
f  8313  8837  8969 
f  8316  8808  8355 
f  8355  8808  8566 
f  8566  8323  8355 
f  8969  8836  8903 
f  8838  8324  8335 
f  8335  8939  8838 
f  8335  8940  8834 
f  8834  8939  8335 
f  8838  8837  8313 
f  8313  8324  8838 
f  8356  8940  8335 
f  8327  8565  8940 
f  8940  8356  8327 
f  8566  8565  8327 
f  8779  8906  8330 
f  8349  8436  8330 
f  8349  8714  8717 
f  8717  8357  8349 
f  8359  8546  8358 
f  8360  8779  8330 
f  8358  8629  8329 
f  8357  8717  8825 
f  8825  8359  8357 
f  8308  8478  8348 
f  8308  8779  8360 
f  8629  8628  8938 
f  8629  8938  8361 
f  8329  8629  8361 
f  8362  8720  8348 
f  8363  8938  8857 
f  8857  8320  8363 
f  8361  8938  8363 
f  8426  8851  8322 
f  8322  8321  8426 
f  8320  8907  8373 
f  8373  8372  8320 
f  8534  8533  8720 
f  8905  8422  8421 
f  8421  8751  8905 
f  8751  8421  8577 
f  8577  8752  8751 
f  8364  8844  8752 
f  8752  8577  8364 
f  8872  8531  8322 
f  8322  8366  8872 
f  8334  8340  8793 
f  8793  8447  8334 
f  8874  8791  8911 
f  8911  8790  8789 
f  8587  8586  8862 
f  8587  8319  8652 
f  8740  8617  8773 
f  8773  8603  8740 
f  8773  8771  8604 
f  8604  8603  8773 
f  8903  8344  8740 
f  8344  8708  8617 
f  8617  8740  8344 
f  8564  8731  8565 
f  8327  8323  8566 
f  8366  8851  8425 
f  8425  8865  8366 
f  8308  8348  8721 
f  8721  8779  8308 
f  8721  8348  8720 
f  8362  8321  8534 
f  8534  8720  8362 
f  8534  8321  8535 
f  8535  8321  8322 
f  8626  8683  8435 
f  8918  8625  8624 
f  8624  8859  8918 
f  8918  8359  8697 
f  8697  8625  8918 
f  8497  8818  8498 
f  8498  8818  8354 
f  8488  8730  8619 
f  8730  8877  8499 
f  8499  8619  8730 
f  8499  8876  8500 
f  8500  8876  8897 
f  8897  8414  8500 
f  8414  8897  8871 
f  8871  8411  8414 
f  8871  8509  8866 
f  8866  8411  8871 
f  8515  8898  8866 
f  8512  8515  8866 
f  8345  8316  8488 
f  8490  8493  8311 
f  8311  8310  8880 
f  8880  8310  8753 
f  8887  8409  8843 
f  8834  8765  8939 
f  8939  8765  8838 
f  8834  8940  8565 
f  8565  8696  8834 
f  8731  8695  8696 
f  8696  8565  8731 
f  8731  8409  8887 
f  8695  8731  8887 
f  8297  8780  8296 
f  8300  8285  9586 
f  9586  9592  8300 
f  8894 13119  8948 
f  8948 13119 13117 
f 13117  8949  8948 
f  8949 13117 13120 
f 13120  8950  8949 
f  8950 13120 13122 
f 13122  8951  8950 
f  8951 13122 13118 
f 13118  8952  8951 
f  8952 13118 13123 
f 13123  8953  8952 
f 13123 13121  8954 
f  8954  8953 13123 
f  8954 13121  9662 
f  8954  9662  8960 
f  8960  9662  8890 
f  8890  8961  8960 
f  8961  8890  5446 
f  5446  8962  8961 
f  8825  8716  8963 
f  8963  8716  8964 
f  8716  8351  8966 
f  8966  8964  8716 
f  8966  8309  8965 
f  8965  8964  8966 
f  8965  8309  8784 
f  8966  8491  8492 
f  8425  8426  8967 
f  8426  8656  8968 
f  8968  8967  8426 
f  8968  8656  8378 
f  8740  8603  8969 
f  8604  8605  8313 
f  8603  8604  8313 
f  8603  8313  8969 
f  8970  8972  8971 
f  8974  8973  8976 
f  8976  8975  8974 
f  8979  8978  8977 
f  8977  8980  8979 
f  8983  8982  8981 
f  8981  8984  8983 
f  8987  8986  8985 
f  8985  8988  8987 
f  8991  8990  8989 
f  8989  8992  8991 
f  8993  8995  8994 
f  8998  8997  8996 
f  8996  8999  8998 
f  9002  9001  9000 
f  9000  9003  9002 
f  9004  9006  9005 
f  9009  9008  9007 
f  9007  9010  9009 
f  9012  9011  9014 
f  9014  9013  9012 
f  9015  9017  9016 
f  9018  9020  9019 
f  9022  9021  9024 
f  9024  9023  9022 
f  9025  9027  9026 
f  9030  9029  9028 
f  9028  9031  9030 
f  9034  9033  9032 
f  9032  9035  9034 
f  9036  9038  9037 
f  9041  9040  9039 
f  9039  9042  9041 
f  9043  8998  9044 
f  9045  9047  9046 
f  9048  9050  9049 
f  9052  9051  9017 
f  9017  9053  9052 
f  9056  9055  9054 
f  9054  9057  9056 
f  9060  9059  9058 
f  9058  9061  9060 
f  9062  9064  9063 
f  9065  9067  9066 
f  9068  9071  9070 
f  9070  9069  9068 
f  9073  9072  9009 
f  9009  9010  9073 
f  9076  9075  9074 
f  9074  9077  9076 
f  9078  9080  9079 
f  9081  8990  5437 
f  5437  5438  9081 
f  9084  9083  9082 
f  9082  9085  9084 
f  9088  9087  9086 
f  9086  9089  9088 
f  9092  9091  9090 
f  9090  9093  9092 
f  9094  9097  9096 
f  9096  9095  9094 
f  9100  9099  9098 
f  9098  9101  9100 
f  9104  9103  9102 
f  9102  9105  9104 
f  9106  9108  9107 
f  9110  9109  9112 
f  9112  9111  9110 
f  9113  9115  9114 
f  9041  9117  9116 
f  9116  9118  9041 
f  9121  9120  9119 
f  9119  9122  9121 
f  9125  9124  9123 
f  9123  9126  9125 
f  9127  9129  9128 
f  9132  9131  9130 
f  9130  9133  9132 
f  9136  9135  9134 
f  9134  9137  9136 
f  9138  9140  9139 
f  9141  9143  9142 
f  9146  9145  9144 
f  9144  9147  9146 
f  9066  9067  9148 
f  9027  9025  9150 
f  9150  9149  9027 
f  9151  9153  9152 
f  9018  9154  9020 
f  9155  9159  9158 
f  9155  9158  9157 
f  9155  9157  9156 
f  9090  9161  9160 
f  9160  9162  9090 
f  9163  9166  9165 
f  9165  9164  9163 
f  9169  9168  9167 
f  9167  9170  9169 
f  9171  9173  9172 
f  8988  9175  9174 
f  9174  8987  8988 
f  9177  9176  9179 
f  9179  9178  9177 
f  9175  8988  9180 
f  9180  9181  9175 
f  9182  9184  9183 
f  5440  5439  8991 
f  8991  9185  5440 
f  9078  9187  9186 
f  9186  9080  9078 
f  9104  9189  9188 
f  9190  9192  9191 
f  9194  9193  5441 
f  5441  5442  9194 
f  9197  9196  9195 
f  9195  9198  9197 
f  9199  9201  9200 
f  9176  9177  9202 
f  9204  9203  9075 
f  9075  9076  9204 
f  9207  9206  9205 
f  9205  9208  9207 
f  9211  9210  9209 
f  9209  9212  9211 
f  9215  9214  9213 
f  9213  9216  9215 
f  9218  9105  9217 
f  9217  9219  9218 
f  9221  9220  8981 
f  8981  9222  9221 
f  9014  9224  9223 
f  9182  9226  9225 
f  9225  9227  9182 
f  9126  9229  9228 
f  9228  9125  9126 
f  5444  5443  9230 
f  9230  9231  5444 
f  9233  9232  9034 
f  9034  9035  9233 
f  9234  9237  9236 
f  9236  9235  9234 
f  9160  9239  9238 
f  9238  9162  9160 
f  9242  9241  9240 
f  9240  9243  9242 
f  9246  9245  9244 
f  9244  9247  9246 
f  9248  9120  9121 
f  9121  9249  9248 
f  9107  9108  9251 
f  9251  9250  9107 
f  9012  9013  9252 
f  9252  9083  9012 
f  9253  9256  9255 
f  9255  9254  9253 
f  9257  9259  9258 
f  9261  9260  9171 
f  9171  9262  9261 
f  9263  9152  9153 
f  9153  9264  9263 
f  9060  9265  9267 
f  9267  9266  9060 
f  9268  8993  8994 
f  8994  9269  9268 
f  9270  9272  9271 
f  9275  9274  9273 
f  9273  9276  9275 
f  9127  9043  9129 
f  9279  9278  9277 
f  9277  9280  9279 
f  9281  9226  9182 
f  9182  9282  9281 
f  9284  9283  9240 
f  9240  9241  9284 
f  9093  9090  9162 
f  9162  9283  9093 
f  9235  9285  9234 
f  9287  9286  9193 
f  9193  9194  9287 
f  9288  9290  9289 
f  9291  9007  9005 
f  9005  9006  9291 
f  9142  9143  9146 
f  9146  9147  9142 
f  9217  9105  9102 
f  9292  9116  9117 
f  9117  9293  9292 
f  9295  9294  9297 
f  9297  9296  9295 
f  9300  9299  9298 
f  9298  9301  9300 
f  9303  9302  9305 
f  9305  9304  9303 
f  9308  9307  9306 
f  9306  9309  9308 
f  8980  9312  9311 
f  9311  9310  8980 
f  8986  9314  9313 
f  9313  9315  8986 
f  9167  9316  9260 
f  9260  9170  9167 
f  9318  9317  9054 
f  9054  9055  9318 
f  9319  9320  8982 
f  8999  8996  9321 
f  9321  9322  8999 
f  9324  9323  9031 
f  9031  9028  9324 
f  9326  9325  5444 
f  5444  9231  9326 
f  5442  9325  9326 
f  9326  9194  5442 
f  9155  9327  9159 
f  9045  9329  9328 
f  9328  9330  9045 
f  9331  9329  9332 
f  9333  9188  9334 
f  9335  9251  9334 
f  9027  9149  9165 
f  9165  9166  9027 
f  9337  9336  9220 
f  9220  9088  9337 
f  9339  9338  9340 
f  9340  9336  9339 
f  9341  9343  9342 
f  9344  9346  9345 
f  9347  9348  9143 
f  9349  9258  9259 
f  9065  9351  9350 
f  9350  9067  9065 
f  9353  9352  9354 
f  9354  9201  9353 
f  9356  9355  9183 
f  9183  9357  9356 
f  9183  9355  9182 
f  9358  9282  9182 
f  9182  9355  9358 
f  9359  9115  9361 
f  9361  9360  9359 
f  9363  9362  9212 
f  9212  9209  9363 
f  9365  9364  9366 
f  9366  9289  9365 
f  9369  9368  9367 
f  9367  9370  9369 
f  9134  9371  9130 
f  9130  9131  9134 
f  9029  9269  9372 
f  9372  9272  9029 
f  9160  9373  9374 
f  9374  9239  9160 
f  9297  9294  8985 
f  8985  9375  9297 
f  9376  9210  9211 
f  9211  9377  9376 
f  9378  9136  9137 
f  9381  9380  9379 
f  9379  9382  9381 
f  9292  9106  9107 
f  9107  9383  9292 
f  9385  9190  9384 
f  9384  9019  9385 
f  9034  9232  9387 
f  9387  9386  9034 
f  9353  9388  8973 
f  8973  8974  9353 
f  9390  9389  9101 
f  9101  9098  9390 
f  9393  9392  9391 
f  9391  9394  9393 
f  9395  9397  9396 
f  9156  9004  9005 
f  9005  9398  9156 
f  9400  9399  9046 
f  9046  9401  9400 
f  9403  9402  9278 
f  9278  9279  9403 
f  9026  9405  9404 
f  9404  9286  9026 
f  9406  9408  9079 
f  9079  9407  9406 
f  9267  9409  9263 
f  9263  9266  9267 
f  8997  9400  9174 
f  9174  8996  8997 
f  9394  9410  9043 
f  9043  9393  9394 
f  9009  9412  9411 
f  9411  9008  9009 
f  9413  9414  9115 
f  9144  9415  9167 
f  9167  9168  9144 
f  9123  9417  9416 
f  9416  9126  9123 
f  9307  9308  9419 
f  9419  9418  9307 
f  9421  9420  9423 
f  9423  9422  9421 
f  9426  9425  9424 
f  9424  9427  9426 
f  9264  9153  9150 
f  9150  9407  9264 
f  9264  9059  9060 
f  9060  9266  9264 
f  9146  9429  9428 
f  9428  9430  9146 
f  9349  9433  9432 
f  9432  9431  9349 
f  9434  9237  9435 
f  9435  9040  9434 
f  9230  5443  9436 
f  9436  9437  9230 
f  9438  9439  8983 
f  9441  9440  9074 
f  9074  9075  9441 
f  9443  9441  9442 
f  9442  9444  9443 
f  9344  9445  9186 
f  9186  9187  9344 
f  9230  9437  9447 
f  9447  9446  9230 
f  9448  9449  9135 
f  9450  9238  9239 
f  9239  9451  9450 
f  9452  9455  9454 
f  9454  9453  9452 
f  9456  9111  9457 
f  9458  9460  9459 
f  9318  9462  9461 
f  9461  9317  9318 
f  9023  9024  9122 
f  9122  9119  9023 
f  9180  9463  9038 
f  9038  9036  9180 
f  9140  9138  9003 
f  9003  9000  9140 
f  9331  9464  9329 
f  9091  9004  9156 
f  9156  9157  9091 
f  9466  9154  9465 
f  9465  9467  9466 
f  9468  9242  9243 
f  9061  9058  9469 
f  9469  9470  9061 
f  9341  9471  9186 
f  9473  9472  9390 
f  9390  9098  9473 
f  9129  9043  9044 
f  9474  9301  9298 
f  9298  9475  9474 
f  9127  9389  9476 
f  9476  9043  9127 
f  9390  9477  9476 
f  9476  9389  9390 
f  9071  9068  9381 
f  9381  9382  9071 
f  9281  9228  9229 
f  9229  9226  9281 
f  9126  9416  9478 
f  9478  9229  9126 
f  9380  9479  8989 
f  8989  9379  9380 
f  9421  9422  9388 
f  9388  9353  9421 
f  9134  9135  9449 
f  9449  9371  9134 
f  9481  9480  9046 
f  9046  9047  9481 
f  9046  9480  9401 
f  9444  9482  9323 
f  9323  9324  9444 
f  9200  9082  9483 
f  9483  9199  9200 
f  9484  9408  9486 
f  9486  9485  9484 
f  9175  9321  8996 
f  8996  9174  9175 
f  9181  9487  9321 
f  9321  9175  9181 
f  9107  9488  9248 
f  9248  9249  9107 
f  9488  9250  9489 
f  9334  9108  9106 
f  9106  9333  9334 
f  9103  9106  9292 
f  9292  9293  9103 
f  9279  9280  9490 
f  9490  9491  9279 
f  9243  9240  9238 
f  9220  9336  8984 
f  8984  8981  9220 
f  9210  9492  9112 
f  9112  9209  9210 
f  9392  9393  9477 
f  9477  9493  9392 
f  9189  9104  9105 
f  9105  9218  9189 
f  9341  9445  9345 
f  9345  9343  9341 
f  9459  9173  9458 
f  9413  9458  9494 
f  9494  9495  9413 
f  9434  9040  9041 
f  9041  9496  9434 
f  8994  8995  9497 
f  9497  9498  8994 
f  9499  9502  9501 
f  9501  9500  9499 
f  9092  9504  9503 
f  9503  9091  9092 
f  9506  9505  9503 
f  9503  9147  9506 
f  9507  9369  9370 
f  9026  9027  9508 
f  9508  9405  9026 
f  9273  8978  9138 
f  9138  9139  9273 
f  9273  9274  8977 
f  8977  8978  9273 
f  9439  9335  9509 
f  9075  9203  9442 
f  9442  9441  9075 
f  9256  9176  9202 
f  9202  9255  9256 
f  8991  5439  5437 
f  5437  8990  8991 
f  9510  9448  9135 
f  9135  9136  9510 
f  9512  9511  9497 
f  9497  9496  9512 
f  9455  9223  9224 
f  9400  9401  8987 
f  8987  9174  9400 
f  9513  9515  9514 
f  9429  9143  9348 
f  9348  9516  9429 
f  9046  9399  9517 
f  9517  9045  9046 
f  9329  9045  9517 
f  9517  9332  9329 
f  9055  9052  9053 
f  9397  9518  9428 
f  9428  9519  9397 
f  9429  9520  9519 
f  9519  9428  9429 
f  9345  9479  9350 
f  9350  9343  9345 
f  9479  9067  9350 
f  9521  9062  9522 
f  9524  9523  9217 
f  9217  9102  9524 
f  9165  9151  8971 
f  8971  9164  9165 
f  9141  9142  9525 
f  9339  9077  9074 
f  9234  9285  9526 
f  9526  9164  9234 
f  9311  9412  9009 
f  9009  9072  9311 
f  9205  9206  9491 
f  9409  8970  9152 
f  9152  9263  9409 
f  9153  9151  9149 
f  9149  9150  9153 
f  9079  9059  9264 
f  9264  9407  9079 
f  9427  9424  9081 
f  9081  5438  9427 
f  9197  9527  9471 
f  9471  9196  9197 
f  9200  9354  9528 
f  9066  9529  9085 
f  9085  9528  9066 
f  9448  9510  9244 
f  9244  9271  9448 
f  9530  9244  9510 
f  9101  9127  9128 
f  9128  9100  9101 
f  9351  9342  9343 
f  9343  9350  9351 
f  8981  8982  9320 
f  9320  9222  8981 
f  9478  9225  9226 
f  9226  9229  9478 
f  9161  9091  9157 
f  9267  9265  9531 
f  8985  9463  9180 
f  9180  8988  8985 
f  9284  9532  9093 
f  9093  9283  9284 
f  9398  9005  9007 
f  9327  9534  9533 
f  9129  9298  9299 
f  9299  9128  9129 
f  9330  9328  9535 
f  9535  9536  9330 
f  9539  9538  9537 
f  9537  9540  9539 
f  9541  9543  9542 
f  9314  8986  8987 
f  9507  9459  9544 
f  9094  9049  9545 
f  9545  9097  9094 
f  9315  9313  9257 
f  9257  9546  9315 
f  9194  9326  9486 
f  9486  9287  9194 
f  9286  9287  9406 
f  9406  9025  9286 
f  9415  9495  9494 
f  9548  9547  9511 
f  9511  9512  9548 
f  9549  9551  9550 
f  9308  9309  9552 
f  9552  9068  9308 
f  9421  9353  9201 
f  9144  9168  9506 
f  9506  9147  9144 
f  9143  9429  9146 
f  9149  9151  9165 
f  9525  9142  9504 
f  9104  9188  9333 
f  9333  9103  9104 
f  9526  9163  9164 
f  9494  9316  9167 
f  9167  9415  9494 
f  9114  9359  9363 
f  9363  9109  9114 
f  9109  9363  9209 
f  9209  9112  9109 
f  9509  9188  8983 
f  8983  9439  9509 
f  9176  9223  9179 
f  9553  9223  9455 
f  9344  9187  9446 
f  9446  9447  9344 
f  9212  9554  9136 
f  9136  9378  9212 
f  9025  9406  9407 
f  9407  9150  9025 
f  9232  9555  9534 
f  9534  9387  9232 
f  9115  9556  9361 
f  9277  9057  9281 
f  9281  9282  9277 
f  9476  9393  9043 
f  9477  9393  9476 
f  8989  9479  9557 
f  9557  8992  8989 
f  9184  9181  9180 
f  9180  9036  9184 
f  9334  9509  9335 
f  9134  9131  9558 
f  9449  9272  9372 
f  9372  9371  9449 
f  9455  9452  9553 
f  9559  9561  9452 
f  9452  9560  9559 
f  9563  9562  9565 
f  9565  9564  9563 
f  9500  9119  9499 
f  9000  9464  9331 
f  9331  9140  9000 
f  9380  9381  9552 
f  9552  9067  9380 
f  9315  9094  9095 
f  9095  8986  9315 
f  9095  9375  8985 
f  8985  8986  9095 
f  9402  9207  9275 
f  9523  9042  9039 
f  9039  9063  9523 
f  5445  5441  9193 
f  9193  9566  5445 
f  9125  9317  9461 
f  9461  9124  9125 
f  9539  9072  9073 
f  9073  9538  9539 
f  9264  9266  9263 
f  9112  9492  9567 
f  9567  9457  9112 
f  9131  9132  9568 
f  9459  9460  9569 
f  9156  9570  9155 
f  9508  9027  9166 
f  9314  9401  9480 
f  9480  9313  9314 
f  9195  9571  9352 
f  9352  9198  9195 
f  9365  9572  9468 
f  9052  9055  9056 
f  9286  9025  9026 
f  9087  9088  9220 
f  9220  9573  9087 
f  9244  9245  9324 
f  9324  9271  9244 
f  9574  9575  9121 
f  9576  9208  9205 
f  9205  9577  9576 
f  9440  9339  9074 
f  9043  9410  8997 
f  8997  8998  9043 
f  9389  9127  9101 
f  9413  9578  9458 
f  9265  9580  9579 
f  9579  9531  9265 
f  9438  8983  8984 
f  8984  9581  9438 
f  9582  9378  9137 
f  9554  9510  9136 
f  9210  9376  9492 
f  9385  9488  9489 
f  9489  9192  9190 
f  9364  9450  9583 
f  9583  9366  9364 
f  9330  9536  9259 
f  9090  9091  9161 
f  9162  9238  9240 
f  9240  9283  9162 
f  8984  9336  9340 
f  9340  9581  8984 
f  9392  9140  9391 
f  9146  9430  9145 
f  9401  9314  8987 
f  9560  9235  9236 
f  9236  9559  9560 
f  9287  9486  9408 
f  9287  9408  9406 
f  9160  9161  9157 
f  9157  9373  9160 
f  9557  9346  8992 
f  9442  9482  9444 
f  9092  9525  9504 
f  9092  9093  9532 
f  9532  9525  9092 
f  9571  9354  9352 
f  9017  9051  9472 
f  9472  9473  9017 
f  9007  9008  9584 
f  9584  9398  9007 
f  9257  9313  9480 
f  9480  9481  9257 
f  9585  9320  9319 
f  9058  9186  9469 
f  9508  9166  9586 
f  9586  8886  9508 
f  9529  9066  9148 
f  9148  9587  9529 
f  9315  9546  9049 
f  9049  9094  9315 
f  9084  9588  9012 
f  9012  9083  9084 
f  9399  9410  9394 
f  9394  9517  9399 
f  9391  9332  9517 
f  9517  9394  9391 
f  8998  8999  9044 
f  9233  9356  9555 
f  9555  9232  9233 
f  9347  9143  9141 
f  9178  9179  9515 
f  9200  9528  9085 
f  9200  9085  9082 
f  9368  9589  9367 
f  9341  9195  9196 
f  9471  9341  9196 
f  9588  9011  9012 
f  9114  9115  9359 
f  9503  9505  9004 
f  9004  9091  9503 
f  9172  9459  9507 
f  9552  9381  9068 
f  9404  9591  9590 
f  9590  9566  9404 
f  9163  9526  8889 
f  8889  9592  9163 
f  9193  9286  9404 
f  9404  9566  9193 
f  9485  9486  9326 
f  9326  9231  9485 
f  8992  9346  9185 
f  9185  8991  8992 
f  9081  9379  8989 
f  8989  8990  9081 
f  9382  9379  9081 
f  9081  9424  9382 
f  9425  9071  9382 
f  9382  9424  9425 
f  9071  9425  9593 
f  9593  9070  9071 
f  9405  9594  9591 
f  9591  9404  9405 
f  9514  9553  9561 
f  9514  9561  9595 
f  9595  9513  9514 
f  9029  9030  9268 
f  9268  9269  9029 
f  9596  9235  9560 
f  9560  8892  9596 
f  9453  9454  8894 
f  8894  8893  9453 
f  9597  9285  9235 
f  9235  9596  9597 
f  9454  9303  9304 
f  9304  8894  9454 
f  8889  9526  9285 
f  9285  9597  8889 
f  9453  8893  8892 
f  8892  9560  9453 
f  9559  8993  9595 
f  9595  9561  9559 
f  9060  9061  9580 
f  9580  9265  9060 
f  9527  9599  9598 
f  9598  9470  9527 
f  8975  9197  9198 
f  9198  8974  8975 
f  9471  9527  9470 
f  9470  9469  9471 
f  9469  9186  9471 
f  9580  9598  9600 
f  9600  9579  9580 
f  8971  9151  9152 
f  9152  8970  8971 
f  9601  9599  8975 
f  8975  8976  9601 
f  9600  9598  9599 
f  9599  9601  9600 
f  9573  9220  9221 
f  9082  9083  9252 
f  9252  9483  9082 
f  9562  9588  9306 
f  9306  9307  9562 
f  9084  9529  9587 
f  9587  9588  9084 
f  9084  9085  9529 
f  9256  9253  9483 
f  9483  9252  9256 
f  9256  9252  9013 
f  9013  9176  9256 
f  9176  9013  9223 
f  9341  9342  9195 
f  9342  9351  9354 
f  9354  9571  9342 
f  9528  9354  9351 
f  9351  9065  9528 
f  9065  9066  9528 
f  9186  9445  9341 
f  9195  9342  9571 
f  9062  9409  9267 
f  9267  9531  9062 
f  9409  9062  9521 
f  9521  8970  9409 
f  9164  8971  8972 
f  8972  9237  9164 
f  9521  9522  9040 
f  9040  9435  9521 
f  9164  9237  9234 
f  9271  9272  9449 
f  9449  9448  9271 
f  9245  9246  9443 
f  9247  9360  9361 
f  9361  9246  9247 
f  8995  9434  9496 
f  9496  9497  8995 
f  9041  9042  9117 
f  9523  9524  9117 
f  9117  9042  9523 
f  9523  9063  9217 
f  9130  9498  9497 
f  9497  9133  9130 
f  9132  9547  9602 
f  9602  9568  9132 
f  9133  9497  9511 
f  9603  9558  9021 
f  9021  9022  9603 
f  9022  9605  9604 
f  9604  9603  9022 
f  9214  9549  9550 
f  9217  9063  9064 
f  9064  9219  9217 
f  9288  9214  9215 
f  9606  9023  9119 
f  9119  9500  9606 
f  9511  9547  9132 
f  9132  9133  9511 
f  9547  9548  9574 
f  9574  9602  9547 
f  9524  9102  9103 
f  9103  9293  9524 
f  9293  9117  9524 
f  9106  9103  9333 
f  9498  9372  9269 
f  9269  8994  9498 
f  9130  9371  9372 
f  9372  9498  9130 
f  9607  9563  9302 
f  9302  9014  9607 
f  9562  9563  9607 
f  9324  9245  9443 
f  9443  9444  9324 
f  9414  9395  9556 
f  9556  9115  9414 
f  9608  9518  9395 
f  9395  9414  9608 
f  9608  9414  9413 
f  9413  9495  9608 
f  9460  9113  9110 
f  8983  9189  8982 
f  9319  8982  9189 
f  9189  9218  9319 
f  9219  9585  9319 
f  9319  9218  9219 
f  9219  9064  9585 
f  9271  9324  9270 
f  9337  9088  9089 
f  9450  9364  9243 
f  9243  9365  9468 
f  9582  9137  9603 
f  9603  9604  9582 
f  9376  9377  9216 
f  9216  9213  9376 
f  9492  9376  9213 
f  9213  9550  9492 
f  9398  9570  9156 
f  9398  9584  9570 
f  9386  9008  9411 
f  9386  9387  9584 
f  9584  9008  9386 
f  9490  9358  9233 
f  9233  9035  9490 
f  9032  9491  9490 
f  9490  9035  9032 
f  9295  9533  9037 
f  9359  9360  9362 
f  9362  9363  9359 
f  9570  9584  9387 
f  9387  9534  9570 
f  9216  9604  9605 
f  9605  9215  9216 
f  9377  9582  9604 
f  9604  9216  9377 
f  9211  9378  9582 
f  9582  9377  9211 
f  9211  9212  9378 
f  9583  9450  9451 
f  9451  9609  9583 
f  9554  9212  9362 
f  9118  9512  9496 
f  9496  9041  9118 
f  9512  9118  9548 
f  9548  9118  9574 
f  9116  9575  9574 
f  9574  9118  9116 
f  9504  9142  9147 
f  9147  9503  9504 
f  9183  9184  9036 
f  9036  9357  9183 
f  9037  9555  9356 
f  9356  9357  9037 
f  9357  9036  9037 
f  9610  9456  9567 
f  9567  9456  9457 
f  9495  9415  9144 
f  9144  9145  9495 
f  9608  9495  9145 
f  9145  9430  9608 
f  9428  9518  9608 
f  9608  9430  9428 
f  9575  9116  9292 
f  9292  9383  9575 
f  9530  9510  9554 
f  9554  9362  9530 
f  9244  9530  9247 
f  9259  9536  9349 
f  9433  9349  9536 
f  9536  9535  9433 
f  9535  9542  9543 
f  9535  9543  9432 
f  9433  9535  9432 
f  9280  9358  9490 
f  9140  9331  9332 
f  9332  9391  9140 
f  9328  9001  9542 
f  9542  9535  9328 
f  9611  9541  9542 
f  9002  9611  9542 
f  9001  9002  9542 
f  9540  9612  9310 
f  9310  9539  9540 
f  9072  9539  9310 
f  9310  9311  9072 
f  9329  9464  9328 
f  9000  9001  9328 
f  9328  9464  9000 
f  9538  9170  9260 
f  9260  9537  9538 
f  9169  9170  9538 
f  9538  9073  9169 
f  9073  9010  9169 
f  9316  9494  9458 
f  9458  9173  9316 
f  9432  9262  9171 
f  9171  9172  9432 
f  9253  9254  9423 
f  9423  9420  9253 
f  9076  9089  9086 
f  9086  9204  9076 
f  9077  9337  9089 
f  9089  9076  9077 
f  9077  9339  9337 
f  9337  9339  9336 
f  9385  9019  9020 
f  9355  9356  9233 
f  9233  9358  9355 
f  9492  9550  9567 
f  9550  9551  9610 
f  9610  9567  9550 
f  9474  9322  9613 
f  9613  9614  9474 
f  9298  9129  9044 
f  9044  9475  9298 
f  8999  9322  9474 
f  9474  9475  8999 
f  9475  9044  8999 
f  9577  9032  9033 
f  9033  9615  9577 
f  9576  9577  9615 
f  9615  9312  9576 
f  8980  8977  9576 
f  9576  9312  8980 
f  9493  9276  9273 
f  9273  9139  9493 
f  9139  9140  9392 
f  9392  9493  9139 
f  9184  9487  9181 
f  9182  9227  9487 
f  9487  9184  9182 
f  9322  9227  9225 
f  9225  9613  9322 
f  9478  9614  9613 
f  9613  9225  9478 
f  9399  9400  8997 
f  8997  9410  9399 
f  9053  9616  9055 
f  9288  9501  9290 
f  9617  9572  9290 
f  9290  9502  9617 
f  9467  9242  9468 
f  9468  9617  9467 
f  9241  9242  9467 
f  9467  9465  9241 
f  9284  9241  9465 
f  9465  9618  9284 
f  9618  9619  9532 
f  9532  9284  9618 
f  9619  9525  9532 
f  9618  9465  9154 
f  9154  9018  9618 
f  9018  9619  9618 
f  9619  9018  9019 
f  9019  9525  9619 
f  9365  9243  9364 
f  9243  9238  9450 
f  9289  9549  9214 
f  9472  9493  9477 
f  9477  9390  9472 
f  9472  9051  9276 
f  9276  9493  9472 
f  9051  9052  9275 
f  9275  9276  9051 
f  9056  9278  9402 
f  9402  9052  9056 
f  9616  9053  9017 
f  9017  9015  9616 
f  9016  9017  9473 
f  9473  9620  9016 
f  9318  9616  9462 
f  9099  9621  9473 
f  9473  9098  9099 
f  9487  9227  9322 
f  9322  9321  9487 
f  9622  9301  9474 
f  9474  9614  9622 
f  9478  9416  9622 
f  9622  9614  9478 
f  9622  9416  9417 
f  9417  9623  9622 
f  9300  9301  9622 
f  9622  9623  9300 
f  9385  9489  9190 
f  9334  9251  9108 
f  9334  9188  9509 
f  9188  9189  8983 
f  9624  9296  9297 
f  9624  9297  9375 
f  9375  9625  9624 
f  9375  9095  9625 
f  9374  9451  9239 
f  9546  9626  9048 
f  9048  9049  9546 
f  9431  9048  9626 
f  9507  9431  9172 
f  9172  9173  9459 
f  9275  9052  9402 
f  9278  9056  9057 
f  9057  9277  9278 
f  9627  9629  9628 
f  9630  9632  9631 
f  9633  7197  9634 
f  9636  9635  9637 
f  9637  7585  9636 
f  9638  7354  7441 
f  7441  9639  9638 
f  9641  9640  7582 
f  7582  7275  9641 
f  9627  9644  9643 
f  9643  9642  9627 
f  9636  7585  9632 
f  9632  9630  9636 
f  9639  7441  9646 
f  9646  9645  9639 
f  9646  6754  9645 
f  7395  9629  9647 
f  7395  9647  7276 
f  9648  9645  6754 
f  9649  9651  9650 
f  9650  7581  9649 
f  9417  9123  9640 
f  9640  9641  9417 
f  9015  9016  9649 
f  9649  9638  9015 
f  9100  9128  9635 
f  9635  9636  9100 
f  9616  9015  9638 
f  9638  9639  9616 
f  9299  9300  9627 
f  9627  9642  9299 
f  9623  9417  9641 
f  9641  9647  9623 
f  9123  9124  9652 
f  9652  9640  9123 
f  9124  9461  9634 
f  9634  9652  9124 
f  9462  9616  9645 
f  9645  9648  9462 
f  9099  9100  9636 
f  9636  9630  9099 
f  9653  9651  9620 
f  9620  9621  9653 
f  9300  9623  9629 
f  9629  9627  9300 
f  9639  9645  9616 
f  9647  9629  9623 
f  9128  9299  9642 
f  9642  9635  9128 
f  9461  9462  9648 
f  9648  9633  9461 
f  9016  9620  9651 
f  9651  9649  9016 
f  9633  9634  9461 
f  9621  9099  9630 
f  9630  9653  9621 
f  9473  9621  9620 
f  9288  9606  9500 
f  9500  9501  9288 
f  9606  9288  9215 
f  9215  9605  9606 
f  9606  9605  9022 
f  9022  9023  9606 
f  9530  9362  9360 
f  9360  9247  9530 
f  9291  9169  9010 
f  9010  9007  9291 
f  9506  9168  9169 
f  9169  9291  9506 
f  9006  9505  9506 
f  9506  9291  9006 
f  9006  9004  9505 
f  9257  9481  9259 
f  9259  9481  9047 
f  9047  9045  9330 
f  9206  9403  9279 
f  9279  9491  9206 
f  9206  9207  9402 
f  9402  9403  9206 
f  9208  9576  8977 
f  8977  9274  9208 
f  9207  9208  9274 
f  9274  9275  9207 
f  9003  9138  8978 
f  8978  8979  9003 
f  9002  9003  8979 
f  8979  9612  9002 
f  9002  9612  9611 
f  9261  9654  9540 
f  9540  9537  9261 
f  9537  9260  9261 
f  9173  9171  9260 
f  9260  9316  9173 
f  9491  9032  9577 
f  9577  9205  9491 
f  9282  9358  9280 
f  9280  9277  9282 
f  9228  9281  9057 
f  9057  9054  9228 
f  9317  9125  9228 
f  9228  9054  9317 
f  9055  9616  9318 
f  7322  7197  9633 
f  9633  9648  7322 
f  9642  9643  9637 
f  9637  9635  9642 
f  7197  7195  9634 
f  9628  9644  9627 
f  7275  7276  9647 
f  9647  9641  7275 
f  6754  7322  9648 
f  7337  9650  9651 
f  9651  9653  7337 
f  7395  9628  9629 
f  9649  7581  9655 
f  9655  9638  9649 
f  9631  7337  9653 
f  9653  9630  9631 
f  9656  7582  9640 
f  9640  9652  9656 
f  7195  9656  9652 
f  9652  9634  7195 
f  9655  7354  9638 
f  9418  9565  9562 
f  9562  9307  9418 
f  9657  9593  9425 
f  9425  9426  9657 
f  9069  9419  9308 
f  9308  9068  9069 
f  9566  9590  8279 
f  8279  5445  9566 
f  9508  8886  9594 
f  9594  9405  9508 
f  9564  9305  9302 
f  9302  9563  9564 
f  9059  9079  9080 
f  9080  9058  9059 
f  9080  9186  9058 
f  9354  9200  9201 
f  9589  9366  9583 
f  9583  9367  9589 
f  9583  9609  9367 
f  9050  9367  9609 
f  9609  9545  9050 
f  9408  9484  9078 
f  9078  9079  9408 
f  9067  9479  9380 
f  9346  9557  9345 
f  9557  9479  9345 
f  9344  9447  9346 
f  9230  9446  9485 
f  9485  9231  9230 
f  9446  9484  9485 
f  9484  9446  9187 
f  9187  9078  9484 
f  9346  9447  9437 
f  9437  9185  9346 
f  9436  5440  9185 
f  9185  9437  9436 
f  9455  9224  9303 
f  9303  9454  9455 
f  9224  9014  9302 
f  9302  9303  9224 
f  9014  9011  9607 
f  9011  9588  9562 
f  9562  9607  9011 
f  9588  9587  9306 
f  9587  9148  9309 
f  9309  9306  9587 
f  9148  9067  9552 
f  9552  9309  9148 
f  9344  9345  9445 
f  9040  9522  9039 
f  9039  9522  9062 
f  9062  9063  9039 
f  9062  9531  9064 
f  9531  9579  9585 
f  9585  9064  9531 
f  9579  9600  9585 
f  9320  9600  9601 
f  9601  9222  9320 
f  9222  9601  8976 
f  8976  9221  9222 
f  9221  8976  8973 
f  8973  9573  9221 
f  9573  8973  9388 
f  9388  9087  9573 
f  9388  9422  9087 
f  9422  9423  9086 
f  9086  9087  9422 
f  9423  9254  9204 
f  9204  9086  9423 
f  9254  9255  9203 
f  9203  9204  9254 
f  9255  9202  9442 
f  9442  9203  9255 
f  9482  9442  9202 
f  9202  9177  9482 
f  9482  9177  9178 
f  9178  9323  9482 
f  9323  9178  9515 
f  9515  9031  9323 
f  9031  9515  9513 
f  9513  9030  9031 
f  9513  9595  9268 
f  9268  9030  9513 
f  9595  8993  9268 
f  9585  9600  9320 
f  9272  9270  9028 
f  9028  9029  9272 
f  9270  9324  9028 
f  9236  9237  9434 
f  9434  8995  9236 
f  9561  9553  9452 
f  9559  9236  8995 
f  8995  8993  9559 
f  9179  9553  9514 
f  9514  9515  9179 
f  9223  9553  9179 
f  9237  8972  9435 
f  9223  9013  9014 
f  9435  8972  8970 
f  8970  9521  9435 
f  9199  9483  9253 
f  9253  9420  9199 
f  9201  9199  9420 
f  9420  9421  9201 
f  9352  9353  8974 
f  8974  9198  9352 
f  9197  8975  9599 
f  9599  9527  9197 
f  9569  9658  9544 
f  9544  9459  9569 
f  9369  9456  9610 
f  9610  9368  9369 
f  9610  9551  9368 
f  9109  9110  9113 
f  9458  9578  9113 
f  9113  9460  9458 
f  9365  9289  9290 
f  9290  9572  9365 
f  9551  9549  9589 
f  9589  9368  9551 
f  9549  9289  9366 
f  9366  9589  9549 
f  9502  9290  9501 
f  9617  9502  9499 
f  9499  9466  9617 
f  9499  9248  9466 
f  9466  9248  9020 
f  9020  9154  9466 
f  9020  9248  9488 
f  9488  9385  9020 
f  9338  9397  9519 
f  9250  9251  9489 
f  9251  9335  9192 
f  9192  9489  9251 
f  9397  9395  9518 
f  9520  9659  9581 
f  9581  9340  9520 
f  9581  9659  9516 
f  9516  9660  9581 
f  9520  9340  9338 
f  9338  9519  9520 
f  9438  9581  9660 
f  9439  9438  9660 
f  9660  9191  9439 
f  9192  9439  9191 
f  9451  9545  9609 
f  9050  9545  9049 
f  9050  9048  9370 
f  9370  9367  9050 
f  9431  9432  9172 
f  9097  9545  9451 
f  9432  9543  9262 
f  9048  9431  9507 
f  9507  9370  9048 
f  9096  9625  9095 
f  9096  9097  9451 
f  9654  9261  9262 
f  9541  9654  9262 
f  9543  9541  9262 
f  9624  9625  9373 
f  9611  9612  9540 
f  9540  9654  9611 
f  9541  9611  9654 
f  9295  9296  9327 
f  9327  9533  9295 
f  9612  8979  8980 
f  8980  9310  9612 
f  9158  9373  9157 
f  9386  9411  9033 
f  9033  9034  9386 
f  9411  9412  9615 
f  9615  9033  9411 
f  9312  9615  9412 
f  9412  9311  9312 
f  9570  9534  9327 
f  9327  9155  9570 
f  9580  9061  9470 
f  9470  9598  9580 
f  9572  9617  9468 
f  9617  9466  9467 
f  9214  9550  9213 
f  9214  9288  9289 
f  9396  9661  9443 
f  9443  9246  9396 
f  9443  9661  9440 
f  9440  9441  9443 
f  9395  9396  9556 
f  9556  9396  9246 
f  9246  9361  9556 
f  9190  9191  9384 
f  9439  9192  9335 
f  9534  9555  9037 
f  9037  9533  9534 
f  9096  9451  9374 
f  9374  9625  9096 
f  9374  9373  9625 
f  9624  9373  9158 
f  9158  9296  9624 
f  9158  9159  9296 
f  9159  9327  9296 
f  9259  9047  9330 
f  9626  9546  9257 
f  9257  9258  9626 
f  9626  9258  9349 
f  9349  9431  9626 
f  9119  9120  9499 
f  9120  9248  9499 
f  9107  9249  9383 
f  9383  9249  9121 
f  9121  9575  9383 
f  9121  9122  9574 
f  9122  9024  9602 
f  9602  9574  9122 
f  9024  9021  9568 
f  9568  9602  9024 
f  9568  9021  9558 
f  9558  9131  9568 
f  9137  9558  9603 
f  9134  9558  9137 
f  9488  9107  9250 
f  9109  9113  9114 
f  9113  9578  9115 
f  9578  9413  9115 
f  9141  9525  9019 
f  9516  9659  9429 
f  9659  9520  9429 
f  9516  9348  9191 
f  9191  9660  9516 
f  9384  9191  9348 
f  9348  9347  9384 
f  9141  9019  9384 
f  9347  9141  9384 
f  9560  9452  9453 
f  9163  9592  9586 
f  9586  9166  9163 
f  9304  9305 13117 
f 13117 13119  9304 
f  9305  9564 13120 
f 13120 13117  9305 
f  9564  9565 13122 
f 13122 13120  9564 
f  9565  9418 13118 
f 13118 13122  9565 
f  9418  9419 13123 
f 13123 13118  9418 
f  9069 13121 13123 
f 13123  9419  9069 
f  9069  9662 13121 
f  9069  9070  9662 
f  9070  9593  8890 
f  8890  9662  9070 
f  9593  9657  5446 
f  5446  8890  9593 
f  9507  9544  9369 
f  9544  9658  9369 
f  9369  9658  9111 
f  9111  9456  9369 
f  9111  9658  9569 
f  9569  9110  9111 
f  9569  9460  9110 
f  9111  9112  9457 
f  9037  9038  9295 
f  9295  9038  9463 
f  9463  9294  9295 
f  9463  8985  9294 
f  9396  9397  9661 
f  9661  9397  9338 
f  9338  9339  9440 
f  9661  9338  9440 
f  8894  9304 13119 
f  1698  1697  1694 
f  1698  1694  1693 
f  1680  1679  1698 
f  1680  1698  1693 
f  1668  1684  1685 
f  1686  1687  1688 
f  1686  1688  1680 
f  1685  1686  1680 
f  1685  1680  1693 
f  1695  1696  1663 
f  1695  1663  1664 
f  1664  1665  1666 
f  1695  1664  1666 
f  1695  1666  1667 
f  1695  1667  1668 
f  1695  1668  1685 
f  1685  1693  1695 
f  4013  4017  4018 
f  4014  4013  4018 
f  4018  4000  3999 
f  4014  4018  3999 
f  4005  4004  3988 
f  4008  4007  4006 
f  3999  4008  4006 
f  3999  4006  4005 
f  4014  3999  4005 
f  3983  4016  4015 
f  3984  3983  4015 
f  3986  3985  3984 
f  3986  3984  4015 
f  3987  3986  4015 
f  3988  3987  4015 
f  4005  3988  4015 
f  4015  4014  4005 
