####
#
# OBJ File Generated by Meshlab
#
####
# Object exportMakeHumanEyes.obj
#
# Vertices: 1064
# Faces: 1020
#
####
mtllib ./exportMakeHumanEyes.mtl

vn 0.8791636 -0.0347544 0.4752511
v 0.0711000 1.5558999 -0.0256000
vn 0.8642522 -0.0154317 0.5028221
v 0.0701000 1.5559999 -0.0241000
vn 0.8779476 -0.0326698 0.4776408
v 0.0688000 1.5559999 -0.0208000
vn 0.7335535 -0.0327334 0.6788430
v 0.0670000 1.5560999 -0.0184000
vn 0.5914438 -0.0223963 0.8060352
v 0.0647000 1.5562999 -0.0164000
vn 0.4201766 -0.0173127 0.9072772
v 0.0622000 1.5563998 -0.0149000
vn 0.2313440 -0.0114714 0.9728044
v 0.0593000 1.5564998 -0.0139000
vn 0.0511057 -0.0028585 0.9986892
v 0.0564000 1.5566999 -0.0135000
vn -0.1214269 0.0086191 0.9925630
v 0.0534000 1.5567999 -0.0136000
vn -0.1924767 0.0579105 0.9795913
v 0.0504000 1.5569999 -0.0142000
vn 0.8948292 0.1110385 0.4323785
v 0.0712000 1.5570999 -0.0259000
vn 0.8525885 0.1667036 0.4952805
v 0.0701000 1.5574999 -0.0244000
vn 0.8921318 0.1118829 0.4377021
v 0.0690000 1.5585998 -0.0213000
vn 0.7487758 0.1865566 0.6360278
v 0.0673000 1.5593998 -0.0189000
vn 0.6086579 0.2394525 0.7564378
v 0.0650000 1.5601999 -0.0170000
vn 0.4426526 0.2748523 0.8535309
v 0.0625000 1.5606999 -0.0154000
vn 0.2506622 0.3033371 0.9193232
v 0.0596000 1.5610999 -0.0145000
vn 0.0691825 0.3171267 0.9458565
v 0.0566000 1.5613999 -0.0140000
vn -0.1181226 0.3216466 0.9394629
v 0.0536000 1.5613999 -0.0142000
vn -0.1927826 0.3744450 0.9069872
v 0.0506000 1.5612999 -0.0148000
vn 0.8934260 0.2651314 0.3626229
v 0.0712000 1.5580999 -0.0264000
vn 0.8578102 0.3254191 0.3978241
v 0.0701000 1.5589999 -0.0252000
vn 0.8926193 0.2707144 0.3604784
v 0.0690000 1.5608999 -0.0225000
vn 0.7416547 0.4130872 0.5284953
v 0.0673000 1.5622998 -0.0206000
vn 0.6016244 0.4972536 0.6251296
v 0.0649000 1.5634999 -0.0189000
vn 0.4360813 0.5616143 0.7031518
v 0.0625000 1.5643998 -0.0176000
vn 0.2623196 0.6009342 0.7550275
v 0.0596000 1.5649999 -0.0168000
vn 0.0784056 0.6169251 0.7831067
v 0.0567000 1.5653999 -0.0164000
vn -0.1131089 0.6131516 0.7818258
v 0.0536000 1.5652999 -0.0164000
vn -0.1882738 0.6444941 0.7410671
v 0.0506000 1.5649999 -0.0169000
vn 0.8863636 0.3878566 0.2528380
v 0.0712000 1.5589999 -0.0273000
vn 0.8635171 0.4230769 0.2744890
v 0.0701000 1.5601999 -0.0265000
vn 0.8902839 0.3712023 0.2638244
v 0.0690000 1.5627999 -0.0245000
vn 0.7393143 0.5473596 0.3921887
v 0.0673000 1.5646999 -0.0231000
vn 0.5909074 0.6558440 0.4697840
v 0.0649000 1.5662999 -0.0218000
vn 0.4322156 0.7316797 0.5271000
v 0.0624000 1.5674999 -0.0209000
vn 0.2590389 0.7835888 0.5647012
v 0.0595000 1.5682999 -0.0202000
vn 0.0762608 0.8104857 0.5807730
v 0.0566000 1.5686998 -0.0198000
vn -0.1152521 0.8088525 0.5766062
v 0.0536000 1.5685999 -0.0199000
vn -0.1802781 0.8247530 0.5359873
v 0.0506000 1.5680999 -0.0202000
vn 0.8789695 0.4636208 0.1116625
v 0.0712000 1.5594999 -0.0284000
vn 0.8634987 0.4911910 0.1144611
v 0.0701000 1.5608999 -0.0280000
vn 0.8880399 0.4462859 0.1105168
v 0.0690000 1.5638999 -0.0269000
vn 0.7356650 0.6533273 0.1787750
v 0.0673000 1.5661999 -0.0260000
vn 0.5882316 0.7768629 0.2246500
v 0.0649000 1.5680999 -0.0253000
vn 0.4264457 0.8663552 0.2599478
v 0.0624000 1.5695999 -0.0247000
vn 0.2454055 0.9279091 0.2806434
v 0.0595000 1.5703999 -0.0243000
vn 0.0662211 0.9536915 0.2934064
v 0.0566000 1.5708998 -0.0240000
vn -0.1193016 0.9471557 0.2977639
v 0.0535000 1.5706999 -0.0240000
vn -0.1790791 0.9543341 0.2391176
v 0.0505000 1.5701998 -0.0241000
vn 0.8606947 0.5058511 -0.0576131
v 0.0711000 1.5596999 -0.0297000
vn 0.8554258 0.5144572 -0.0598381
v 0.0700000 1.5611999 -0.0297000
vn 0.8762667 0.4795815 -0.0464563
v 0.0688000 1.5642998 -0.0296000
vn 0.7192206 0.6937909 -0.0370963
v 0.0670000 1.5666999 -0.0295000
vn 0.5766119 0.8164675 -0.0299959
v 0.0646000 1.5685999 -0.0294000
vn 0.4053300 0.9139140 -0.0216544
v 0.0622000 1.5700998 -0.0293000
vn 0.2315464 0.9727324 -0.0133357
v 0.0592000 1.5709999 -0.0291000
vn 0.0536768 0.9985549 -0.0026230
v 0.0564000 1.5714998 -0.0289000
vn -0.1254321 0.9920880 0.0053256
v 0.0533000 1.5712999 -0.0288000
vn -0.1874035 0.9818872 -0.0278827
v 0.0503000 1.5706999 -0.0286000
vn 0.8469905 0.4909935 -0.2037949
v 0.0710000 1.5594999 -0.0309000
vn 0.8461058 0.4862876 -0.2182418
v 0.0699000 1.5608999 -0.0314000
vn 0.8708177 0.4553106 -0.1853885
v 0.0687000 1.5638999 -0.0323000
vn 0.7131495 0.6585110 -0.2403766
v 0.0669000 1.5661999 -0.0329000
vn 0.5715547 0.7737228 -0.2732735
v 0.0645000 1.5680999 -0.0335000
vn 0.3955535 0.8705380 -0.2927474
v 0.0620000 1.5694999 -0.0338000
vn 0.2173012 0.9289729 -0.2996491
v 0.0590000 1.5703999 -0.0339000
vn 0.0331535 0.9538879 -0.2983265
v 0.0561000 1.5708998 -0.0338000
vn -0.1452626 0.9471074 -0.2861578
v 0.0530000 1.5706999 -0.0336000
vn -0.2200577 0.9156811 -0.3363074
v 0.0500000 1.5701998 -0.0331000
vn 0.8468065 0.4101791 -0.3386325
v 0.0709000 1.5589999 -0.0320000
vn 0.8341256 0.4139158 -0.3645658
v 0.0698000 1.5600998 -0.0329000
vn 0.8566049 0.3872406 -0.3409880
v 0.0685000 1.5627999 -0.0347000
vn 0.6973218 0.5536654 -0.4551889
v 0.0666000 1.5646999 -0.0359000
vn 0.5538581 0.6548356 -0.5142292
v 0.0642000 1.5662999 -0.0369000
vn 0.3780149 0.7376069 -0.5595006
v 0.0617000 1.5674999 -0.0377000
vn 0.1921704 0.7891423 -0.5833738
v 0.0587000 1.5682999 -0.0380000
vn 0.0085083 0.8119828 -0.5836195
v 0.0558000 1.5686998 -0.0380000
vn -0.1764993 0.8041562 -0.5676098
v 0.0527000 1.5685999 -0.0376000
vn -0.2468833 0.7664420 -0.5929716
v 0.0498000 1.5680999 -0.0370000
vn 0.8536813 0.2591092 -0.4517640
v 0.0709000 1.5580999 -0.0329000
vn 0.8178129 0.2925968 -0.4955495
v 0.0697000 1.5589999 -0.0341000
vn 0.8466761 0.2851545 -0.4492511
v 0.0683000 1.5608999 -0.0366000
vn 0.6862183 0.4147628 -0.5975587
v 0.0663000 1.5622998 -0.0385000
vn 0.5426044 0.4893495 -0.6827280
v 0.0639000 1.5634999 -0.0399000
vn 0.3601529 0.5567961 -0.7485105
v 0.0613000 1.5643998 -0.0409000
vn 0.1759672 0.6013392 -0.7793759
v 0.0583000 1.5649999 -0.0414000
vn -0.0164208 0.6234089 -0.7817236
v 0.0554000 1.5653999 -0.0415000
vn -0.2087840 0.6175978 -0.7582758
v 0.0524000 1.5652999 -0.0410000
vn -0.2726809 0.5721651 -0.7734807
v 0.0494000 1.5649999 -0.0402000
vn 0.8483267 0.0987950 -0.5201743
v 0.0708000 1.5570999 -0.0334000
vn 0.8098889 0.1237751 -0.5733758
v 0.0696000 1.5574999 -0.0348000
vn 0.8403373 0.1185721 -0.5289366
v 0.0682000 1.5585998 -0.0379000
vn 0.6804533 0.1848527 -0.7090930
v 0.0661000 1.5593998 -0.0401000
vn 0.5284835 0.2305385 -0.8170418
v 0.0637000 1.5600998 -0.0418000
vn 0.3476407 0.2709358 -0.8976301
v 0.0610000 1.5606999 -0.0431000
vn 0.1638814 0.3008246 -0.9394932
v 0.0580000 1.5610999 -0.0437000
vn -0.0472518 0.3191587 -0.9465226
v 0.0550000 1.5613999 -0.0439000
vn -0.2444726 0.3178926 -0.9160663
v 0.0521000 1.5613999 -0.0433000
vn -0.3097088 0.2525426 -0.9166803
v 0.0491000 1.5612999 -0.0423000
vn 0.8396582 -0.0704675 -0.5385244
v 0.0707000 1.5558999 -0.0336000
vn 0.8122863 -0.0730650 -0.5786645
v 0.0695000 1.5558999 -0.0351000
vn 0.8266320 -0.0492300 -0.5605854
v 0.0679000 1.5559999 -0.0382000
vn 0.6613689 -0.0408517 -0.7489475
v 0.0659000 1.5560999 -0.0405000
vn 0.5032415 -0.0392491 -0.8632540
v 0.0634000 1.5562999 -0.0422000
vn 0.3317293 -0.0259710 -0.9430171
v 0.0607000 1.5563998 -0.0435000
vn 0.1452022 -0.0158200 -0.9892756
v 0.0578000 1.5564998 -0.0442000
vn -0.0656687 -0.0056182 -0.9978257
v 0.0548000 1.5566999 -0.0444000
vn -0.2586716 0.0102420 -0.9659111
v 0.0518000 1.5567999 -0.0438000
vn -0.3301876 -0.0191946 -0.9437202
v 0.0489000 1.5569999 -0.0428000
vn 0.8226425 -0.2016603 -0.5315943
v 0.0706000 1.5546999 -0.0334000
vn 0.8111899 -0.2193163 -0.5420991
v 0.0694000 1.5542998 -0.0348000
vn 0.8261565 -0.1993713 -0.5269883
v 0.0679000 1.5533999 -0.0378000
vn 0.6552130 -0.2575493 -0.7101861
v 0.0658000 1.5527999 -0.0400000
vn 0.4993214 -0.2846450 -0.8183248
v 0.0632000 1.5522999 -0.0417000
vn 0.3239335 -0.3078531 -0.8945913
v 0.0605000 1.5519999 -0.0430000
vn 0.1317870 -0.3224444 -0.9373696
v 0.0576000 1.5518999 -0.0436000
vn -0.0686024 -0.3132797 -0.9471798
v 0.0545000 1.5519999 -0.0438000
vn -0.2738830 -0.2962556 -0.9149976
v 0.0516000 1.5521998 -0.0433000
vn -0.3539421 -0.3511390 -0.8668485
v 0.0487000 1.5526999 -0.0423000
vn 0.8213896 -0.3341147 -0.4622624
v 0.0706000 1.5536999 -0.0329000
vn 0.8058618 -0.3673638 -0.4643604
v 0.0694000 1.5528998 -0.0340000
vn 0.8135301 -0.3594587 -0.4571195
v 0.0678000 1.5511999 -0.0365000
vn 0.6453506 -0.4736635 -0.5993042
v 0.0657000 1.5498999 -0.0384000
vn 0.4863657 -0.5444427 -0.6833965
v 0.0632000 1.5489999 -0.0398000
vn 0.3052284 -0.5943701 -0.7440161
v 0.0605000 1.5482999 -0.0408000
vn 0.1268383 -0.6158832 -0.7775603
v 0.0575000 1.5479999 -0.0413000
vn -0.0672410 -0.6174145 -0.7837589
v 0.0545000 1.5478998 -0.0415000
vn -0.2779101 -0.5946792 -0.7544022
v 0.0516000 1.5482999 -0.0410000
vn -0.3494925 -0.6110766 -0.7102396
v 0.0487000 1.5488999 -0.0401000
vn 0.8215906 -0.4517770 -0.3476874
v 0.0706000 1.5527999 -0.0320000
vn 0.7896721 -0.4983047 -0.3579252
v 0.0694000 1.5516999 -0.0329000
vn 0.8135403 -0.4634306 -0.3512610
v 0.0678000 1.5492998 -0.0346000
vn 0.6425164 -0.6121666 -0.4608956
v 0.0657000 1.5474999 -0.0358000
vn 0.4801504 -0.7036561 -0.5237594
v 0.0632000 1.5461999 -0.0368000
vn 0.3029520 -0.7664041 -0.5664316
v 0.0605000 1.5451999 -0.0375000
vn 0.1310880 -0.8005361 -0.5847717
v 0.0576000 1.5446999 -0.0378000
vn -0.0656840 -0.8097152 -0.5831355
v 0.0546000 1.5444999 -0.0379000
vn -0.2668219 -0.7831468 -0.5616825
v 0.0516000 1.5448998 -0.0375000
vn -0.3447243 -0.7868617 -0.5118731
v 0.0487000 1.5457999 -0.0369000
vn 0.8277596 -0.5193126 -0.2124349
v 0.0707000 1.5522999 -0.0309000
vn 0.7822790 -0.5904478 -0.1985218
v 0.0694000 1.5509999 -0.0313000
vn 0.8214567 -0.5308537 -0.2083344
v 0.0679000 1.5480999 -0.0322000
vn 0.6539136 -0.7126195 -0.2541074
v 0.0659000 1.5458999 -0.0328000
vn 0.4919543 -0.8241015 -0.2807806
v 0.0634000 1.5442998 -0.0333000
vn 0.3093547 -0.9020096 -0.3011284
v 0.0606000 1.5430999 -0.0337000
vn 0.1335837 -0.9443572 -0.3005743
v 0.0577000 1.5424999 -0.0338000
vn -0.0533347 -0.9541698 -0.2944751
v 0.0547000 1.5422999 -0.0337000
vn -0.2586748 -0.9249542 -0.2784731
v 0.0517000 1.5427998 -0.0335000
vn -0.3318322 -0.9200111 -0.2084874
v 0.0488000 1.5436999 -0.0330000
vn 0.8228604 -0.5660566 -0.0498068
v 0.0708000 1.5520998 -0.0296000
vn 0.8067547 -0.5901395 -0.0297042
v 0.0695000 1.5506998 -0.0296000
vn 0.8252850 -0.5629160 -0.0450589
v 0.0680000 1.5476999 -0.0295000
vn 0.6561531 -0.7539772 -0.0313284
v 0.0660000 1.5455999 -0.0294000
vn 0.4973348 -0.8672584 -0.0228243
v 0.0635000 1.5437999 -0.0292000
vn 0.3189434 -0.9476515 -0.0152207
v 0.0609000 1.5425999 -0.0291000
vn 0.1449918 -0.9893706 -0.0110983
v 0.0579000 1.5419999 -0.0290000
vn -0.0363824 -0.9993142 -0.0068926
v 0.0549000 1.5416999 -0.0288000
vn -0.2452437 -0.9694434 0.0059220
v 0.0520000 1.5421999 -0.0287000
vn -0.3229173 -0.9453607 0.0449163
v 0.0491000 1.5431999 -0.0285000
vn 0.8203944 -0.5594636 0.1181253
v 0.0709000 1.5522999 -0.0284000
vn 0.8219858 -0.5564522 0.1212443
v 0.0696000 1.5509999 -0.0279000
vn 0.8376042 -0.5378438 0.0956208
v 0.0682000 1.5480999 -0.0268000
vn 0.6712805 -0.7207808 0.1727929
v 0.0663000 1.5459999 -0.0259000
vn 0.5189243 -0.8250158 0.2237553
v 0.0638000 1.5443999 -0.0252000
vn 0.3444431 -0.9029303 0.2570520
v 0.0612000 1.5430999 -0.0246000
vn 0.1707996 -0.9437087 0.2832692
v 0.0582000 1.5424999 -0.0242000
vn -0.0143722 -0.9537288 0.3003246
v 0.0552000 1.5421999 -0.0239000
vn -0.2287159 -0.9248103 0.3039984
v 0.0522000 1.5426999 -0.0238000
vn -0.3061832 -0.8824881 0.3570248
v 0.0493000 1.5436999 -0.0239000
vn 0.8298501 -0.4884739 0.2697073
v 0.0709000 1.5527999 -0.0273000
vn 0.8304054 -0.4811592 0.2809140
v 0.0697000 1.5516999 -0.0264000
vn 0.8522549 -0.4604998 0.2481967
v 0.0684000 1.5492998 -0.0244000
vn 0.6781201 -0.6259076 0.3852180
v 0.0664000 1.5474999 -0.0229000
vn 0.5320247 -0.7070187 0.4659123
v 0.0640000 1.5461999 -0.0217000
vn 0.3595323 -0.7678224 0.5302690
v 0.0614000 1.5451999 -0.0207000
vn 0.1857231 -0.7990052 0.5719245
v 0.0585000 1.5446999 -0.0202000
vn 0.0056093 -0.8035922 0.5951539
v 0.0555000 1.5444999 -0.0198000
vn -0.1960941 -0.7791716 0.5953476
v 0.0525000 1.5448998 -0.0198000
vn -0.2640494 -0.7364411 0.6228421
v 0.0496000 1.5456998 -0.0201000
vn 0.8478641 -0.3670361 0.3826370
v 0.0710000 1.5536999 -0.0264000
vn 0.8475677 -0.3691302 0.3812766
v 0.0698000 1.5528998 -0.0252000
vn 0.8615484 -0.3680699 0.3496556
v 0.0686000 1.5511999 -0.0224000
vn 0.6950105 -0.4821268 0.5333986
v 0.0667000 1.5498999 -0.0204000
vn 0.5506023 -0.5456450 0.6317505
v 0.0643000 1.5489999 -0.0188000
vn 0.3763824 -0.5958722 0.7094171
v 0.0617000 1.5482999 -0.0175000
vn 0.1944312 -0.6151139 0.7640886
v 0.0588000 1.5479999 -0.0167000
vn 0.0138824 -0.6098549 0.7923915
v 0.0558000 1.5478998 -0.0163000
vn -0.1676902 -0.5900121 0.7897885
v 0.0528000 1.5482999 -0.0164000
vn -0.2245835 -0.5446664 0.8080227
v 0.0499000 1.5488999 -0.0168000
vn 0.8599194 -0.2134217 0.4636699
v 0.0711000 1.5546999 -0.0258000
vn 0.8673401 -0.2202883 0.4463118
v 0.0700000 1.5542998 -0.0244000
vn 0.8735915 -0.2031710 0.4422211
v 0.0688000 1.5533999 -0.0212000
vn 0.7208023 -0.2536434 0.6450652
v 0.0669000 1.5527999 -0.0188000
vn 0.5820564 -0.2877627 0.7605281
v 0.0646000 1.5522999 -0.0169000
vn 0.4035542 -0.3092965 0.8610922
v 0.0620000 1.5519999 -0.0153000
vn 0.2135130 -0.3148188 0.9248250
v 0.0591000 1.5518999 -0.0145000
vn 0.0302559 -0.3112113 0.9498590
v 0.0561000 1.5519999 -0.0140000
vn -0.1384298 -0.2994807 0.9440066
v 0.0531000 1.5521998 -0.0142000
vn -0.1998719 -0.2318889 0.9519867
v 0.0501000 1.5525999 -0.0147000
vn 0.8668077 -0.0451897 -0.4965907
v 0.0710000 1.5558999 -0.0331000
vn 0.8969606 0.4413582 -0.0257826
v 0.0714000 1.5590999 -0.0297000
vn 0.9101214 -0.0297988 0.4132688
v 0.0714000 1.5558999 -0.0262000
vn 0.8764074 -0.4754935 -0.0762631
v 0.0711000 1.5526999 -0.0296000
vn 0.9264314 -0.1364739 0.3508556
v 0.0715000 1.5551999 -0.0266000
vn 0.8860549 -0.4366615 -0.1556706
v 0.0712000 1.5529999 -0.0304000
vn 0.8828497 0.0294395 -0.4687321
v 0.0712000 1.5565999 -0.0327000
vn 0.9183069 0.3906735 0.0639262
v 0.0715000 1.5587999 -0.0289000
vn 0.9067216 -0.4213007 0.0190193
v 0.0713000 1.5529999 -0.0289000
vn 0.8719561 -0.1423188 -0.4684421
v 0.0711000 1.5551999 -0.0327000
vn 0.9032027 0.4113613 -0.1225022
v 0.0715000 1.5587999 -0.0304000
vn 0.9262962 0.0683711 0.3705412
v 0.0715000 1.5565999 -0.0266000
vn 0.9263039 -0.2884925 0.2423494
v 0.0715000 1.5542998 -0.0271000
vn 0.8932461 -0.3641250 -0.2636749
v 0.0712000 1.5534999 -0.0313000
vn 0.9071155 0.1746192 -0.3829487
v 0.0714000 1.5574999 -0.0322000
vn 0.9387454 0.2951021 0.1779660
v 0.0716000 1.5582999 -0.0280000
vn 0.9143716 -0.3707172 0.1627680
v 0.0714000 1.5534999 -0.0279000
vn 0.8882390 -0.2600176 -0.3787115
v 0.0712000 1.5542998 -0.0322000
vn 0.9151424 0.3033843 -0.2654665
v 0.0715000 1.5582999 -0.0314000
vn 0.9440067 0.1814178 0.2755701
v 0.0716000 1.5574999 -0.0271000
vn 0.9810498 0.0856283 0.1738075
v 0.0719000 1.5567999 -0.0279000
vn 0.9815515 0.1777204 0.0705146
v 0.0719000 1.5575999 -0.0288000
vn 0.9535203 0.3013287 -0.0002727
v 0.0718000 1.5582999 -0.0297000
vn 0.9690027 -0.0345136 0.2446274
v 0.0718000 1.5558999 -0.0271000
vn 0.9747891 -0.1699402 0.1445916
v 0.0718000 1.5549998 -0.0279000
vn 0.9975500 -0.0556968 0.0423315
v 0.0720000 1.5558999 -0.0287000
vn 0.9970506 0.0529849 -0.0555223
v 0.0720000 1.5567999 -0.0297000
vn 0.9756020 0.1655379 -0.1442153
v 0.0718000 1.5575999 -0.0306000
vn 0.9513701 -0.2662156 -0.1549978
v 0.0716000 1.5541999 -0.0306000
vn 0.9469167 -0.1709278 -0.2722729
v 0.0716000 1.5549998 -0.0315000
vn 0.9318668 -0.0386184 -0.3607395
v 0.0715000 1.5558999 -0.0322000
vn 0.9363307 -0.3426116 -0.0768251
v 0.0715000 1.5534999 -0.0296000
vn 0.9842377 -0.1686314 -0.0532892
v 0.0719000 1.5549998 -0.0297000
vn 0.9674100 0.0648476 -0.2447710
v 0.0717000 1.5566999 -0.0315000
vn 0.9628474 -0.2657281 0.0480991
v 0.0717000 1.5541999 -0.0287000
vn 0.9864600 -0.0566900 -0.1538930
v 0.0719000 1.5558999 -0.0306000
vn 0.8154937 -0.0450499 0.5770100
v 0.0705000 1.5558999 -0.0246000
vn 0.8051059 0.1805734 0.5649758
v 0.0706000 1.5573999 -0.0249000
vn 0.7865373 0.3772375 0.4889283
v 0.0706000 1.5586998 -0.0256000
vn 0.7864167 0.5127939 0.3443709
v 0.0706000 1.5596999 -0.0268000
vn 0.7951149 0.5862934 0.1550883
v 0.0706000 1.5603999 -0.0282000
vn 0.7949849 0.6046025 -0.0495455
v 0.0705000 1.5605999 -0.0297000
vn 0.7923118 0.5646379 -0.2311407
v 0.0704000 1.5603999 -0.0312000
vn 0.7774080 0.4915846 -0.3924048
v 0.0703000 1.5596999 -0.0326000
vn 0.7663252 0.3516424 -0.5376740
v 0.0702000 1.5586998 -0.0337000
vn 0.7536412 0.1553775 -0.6386571
v 0.0701000 1.5573999 -0.0344000
vn 0.7555951 -0.0592718 -0.6523518
v 0.0700000 1.5558999 -0.0346000
vn 0.7538655 -0.2386323 -0.6121613
v 0.0699000 1.5544999 -0.0343000
vn 0.7491614 -0.3949582 -0.5317568
v 0.0699000 1.5530999 -0.0336000
vn 0.7405406 -0.5333820 -0.4087827
v 0.0699000 1.5520998 -0.0325000
vn 0.7187983 -0.6548786 -0.2333729
v 0.0700000 1.5513998 -0.0312000
vn 0.7088643 -0.7048718 -0.0258293
v 0.0700000 1.5511999 -0.0296000
vn 0.7331446 -0.6606002 0.1615747
v 0.0701000 1.5514998 -0.0281000
vn 0.7508502 -0.5705121 0.3327762
v 0.0702000 1.5520998 -0.0267000
vn 0.7579377 -0.4393879 0.4821500
v 0.0703000 1.5531999 -0.0256000
vn 0.7919152 -0.2620093 0.5515627
v 0.0704000 1.5544999 -0.0249000
vn 0.9506202 -0.0528798 -0.3058187
v 0.0687000 1.5558999 -0.0269000
vn 0.9723628 -0.0493871 -0.2281919
v 0.0695000 1.5558999 -0.0249000
vn 0.8935684 -0.0477545 0.4463800
v 0.0688000 1.5559999 -0.0211000
vn 0.7102035 -0.0268665 0.7034836
v 0.0670000 1.5560999 -0.0187000
vn 0.5712591 -0.0161614 0.8206107
v 0.0645000 1.5562999 -0.0168000
vn 0.4260193 -0.0145506 0.9045971
v 0.0620000 1.5563998 -0.0152000
vn 0.2290125 -0.0050496 0.9734104
v 0.0592000 1.5564998 -0.0143000
vn 0.0561622 0.0013486 0.9984208
v 0.0564000 1.5566999 -0.0139000
vn -0.1257933 0.0106179 0.9919997
v 0.0534000 1.5567999 -0.0140000
vn -0.1990804 0.0528006 0.9785597
v 0.0506000 1.5568999 -0.0146000
vn 0.9403372 -0.1714587 -0.2938843
v 0.0688000 1.5565999 -0.0270000
vn 0.9693093 -0.1234184 -0.2126205
v 0.0696000 1.5572999 -0.0252000
vn 0.9034558 0.0971148 0.4175361
v 0.0690000 1.5584999 -0.0215000
vn 0.7188611 0.1963841 0.6668374
v 0.0672000 1.5592998 -0.0192000
vn 0.5880705 0.2427248 0.7715296
v 0.0647000 1.5599998 -0.0173000
vn 0.4442283 0.2736483 0.8530990
v 0.0623000 1.5604999 -0.0158000
vn 0.2553754 0.3005505 0.9189411
v 0.0595000 1.5609999 -0.0149000
vn 0.0671658 0.3169705 0.9460542
v 0.0566000 1.5611999 -0.0144000
vn -0.1166245 0.3228241 0.9392462
v 0.0536000 1.5612999 -0.0146000
vn -0.1925626 0.3835994 0.9032005
v 0.0507000 1.5610999 -0.0151000
vn 0.9439089 -0.2350424 -0.2319289
v 0.0688000 1.5573999 -0.0275000
vn 0.9710752 -0.1534748 -0.1829163
v 0.0696000 1.5584999 -0.0259000
vn 0.9016280 0.2677167 0.3396980
v 0.0690000 1.5607998 -0.0227000
vn 0.7181322 0.4302365 0.5469760
v 0.0672000 1.5621998 -0.0208000
vn 0.5847566 0.4991651 0.6394482
v 0.0647000 1.5632999 -0.0192000
vn 0.4458250 0.5488285 0.7071261
v 0.0623000 1.5641999 -0.0179000
vn 0.2570806 0.5972875 0.7597086
v 0.0595000 1.5647999 -0.0171000
vn 0.0760801 0.6170837 0.7832111
v 0.0567000 1.5650998 -0.0167000
vn -0.1099462 0.6151115 0.7807366
v 0.0537000 1.5650998 -0.0168000
vn -0.1920061 0.6417185 0.7425168
v 0.0508000 1.5647999 -0.0173000
vn 0.9373335 -0.2913735 -0.1910692
v 0.0688000 1.5576999 -0.0283000
vn 0.9718790 -0.1978727 -0.1276621
v 0.0696000 1.5594999 -0.0269000
vn 0.8969046 0.3662177 0.2478847
v 0.0689000 1.5625999 -0.0247000
vn 0.7195038 0.5691243 0.3980099
v 0.0672000 1.5643998 -0.0232000
vn 0.5839425 0.6615844 0.4704436
v 0.0647000 1.5659999 -0.0220000
vn 0.4349246 0.7336648 0.5220887
v 0.0623000 1.5671998 -0.0210000
vn 0.2553232 0.7882494 0.5598866
v 0.0595000 1.5679998 -0.0205000
vn 0.0782573 0.8102381 0.5808529
v 0.0566000 1.5683999 -0.0201000
vn -0.1095290 0.8057828 0.5819945
v 0.0537000 1.5682999 -0.0201000
vn -0.1960973 0.8191747 0.5389794
v 0.0508000 1.5677999 -0.0204000
vn 0.9325427 -0.3231230 -0.1611079
v 0.0688000 1.5580999 -0.0289000
vn 0.9707708 -0.2187402 -0.0987763
v 0.0696000 1.5601999 -0.0283000
vn 0.8953840 0.4298364 0.1163112
v 0.0689000 1.5636998 -0.0270000
vn 0.7181729 0.6695443 0.1895737
v 0.0672000 1.5658998 -0.0262000
vn 0.5764616 0.7855228 0.2250466
v 0.0647000 1.5677999 -0.0255000
vn 0.4211597 0.8708940 0.2533146
v 0.0622000 1.5691999 -0.0249000
vn 0.2445791 0.9305398 0.2725376
v 0.0594000 1.5700998 -0.0245000
vn 0.0668948 0.9561412 0.2851650
v 0.0565000 1.5704999 -0.0242000
vn -0.1149034 0.9497415 0.2911842
v 0.0536000 1.5703999 -0.0241000
vn -0.2011333 0.9512219 0.2339279
v 0.0507000 1.5697999 -0.0242000
vn 0.9426929 -0.3314525 -0.0383314
v 0.0688000 1.5583999 -0.0297000
vn 0.9742776 -0.2207989 -0.0450669
v 0.0695000 1.5603999 -0.0297000
vn 0.8832267 0.4666993 -0.0458529
v 0.0688000 1.5640999 -0.0296000
vn 0.7045375 0.7086209 -0.0385148
v 0.0669000 1.5663999 -0.0295000
vn 0.5592192 0.8285375 -0.0282741
v 0.0645000 1.5682999 -0.0294000
vn 0.4024677 0.9152337 -0.0191548
v 0.0620000 1.5696999 -0.0293000
vn 0.2231357 0.9747427 -0.0093320
v 0.0591000 1.5705999 -0.0291000
vn 0.0527741 0.9986051 -0.0016328
v 0.0563000 1.5709999 -0.0289000
vn -0.1214023 0.9925836 0.0062678
v 0.0534000 1.5708998 -0.0288000
vn -0.2081451 0.9777975 -0.0242436
v 0.0505000 1.5702999 -0.0286000
vn 0.9485762 -0.3132487 0.0455906
v 0.0687000 1.5580999 -0.0304000
vn 0.9773520 -0.2114677 0.0080293
v 0.0694000 1.5600998 -0.0311000
vn 0.8737625 0.4447357 -0.1968488
v 0.0686000 1.5636998 -0.0322000
vn 0.7008674 0.6663396 -0.2545125
v 0.0668000 1.5658998 -0.0328000
vn 0.5556663 0.7832538 -0.2788342
v 0.0643000 1.5677999 -0.0333000
vn 0.3988861 0.8699995 -0.2898117
v 0.0618000 1.5691999 -0.0337000
vn 0.2090481 0.9323308 -0.2950560
v 0.0590000 1.5700998 -0.0337000
vn 0.0386352 0.9562145 -0.2901054
v 0.0561000 1.5704999 -0.0337000
vn -0.1479701 0.9491223 -0.2779780
v 0.0531000 1.5703999 -0.0334000
vn -0.2335787 0.9155017 -0.3275631
v 0.0502000 1.5697999 -0.0330000
vn 0.9593046 -0.2683656 0.0878331
v 0.0686000 1.5576999 -0.0311000
vn 0.9780566 -0.1989290 0.0619088
v 0.0693000 1.5594999 -0.0324000
vn 0.8633104 0.3811066 -0.3308368
v 0.0684000 1.5624999 -0.0345000
vn 0.6821308 0.5661286 -0.4628133
v 0.0665000 1.5643998 -0.0358000
vn 0.5431109 0.6578988 -0.5217275
v 0.0640000 1.5659999 -0.0367000
vn 0.3781195 0.7351921 -0.5625997
v 0.0615000 1.5671998 -0.0375000
vn 0.1943689 0.7897825 -0.5817769
v 0.0586000 1.5679998 -0.0377000
vn 0.0128817 0.8145468 -0.5799549
v 0.0557000 1.5683999 -0.0378000
vn -0.1822945 0.8052014 -0.5642868
v 0.0528000 1.5682999 -0.0374000
vn -0.2531825 0.7661409 -0.5907003
v 0.0499000 1.5677999 -0.0368000
vn 0.9609089 -0.2546662 0.1086243
v 0.0686000 1.5573999 -0.0318000
vn 0.9787188 -0.1736951 0.1092687
v 0.0692000 1.5584999 -0.0334000
vn 0.8571159 0.2713123 -0.4378835
v 0.0683000 1.5606999 -0.0364000
vn 0.6714875 0.4258093 -0.6064578
v 0.0662000 1.5620999 -0.0382000
vn 0.5281098 0.4990949 -0.6870257
v 0.0637000 1.5632999 -0.0396000
vn 0.3592861 0.5585888 -0.7475908
v 0.0611000 1.5641999 -0.0406000
vn 0.1843489 0.6000453 -0.7784350
v 0.0583000 1.5647999 -0.0411000
vn -0.0187910 0.6196306 -0.7846687
v 0.0554000 1.5651999 -0.0412000
vn -0.2096980 0.6147051 -0.7603712
v 0.0525000 1.5650998 -0.0407000
vn -0.2738401 0.5743648 -0.7714381
v 0.0496000 1.5647999 -0.0399000
vn 0.9706597 -0.1624017 0.1773285
v 0.0684000 1.5565999 -0.0323000
vn 0.9840862 -0.1215724 0.1295941
v 0.0691000 1.5572999 -0.0341000
vn 0.8527365 0.1161419 -0.5092657
v 0.0681000 1.5584999 -0.0376000
vn 0.6657625 0.1977327 -0.7194874
v 0.0661000 1.5592998 -0.0398000
vn 0.5071749 0.2332377 -0.8296829
v 0.0635000 1.5599998 -0.0415000
vn 0.3447630 0.2668736 -0.8999539
v 0.0608000 1.5605999 -0.0427000
vn 0.1669847 0.2951694 -0.9407397
v 0.0580000 1.5609999 -0.0433000
vn -0.0474324 0.3146324 -0.9480278
v 0.0550000 1.5611999 -0.0435000
vn -0.2414122 0.3181666 -0.9167826
v 0.0521000 1.5612999 -0.0429000
vn -0.2996553 0.2536135 -0.9197211
v 0.0493000 1.5611999 -0.0420000
vn 0.9729782 -0.0596208 0.2230669
v 0.0684000 1.5558999 -0.0324000
vn 0.9909071 -0.0309919 0.1309299
v 0.0690000 1.5558999 -0.0343000
vn 0.8440067 -0.0360258 -0.5351214
v 0.0679000 1.5559999 -0.0380000
vn 0.6363236 -0.0382899 -0.7704715
v 0.0658000 1.5560999 -0.0402000
vn 0.4753407 -0.0375020 -0.8790022
v 0.0631000 1.5562999 -0.0419000
vn 0.3254851 -0.0281297 -0.9451287
v 0.0605000 1.5563998 -0.0431000
vn 0.1501580 -0.0179831 -0.9884985
v 0.0577000 1.5564998 -0.0438000
vn -0.0662415 -0.0066063 -0.9977818
v 0.0548000 1.5566999 -0.0440000
vn -0.2530183 0.0084438 -0.9674247
v 0.0519000 1.5567999 -0.0434000
vn -0.3114604 -0.0227704 -0.9499863
v 0.0491000 1.5569999 -0.0425000
vn 0.9751830 0.0048697 0.2213472
v 0.0683000 1.5551999 -0.0323000
vn 0.9920686 0.0079637 0.1254456
v 0.0690000 1.5545999 -0.0341000
vn 0.8395149 -0.1883153 -0.5096589
v 0.0679000 1.5534999 -0.0376000
vn 0.6255764 -0.2685458 -0.7324871
v 0.0657000 1.5528998 -0.0398000
vn 0.4728844 -0.2938629 -0.8306774
v 0.0630000 1.5524999 -0.0414000
vn 0.3213831 -0.3055228 -0.8963084
v 0.0603000 1.5521998 -0.0426000
vn 0.1358431 -0.3179567 -0.9383231
v 0.0575000 1.5520998 -0.0432000
vn -0.0722450 -0.3130814 -0.9469745
v 0.0545000 1.5520998 -0.0434000
vn -0.2655711 -0.2960428 -0.9175133
v 0.0517000 1.5523999 -0.0429000
vn -0.3370120 -0.3497894 -0.8741112
v 0.0489000 1.5527999 -0.0420000
vn 0.9724687 0.1851354 0.1415258
v 0.0683000 1.5543998 -0.0318000
vn 0.9931305 0.0844651 0.0809782
v 0.0689000 1.5532999 -0.0334000
vn 0.8252264 -0.3510142 -0.4424822
v 0.0678000 1.5512999 -0.0363000
vn 0.6118618 -0.4906257 -0.6204125
v 0.0656000 1.5500998 -0.0381000
vn 0.4670220 -0.5460303 -0.6955153
v 0.0629000 1.5491999 -0.0395000
vn 0.3115611 -0.5832427 -0.7501717
v 0.0603000 1.5484998 -0.0405000
vn 0.1212894 -0.6112956 -0.7820528
v 0.0574000 1.5481999 -0.0410000
vn -0.0746889 -0.6171545 -0.7832892
v 0.0545000 1.5480999 -0.0411000
vn -0.2708957 -0.5970497 -0.7550810
v 0.0517000 1.5484998 -0.0407000
vn -0.3415297 -0.6168507 -0.7091210
v 0.0488000 1.5490999 -0.0398000
vn 0.9561216 0.2855735 0.0654161
v 0.0685000 1.5539999 -0.0311000
vn 0.9908236 0.1294501 0.0388741
v 0.0690000 1.5522999 -0.0324000
vn 0.8227131 -0.4435287 -0.3555634
v 0.0678000 1.5494999 -0.0345000
vn 0.6125735 -0.6303445 -0.4768853
v 0.0657000 1.5477998 -0.0357000
vn 0.4664580 -0.7117941 -0.5251343
v 0.0630000 1.5464998 -0.0366000
vn 0.3086487 -0.7683408 -0.5607035
v 0.0603000 1.5454999 -0.0374000
vn 0.1196624 -0.8067542 -0.5786437
v 0.0575000 1.5449998 -0.0376000
vn -0.0730717 -0.8130322 -0.5776151
v 0.0546000 1.5448998 -0.0377000
vn -0.2632517 -0.7870235 -0.5579360
v 0.0517000 1.5452999 -0.0373000
vn -0.3321881 -0.7927313 -0.5111050
v 0.0489000 1.5460999 -0.0367000
vn 0.9693734 0.2143979 0.1197866
v 0.0685000 1.5536999 -0.0304000
vn 0.9898368 0.1406289 0.0211356
v 0.0690000 1.5516999 -0.0310000
vn 0.8323935 -0.5185590 -0.1954934
v 0.0679000 1.5482999 -0.0321000
vn 0.6199659 -0.7409185 -0.2582291
v 0.0658000 1.5461999 -0.0327000
vn 0.4687612 -0.8375179 -0.2807609
v 0.0631000 1.5446999 -0.0332000
vn 0.3141102 -0.9031323 -0.2927234
v 0.0605000 1.5434998 -0.0335000
vn 0.1298746 -0.9463553 -0.2958789
v 0.0576000 1.5428998 -0.0336000
vn -0.0577576 -0.9537117 -0.2951236
v 0.0547000 1.5426999 -0.0335000
vn -0.2519072 -0.9257214 -0.2821041
v 0.0518000 1.5431999 -0.0333000
vn -0.3099987 -0.9258570 -0.2160779
v 0.0490000 1.5439999 -0.0328000
vn 0.9717978 0.2245848 -0.0719077
v 0.0684000 1.5532999 -0.0296000
vn 0.9879785 0.1478250 -0.0452360
v 0.0690000 1.5514998 -0.0296000
vn 0.8409822 -0.5394337 -0.0419561
v 0.0680000 1.5479999 -0.0295000
vn 0.6275795 -0.7778045 -0.0341201
v 0.0659000 1.5457999 -0.0294000
vn 0.4776665 -0.8780791 -0.0284923
v 0.0633000 1.5441998 -0.0292000
vn 0.3218774 -0.9464174 -0.0262509
v 0.0607000 1.5429999 -0.0291000
vn 0.1459298 -0.9890785 -0.0206971
v 0.0578000 1.5423999 -0.0290000
vn -0.0440819 -0.9989725 -0.0105212
v 0.0549000 1.5420998 -0.0288000
vn -0.2347702 -0.9720417 0.0042384
v 0.0521000 1.5425999 -0.0287000
vn -0.2951285 -0.9544096 0.0447383
v 0.0492000 1.5434998 -0.0285000
vn 0.9482052 0.2224323 -0.2267838
v 0.0686000 1.5536999 -0.0289000
vn 0.9816777 0.1270686 -0.1419948
v 0.0691000 1.5516999 -0.0282000
vn 0.8529156 -0.5144187 0.0889296
v 0.0682000 1.5483999 -0.0269000
vn 0.6523481 -0.7360572 0.1807260
v 0.0662000 1.5462999 -0.0260000
vn 0.5034452 -0.8346438 0.2234115
v 0.0636000 1.5446999 -0.0253000
vn 0.3474027 -0.9037560 0.2500730
v 0.0610000 1.5433999 -0.0248000
vn 0.1691404 -0.9453156 0.2788728
v 0.0581000 1.5427998 -0.0243000
vn -0.0298831 -0.9536564 0.2994103
v 0.0552000 1.5425999 -0.0241000
vn -0.2230062 -0.9255401 0.3060127
v 0.0523000 1.5430999 -0.0240000
vn -0.2755742 -0.8891576 0.3653186
v 0.0494000 1.5439999 -0.0241000
vn 0.9666643 0.1994343 -0.1605805
v 0.0686000 1.5539999 -0.0282000
vn 0.9771941 0.0942118 -0.1903048
v 0.0693000 1.5523999 -0.0269000
vn 0.8613907 -0.4498039 0.2359718
v 0.0683000 1.5494999 -0.0246000
vn 0.6650022 -0.6348791 0.3933201
v 0.0664000 1.5477998 -0.0231000
vn 0.5188996 -0.7131561 0.4713297
v 0.0638000 1.5464998 -0.0219000
vn 0.3612246 -0.7675479 0.5295158
v 0.0612000 1.5454999 -0.0209000
vn 0.1836489 -0.7992074 0.5723116
v 0.0584000 1.5449998 -0.0204000
vn -0.0119893 -0.8034489 0.5952531
v 0.0555000 1.5447999 -0.0200000
vn -0.1948743 -0.7806392 0.5938236
v 0.0526000 1.5452999 -0.0201000
vn -0.2518325 -0.7411618 0.6223019
v 0.0498000 1.5459999 -0.0203000
vn 0.9628596 0.1198494 -0.2419456
v 0.0686000 1.5543998 -0.0274000
vn 0.9791361 0.0493940 -0.1971113
v 0.0694000 1.5532999 -0.0258000
vn 0.8682886 -0.3647254 0.3362294
v 0.0685000 1.5512999 -0.0226000
vn 0.6819862 -0.4946126 0.5387517
v 0.0666000 1.5500998 -0.0207000
vn 0.5345487 -0.5521221 0.6398585
v 0.0641000 1.5491999 -0.0190000
vn 0.3744767 -0.5913932 0.7141578
v 0.0615000 1.5484998 -0.0178000
vn 0.1982070 -0.6104637 0.7668430
v 0.0587000 1.5481999 -0.0170000
vn 0.0044649 -0.6087031 0.7933856
v 0.0558000 1.5481999 -0.0166000
vn -0.1688853 -0.5917472 0.7882341
v 0.0529000 1.5484998 -0.0167000
vn -0.2474943 -0.5428603 0.8025269
v 0.0501000 1.5490999 -0.0172000
vn 0.9493442 0.0688188 -0.3066098
v 0.0687000 1.5551999 -0.0270000
vn 0.9743794 0.0220516 -0.2238274
v 0.0695000 1.5545999 -0.0251000
vn 0.8862115 -0.2021383 0.4168564
v 0.0687000 1.5534999 -0.0214000
vn 0.7077586 -0.2632332 0.6555808
v 0.0669000 1.5528998 -0.0191000
vn 0.5566277 -0.2852370 0.7802598
v 0.0644000 1.5524999 -0.0172000
vn 0.4081669 -0.3056867 0.8602067
v 0.0618000 1.5521998 -0.0157000
vn 0.2125241 -0.3129607 0.9256831
v 0.0590000 1.5520998 -0.0148000
vn 0.0328040 -0.3068030 0.9512076
v 0.0561000 1.5521998 -0.0144000
vn -0.1459019 -0.2955171 0.9441304
v 0.0532000 1.5523999 -0.0145000
vn -0.2280042 -0.2265961 0.9469257
v 0.0503000 1.5527999 -0.0151000
vn 0.9929437 -0.0341735 0.1135560
v 0.0683000 1.5558999 -0.0316000
vn 0.9312916 -0.3598280 -0.0567438
v 0.0685000 1.5576999 -0.0297000
vn 0.9708167 -0.0122486 -0.2395099
v 0.0685000 1.5558999 -0.0277000
vn 0.9790515 0.2033985 0.0093430
v 0.0683000 1.5539999 -0.0296000
vn 0.9636652 0.0246567 -0.2659724
v 0.0685000 1.5554999 -0.0279000
vn 0.9725076 0.2227516 0.0679029
v 0.0683000 1.5541999 -0.0301000
vn 0.9868142 -0.1255143 0.1021956
v 0.0683000 1.5561999 -0.0314000
vn 0.9396989 -0.3115764 -0.1410182
v 0.0685000 1.5574999 -0.0292000
vn 0.9666529 0.1874046 -0.1745331
v 0.0683000 1.5541999 -0.0292000
vn 0.9898604 -0.0241380 0.1399779
v 0.0683000 1.5554999 -0.0314000
vn 0.9522871 -0.2999674 0.0562929
v 0.0685000 1.5574999 -0.0301000
vn 0.9596628 -0.1310809 -0.2487270
v 0.0685000 1.5561999 -0.0279000
vn 0.9687584 0.1418769 -0.2034162
v 0.0684000 1.5549998 -0.0283000
vn 0.9763067 0.2141811 0.0308503
v 0.0682000 1.5545999 -0.0306000
vn 0.9700923 -0.2190807 0.1045208
v 0.0684000 1.5566999 -0.0310000
vn 0.9443766 -0.2635946 -0.1966488
v 0.0685000 1.5570999 -0.0288000
vn 0.9579757 0.2075742 -0.1979787
v 0.0684000 1.5545999 -0.0287000
vn 0.9945299 0.0806465 0.0663809
v 0.0682000 1.5549998 -0.0310000
vn 0.9656834 -0.2452359 0.0855272
v 0.0684000 1.5570999 -0.0306000
vn 0.9530519 -0.2152715 -0.2129558
v 0.0685000 1.5566999 -0.0283000
vn 0.9707472 -0.1687714 -0.1707808
v 0.0683000 1.5562999 -0.0288000
vn 0.9754737 -0.1815783 -0.1244207
v 0.0683000 1.5566999 -0.0292000
vn 0.9702858 -0.2334791 -0.0635057
v 0.0683000 1.5570999 -0.0297000
vn 0.9734249 -0.0722286 -0.2173178
v 0.0683000 1.5558999 -0.0284000
vn 0.9853405 0.0406700 -0.1656809
v 0.0682000 1.5553999 -0.0288000
vn 0.9965799 -0.0572741 -0.0595667
v 0.0682000 1.5558999 -0.0292000
vn 0.9939695 -0.1033625 -0.0366186
v 0.0682000 1.5562999 -0.0297000
vn 0.9820027 -0.1810384 0.0538124
v 0.0683000 1.5566999 -0.0301000
vn 0.9978479 0.0622072 -0.0207351
v 0.0682000 1.5549998 -0.0301000
vn 0.9995058 0.0022958 0.0313524
v 0.0681000 1.5553999 -0.0305000
vn 0.9870279 -0.1179048 0.1089699
v 0.0682000 1.5558999 -0.0310000
vn 0.9934531 0.1073361 -0.0391138
v 0.0682000 1.5545999 -0.0297000
vn 0.9991420 0.0000000 -0.0414168
v 0.0682000 1.5553999 -0.0297000
vn 0.9825601 -0.1765711 0.0582949
v 0.0682000 1.5562999 -0.0305000
vn 0.9884252 0.0962326 -0.1172815
v 0.0682000 1.5549998 -0.0292000
vn 0.9981222 -0.0576403 -0.0207296
v 0.0682000 1.5558999 -0.0301000
vn 0.9294690 -0.0504828 -0.3654298
v 0.0691000 1.5558999 -0.0259000
vn 0.9220870 -0.1746343 -0.3453384
v 0.0692000 1.5568999 -0.0261000
vn 0.9319661 -0.2392418 -0.2724015
v 0.0692000 1.5579998 -0.0267000
vn 0.9361814 -0.2921333 -0.1955059
v 0.0692000 1.5586998 -0.0275000
vn 0.9380178 -0.3158539 -0.1426846
v 0.0692000 1.5591999 -0.0286000
vn 0.9433812 -0.3281140 -0.0487139
v 0.0691000 1.5593998 -0.0297000
vn 0.9445740 -0.3249402 0.0468395
v 0.0691000 1.5591999 -0.0308000
vn 0.9491380 -0.2984394 0.1003545
v 0.0690000 1.5586998 -0.0318000
vn 0.9444679 -0.2691966 0.1884504
v 0.0689000 1.5579998 -0.0326000
vn 0.9460251 -0.1685590 0.2768113
v 0.0688000 1.5568999 -0.0332000
vn 0.9450119 -0.0418799 0.3243435
v 0.0687000 1.5558999 -0.0333000
vn 0.9455518 0.0719168 0.3174269
v 0.0687000 1.5548999 -0.0331000
vn 0.9636387 0.1891781 0.1887120
v 0.0686000 1.5537999 -0.0326000
vn 0.9656631 0.2401021 0.0992258
v 0.0687000 1.5530999 -0.0318000
vn 0.9644546 0.2442322 0.1008863
v 0.0687000 1.5525999 -0.0307000
vn 0.9638833 0.2583110 -0.0648418
v 0.0687000 1.5523999 -0.0296000
vn 0.9581886 0.2339725 -0.1647167
v 0.0688000 1.5525999 -0.0286000
vn 0.9444444 0.2307431 -0.2340563
v 0.0689000 1.5530999 -0.0274000
vn 0.9267501 0.1705139 -0.3347527
v 0.0690000 1.5538999 -0.0267000
vn 0.9262259 0.0896754 -0.3661474
v 0.0691000 1.5548999 -0.0261000
vn 0.9937627 -0.0492685 0.1000415
v 0.0696000 1.5559999 -0.0239000
vn 0.9958217 -0.0189946 0.0893223
v 0.0697000 1.5575999 -0.0241000
vn 0.9968399 0.0446530 0.0656985
v 0.0697000 1.5591999 -0.0250000
vn 0.9961141 0.0733338 0.0487733
v 0.0697000 1.5602999 -0.0263000
vn 0.9958259 0.0908411 0.0088664
v 0.0697000 1.5611999 -0.0280000
vn 0.9936917 0.1011188 -0.0484961
v 0.0696000 1.5613999 -0.0297000
vn 0.9919966 0.0924224 -0.0860285
v 0.0695000 1.5611999 -0.0314000
vn 0.9905401 0.0741373 -0.1154734
v 0.0694000 1.5602999 -0.0330000
vn 0.9879181 0.0370123 -0.1504928
v 0.0693000 1.5590999 -0.0343000
vn 0.9821216 -0.0113232 -0.1879067
v 0.0691000 1.5575999 -0.0351000
vn 0.9777473 -0.0414546 -0.2056497
v 0.0690000 1.5558999 -0.0353000
vn 0.9770292 -0.0853719 -0.1952579
v 0.0689000 1.5542998 -0.0351000
vn 0.9742651 -0.1327896 -0.1821388
v 0.0689000 1.5526999 -0.0342000
vn 0.9725937 -0.1683523 -0.1603717
v 0.0689000 1.5514998 -0.0330000
vn 0.9775543 -0.1887713 -0.0935581
v 0.0690000 1.5506998 -0.0314000
vn 0.9795610 -0.1961963 -0.0443551
v 0.0690000 1.5504999 -0.0296000
vn 0.9787403 -0.2026417 -0.0316832
v 0.0691000 1.5507998 -0.0279000
vn 0.9810172 -0.1914629 0.0307773
v 0.0693000 1.5515999 -0.0262000
vn 0.9838529 -0.1662271 0.0663480
v 0.0694000 1.5527999 -0.0250000
vn 0.9923567 -0.0944243 0.0794506
v 0.0696000 1.5542998 -0.0241000
vn 0.8791636 -0.0347544 -0.4752512
v 0.0711000 1.5558999 0.0256000
vn 0.8642522 -0.0154317 -0.5028222
v 0.0701000 1.5559999 0.0241000
vn 0.8779476 -0.0326698 -0.4776409
v 0.0688000 1.5559999 0.0208000
vn 0.7335535 -0.0327334 -0.6788431
v 0.0670000 1.5560999 0.0184000
vn 0.5914438 -0.0223963 -0.8060352
v 0.0647000 1.5562999 0.0164000
vn 0.4201765 -0.0173127 -0.9072772
v 0.0622000 1.5563998 0.0149000
vn 0.2313439 -0.0114714 -0.9728044
v 0.0593000 1.5564998 0.0139000
vn 0.0511056 -0.0028585 -0.9986892
v 0.0564000 1.5566999 0.0135000
vn -0.1214269 0.0086191 -0.9925630
v 0.0534000 1.5567999 0.0136000
vn -0.1924768 0.0579105 -0.9795913
v 0.0504000 1.5569999 0.0142000
vn 0.8948292 0.1110385 -0.4323786
v 0.0712000 1.5570999 0.0259000
vn 0.8525885 0.1667036 -0.4952806
v 0.0701000 1.5574999 0.0244000
vn 0.8921318 0.1118829 -0.4377021
v 0.0690000 1.5585998 0.0213000
vn 0.7487758 0.1865566 -0.6360279
v 0.0673000 1.5593998 0.0189000
vn 0.6086578 0.2394525 -0.7564378
v 0.0650000 1.5601999 0.0170000
vn 0.4426525 0.2748523 -0.8535309
v 0.0625000 1.5606999 0.0154000
vn 0.2506622 0.3033371 -0.9193232
v 0.0596000 1.5610999 0.0145000
vn 0.0691824 0.3171267 -0.9458565
v 0.0566000 1.5613999 0.0140000
vn -0.1181227 0.3216466 -0.9394629
v 0.0536000 1.5613999 0.0142000
vn -0.1927827 0.3744450 -0.9069872
v 0.0506000 1.5612999 0.0148000
vn 0.8934260 0.2651314 -0.3626229
v 0.0712000 1.5580999 0.0264000
vn 0.8578102 0.3254191 -0.3978242
v 0.0701000 1.5589999 0.0252000
vn 0.8926193 0.2707144 -0.3604785
v 0.0690000 1.5608999 0.0225000
vn 0.7416547 0.4130872 -0.5284954
v 0.0673000 1.5622998 0.0206000
vn 0.6016244 0.4972536 -0.6251296
v 0.0649000 1.5634999 0.0189000
vn 0.4360813 0.5616144 -0.7031518
v 0.0625000 1.5643998 0.0176000
vn 0.2623196 0.6009342 -0.7550275
v 0.0596000 1.5649999 0.0168000
vn 0.0784055 0.6169251 -0.7831067
v 0.0567000 1.5653999 0.0164000
vn -0.1131089 0.6131516 -0.7818258
v 0.0536000 1.5652999 0.0164000
vn -0.1882739 0.6444941 -0.7410671
v 0.0506000 1.5649999 0.0169000
vn 0.8797406 0.3913521 -0.2700001
v 0.0712000 1.5589999 0.0273000
vn 0.8635171 0.4230769 -0.2744890
v 0.0701000 1.5601999 0.0265000
vn 0.8902839 0.3712023 -0.2638245
v 0.0690000 1.5627999 0.0245000
vn 0.7393143 0.5473596 -0.3921888
v 0.0673000 1.5646999 0.0231000
vn 0.5909074 0.6558440 -0.4697841
v 0.0649000 1.5662999 0.0218000
vn 0.4322156 0.7316798 -0.5271000
v 0.0624000 1.5674999 0.0209000
vn 0.2590388 0.7835888 -0.5647012
v 0.0595000 1.5682999 0.0202000
vn 0.0762608 0.8104857 -0.5807730
v 0.0566000 1.5686998 0.0198000
vn -0.1152521 0.8088525 -0.5766062
v 0.0536000 1.5685999 0.0199000
vn -0.1802781 0.8247530 -0.5359873
v 0.0506000 1.5680999 0.0202000
vn 0.8662202 0.4868370 -0.1124825
v 0.0712000 1.5594999 0.0284000
vn 0.8634987 0.4911910 -0.1144612
v 0.0701000 1.5608999 0.0280000
vn 0.8880399 0.4462859 -0.1105169
v 0.0690000 1.5638999 0.0269000
vn 0.7356650 0.6533273 -0.1787750
v 0.0673000 1.5661999 0.0260000
vn 0.5882316 0.7768629 -0.2246500
v 0.0649000 1.5680999 0.0253000
vn 0.4264457 0.8663551 -0.2599478
v 0.0624000 1.5695999 0.0247000
vn 0.2454055 0.9279091 -0.2806434
v 0.0595000 1.5703999 0.0243000
vn 0.0662211 0.9536915 -0.2934064
v 0.0566000 1.5708998 0.0240000
vn -0.1193017 0.9471557 -0.2977639
v 0.0535000 1.5706999 0.0240000
vn -0.1790791 0.9543341 -0.2391175
v 0.0505000 1.5701998 0.0241000
vn 0.8545356 0.5157316 0.0615624
v 0.0711000 1.5596999 0.0297000
vn 0.8554258 0.5144572 0.0598380
v 0.0700000 1.5611999 0.0297000
vn 0.8762667 0.4795815 0.0464562
v 0.0688000 1.5642998 0.0296000
vn 0.7192206 0.6937909 0.0370962
v 0.0670000 1.5666999 0.0295000
vn 0.5766119 0.8164675 0.0299958
v 0.0646000 1.5685999 0.0294000
vn 0.4053300 0.9139140 0.0216543
v 0.0622000 1.5700998 0.0293000
vn 0.2315464 0.9727324 0.0133357
v 0.0592000 1.5709999 0.0291000
vn 0.0536768 0.9985549 0.0026229
v 0.0564000 1.5714998 0.0289000
vn -0.1254321 0.9920880 -0.0053256
v 0.0533000 1.5712999 0.0288000
vn -0.1874035 0.9818872 0.0278827
v 0.0503000 1.5706999 0.0286000
vn 0.8469906 0.4909936 0.2037949
v 0.0710000 1.5594999 0.0309000
vn 0.8461058 0.4862876 0.2182418
v 0.0699000 1.5608999 0.0314000
vn 0.8708177 0.4553106 0.1853884
v 0.0687000 1.5638999 0.0323000
vn 0.7131496 0.6585111 0.2403765
v 0.0669000 1.5661999 0.0329000
vn 0.5715547 0.7737228 0.2732735
v 0.0645000 1.5680999 0.0335000
vn 0.3955535 0.8705381 0.2927474
v 0.0620000 1.5694999 0.0338000
vn 0.2173012 0.9289729 0.2996491
v 0.0590000 1.5703999 0.0339000
vn 0.0331536 0.9538879 0.2983265
v 0.0561000 1.5708998 0.0338000
vn -0.1452626 0.9471074 0.2861578
v 0.0530000 1.5706999 0.0336000
vn -0.2200577 0.9156811 0.3363074
v 0.0500000 1.5701998 0.0331000
vn 0.8468065 0.4101791 0.3386324
v 0.0709000 1.5589999 0.0320000
vn 0.8341257 0.4139158 0.3645658
v 0.0698000 1.5600998 0.0329000
vn 0.8566049 0.3872406 0.3409880
v 0.0685000 1.5627999 0.0347000
vn 0.6973218 0.5536654 0.4551889
v 0.0666000 1.5646999 0.0359000
vn 0.5538581 0.6548356 0.5142292
v 0.0642000 1.5662999 0.0369000
vn 0.3780150 0.7376068 0.5595006
v 0.0617000 1.5674999 0.0377000
vn 0.1921704 0.7891423 0.5833738
v 0.0587000 1.5682999 0.0380000
vn 0.0085084 0.8119828 0.5836195
v 0.0558000 1.5686998 0.0380000
vn -0.1764993 0.8041562 0.5676098
v 0.0527000 1.5685999 0.0376000
vn -0.2468833 0.7664420 0.5929716
v 0.0498000 1.5680999 0.0370000
vn 0.8536813 0.2591092 0.4517640
v 0.0709000 1.5580999 0.0329000
vn 0.8178129 0.2925968 0.4955494
v 0.0697000 1.5589999 0.0341000
vn 0.8466761 0.2851545 0.4492510
v 0.0683000 1.5608999 0.0366000
vn 0.6862184 0.4147628 0.5975586
v 0.0663000 1.5622998 0.0385000
vn 0.5426046 0.4893495 0.6827280
v 0.0639000 1.5634999 0.0399000
vn 0.3601530 0.5567961 0.7485105
v 0.0613000 1.5643998 0.0409000
vn 0.1759672 0.6013392 0.7793759
v 0.0583000 1.5649999 0.0414000
vn -0.0164207 0.6234089 0.7817236
v 0.0554000 1.5653999 0.0415000
vn -0.2087839 0.6175978 0.7582759
v 0.0524000 1.5652999 0.0410000
vn -0.2726808 0.5721651 0.7734807
v 0.0494000 1.5649999 0.0402000
vn 0.8483268 0.0987950 0.5201743
v 0.0708000 1.5570999 0.0334000
vn 0.8098890 0.1237751 0.5733757
v 0.0696000 1.5574999 0.0348000
vn 0.8403373 0.1185722 0.5289366
v 0.0682000 1.5585998 0.0379000
vn 0.6804534 0.1848527 0.7090929
v 0.0661000 1.5593998 0.0401000
vn 0.5284836 0.2305385 0.8170417
v 0.0637000 1.5600998 0.0418000
vn 0.3476407 0.2709358 0.8976300
v 0.0610000 1.5606999 0.0431000
vn 0.1638815 0.3008246 0.9394932
v 0.0580000 1.5610999 0.0437000
vn -0.0472517 0.3191587 0.9465226
v 0.0550000 1.5613999 0.0439000
vn -0.2444725 0.3178926 0.9160663
v 0.0521000 1.5613999 0.0433000
vn -0.3097088 0.2525426 0.9166803
v 0.0491000 1.5612999 0.0423000
vn 0.8396582 -0.0704675 0.5385243
v 0.0707000 1.5558999 0.0336000
vn 0.8122863 -0.0730650 0.5786644
v 0.0695000 1.5558999 0.0351000
vn 0.8266320 -0.0492300 0.5605854
v 0.0679000 1.5559999 0.0382000
vn 0.6613690 -0.0408517 0.7489474
v 0.0659000 1.5560999 0.0405000
vn 0.5032417 -0.0392491 0.8632540
v 0.0634000 1.5562999 0.0422000
vn 0.3317293 -0.0259710 0.9430171
v 0.0607000 1.5563998 0.0435000
vn 0.1452023 -0.0158200 0.9892756
v 0.0578000 1.5564998 0.0442000
vn -0.0656686 -0.0056182 0.9978257
v 0.0548000 1.5566999 0.0444000
vn -0.2586715 0.0102420 0.9659111
v 0.0518000 1.5567999 0.0438000
vn -0.3301875 -0.0191946 0.9437202
v 0.0489000 1.5569999 0.0428000
vn 0.8226426 -0.2016604 0.5315942
v 0.0706000 1.5546999 0.0334000
vn 0.8111899 -0.2193163 0.5420990
v 0.0694000 1.5542998 0.0348000
vn 0.8261565 -0.1993713 0.5269881
v 0.0679000 1.5533999 0.0378000
vn 0.6552131 -0.2575493 0.7101861
v 0.0658000 1.5527999 0.0400000
vn 0.4993214 -0.2846450 0.8183247
v 0.0632000 1.5522999 0.0417000
vn 0.3239336 -0.3078531 0.8945913
v 0.0605000 1.5519999 0.0430000
vn 0.1317871 -0.3224444 0.9373696
v 0.0576000 1.5518999 0.0436000
vn -0.0686023 -0.3132797 0.9471798
v 0.0545000 1.5519999 0.0438000
vn -0.2738830 -0.2962556 0.9149976
v 0.0516000 1.5521998 0.0433000
vn -0.3539421 -0.3511390 0.8668485
v 0.0487000 1.5526999 0.0423000
vn 0.8213896 -0.3341147 0.4622623
v 0.0706000 1.5536999 0.0329000
vn 0.8058619 -0.3673638 0.4643603
v 0.0694000 1.5528998 0.0340000
vn 0.8135301 -0.3594587 0.4571194
v 0.0678000 1.5511999 0.0365000
vn 0.6453506 -0.4736635 0.5993042
v 0.0657000 1.5498999 0.0384000
vn 0.4863657 -0.5444426 0.6833964
v 0.0632000 1.5489999 0.0398000
vn 0.3052285 -0.5943701 0.7440161
v 0.0605000 1.5482999 0.0408000
vn 0.1268383 -0.6158832 0.7775603
v 0.0575000 1.5479999 0.0413000
vn -0.0672409 -0.6174145 0.7837589
v 0.0545000 1.5478998 0.0415000
vn -0.2779100 -0.5946792 0.7544022
v 0.0516000 1.5482999 0.0410000
vn -0.3494925 -0.6110767 0.7102397
v 0.0487000 1.5488999 0.0401000
vn 0.8215906 -0.4517770 0.3476873
v 0.0706000 1.5527999 0.0320000
vn 0.7896721 -0.4983047 0.3579251
v 0.0694000 1.5516999 0.0329000
vn 0.8135403 -0.4634306 0.3512609
v 0.0678000 1.5492998 0.0346000
vn 0.6425164 -0.6121666 0.4608955
v 0.0657000 1.5474999 0.0358000
vn 0.4801504 -0.7036560 0.5237593
v 0.0632000 1.5461999 0.0368000
vn 0.3029521 -0.7664041 0.5664316
v 0.0605000 1.5451999 0.0375000
vn 0.1310880 -0.8005361 0.5847717
v 0.0576000 1.5446999 0.0378000
vn -0.0656839 -0.8097152 0.5831355
v 0.0546000 1.5444999 0.0379000
vn -0.2668219 -0.7831468 0.5616825
v 0.0516000 1.5448998 0.0375000
vn -0.3447242 -0.7868617 0.5118731
v 0.0487000 1.5457999 0.0369000
vn 0.8277596 -0.5193126 0.2124348
v 0.0707000 1.5522999 0.0309000
vn 0.7822791 -0.5904478 0.1985218
v 0.0694000 1.5509999 0.0313000
vn 0.8222848 -0.5289459 0.2099145
v 0.0679000 1.5480999 0.0322000
vn 0.6543615 -0.7103013 0.2593900
v 0.0659000 1.5458999 0.0328000
vn 0.4875756 -0.8254695 0.2843769
v 0.0634000 1.5442998 0.0333000
vn 0.3093547 -0.9020096 0.3011284
v 0.0606000 1.5430999 0.0337000
vn 0.1335838 -0.9443572 0.3005743
v 0.0577000 1.5424999 0.0338000
vn -0.0533347 -0.9541698 0.2944751
v 0.0547000 1.5422999 0.0337000
vn -0.2586748 -0.9249542 0.2784731
v 0.0517000 1.5427998 0.0335000
vn -0.3318322 -0.9200111 0.2084875
v 0.0488000 1.5436999 0.0330000
vn 0.8228604 -0.5660567 0.0498067
v 0.0708000 1.5520998 0.0296000
vn 0.8067547 -0.5901395 0.0297041
v 0.0695000 1.5506998 0.0296000
vn 0.8287520 -0.5576459 0.0469167
v 0.0680000 1.5476999 0.0295000
vn 0.6562310 -0.7538882 0.0318348
v 0.0660000 1.5454999 0.0294000
vn 0.4919895 -0.8703598 0.0204971
v 0.0635000 1.5437999 0.0292000
vn 0.3189434 -0.9476515 0.0152207
v 0.0609000 1.5425999 0.0291000
vn 0.1449918 -0.9893706 0.0110983
v 0.0579000 1.5419999 0.0290000
vn -0.0363824 -0.9993142 0.0068926
v 0.0549000 1.5416999 0.0288000
vn -0.2452437 -0.9694434 -0.0059220
v 0.0520000 1.5421999 0.0287000
vn -0.3229173 -0.9453607 -0.0449163
v 0.0491000 1.5431999 0.0285000
vn 0.8203944 -0.5594636 -0.1181254
v 0.0709000 1.5522999 0.0284000
vn 0.8219858 -0.5564522 -0.1212444
v 0.0696000 1.5509999 0.0279000
vn 0.8397409 -0.5339789 -0.0984981
v 0.0682000 1.5480999 0.0268000
vn 0.6693456 -0.7211720 -0.1785706
v 0.0663000 1.5459999 0.0259000
vn 0.5169838 -0.8256778 -0.2257963
v 0.0638000 1.5443999 0.0252000
vn 0.3444431 -0.9029303 -0.2570521
v 0.0612000 1.5430999 0.0246000
vn 0.1707996 -0.9437087 -0.2832693
v 0.0582000 1.5424999 0.0242000
vn -0.0143722 -0.9537288 -0.3003246
v 0.0552000 1.5421999 0.0239000
vn -0.2287159 -0.9248102 -0.3039984
v 0.0522000 1.5426999 0.0238000
vn -0.3061833 -0.8824880 -0.3570248
v 0.0493000 1.5436999 0.0239000
vn 0.8298501 -0.4884739 -0.2697074
v 0.0709000 1.5527999 0.0273000
vn 0.8304054 -0.4811592 -0.2809141
v 0.0697000 1.5516999 0.0264000
vn 0.8522549 -0.4604998 -0.2481968
v 0.0684000 1.5492998 0.0244000
vn 0.6781200 -0.6259075 -0.3852181
v 0.0664000 1.5474999 0.0229000
vn 0.5320247 -0.7070187 -0.4659124
v 0.0640000 1.5461999 0.0217000
vn 0.3595323 -0.7678224 -0.5302691
v 0.0614000 1.5451999 0.0207000
vn 0.1857230 -0.7990052 -0.5719245
v 0.0585000 1.5446999 0.0202000
vn 0.0056092 -0.8035922 -0.5951539
v 0.0555000 1.5444999 0.0198000
vn -0.1960941 -0.7791716 -0.5953476
v 0.0525000 1.5448998 0.0198000
vn -0.2640495 -0.7364411 -0.6228421
v 0.0496000 1.5456998 0.0201000
vn 0.8478640 -0.3670360 -0.3826371
v 0.0710000 1.5536999 0.0264000
vn 0.8475677 -0.3691302 -0.3812767
v 0.0698000 1.5528998 0.0252000
vn 0.8615484 -0.3680699 -0.3496556
v 0.0686000 1.5511999 0.0224000
vn 0.6950105 -0.4821268 -0.5333987
v 0.0667000 1.5498999 0.0204000
vn 0.5506023 -0.5456450 -0.6317505
v 0.0643000 1.5489999 0.0188000
vn 0.3763824 -0.5958722 -0.7094172
v 0.0617000 1.5482999 0.0175000
vn 0.1944312 -0.6151139 -0.7640886
v 0.0588000 1.5479999 0.0167000
vn 0.0138823 -0.6098549 -0.7923915
v 0.0558000 1.5478998 0.0163000
vn -0.1676903 -0.5900120 -0.7897884
v 0.0528000 1.5482999 0.0164000
vn -0.2245836 -0.5446664 -0.8080227
v 0.0499000 1.5488999 0.0168000
vn 0.8599194 -0.2134217 -0.4636699
v 0.0711000 1.5546999 0.0258000
vn 0.8673401 -0.2202883 -0.4463119
v 0.0700000 1.5542998 0.0244000
vn 0.8735915 -0.2031710 -0.4422211
v 0.0688000 1.5533999 0.0212000
vn 0.7208022 -0.2536434 -0.6450653
v 0.0669000 1.5527999 0.0188000
vn 0.5820563 -0.2877627 -0.7605281
v 0.0646000 1.5522999 0.0169000
vn 0.4035542 -0.3092965 -0.8610922
v 0.0620000 1.5519999 0.0153000
vn 0.2135130 -0.3148188 -0.9248251
v 0.0591000 1.5518999 0.0145000
vn 0.0302558 -0.3112113 -0.9498590
v 0.0561000 1.5519999 0.0140000
vn -0.1384299 -0.2994807 -0.9440066
v 0.0531000 1.5521998 0.0142000
vn -0.1998720 -0.2318889 -0.9519867
v 0.0501000 1.5525999 0.0147000
vn 0.8668077 -0.0451897 0.4965907
v 0.0710000 1.5558999 0.0331000
vn 0.8800457 0.4719593 0.0526696
v 0.0714000 1.5590999 0.0297000
vn 0.9101214 -0.0297988 -0.4132688
v 0.0714000 1.5558999 0.0262000
vn 0.8764074 -0.4754935 0.0762631
v 0.0711000 1.5526999 0.0296000
vn 0.9264314 -0.1364739 -0.3508557
v 0.0715000 1.5551999 0.0266000
vn 0.8860550 -0.4366616 0.1556705
v 0.0712000 1.5529999 0.0304000
vn 0.8828497 0.0294395 0.4687320
v 0.0712000 1.5565999 0.0327000
vn 0.9167093 0.3952599 -0.0584265
v 0.0716000 1.5587999 0.0289000
vn 0.9067216 -0.4213007 -0.0190194
v 0.0713000 1.5529999 0.0289000
vn 0.8719561 -0.1423188 0.4684420
v 0.0711000 1.5551999 0.0327000
vn 0.9011772 0.4104185 0.1394141
v 0.0715000 1.5587999 0.0304000
vn 0.9272046 0.0684765 -0.3682426
v 0.0715000 1.5565999 0.0266000
vn 0.9263039 -0.2884924 -0.2423495
v 0.0715000 1.5542998 0.0271000
vn 0.8932461 -0.3641250 0.2636748
v 0.0712000 1.5534999 0.0313000
vn 0.9071155 0.1746192 0.3829486
v 0.0714000 1.5574999 0.0322000
vn 0.9441448 0.2709047 -0.1876200
v 0.0716000 1.5582999 0.0280000
vn 0.9143716 -0.3707172 -0.1627681
v 0.0714000 1.5534999 0.0279000
vn 0.8882390 -0.2600176 0.3787115
v 0.0712000 1.5542998 0.0322000
vn 0.9151424 0.3033843 0.2654664
v 0.0715000 1.5582999 0.0314000
vn 0.9452180 0.1773326 -0.2740731
v 0.0716000 1.5574999 0.0271000
vn 0.9815794 0.0831304 -0.1720208
v 0.0719000 1.5566999 0.0279000
vn 0.9843558 0.1611172 -0.0713090
v 0.0719000 1.5575999 0.0288000
vn 0.9622757 0.2718418 0.0112888
v 0.0718000 1.5582999 0.0297000
vn 0.9693844 -0.0357502 -0.2429320
v 0.0718000 1.5558999 0.0271000
vn 0.9746984 -0.1704703 -0.1445789
v 0.0718000 1.5549998 0.0279000
vn 0.9974665 -0.0567469 -0.0429002
v 0.0720000 1.5558999 0.0287000
vn 0.9971099 0.0530555 0.0543771
v 0.0720000 1.5567999 0.0297000
vn 0.9756020 0.1655379 0.1442153
v 0.0718000 1.5575999 0.0306000
vn 0.9513701 -0.2662156 0.1549977
v 0.0716000 1.5541999 0.0306000
vn 0.9469167 -0.1709278 0.2722729
v 0.0716000 1.5549998 0.0315000
vn 0.9318668 -0.0386184 0.3607394
v 0.0715000 1.5558999 0.0322000
vn 0.9363307 -0.3426116 0.0768250
v 0.0715000 1.5534999 0.0296000
vn 0.9842377 -0.1686314 0.0532891
v 0.0719000 1.5549998 0.0297000
vn 0.9674100 0.0648476 0.2447709
v 0.0717000 1.5566999 0.0315000
vn 0.9628474 -0.2657281 -0.0480992
v 0.0717000 1.5541999 0.0287000
vn 0.9864600 -0.0566900 0.1538929
v 0.0719000 1.5558999 0.0306000
vn 0.8154937 -0.0450499 -0.5770101
v 0.0705000 1.5558999 0.0246000
vn 0.8051059 0.1805734 -0.5649759
v 0.0706000 1.5573999 0.0249000
vn 0.7865373 0.3772375 -0.4889283
v 0.0706000 1.5586998 0.0256000
vn 0.7864166 0.5127938 -0.3443709
v 0.0706000 1.5596999 0.0268000
vn 0.7951149 0.5862934 -0.1550884
v 0.0706000 1.5603999 0.0282000
vn 0.7949849 0.6046025 0.0495454
v 0.0705000 1.5605999 0.0297000
vn 0.7923118 0.5646379 0.2311406
v 0.0704000 1.5603999 0.0312000
vn 0.7774080 0.4915846 0.3924047
v 0.0703000 1.5596999 0.0326000
vn 0.7663252 0.3516424 0.5376740
v 0.0702000 1.5586998 0.0337000
vn 0.7536412 0.1553775 0.6386570
v 0.0701000 1.5573999 0.0344000
vn 0.7555952 -0.0592718 0.6523517
v 0.0700000 1.5558999 0.0346000
vn 0.7538656 -0.2386323 0.6121612
v 0.0699000 1.5544999 0.0343000
vn 0.7491614 -0.3949582 0.5317568
v 0.0699000 1.5530999 0.0336000
vn 0.7405406 -0.5333821 0.4087826
v 0.0699000 1.5520998 0.0325000
vn 0.7187984 -0.6548787 0.2333728
v 0.0700000 1.5513998 0.0312000
vn 0.7088643 -0.7048718 0.0258293
v 0.0700000 1.5511999 0.0296000
vn 0.7331446 -0.6606002 -0.1615748
v 0.0701000 1.5514998 0.0281000
vn 0.7508502 -0.5705121 -0.3327763
v 0.0702000 1.5520998 0.0267000
vn 0.7579377 -0.4393879 -0.4821501
v 0.0703000 1.5531999 0.0256000
vn 0.7919152 -0.2620093 -0.5515628
v 0.0704000 1.5544999 0.0249000
vn 0.9506202 -0.0528798 0.3058186
v 0.0687000 1.5558999 0.0269000
vn 0.9723628 -0.0493871 0.2281918
v 0.0695000 1.5558999 0.0249000
vn 0.8935684 -0.0477545 -0.4463800
v 0.0688000 1.5559999 0.0211000
vn 0.7102034 -0.0268665 -0.7034838
v 0.0670000 1.5560999 0.0187000
vn 0.5712590 -0.0161614 -0.8206108
v 0.0645000 1.5562999 0.0168000
vn 0.4260192 -0.0145506 -0.9045971
v 0.0620000 1.5563998 0.0152000
vn 0.2290124 -0.0050496 -0.9734104
v 0.0592000 1.5564998 0.0143000
vn 0.0561622 0.0013486 -0.9984208
v 0.0564000 1.5566999 0.0139000
vn -0.1257934 0.0106179 -0.9919997
v 0.0534000 1.5567999 0.0140000
vn -0.1990805 0.0528006 -0.9785597
v 0.0506000 1.5568999 0.0146000
vn 0.9403372 -0.1714587 0.2938842
v 0.0688000 1.5565999 0.0270000
vn 0.9693093 -0.1234184 0.2126204
v 0.0696000 1.5572999 0.0252000
vn 0.9034558 0.0971148 -0.4175361
v 0.0690000 1.5584999 0.0215000
vn 0.7188610 0.1963840 -0.6668375
v 0.0672000 1.5592998 0.0192000
vn 0.5880704 0.2427248 -0.7715296
v 0.0647000 1.5599998 0.0173000
vn 0.4442282 0.2736483 -0.8530990
v 0.0623000 1.5604999 0.0158000
vn 0.2553754 0.3005505 -0.9189411
v 0.0595000 1.5609999 0.0149000
vn 0.0671657 0.3169705 -0.9460542
v 0.0566000 1.5611999 0.0144000
vn -0.1166246 0.3228241 -0.9392462
v 0.0536000 1.5612999 0.0146000
vn -0.1925626 0.3835994 -0.9032005
v 0.0507000 1.5610999 0.0151000
vn 0.9439090 -0.2350424 0.2319288
v 0.0688000 1.5573999 0.0275000
vn 0.9710752 -0.1534748 0.1829162
v 0.0696000 1.5584999 0.0259000
vn 0.9016280 0.2677167 -0.3396980
v 0.0690000 1.5607998 0.0227000
vn 0.7181322 0.4302364 -0.5469761
v 0.0672000 1.5621998 0.0208000
vn 0.5847566 0.4991651 -0.6394482
v 0.0647000 1.5632999 0.0192000
vn 0.4458250 0.5488285 -0.7071261
v 0.0623000 1.5641999 0.0179000
vn 0.2570805 0.5972875 -0.7597086
v 0.0595000 1.5647999 0.0171000
vn 0.0760800 0.6170837 -0.7832111
v 0.0567000 1.5650998 0.0167000
vn -0.1099462 0.6151115 -0.7807366
v 0.0537000 1.5650998 0.0168000
vn -0.1920062 0.6417184 -0.7425167
v 0.0508000 1.5647999 0.0173000
vn 0.9389131 -0.2911016 0.1835811
v 0.0688000 1.5576999 0.0283000
vn 0.9717096 -0.1987418 0.1276018
v 0.0696000 1.5594999 0.0269000
vn 0.8976215 0.3659643 -0.2456541
v 0.0689000 1.5625999 0.0247000
vn 0.7195038 0.5691243 -0.3980100
v 0.0672000 1.5643998 0.0232000
vn 0.5839425 0.6615844 -0.4704437
v 0.0647000 1.5659999 0.0220000
vn 0.4349246 0.7336648 -0.5220887
v 0.0623000 1.5671998 0.0210000
vn 0.2553232 0.7882494 -0.5598866
v 0.0595000 1.5679998 0.0205000
vn 0.0782573 0.8102381 -0.5808529
v 0.0566000 1.5683999 0.0201000
vn -0.1095290 0.8057828 -0.5819945
v 0.0537000 1.5682999 0.0201000
vn -0.1960974 0.8191747 -0.5389794
v 0.0508000 1.5677999 0.0204000
vn 0.9342360 -0.3188674 0.1597709
v 0.0688000 1.5580999 0.0289000
vn 0.9717938 -0.2120200 0.1032686
v 0.0696000 1.5601999 0.0283000
vn 0.8989822 0.4242089 -0.1089856
v 0.0689000 1.5636998 0.0270000
vn 0.7181729 0.6695443 -0.1895737
v 0.0672000 1.5658998 0.0262000
vn 0.5764616 0.7855228 -0.2250466
v 0.0647000 1.5677999 0.0255000
vn 0.4211597 0.8708940 -0.2533147
v 0.0622000 1.5691999 0.0249000
vn 0.2445791 0.9305398 -0.2725376
v 0.0594000 1.5700998 0.0245000
vn 0.0668947 0.9561412 -0.2851650
v 0.0565000 1.5704999 0.0242000
vn -0.1149034 0.9497415 -0.2911842
v 0.0536000 1.5703999 0.0241000
vn -0.2011334 0.9512219 -0.2339279
v 0.0507000 1.5697999 0.0242000
vn 0.9433417 -0.3294549 0.0395701
v 0.0688000 1.5583999 0.0297000
vn 0.9793290 -0.1960272 0.0498793
v 0.0695000 1.5603999 0.0297000
vn 0.8879812 0.4578645 0.0430048
v 0.0688000 1.5640999 0.0296000
vn 0.7045375 0.7086209 0.0385147
v 0.0669000 1.5663999 0.0295000
vn 0.5592192 0.8285375 0.0282741
v 0.0645000 1.5682999 0.0294000
vn 0.4024677 0.9152337 0.0191548
v 0.0620000 1.5696999 0.0293000
vn 0.2231357 0.9747427 0.0093320
v 0.0591000 1.5705999 0.0291000
vn 0.0527741 0.9986051 0.0016328
v 0.0563000 1.5709999 0.0289000
vn -0.1214023 0.9925836 -0.0062678
v 0.0534000 1.5708998 0.0288000
vn -0.2081451 0.9777975 0.0242436
v 0.0505000 1.5702999 0.0286000
vn 0.9485762 -0.3132487 -0.0455906
v 0.0687000 1.5580999 0.0304000
vn 0.9803333 -0.1966482 -0.0166166
v 0.0694000 1.5600998 0.0311000
vn 0.8765873 0.4415224 0.1914490
v 0.0686000 1.5636998 0.0322000
vn 0.7008674 0.6663396 0.2545124
v 0.0668000 1.5658998 0.0328000
vn 0.5556663 0.7832538 0.2788342
v 0.0643000 1.5677999 0.0333000
vn 0.3988861 0.8699995 0.2898116
v 0.0618000 1.5691999 0.0337000
vn 0.2090481 0.9323308 0.2950560
v 0.0590000 1.5700998 0.0337000
vn 0.0386353 0.9562145 0.2901054
v 0.0561000 1.5704999 0.0337000
vn -0.1479700 0.9491223 0.2779780
v 0.0531000 1.5703999 0.0334000
vn -0.2335787 0.9155017 0.3275631
v 0.0502000 1.5697999 0.0330000
vn 0.9593046 -0.2683656 -0.0878332
v 0.0686000 1.5576999 0.0311000
vn 0.9776414 -0.2010317 -0.0616732
v 0.0693000 1.5594999 0.0324000
vn 0.8638314 0.3809663 0.3296362
v 0.0684000 1.5624999 0.0345000
vn 0.6821308 0.5661286 0.4628133
v 0.0665000 1.5643998 0.0358000
vn 0.5431109 0.6578988 0.5217275
v 0.0640000 1.5659999 0.0367000
vn 0.3781196 0.7351920 0.5625996
v 0.0615000 1.5671998 0.0375000
vn 0.1943689 0.7897825 0.5817769
v 0.0586000 1.5679998 0.0377000
vn 0.0128818 0.8145468 0.5799549
v 0.0557000 1.5683999 0.0378000
vn -0.1822944 0.8052014 0.5642868
v 0.0528000 1.5682999 0.0374000
vn -0.2531824 0.7661409 0.5907003
v 0.0499000 1.5677999 0.0368000
vn 0.9609089 -0.2546662 -0.1086244
v 0.0686000 1.5573999 0.0318000
vn 0.9787188 -0.1736951 -0.1092687
v 0.0692000 1.5584999 0.0334000
vn 0.8571159 0.2713124 0.4378835
v 0.0683000 1.5606999 0.0364000
vn 0.6714875 0.4258093 0.6064578
v 0.0662000 1.5620999 0.0382000
vn 0.5281099 0.4990949 0.6870257
v 0.0637000 1.5632999 0.0396000
vn 0.3592862 0.5585888 0.7475908
v 0.0611000 1.5641999 0.0406000
vn 0.1843490 0.6000453 0.7784350
v 0.0583000 1.5647999 0.0411000
vn -0.0187909 0.6196306 0.7846687
v 0.0554000 1.5651999 0.0412000
vn -0.2096979 0.6147051 0.7603712
v 0.0525000 1.5650998 0.0407000
vn -0.2738400 0.5743648 0.7714381
v 0.0496000 1.5647999 0.0399000
vn 0.9706597 -0.1624017 -0.1773286
v 0.0684000 1.5565999 0.0323000
vn 0.9840862 -0.1215724 -0.1295942
v 0.0691000 1.5572999 0.0341000
vn 0.8527365 0.1161419 0.5092657
v 0.0681000 1.5584999 0.0376000
vn 0.6657625 0.1977327 0.7194874
v 0.0661000 1.5592998 0.0398000
vn 0.5071750 0.2332377 0.8296829
v 0.0635000 1.5599998 0.0415000
vn 0.3447630 0.2668736 0.8999539
v 0.0608000 1.5605999 0.0427000
vn 0.1669848 0.2951694 0.9407397
v 0.0580000 1.5609999 0.0433000
vn -0.0474323 0.3146324 0.9480278
v 0.0550000 1.5611999 0.0435000
vn -0.2414121 0.3181666 0.9167826
v 0.0521000 1.5612999 0.0429000
vn -0.2996553 0.2536135 0.9197211
v 0.0493000 1.5611999 0.0420000
vn 0.9729782 -0.0596208 -0.2230670
v 0.0684000 1.5558999 0.0324000
vn 0.9909071 -0.0309919 -0.1309300
v 0.0690000 1.5558999 0.0343000
vn 0.8440068 -0.0360258 0.5351213
v 0.0679000 1.5559999 0.0380000
vn 0.6363237 -0.0382898 0.7704714
v 0.0658000 1.5560999 0.0402000
vn 0.4753407 -0.0375020 0.8790022
v 0.0631000 1.5562999 0.0419000
vn 0.3254852 -0.0281297 0.9451287
v 0.0605000 1.5563998 0.0431000
vn 0.1501581 -0.0179831 0.9884985
v 0.0577000 1.5564998 0.0438000
vn -0.0662414 -0.0066063 0.9977818
v 0.0548000 1.5566999 0.0440000
vn -0.2530183 0.0084438 0.9674247
v 0.0519000 1.5567999 0.0434000
vn -0.3114603 -0.0227704 0.9499863
v 0.0491000 1.5569999 0.0425000
vn 0.9751829 0.0048697 -0.2213473
v 0.0683000 1.5551999 0.0323000
vn 0.9920685 0.0079637 -0.1254457
v 0.0690000 1.5545999 0.0341000
vn 0.8395149 -0.1883153 0.5096588
v 0.0679000 1.5534999 0.0376000
vn 0.6255764 -0.2685458 0.7324871
v 0.0657000 1.5528998 0.0398000
vn 0.4728845 -0.2938628 0.8306774
v 0.0630000 1.5524999 0.0414000
vn 0.3213832 -0.3055228 0.8963084
v 0.0603000 1.5521998 0.0426000
vn 0.1358432 -0.3179567 0.9383231
v 0.0575000 1.5520998 0.0432000
vn -0.0722450 -0.3130814 0.9469745
v 0.0545000 1.5520998 0.0434000
vn -0.2655710 -0.2960428 0.9175133
v 0.0517000 1.5523999 0.0429000
vn -0.3370120 -0.3497894 0.8741112
v 0.0489000 1.5527999 0.0420000
vn 0.9724687 0.1851354 -0.1415259
v 0.0683000 1.5543998 0.0318000
vn 0.9931305 0.0844651 -0.0809783
v 0.0689000 1.5532999 0.0334000
vn 0.8252264 -0.3510142 0.4424821
v 0.0678000 1.5512999 0.0363000
vn 0.6118618 -0.4906257 0.6204125
v 0.0656000 1.5500998 0.0381000
vn 0.4670220 -0.5460302 0.6955152
v 0.0629000 1.5491999 0.0395000
vn 0.3115611 -0.5832427 0.7501717
v 0.0603000 1.5484998 0.0405000
vn 0.1212895 -0.6112956 0.7820528
v 0.0574000 1.5481999 0.0410000
vn -0.0746889 -0.6171545 0.7832892
v 0.0545000 1.5480999 0.0411000
vn -0.2708956 -0.5970497 0.7550810
v 0.0517000 1.5484998 0.0407000
vn -0.3415297 -0.6168507 0.7091211
v 0.0488000 1.5490999 0.0398000
vn 0.9561216 0.2855735 -0.0654162
v 0.0685000 1.5539999 0.0311000
vn 0.9908236 0.1294501 -0.0388742
v 0.0690000 1.5522999 0.0324000
vn 0.8227131 -0.4435287 0.3555634
v 0.0678000 1.5494999 0.0345000
vn 0.6125735 -0.6303445 0.4768853
v 0.0657000 1.5477998 0.0357000
vn 0.4664581 -0.7117941 0.5251343
v 0.0630000 1.5464998 0.0366000
vn 0.3086488 -0.7683408 0.5607035
v 0.0603000 1.5454999 0.0374000
vn 0.1196625 -0.8067542 0.5786437
v 0.0575000 1.5449998 0.0376000
vn -0.0730717 -0.8130322 0.5776151
v 0.0546000 1.5448998 0.0377000
vn -0.2632516 -0.7870235 0.5579360
v 0.0517000 1.5452999 0.0373000
vn -0.3321880 -0.7927313 0.5111050
v 0.0489000 1.5460999 0.0367000
vn 0.9693734 0.2143979 -0.1197867
v 0.0685000 1.5536999 0.0304000
vn 0.9898368 0.1406289 -0.0211357
v 0.0690000 1.5516999 0.0310000
vn 0.8323935 -0.5185590 0.1954933
v 0.0679000 1.5482999 0.0321000
vn 0.6199659 -0.7409185 0.2582291
v 0.0658000 1.5461999 0.0327000
vn 0.4687612 -0.8375179 0.2807609
v 0.0631000 1.5446999 0.0332000
vn 0.3141102 -0.9031323 0.2927234
v 0.0605000 1.5434998 0.0335000
vn 0.1298746 -0.9463553 0.2958789
v 0.0576000 1.5428998 0.0336000
vn -0.0577576 -0.9537117 0.2951236
v 0.0547000 1.5426999 0.0335000
vn -0.2519072 -0.9257214 0.2821041
v 0.0518000 1.5431999 0.0333000
vn -0.3099987 -0.9258569 0.2160779
v 0.0490000 1.5439999 0.0328000
vn 0.9717978 0.2245848 0.0719076
v 0.0684000 1.5532999 0.0296000
vn 0.9879785 0.1478250 0.0452359
v 0.0690000 1.5514998 0.0296000
vn 0.8409822 -0.5394337 0.0419560
v 0.0680000 1.5479999 0.0295000
vn 0.6275795 -0.7778045 0.0341200
v 0.0659000 1.5457999 0.0294000
vn 0.4776665 -0.8780791 0.0284922
v 0.0633000 1.5441998 0.0292000
vn 0.3218774 -0.9464174 0.0262509
v 0.0607000 1.5429999 0.0291000
vn 0.1459298 -0.9890785 0.0206971
v 0.0578000 1.5423999 0.0290000
vn -0.0440819 -0.9989725 0.0105212
v 0.0549000 1.5420998 0.0288000
vn -0.2347702 -0.9720417 -0.0042384
v 0.0521000 1.5425999 0.0287000
vn -0.2951285 -0.9544096 -0.0447383
v 0.0492000 1.5434998 0.0285000
vn 0.9482052 0.2224323 0.2267837
v 0.0686000 1.5536999 0.0289000
vn 0.9816777 0.1270686 0.1419947
v 0.0691000 1.5516999 0.0282000
vn 0.8529156 -0.5144187 -0.0889297
v 0.0682000 1.5483999 0.0269000
vn 0.6523481 -0.7360572 -0.1807261
v 0.0662000 1.5462999 0.0260000
vn 0.5034452 -0.8346438 -0.2234115
v 0.0636000 1.5446999 0.0253000
vn 0.3474027 -0.9037560 -0.2500731
v 0.0610000 1.5433999 0.0248000
vn 0.1691403 -0.9453156 -0.2788728
v 0.0581000 1.5427998 0.0243000
vn -0.0298831 -0.9536564 -0.2994103
v 0.0552000 1.5425999 0.0241000
vn -0.2230063 -0.9255401 -0.3060127
v 0.0523000 1.5430999 0.0240000
vn -0.2755743 -0.8891575 -0.3653186
v 0.0494000 1.5439999 0.0241000
vn 0.9666644 0.1994343 0.1605804
v 0.0686000 1.5539999 0.0282000
vn 0.9771941 0.0942118 0.1903047
v 0.0693000 1.5523999 0.0269000
vn 0.8613907 -0.4498039 -0.2359719
v 0.0683000 1.5494999 0.0246000
vn 0.6650022 -0.6348791 -0.3933201
v 0.0664000 1.5477998 0.0231000
vn 0.5188996 -0.7131561 -0.4713297
v 0.0638000 1.5464998 0.0219000
vn 0.3612246 -0.7675480 -0.5295159
v 0.0612000 1.5454999 0.0209000
vn 0.1836489 -0.7992074 -0.5723116
v 0.0584000 1.5449998 0.0204000
vn -0.0119894 -0.8034489 -0.5952531
v 0.0555000 1.5447999 0.0200000
vn -0.1948743 -0.7806392 -0.5938236
v 0.0526000 1.5452999 0.0201000
vn -0.2518325 -0.7411618 -0.6223019
v 0.0498000 1.5459999 0.0203000
vn 0.9628596 0.1198494 0.2419455
v 0.0686000 1.5543998 0.0274000
vn 0.9791361 0.0493940 0.1971112
v 0.0694000 1.5532999 0.0258000
vn 0.8682886 -0.3647254 -0.3362295
v 0.0685000 1.5512999 0.0226000
vn 0.6819861 -0.4946126 -0.5387518
v 0.0666000 1.5500998 0.0207000
vn 0.5345487 -0.5521221 -0.6398585
v 0.0641000 1.5491999 0.0190000
vn 0.3744767 -0.5913932 -0.7141578
v 0.0615000 1.5484998 0.0178000
vn 0.1982069 -0.6104637 -0.7668430
v 0.0587000 1.5481999 0.0170000
vn 0.0044648 -0.6087031 -0.7933856
v 0.0558000 1.5481999 0.0166000
vn -0.1688854 -0.5917472 -0.7882341
v 0.0529000 1.5484998 0.0167000
vn -0.2474944 -0.5428603 -0.8025269
v 0.0501000 1.5490999 0.0172000
vn 0.9493442 0.0688188 0.3066098
v 0.0687000 1.5551999 0.0270000
vn 0.9743794 0.0220516 0.2238273
v 0.0695000 1.5545999 0.0251000
vn 0.8862115 -0.2021383 -0.4168565
v 0.0687000 1.5534999 0.0214000
vn 0.7077585 -0.2632332 -0.6555808
v 0.0669000 1.5528998 0.0191000
vn 0.5566276 -0.2852371 -0.7802600
v 0.0644000 1.5524999 0.0172000
vn 0.4081668 -0.3056867 -0.8602067
v 0.0618000 1.5521998 0.0157000
vn 0.2125240 -0.3129607 -0.9256831
v 0.0590000 1.5520998 0.0148000
vn 0.0328039 -0.3068030 -0.9512076
v 0.0561000 1.5521998 0.0144000
vn -0.1459020 -0.2955171 -0.9441304
v 0.0532000 1.5523999 0.0145000
vn -0.2280043 -0.2265961 -0.9469257
v 0.0503000 1.5527999 0.0151000
vn 0.9929437 -0.0341735 -0.1135561
v 0.0683000 1.5558999 0.0316000
vn 0.9333358 -0.3538758 0.0604668
v 0.0685000 1.5576999 0.0297000
vn 0.9708167 -0.0122486 0.2395098
v 0.0685000 1.5558999 0.0277000
vn 0.9790515 0.2033985 -0.0093431
v 0.0683000 1.5539999 0.0296000
vn 0.9636652 0.0246567 0.2659723
v 0.0685000 1.5554999 0.0279000
vn 0.9725075 0.2227515 -0.0679030
v 0.0683000 1.5541999 0.0301000
vn 0.9868142 -0.1255143 -0.1021956
v 0.0683000 1.5561999 0.0314000
vn 0.9401372 -0.3131723 0.1344065
v 0.0685000 1.5574999 0.0293000
vn 0.9666529 0.1874046 0.1745330
v 0.0683000 1.5541999 0.0292000
vn 0.9898604 -0.0241380 -0.1399780
v 0.0683000 1.5554999 0.0314000
vn 0.9522871 -0.2999674 -0.0562930
v 0.0685000 1.5574999 0.0301000
vn 0.9596629 -0.1310809 0.2487270
v 0.0685000 1.5561999 0.0279000
vn 0.9687585 0.1418769 0.2034161
v 0.0684000 1.5549998 0.0283000
vn 0.9763067 0.2141811 -0.0308504
v 0.0682000 1.5545999 0.0306000
vn 0.9700923 -0.2190807 -0.1045209
v 0.0684000 1.5566999 0.0310000
vn 0.9429678 -0.2716390 0.1924165
v 0.0685000 1.5570999 0.0288000
vn 0.9579757 0.2075742 0.1979786
v 0.0684000 1.5545999 0.0287000
vn 0.9945299 0.0806465 -0.0663810
v 0.0682000 1.5549998 0.0310000
vn 0.9656834 -0.2452359 -0.0855273
v 0.0684000 1.5570999 0.0306000
vn 0.9530520 -0.2152715 0.2129558
v 0.0685000 1.5566999 0.0283000
vn 0.9707472 -0.1687714 0.1707807
v 0.0683000 1.5562999 0.0288000
vn 0.9747108 -0.1857606 0.1242250
v 0.0683000 1.5566999 0.0292000
vn 0.9678681 -0.2434502 0.0629552
v 0.0683000 1.5570999 0.0297000
vn 0.9734249 -0.0722286 0.2173177
v 0.0683000 1.5558999 0.0284000
vn 0.9785401 0.0404743 0.2020426
v 0.0682000 1.5553999 0.0288000
vn 0.9925044 -0.0941156 0.0779566
v 0.0682000 1.5558999 0.0292000
vn 0.9918948 -0.1216828 0.0365797
v 0.0682000 1.5562999 0.0297000
vn 0.9820027 -0.1810384 -0.0538124
v 0.0683000 1.5566999 0.0301000
vn 0.9946319 0.1034763 -0.0000000
v 0.0682000 1.5549998 0.0301000
vn 0.9973392 0.0022849 -0.0728655
v 0.0681000 1.5553999 0.0305000
vn 0.9870279 -0.1179048 -0.1089700
v 0.0682000 1.5558999 0.0310000
vn 0.9904709 0.1320679 0.0390573
v 0.0682000 1.5545999 0.0297000
vn 0.9993147 0.0022758 0.0369464
v 0.0681000 1.5553999 0.0297000
vn 0.9825601 -0.1765711 -0.0582950
v 0.0682000 1.5562999 0.0305000
vn 0.9823653 0.1316087 0.1328069
v 0.0682000 1.5549998 0.0292000
vn 0.9955365 -0.0943777 -0.0000000
v 0.0682000 1.5558999 0.0301000
vn 0.9294690 -0.0504828 0.3654298
v 0.0691000 1.5558999 0.0259000
vn 0.9220870 -0.1746343 0.3453383
v 0.0692000 1.5568999 0.0261000
vn 0.9319661 -0.2392418 0.2724014
v 0.0692000 1.5579998 0.0267000
vn 0.9361814 -0.2921333 0.1955058
v 0.0692000 1.5586998 0.0275000
vn 0.9380179 -0.3158539 0.1426845
v 0.0692000 1.5591999 0.0286000
vn 0.9433812 -0.3281140 0.0487138
v 0.0691000 1.5593998 0.0297000
vn 0.9445740 -0.3249402 -0.0468396
v 0.0691000 1.5591999 0.0308000
vn 0.9491380 -0.2984394 -0.1003546
v 0.0690000 1.5586998 0.0318000
vn 0.9444679 -0.2691966 -0.1884505
v 0.0689000 1.5579998 0.0326000
vn 0.9460251 -0.1685590 -0.2768114
v 0.0688000 1.5568999 0.0332000
vn 0.9450119 -0.0418799 -0.3243436
v 0.0687000 1.5558999 0.0333000
vn 0.9455518 0.0719168 -0.3174269
v 0.0687000 1.5548999 0.0331000
vn 0.9636387 0.1891781 -0.1887121
v 0.0686000 1.5537999 0.0326000
vn 0.9656631 0.2401021 -0.0992259
v 0.0687000 1.5530999 0.0318000
vn 0.9644546 0.2442322 -0.1008864
v 0.0687000 1.5525999 0.0307000
vn 0.9638833 0.2583110 0.0648417
v 0.0687000 1.5523999 0.0296000
vn 0.9581886 0.2339725 0.1647166
v 0.0688000 1.5525999 0.0286000
vn 0.9444445 0.2307431 0.2340563
v 0.0689000 1.5530999 0.0274000
vn 0.9267501 0.1705139 0.3347527
v 0.0690000 1.5538999 0.0267000
vn 0.9262259 0.0896754 0.3661473
v 0.0691000 1.5548999 0.0261000
vn 0.9937627 -0.0492685 -0.1000416
v 0.0696000 1.5559999 0.0239000
vn 0.9958217 -0.0189946 -0.0893224
v 0.0697000 1.5575999 0.0241000
vn 0.9968399 0.0446530 -0.0656986
v 0.0697000 1.5591999 0.0250000
vn 0.9963080 0.0713664 -0.0477195
v 0.0697000 1.5602999 0.0263000
vn 0.9945835 0.1037890 0.0056211
v 0.0697000 1.5610999 0.0280000
vn 0.9921029 0.1161892 0.0472436
v 0.0695000 1.5613999 0.0297000
vn 0.9930207 0.0916058 0.0742859
v 0.0695000 1.5610999 0.0314000
vn 0.9909378 0.0725991 0.1130118
v 0.0694000 1.5602999 0.0330000
vn 0.9879181 0.0370123 0.1504928
v 0.0693000 1.5590999 0.0343000
vn 0.9821216 -0.0113232 0.1879066
v 0.0691000 1.5575999 0.0351000
vn 0.9777473 -0.0414546 0.2056497
v 0.0690000 1.5558999 0.0353000
vn 0.9770292 -0.0853719 0.1952578
v 0.0689000 1.5542998 0.0351000
vn 0.9742651 -0.1327896 0.1821387
v 0.0689000 1.5526999 0.0342000
vn 0.9725937 -0.1683523 0.1603716
v 0.0689000 1.5514998 0.0330000
vn 0.9775543 -0.1887713 0.0935580
v 0.0690000 1.5506998 0.0314000
vn 0.9795610 -0.1961963 0.0443550
v 0.0690000 1.5504999 0.0296000
vn 0.9787403 -0.2026417 0.0316831
v 0.0691000 1.5507998 0.0279000
vn 0.9810172 -0.1914629 -0.0307774
v 0.0693000 1.5515999 0.0262000
vn 0.9838529 -0.1662271 -0.0663481
v 0.0694000 1.5527999 0.0250000
vn 0.9923567 -0.0944243 -0.0794507
v 0.0696000 1.5542998 0.0241000
# 1064 vertices, 0 vertices normals


usemtl Eye_brown
vt 0.0000000 0.0000000
vt 0.0000000 0.0000000
f 7/1/7 17/1/17 18/1/18 8/2/8
f 1/1/1 11/1/11 238/1/238 237/2/237
f 8/1/8 18/1/18 19/1/19 9/2/9
f 2/1/2 12/1/12 13/1/13 3/2/3
f 9/1/9 19/1/19 20/1/20 10/2/10
f 3/1/3 13/1/13 14/1/14 4/2/4
f 4/1/4 14/1/14 15/1/15 5/2/5
f 5/1/5 15/1/15 16/1/16 6/2/6
f 6/1/6 16/1/16 17/1/17 7/2/7
f 14/1/14 24/1/24 25/1/25 15/2/15
f 15/1/15 25/1/25 26/1/26 16/2/16
f 16/1/16 26/1/26 27/1/27 17/2/17
f 17/1/17 27/1/27 28/1/28 18/2/18
f 11/1/11 21/1/21 239/1/239 238/2/238
f 18/1/18 28/1/28 29/1/29 19/2/19
f 12/1/12 22/1/22 23/1/23 13/2/13
f 19/1/19 29/1/29 30/1/30 20/2/20
f 13/1/13 23/1/23 24/1/24 14/2/14
f 21/1/21 31/1/31 240/1/240 239/2/239
f 28/1/28 38/1/38 39/1/39 29/2/29
f 22/1/22 32/1/32 33/1/33 23/2/23
f 29/1/29 39/1/39 40/1/40 30/2/30
f 23/1/23 33/1/33 34/1/34 24/2/24
f 24/1/24 34/1/34 35/1/35 25/2/25
f 25/1/25 35/1/35 36/1/36 26/2/26
f 26/1/26 36/1/36 37/1/37 27/2/27
f 27/1/27 37/1/37 38/1/38 28/2/28
f 35/1/35 45/1/45 46/1/46 36/2/36
f 36/1/36 46/1/46 47/1/47 37/2/37
f 37/1/37 47/1/47 48/1/48 38/2/38
f 31/1/31 41/1/41 241/1/241 240/2/240
f 38/1/38 48/1/48 49/1/49 39/2/39
f 32/1/32 42/1/42 43/1/43 33/2/33
f 39/1/39 49/1/49 50/1/50 40/2/40
f 33/1/33 43/1/43 44/1/44 34/2/34
f 34/1/34 44/1/44 45/1/45 35/2/35
f 49/1/49 59/1/59 60/1/60 50/2/50
f 43/1/43 53/1/53 54/1/54 44/2/44
f 44/1/44 54/1/54 55/1/55 45/2/45
f 45/1/45 55/1/55 56/1/56 46/2/46
f 46/1/46 56/1/56 57/1/57 47/2/47
f 47/1/47 57/1/57 58/1/58 48/2/48
f 41/1/41 51/1/51 242/1/242 241/2/241
f 48/1/48 58/1/58 59/1/59 49/2/49
f 42/1/42 52/1/52 53/1/53 43/2/43
f 57/1/57 67/1/67 68/1/68 58/2/58
f 51/1/51 61/1/61 243/1/243 242/2/242
f 58/1/58 68/1/68 69/1/69 59/2/59
f 52/1/52 62/1/62 63/1/63 53/2/53
f 59/1/59 69/1/69 70/1/70 60/2/60
f 53/1/53 63/1/63 64/1/64 54/2/54
f 54/1/54 64/1/64 65/1/65 55/2/55
f 55/1/55 65/1/65 66/1/66 56/2/56
f 56/1/56 66/1/66 67/1/67 57/2/57
f 65/1/65 75/1/75 76/1/76 66/2/66
f 66/1/66 76/1/76 77/1/77 67/2/67
f 67/1/67 77/1/77 78/1/78 68/2/68
f 61/1/61 71/1/71 244/1/244 243/2/243
f 68/1/68 78/1/78 79/1/79 69/2/69
f 62/1/62 72/1/72 73/1/73 63/2/63
f 69/1/69 79/1/79 80/1/80 70/2/70
f 63/1/63 73/1/73 74/1/74 64/2/64
f 64/1/64 74/1/74 75/1/75 65/2/65
f 79/1/79 89/1/89 90/1/90 80/2/80
f 73/1/73 83/1/83 84/1/84 74/2/74
f 74/1/74 84/1/84 85/1/85 75/2/75
f 75/1/75 85/1/85 86/1/86 76/2/76
f 76/1/76 86/1/86 87/1/87 77/2/77
f 77/1/77 87/1/87 88/1/88 78/2/78
f 71/1/71 81/1/81 245/1/245 244/2/244
f 78/1/78 88/1/88 89/1/89 79/2/79
f 72/1/72 82/1/82 83/1/83 73/2/73
f 87/1/87 97/1/97 98/1/98 88/2/88
f 81/1/81 91/1/91 246/1/246 245/2/245
f 88/1/88 98/1/98 99/1/99 89/2/89
f 82/1/82 92/1/92 93/1/93 83/2/83
f 89/1/89 99/1/99 100/1/100 90/2/90
f 83/1/83 93/1/93 94/1/94 84/2/84
f 84/1/84 94/1/94 95/1/95 85/2/85
f 85/1/85 95/1/95 96/1/96 86/2/86
f 86/1/86 96/1/96 97/1/97 87/2/87
f 95/1/95 105/1/105 106/1/106 96/2/96
f 96/1/96 106/1/106 107/1/107 97/2/97
f 97/1/97 107/1/107 108/1/108 98/2/98
f 91/1/91 101/1/101 247/1/247 246/2/246
f 98/1/98 108/1/108 109/1/109 99/2/99
f 92/1/92 102/1/102 103/1/103 93/2/93
f 99/1/99 109/1/109 110/1/110 100/2/100
f 93/1/93 103/1/103 104/1/104 94/2/94
f 94/1/94 104/1/104 105/1/105 95/2/95
f 109/1/109 119/1/119 120/1/120 110/2/110
f 103/1/103 113/1/113 114/1/114 104/2/104
f 104/1/104 114/1/114 115/1/115 105/2/105
f 105/1/105 115/1/115 116/1/116 106/2/106
f 106/1/106 116/1/116 117/1/117 107/2/107
f 107/1/107 117/1/117 118/1/118 108/2/108
f 101/1/101 111/1/111 248/1/248 247/2/247
f 108/1/108 118/1/118 119/1/119 109/2/109
f 102/1/102 112/1/112 113/1/113 103/2/103
f 117/1/117 127/1/127 128/1/128 118/2/118
f 111/1/111 121/1/121 249/1/249 248/2/248
f 118/1/118 128/1/128 129/1/129 119/2/119
f 112/1/112 122/1/122 123/1/123 113/2/113
f 119/1/119 129/1/129 130/1/130 120/2/120
f 113/1/113 123/1/123 124/1/124 114/2/114
f 114/1/114 124/1/124 125/1/125 115/2/115
f 115/1/115 125/1/125 126/1/126 116/2/116
f 116/1/116 126/1/126 127/1/127 117/2/117
f 124/1/124 134/1/134 135/1/135 125/2/125
f 125/1/125 135/1/135 136/1/136 126/2/126
f 126/1/126 136/1/136 137/1/137 127/2/127
f 127/1/127 137/1/137 138/1/138 128/2/128
f 121/1/121 131/1/131 250/1/250 249/2/249
f 128/1/128 138/1/138 139/1/139 129/2/129
f 122/1/122 132/1/132 133/1/133 123/2/123
f 129/1/129 139/1/139 140/1/140 130/2/130
f 123/1/123 133/1/133 134/1/134 124/2/124
f 138/1/138 148/1/148 149/1/149 139/2/139
f 132/1/132 142/1/142 143/1/143 133/2/133
f 139/1/139 149/1/149 150/1/150 140/2/140
f 133/1/133 143/1/143 144/1/144 134/2/134
f 134/1/134 144/1/144 145/1/145 135/2/135
f 135/1/135 145/1/145 146/1/146 136/2/136
f 136/1/136 146/1/146 147/1/147 137/2/137
f 137/1/137 147/1/147 148/1/148 138/2/138
f 131/1/131 141/1/141 251/1/251 250/2/250
f 146/1/146 156/1/156 157/1/157 147/2/147
f 147/1/147 157/1/157 158/1/158 148/2/148
f 141/1/141 151/1/151 252/1/252 251/2/251
f 148/1/148 158/1/158 159/1/159 149/2/149
f 142/1/142 152/1/152 153/1/153 143/2/143
f 149/1/149 159/1/159 160/1/160 150/2/150
f 143/1/143 153/1/153 154/1/154 144/2/144
f 144/1/144 154/1/154 155/1/155 145/2/145
f 145/1/145 155/1/155 156/1/156 146/2/146
f 154/1/154 164/1/164 165/1/165 155/2/155
f 155/1/155 165/1/165 166/1/166 156/2/156
f 156/1/156 166/1/166 167/1/167 157/2/157
f 157/1/157 167/1/167 168/1/168 158/2/158
f 151/1/151 161/1/161 253/1/253 252/2/252
f 158/1/158 168/1/168 169/1/169 159/2/159
f 152/1/152 162/1/162 163/1/163 153/2/153
f 159/1/159 169/1/169 170/1/170 160/2/160
f 153/1/153 163/1/163 164/1/164 154/2/154
f 168/1/168 178/1/178 179/1/179 169/2/169
f 162/1/162 172/1/172 173/1/173 163/2/163
f 169/1/169 179/1/179 180/1/180 170/2/170
f 163/1/163 173/1/173 174/1/174 164/2/164
f 164/1/164 174/1/174 175/1/175 165/2/165
f 165/1/165 175/1/175 176/1/176 166/2/166
f 166/1/166 176/1/176 177/1/177 167/2/167
f 167/1/167 177/1/177 178/1/178 168/2/168
f 161/1/161 171/1/171 254/1/254 253/2/253
f 176/1/176 186/1/186 187/1/187 177/2/177
f 177/1/177 187/1/187 188/1/188 178/2/178
f 171/1/171 181/1/181 255/1/255 254/2/254
f 178/1/178 188/1/188 189/1/189 179/2/179
f 172/1/172 182/1/182 183/1/183 173/2/173
f 179/1/179 189/1/189 190/1/190 180/2/180
f 173/1/173 183/1/183 184/1/184 174/2/174
f 174/1/174 184/1/184 185/1/185 175/2/175
f 175/1/175 185/1/185 186/1/186 176/2/176
f 184/1/184 194/1/194 195/1/195 185/2/185
f 185/1/185 195/1/195 196/1/196 186/2/186
f 186/1/186 196/1/196 197/1/197 187/2/187
f 187/1/187 197/1/197 198/1/198 188/2/188
f 181/1/181 191/1/191 256/1/256 255/2/255
f 188/1/188 198/1/198 199/1/199 189/2/189
f 182/1/182 192/1/192 193/1/193 183/2/183
f 189/1/189 199/1/199 200/1/200 190/2/190
f 183/1/183 193/1/193 194/1/194 184/2/184
f 198/1/198 8/1/8 9/1/9 199/2/199
f 192/1/192 2/1/2 3/1/3 193/2/193
f 199/1/199 9/1/9 10/1/10 200/2/200
f 193/1/193 3/1/3 4/1/4 194/2/194
f 194/1/194 4/1/4 5/1/5 195/2/195
f 195/1/195 5/1/5 6/1/6 196/2/196
f 196/1/196 6/1/6 7/1/7 197/2/197
f 197/1/197 7/1/7 8/1/8 198/2/198
f 237/1/237 256/1/256 191/1/191 1/2/1
f 215/1/215 219/1/219 228/1/228 234/2/234
f 207/1/207 215/1/215 234/1/234 231/2/231
f 222/1/222 223/1/223 208/1/208 216/2/216
f 224/1/224 221/1/221 220/1/220 212/2/212
f 221/1/221 222/1/222 216/1/216 220/2/220
f 231/1/231 210/1/210 201/1/201 207/2/207
f 232/1/232 209/1/209 204/1/204 206/2/206
f 224/1/224 212/1/212 203/1/203 205/2/205
f 224/1/224 205/1/205 213/1/213 225/2/225
f 225/1/225 213/1/213 217/1/217 235/2/235
f 217/1/217 209/1/209 232/1/232 235/2/235
f 232/1/232 229/1/229 233/1/233 235/2/235
f 235/1/235 233/1/233 226/1/226 225/2/225
f 225/1/225 226/1/226 221/1/221 224/2/224
f 226/1/226 227/1/227 222/1/222 221/2/221
f 233/1/233 236/1/236 227/1/227 226/2/226
f 229/1/229 230/1/230 236/1/236 233/2/233
f 230/1/230 231/1/231 234/1/234 236/2/236
f 236/1/236 234/1/234 228/1/228 227/2/227
f 227/1/227 228/1/228 223/1/223 222/2/222
f 223/1/223 211/1/211 202/1/202 208/2/208
f 206/1/206 214/1/214 229/1/229 232/2/232
f 218/1/218 210/1/210 231/1/231 230/2/230
f 214/1/214 218/1/218 230/1/230 229/2/229
f 181/1/181 171/1/171 217/1/217 213/2/213
f 191/1/191 181/1/181 213/1/213 205/2/205
f 1/1/1 191/1/191 205/1/205 203/2/203
f 203/1/203 212/1/212 11/1/11 1/2/1
f 21/1/21 11/1/11 212/1/212 220/2/220
f 220/1/220 216/1/216 31/1/31 21/2/21
f 41/1/41 31/1/31 216/1/216 208/2/208
f 51/1/51 41/1/41 208/1/208 202/2/202
f 171/1/171 161/1/161 209/1/209 217/2/217
f 161/1/161 151/1/151 204/1/204 209/2/209
f 151/1/151 141/1/141 206/1/206 204/2/204
f 141/1/141 131/1/131 214/1/214 206/2/206
f 131/1/131 121/1/121 218/1/218 214/2/214
f 121/1/121 111/1/111 210/1/210 218/2/218
f 111/1/111 101/1/101 201/1/201 210/2/210
f 101/1/101 91/1/91 207/1/207 201/2/201
f 215/1/215 207/1/207 91/1/91 81/2/81
f 81/1/81 71/1/71 219/1/219 215/2/215
f 71/1/71 61/1/61 211/1/211 219/2/219
f 202/1/202 211/1/211 61/1/61 51/2/51
f 219/1/219 211/1/211 223/1/223 228/2/228
f 237/1/237 238/1/238 12/1/12 2/2/2
f 238/1/238 239/1/239 22/1/22 12/2/12
f 239/1/239 240/1/240 32/1/32 22/2/22
f 240/1/240 241/1/241 42/1/42 32/2/32
f 241/1/241 242/1/242 52/1/52 42/2/42
f 242/1/242 243/1/243 62/1/62 52/2/52
f 243/1/243 244/1/244 72/1/72 62/2/62
f 244/1/244 245/1/245 82/1/82 72/2/72
f 245/1/245 246/1/246 92/1/92 82/2/82
f 246/1/246 247/1/247 102/1/102 92/2/92
f 247/1/247 248/1/248 112/1/112 102/2/102
f 248/1/248 249/1/249 122/1/122 112/2/112
f 249/1/249 250/1/250 132/1/132 122/2/122
f 250/1/250 251/1/251 142/1/142 132/2/132
f 251/1/251 252/1/252 152/1/152 142/2/142
f 252/1/252 253/1/253 162/1/162 152/2/152
f 253/1/253 254/1/254 172/1/172 162/2/162
f 254/1/254 255/1/255 182/1/182 172/2/172
f 255/1/255 256/1/256 192/1/192 182/2/182
f 256/1/256 237/1/237 2/1/2 192/2/192
f 263/1/263 273/1/273 274/1/274 264/2/264
f 257/1/257 267/1/267 494/1/494 493/2/493
f 264/1/264 274/1/274 275/1/275 265/2/265
f 258/1/258 268/1/268 514/1/514 513/2/513
f 265/1/265 275/1/275 276/1/276 266/2/266
f 259/1/259 269/1/269 270/1/270 260/2/260
f 260/1/260 270/1/270 271/1/271 261/2/261
f 261/1/261 271/1/271 272/1/272 262/2/262
f 262/1/262 272/1/272 273/1/273 263/2/263
f 270/1/270 280/1/280 281/1/281 271/2/271
f 271/1/271 281/1/281 282/1/282 272/2/272
f 272/1/272 282/1/282 283/1/283 273/2/273
f 273/1/273 283/1/283 284/1/284 274/2/274
f 267/1/267 277/1/277 495/1/495 494/2/494
f 274/1/274 284/1/284 285/1/285 275/2/275
f 268/1/268 278/1/278 515/1/515 514/2/514
f 275/1/275 285/1/285 286/1/286 276/2/276
f 269/1/269 279/1/279 280/1/280 270/2/270
f 277/1/277 287/1/287 496/1/496 495/2/495
f 284/1/284 294/1/294 295/1/295 285/2/285
f 278/1/278 288/1/288 516/1/516 515/2/515
f 285/1/285 295/1/295 296/1/296 286/2/286
f 279/1/279 289/1/289 290/1/290 280/2/280
f 280/1/280 290/1/290 291/1/291 281/2/281
f 281/1/281 291/1/291 292/1/292 282/2/282
f 282/1/282 292/1/292 293/1/293 283/2/283
f 283/1/283 293/1/293 294/1/294 284/2/284
f 291/1/291 301/1/301 302/1/302 292/2/292
f 292/1/292 302/1/302 303/1/303 293/2/293
f 293/1/293 303/1/303 304/1/304 294/2/294
f 287/1/287 297/1/297 497/1/497 496/2/496
f 294/1/294 304/1/304 305/1/305 295/2/295
f 288/1/288 298/1/298 517/1/517 516/2/516
f 295/1/295 305/1/305 306/1/306 296/2/296
f 289/1/289 299/1/299 300/1/300 290/2/290
f 290/1/290 300/1/300 301/1/301 291/2/291
f 305/1/305 315/1/315 316/1/316 306/2/306
f 299/1/299 309/1/309 310/1/310 300/2/300
f 300/1/300 310/1/310 311/1/311 301/2/301
f 301/1/301 311/1/311 312/1/312 302/2/302
f 302/1/302 312/1/312 313/1/313 303/2/303
f 303/1/303 313/1/313 314/1/314 304/2/304
f 297/1/297 307/1/307 498/1/498 497/2/497
f 304/1/304 314/1/314 315/1/315 305/2/305
f 298/1/298 308/1/308 518/1/518 517/2/517
f 313/1/313 323/1/323 324/1/324 314/2/314
f 307/1/307 317/1/317 499/1/499 498/2/498
f 314/1/314 324/1/324 325/1/325 315/2/315
f 308/1/308 318/1/318 519/1/519 518/2/518
f 315/1/315 325/1/325 326/1/326 316/2/316
f 309/1/309 319/1/319 320/1/320 310/2/310
f 310/1/310 320/1/320 321/1/321 311/2/311
f 311/1/311 321/1/321 322/1/322 312/2/312
f 312/1/312 322/1/322 323/1/323 313/2/313
f 321/1/321 331/1/331 332/1/332 322/2/322
f 322/1/322 332/1/332 333/1/333 323/2/323
f 323/1/323 333/1/333 334/1/334 324/2/324
f 317/1/317 327/1/327 500/1/500 499/2/499
f 324/1/324 334/1/334 335/1/335 325/2/325
f 318/1/318 328/1/328 520/1/520 519/2/519
f 325/1/325 335/1/335 336/1/336 326/2/326
f 319/1/319 329/1/329 330/1/330 320/2/320
f 320/1/320 330/1/330 331/1/331 321/2/321
f 335/1/335 345/1/345 346/1/346 336/2/336
f 329/1/329 339/1/339 340/1/340 330/2/330
f 330/1/330 340/1/340 341/1/341 331/2/331
f 331/1/331 341/1/341 342/1/342 332/2/332
f 332/1/332 342/1/342 343/1/343 333/2/333
f 333/1/333 343/1/343 344/1/344 334/2/334
f 327/1/327 337/1/337 501/1/501 500/2/500
f 334/1/334 344/1/344 345/1/345 335/2/335
f 328/1/328 338/1/338 521/1/521 520/2/520
f 343/1/343 353/1/353 354/1/354 344/2/344
f 337/1/337 347/1/347 502/1/502 501/2/501
f 344/1/344 354/1/354 355/1/355 345/2/345
f 338/1/338 348/1/348 522/1/522 521/2/521
f 345/1/345 355/1/355 356/1/356 346/2/346
f 339/1/339 349/1/349 350/1/350 340/2/340
f 340/1/340 350/1/350 351/1/351 341/2/341
f 341/1/341 351/1/351 352/1/352 342/2/342
f 342/1/342 352/1/352 353/1/353 343/2/343
f 351/1/351 361/1/361 362/1/362 352/2/352
f 352/1/352 362/1/362 363/1/363 353/2/353
f 353/1/353 363/1/363 364/1/364 354/2/354
f 347/1/347 357/1/357 503/1/503 502/2/502
f 354/1/354 364/1/364 365/1/365 355/2/355
f 348/1/348 358/1/358 523/1/523 522/2/522
f 355/1/355 365/1/365 366/1/366 356/2/356
f 349/1/349 359/1/359 360/1/360 350/2/350
f 350/1/350 360/1/360 361/1/361 351/2/351
f 365/1/365 375/1/375 376/1/376 366/2/366
f 359/1/359 369/1/369 370/1/370 360/2/360
f 360/1/360 370/1/370 371/1/371 361/2/361
f 361/1/361 371/1/371 372/1/372 362/2/362
f 362/1/362 372/1/372 373/1/373 363/2/363
f 363/1/363 373/1/373 374/1/374 364/2/364
f 357/1/357 367/1/367 504/1/504 503/2/503
f 364/1/364 374/1/374 375/1/375 365/2/365
f 358/1/358 368/1/368 524/1/524 523/2/523
f 373/1/373 383/1/383 384/1/384 374/2/374
f 367/1/367 377/1/377 505/1/505 504/2/504
f 374/1/374 384/1/384 385/1/385 375/2/375
f 368/1/368 378/1/378 525/1/525 524/2/524
f 375/1/375 385/1/385 386/1/386 376/2/376
f 369/1/369 379/1/379 380/1/380 370/2/370
f 370/1/370 380/1/380 381/1/381 371/2/371
f 371/1/371 381/1/381 382/1/382 372/2/372
f 372/1/372 382/1/382 383/1/383 373/2/373
f 380/1/380 390/1/390 391/1/391 381/2/381
f 381/1/381 391/1/391 392/1/392 382/2/382
f 382/1/382 392/1/392 393/1/393 383/2/383
f 383/1/383 393/1/393 394/1/394 384/2/384
f 377/1/377 387/1/387 506/1/506 505/2/505
f 384/1/384 394/1/394 395/1/395 385/2/385
f 378/1/378 388/1/388 526/1/526 525/2/525
f 385/1/385 395/1/395 396/1/396 386/2/386
f 379/1/379 389/1/389 390/1/390 380/2/380
f 394/1/394 404/1/404 405/1/405 395/2/395
f 388/1/388 398/1/398 527/1/527 526/2/526
f 395/1/395 405/1/405 406/1/406 396/2/396
f 389/1/389 399/1/399 400/1/400 390/2/390
f 390/1/390 400/1/400 401/1/401 391/2/391
f 391/1/391 401/1/401 402/1/402 392/2/392
f 392/1/392 402/1/402 403/1/403 393/2/393
f 393/1/393 403/1/403 404/1/404 394/2/394
f 387/1/387 397/1/397 507/1/507 506/2/506
f 402/1/402 412/1/412 413/1/413 403/2/403
f 403/1/403 413/1/413 414/1/414 404/2/404
f 397/1/397 407/1/407 508/1/508 507/2/507
f 404/1/404 414/1/414 415/1/415 405/2/405
f 398/1/398 408/1/408 528/1/528 527/2/527
f 405/1/405 415/1/415 416/1/416 406/2/406
f 399/1/399 409/1/409 410/1/410 400/2/400
f 400/1/400 410/1/410 411/1/411 401/2/401
f 401/1/401 411/1/411 412/1/412 402/2/402
f 410/1/410 420/1/420 421/1/421 411/2/411
f 411/1/411 421/1/421 422/1/422 412/2/412
f 412/1/412 422/1/422 423/1/423 413/2/413
f 413/1/413 423/1/423 424/1/424 414/2/414
f 407/1/407 417/1/417 509/1/509 508/2/508
f 414/1/414 424/1/424 425/1/425 415/2/415
f 408/1/408 418/1/418 529/1/529 528/2/528
f 415/1/415 425/1/425 426/1/426 416/2/416
f 409/1/409 419/1/419 420/1/420 410/2/410
f 424/1/424 434/1/434 435/1/435 425/2/425
f 418/1/418 428/1/428 530/1/530 529/2/529
f 425/1/425 435/1/435 436/1/436 426/2/426
f 419/1/419 429/1/429 430/1/430 420/2/420
f 420/1/420 430/1/430 431/1/431 421/2/421
f 421/1/421 431/1/431 432/1/432 422/2/422
f 422/1/422 432/1/432 433/1/433 423/2/423
f 423/1/423 433/1/433 434/1/434 424/2/424
f 417/1/417 427/1/427 510/1/510 509/2/509
f 432/1/432 442/1/442 443/1/443 433/2/433
f 433/1/433 443/1/443 444/1/444 434/2/434
f 427/1/427 437/1/437 511/1/511 510/2/510
f 434/1/434 444/1/444 445/1/445 435/2/435
f 428/1/428 438/1/438 531/1/531 530/2/530
f 435/1/435 445/1/445 446/1/446 436/2/436
f 429/1/429 439/1/439 440/1/440 430/2/430
f 430/1/430 440/1/440 441/1/441 431/2/431
f 431/1/431 441/1/441 442/1/442 432/2/432
f 440/1/440 450/1/450 451/1/451 441/2/441
f 441/1/441 451/1/451 452/1/452 442/2/442
f 442/1/442 452/1/452 453/1/453 443/2/443
f 443/1/443 453/1/453 454/1/454 444/2/444
f 437/1/437 447/1/447 512/1/512 511/2/511
f 444/1/444 454/1/454 455/1/455 445/2/445
f 438/1/438 448/1/448 532/1/532 531/2/531
f 445/1/445 455/1/455 456/1/456 446/2/446
f 439/1/439 449/1/449 450/1/450 440/2/440
f 454/1/454 264/1/264 265/1/265 455/2/455
f 448/1/448 258/1/258 513/1/513 532/2/532
f 455/1/455 265/1/265 266/1/266 456/2/456
f 449/1/449 259/1/259 260/1/260 450/2/450
f 450/1/450 260/1/260 261/1/261 451/2/451
f 451/1/451 261/1/261 262/1/262 452/2/452
f 452/1/452 262/1/262 263/1/263 453/2/453
f 453/1/453 263/1/263 264/1/264 454/2/454
f 447/1/447 257/1/257 493/1/493 512/2/512
f 471/1/471 475/1/475 484/1/484 490/2/490
f 463/1/463 471/1/471 490/1/490 487/2/487
f 478/1/478 479/1/479 464/1/464 472/2/472
f 480/1/480 477/1/477 476/1/476 468/2/468
f 477/1/477 478/1/478 472/1/472 476/2/476
f 487/1/487 466/1/466 457/1/457 463/2/463
f 488/1/488 465/1/465 460/1/460 462/2/462
f 480/1/480 468/1/468 459/1/459 461/2/461
f 480/1/480 461/1/461 469/1/469 481/2/481
f 481/1/481 469/1/469 473/1/473 491/2/491
f 473/1/473 465/1/465 488/1/488 491/2/491
f 488/1/488 485/1/485 489/1/489 491/2/491
f 491/1/491 489/1/489 482/1/482 481/2/481
f 481/1/481 482/1/482 477/1/477 480/2/480
f 482/1/482 483/1/483 478/1/478 477/2/477
f 489/1/489 492/1/492 483/1/483 482/2/482
f 485/1/485 486/1/486 492/1/492 489/2/489
f 486/1/486 487/1/487 490/1/490 492/2/492
f 492/1/492 490/1/490 484/1/484 483/2/483
f 483/1/483 484/1/484 479/1/479 478/2/478
f 479/1/479 467/1/467 458/1/458 464/2/464
f 462/1/462 470/1/470 485/1/485 488/2/488
f 474/1/474 466/1/466 487/1/487 486/2/486
f 470/1/470 474/1/474 486/1/486 485/2/485
f 437/1/437 427/1/427 473/1/473 469/2/469
f 447/1/447 437/1/437 469/1/469 461/2/461
f 257/1/257 447/1/447 461/1/461 459/2/459
f 459/1/459 468/1/468 267/1/267 257/2/257
f 277/1/277 267/1/267 468/1/468 476/2/476
f 476/1/476 472/1/472 287/1/287 277/2/277
f 297/1/297 287/1/287 472/1/472 464/2/464
f 307/1/307 297/1/297 464/1/464 458/2/458
f 427/1/427 417/1/417 465/1/465 473/2/473
f 417/1/417 407/1/407 460/1/460 465/2/465
f 407/1/407 397/1/397 462/1/462 460/2/460
f 397/1/397 387/1/387 470/1/470 462/2/462
f 387/1/387 377/1/377 474/1/474 470/2/470
f 377/1/377 367/1/367 466/1/466 474/2/474
f 367/1/367 357/1/357 457/1/457 466/2/466
f 357/1/357 347/1/347 463/1/463 457/2/457
f 471/1/471 463/1/463 347/1/347 337/2/337
f 337/1/337 327/1/327 475/1/475 471/2/471
f 327/1/327 317/1/317 467/1/467 475/2/475
f 458/1/458 467/1/467 317/1/317 307/2/307
f 475/1/475 467/1/467 479/1/479 484/2/484
f 493/1/493 494/1/494 268/1/268 258/2/258
f 494/1/494 495/1/495 278/1/278 268/2/268
f 495/1/495 496/1/496 288/1/288 278/2/278
f 496/1/496 497/1/497 298/1/298 288/2/288
f 497/1/497 498/1/498 308/1/308 298/2/298
f 498/1/498 499/1/499 318/1/318 308/2/308
f 499/1/499 500/1/500 328/1/328 318/2/318
f 500/1/500 501/1/501 338/1/338 328/2/328
f 501/1/501 502/1/502 348/1/348 338/2/338
f 502/1/502 503/1/503 358/1/358 348/2/348
f 503/1/503 504/1/504 368/1/368 358/2/358
f 504/1/504 505/1/505 378/1/378 368/2/368
f 505/1/505 506/1/506 388/1/388 378/2/378
f 506/1/506 507/1/507 398/1/398 388/2/388
f 507/1/507 508/1/508 408/1/408 398/2/398
f 508/1/508 509/1/509 418/1/418 408/2/408
f 509/1/509 510/1/510 428/1/428 418/2/418
f 510/1/510 511/1/511 438/1/438 428/2/428
f 511/1/511 512/1/512 448/1/448 438/2/438
f 512/1/512 493/1/493 258/1/258 448/2/448
f 513/1/513 514/1/514 269/1/269 259/2/259
f 514/1/514 515/1/515 279/1/279 269/2/269
f 515/1/515 516/1/516 289/1/289 279/2/279
f 516/1/516 517/1/517 299/1/299 289/2/289
f 517/1/517 518/1/518 309/1/309 299/2/299
f 518/1/518 519/1/519 319/1/319 309/2/309
f 519/1/519 520/1/520 329/1/329 319/2/319
f 520/1/520 521/1/521 339/1/339 329/2/329
f 521/1/521 522/1/522 349/1/349 339/2/339
f 522/1/522 523/1/523 359/1/359 349/2/349
f 523/1/523 524/1/524 369/1/369 359/2/359
f 524/1/524 525/1/525 379/1/379 369/2/369
f 525/1/525 526/1/526 389/1/389 379/2/379
f 526/1/526 527/1/527 399/1/399 389/2/389
f 527/1/527 528/1/528 409/1/409 399/2/399
f 528/1/528 529/1/529 419/1/419 409/2/409
f 529/1/529 530/1/530 429/1/429 419/2/419
f 530/1/530 531/1/531 439/1/439 429/2/429
f 531/1/531 532/1/532 449/1/449 439/2/439
f 532/1/532 513/1/513 259/1/259 449/2/449
f 550/1/550 549/1/549 539/1/539 540/2/540
f 770/1/770 543/1/543 533/1/533 769/2/769
f 551/1/551 550/1/550 540/1/540 541/2/541
f 545/1/545 544/1/544 534/1/534 535/2/535
f 552/1/552 551/1/551 541/1/541 542/2/542
f 546/1/546 545/1/545 535/1/535 536/2/536
f 547/1/547 546/1/546 536/1/536 537/2/537
f 548/1/548 547/1/547 537/1/537 538/2/538
f 549/1/549 548/1/548 538/1/538 539/2/539
f 557/1/557 556/1/556 546/1/546 547/2/547
f 558/1/558 557/1/557 547/1/547 548/2/548
f 559/1/559 558/1/558 548/1/548 549/2/549
f 560/1/560 559/1/559 549/1/549 550/2/550
f 771/1/771 553/1/553 543/1/543 770/2/770
f 561/1/561 560/1/560 550/1/550 551/2/551
f 555/1/555 554/1/554 544/1/544 545/2/545
f 562/1/562 561/1/561 551/1/551 552/2/552
f 556/1/556 555/1/555 545/1/545 546/2/546
f 772/1/772 563/1/563 553/1/553 771/2/771
f 571/1/571 570/1/570 560/1/560 561/2/561
f 565/1/565 564/1/564 554/1/554 555/2/555
f 572/1/572 571/1/571 561/1/561 562/2/562
f 566/1/566 565/1/565 555/1/555 556/2/556
f 567/1/567 566/1/566 556/1/556 557/2/557
f 568/1/568 567/1/567 557/1/557 558/2/558
f 569/1/569 568/1/568 558/1/558 559/2/559
f 570/1/570 569/1/569 559/1/559 560/2/560
f 578/1/578 577/1/577 567/1/567 568/2/568
f 579/1/579 578/1/578 568/1/568 569/2/569
f 580/1/580 579/1/579 569/1/569 570/2/570
f 773/1/773 573/1/573 563/1/563 772/2/772
f 581/1/581 580/1/580 570/1/570 571/2/571
f 575/1/575 574/1/574 564/1/564 565/2/565
f 582/1/582 581/1/581 571/1/571 572/2/572
f 576/1/576 575/1/575 565/1/565 566/2/566
f 577/1/577 576/1/576 566/1/566 567/2/567
f 592/1/592 591/1/591 581/1/581 582/2/582
f 586/1/586 585/1/585 575/1/575 576/2/576
f 587/1/587 586/1/586 576/1/576 577/2/577
f 588/1/588 587/1/587 577/1/577 578/2/578
f 589/1/589 588/1/588 578/1/578 579/2/579
f 590/1/590 589/1/589 579/1/579 580/2/580
f 774/1/774 583/1/583 573/1/573 773/2/773
f 591/1/591 590/1/590 580/1/580 581/2/581
f 585/1/585 584/1/584 574/1/574 575/2/575
f 600/1/600 599/1/599 589/1/589 590/2/590
f 775/1/775 593/1/593 583/1/583 774/2/774
f 601/1/601 600/1/600 590/1/590 591/2/591
f 595/1/595 594/1/594 584/1/584 585/2/585
f 602/1/602 601/1/601 591/1/591 592/2/592
f 596/1/596 595/1/595 585/1/585 586/2/586
f 597/1/597 596/1/596 586/1/586 587/2/587
f 598/1/598 597/1/597 587/1/587 588/2/588
f 599/1/599 598/1/598 588/1/588 589/2/589
f 608/1/608 607/1/607 597/1/597 598/2/598
f 609/1/609 608/1/608 598/1/598 599/2/599
f 610/1/610 609/1/609 599/1/599 600/2/600
f 776/1/776 603/1/603 593/1/593 775/2/775
f 611/1/611 610/1/610 600/1/600 601/2/601
f 605/1/605 604/1/604 594/1/594 595/2/595
f 612/1/612 611/1/611 601/1/601 602/2/602
f 606/1/606 605/1/605 595/1/595 596/2/596
f 607/1/607 606/1/606 596/1/596 597/2/597
f 622/1/622 621/1/621 611/1/611 612/2/612
f 616/1/616 615/1/615 605/1/605 606/2/606
f 617/1/617 616/1/616 606/1/606 607/2/607
f 618/1/618 617/1/617 607/1/607 608/2/608
f 619/1/619 618/1/618 608/1/608 609/2/609
f 620/1/620 619/1/619 609/1/609 610/2/610
f 777/1/777 613/1/613 603/1/603 776/2/776
f 621/1/621 620/1/620 610/1/610 611/2/611
f 615/1/615 614/1/614 604/1/604 605/2/605
f 630/1/630 629/1/629 619/1/619 620/2/620
f 778/1/778 623/1/623 613/1/613 777/2/777
f 631/1/631 630/1/630 620/1/620 621/2/621
f 625/1/625 624/1/624 614/1/614 615/2/615
f 632/1/632 631/1/631 621/1/621 622/2/622
f 626/1/626 625/1/625 615/1/615 616/2/616
f 627/1/627 626/1/626 616/1/616 617/2/617
f 628/1/628 627/1/627 617/1/617 618/2/618
f 629/1/629 628/1/628 618/1/618 619/2/619
f 638/1/638 637/1/637 627/1/627 628/2/628
f 639/1/639 638/1/638 628/1/628 629/2/629
f 640/1/640 639/1/639 629/1/629 630/2/630
f 779/1/779 633/1/633 623/1/623 778/2/778
f 641/1/641 640/1/640 630/1/630 631/2/631
f 635/1/635 634/1/634 624/1/624 625/2/625
f 642/1/642 641/1/641 631/1/631 632/2/632
f 636/1/636 635/1/635 625/1/625 626/2/626
f 637/1/637 636/1/636 626/1/626 627/2/627
f 652/1/652 651/1/651 641/1/641 642/2/642
f 646/1/646 645/1/645 635/1/635 636/2/636
f 647/1/647 646/1/646 636/1/636 637/2/637
f 648/1/648 647/1/647 637/1/637 638/2/638
f 649/1/649 648/1/648 638/1/638 639/2/639
f 650/1/650 649/1/649 639/1/639 640/2/640
f 780/1/780 643/1/643 633/1/633 779/2/779
f 651/1/651 650/1/650 640/1/640 641/2/641
f 645/1/645 644/1/644 634/1/634 635/2/635
f 660/1/660 659/1/659 649/1/649 650/2/650
f 781/1/781 653/1/653 643/1/643 780/2/780
f 661/1/661 660/1/660 650/1/650 651/2/651
f 655/1/655 654/1/654 644/1/644 645/2/645
f 662/1/662 661/1/661 651/1/651 652/2/652
f 656/1/656 655/1/655 645/1/645 646/2/646
f 657/1/657 656/1/656 646/1/646 647/2/647
f 658/1/658 657/1/657 647/1/647 648/2/648
f 659/1/659 658/1/658 648/1/648 649/2/649
f 667/1/667 666/1/666 656/1/656 657/2/657
f 668/1/668 667/1/667 657/1/657 658/2/658
f 669/1/669 668/1/668 658/1/658 659/2/659
f 670/1/670 669/1/669 659/1/659 660/2/660
f 782/1/782 663/1/663 653/1/653 781/2/781
f 671/1/671 670/1/670 660/1/660 661/2/661
f 665/1/665 664/1/664 654/1/654 655/2/655
f 672/1/672 671/1/671 661/1/661 662/2/662
f 666/1/666 665/1/665 655/1/655 656/2/656
f 681/1/681 680/1/680 670/1/670 671/2/671
f 675/1/675 674/1/674 664/1/664 665/2/665
f 682/1/682 681/1/681 671/1/671 672/2/672
f 676/1/676 675/1/675 665/1/665 666/2/666
f 677/1/677 676/1/676 666/1/666 667/2/667
f 678/1/678 677/1/677 667/1/667 668/2/668
f 679/1/679 678/1/678 668/1/668 669/2/669
f 680/1/680 679/1/679 669/1/669 670/2/670
f 783/1/783 673/1/673 663/1/663 782/2/782
f 689/1/689 688/1/688 678/1/678 679/2/679
f 690/1/690 689/1/689 679/1/679 680/2/680
f 784/1/784 683/1/683 673/1/673 783/2/783
f 691/1/691 690/1/690 680/1/680 681/2/681
f 685/1/685 684/1/684 674/1/674 675/2/675
f 692/1/692 691/1/691 681/1/681 682/2/682
f 686/1/686 685/1/685 675/1/675 676/2/676
f 687/1/687 686/1/686 676/1/676 677/2/677
f 688/1/688 687/1/687 677/1/677 678/2/678
f 697/1/697 696/1/696 686/1/686 687/2/687
f 698/1/698 697/1/697 687/1/687 688/2/688
f 699/1/699 698/1/698 688/1/688 689/2/689
f 700/1/700 699/1/699 689/1/689 690/2/690
f 785/1/785 693/1/693 683/1/683 784/2/784
f 701/1/701 700/1/700 690/1/690 691/2/691
f 695/1/695 694/1/694 684/1/684 685/2/685
f 702/1/702 701/1/701 691/1/691 692/2/692
f 696/1/696 695/1/695 685/1/685 686/2/686
f 711/1/711 710/1/710 700/1/700 701/2/701
f 705/1/705 704/1/704 694/1/694 695/2/695
f 712/1/712 711/1/711 701/1/701 702/2/702
f 706/1/706 705/1/705 695/1/695 696/2/696
f 707/1/707 706/1/706 696/1/696 697/2/697
f 708/1/708 707/1/707 697/1/697 698/2/698
f 709/1/709 708/1/708 698/1/698 699/2/699
f 710/1/710 709/1/709 699/1/699 700/2/700
f 786/1/786 703/1/703 693/1/693 785/2/785
f 719/1/719 718/1/718 708/1/708 709/2/709
f 720/1/720 719/1/719 709/1/709 710/2/710
f 787/1/787 713/1/713 703/1/703 786/2/786
f 721/1/721 720/1/720 710/1/710 711/2/711
f 715/1/715 714/1/714 704/1/704 705/2/705
f 722/1/722 721/1/721 711/1/711 712/2/712
f 716/1/716 715/1/715 705/1/705 706/2/706
f 717/1/717 716/1/716 706/1/706 707/2/707
f 718/1/718 717/1/717 707/1/707 708/2/708
f 727/1/727 726/1/726 716/1/716 717/2/717
f 728/1/728 727/1/727 717/1/717 718/2/718
f 729/1/729 728/1/728 718/1/718 719/2/719
f 730/1/730 729/1/729 719/1/719 720/2/720
f 788/1/788 723/1/723 713/1/713 787/2/787
f 731/1/731 730/1/730 720/1/720 721/2/721
f 725/1/725 724/1/724 714/1/714 715/2/715
f 732/1/732 731/1/731 721/1/721 722/2/722
f 726/1/726 725/1/725 715/1/715 716/2/716
f 541/1/541 540/1/540 730/1/730 731/2/731
f 535/1/535 534/1/534 724/1/724 725/2/725
f 542/1/542 541/1/541 731/1/731 732/2/732
f 536/1/536 535/1/535 725/1/725 726/2/726
f 537/1/537 536/1/536 726/1/726 727/2/727
f 538/1/538 537/1/537 727/1/727 728/2/728
f 539/1/539 538/1/538 728/1/728 729/2/729
f 540/1/540 539/1/539 729/1/729 730/2/730
f 769/1/769 533/1/533 723/1/723 788/2/788
f 760/1/760 751/1/751 747/1/747 766/2/766
f 766/1/766 747/1/747 739/1/739 763/2/763
f 740/1/740 755/1/755 754/1/754 748/2/748
f 752/1/752 753/1/753 756/1/756 744/2/744
f 748/1/748 754/1/754 753/1/753 752/2/752
f 733/1/733 742/1/742 763/1/763 739/2/739
f 736/1/736 741/1/741 764/1/764 738/2/738
f 735/1/735 744/1/744 756/1/756 737/2/737
f 745/1/745 737/1/737 756/1/756 757/2/757
f 749/1/749 745/1/745 757/1/757 767/2/767
f 764/1/764 741/1/741 749/1/749 767/2/767
f 765/1/765 761/1/761 764/1/764 767/2/767
f 758/1/758 765/1/765 767/1/767 757/2/757
f 753/1/753 758/1/758 757/1/757 756/2/756
f 754/1/754 759/1/759 758/1/758 753/2/753
f 759/1/759 768/1/768 765/1/765 758/2/758
f 768/1/768 762/1/762 761/1/761 765/2/765
f 766/1/766 763/1/763 762/1/762 768/2/768
f 760/1/760 766/1/766 768/1/768 759/2/759
f 755/1/755 760/1/760 759/1/759 754/2/754
f 734/1/734 743/1/743 755/1/755 740/2/740
f 761/1/761 746/1/746 738/1/738 764/2/764
f 763/1/763 742/1/742 750/1/750 762/2/762
f 762/1/762 750/1/750 746/1/746 761/2/761
f 749/1/749 703/1/703 713/1/713 745/2/745
f 745/1/745 713/1/713 723/1/723 737/2/737
f 737/1/737 723/1/723 533/1/533 735/2/735
f 543/1/543 744/1/744 735/1/735 533/2/533
f 744/1/744 543/1/543 553/1/553 752/2/752
f 563/1/563 748/1/748 752/1/752 553/2/553
f 748/1/748 563/1/563 573/1/573 740/2/740
f 740/1/740 573/1/573 583/1/583 734/2/734
f 741/1/741 693/1/693 703/1/703 749/2/749
f 736/1/736 683/1/683 693/1/693 741/2/741
f 738/1/738 673/1/673 683/1/683 736/2/736
f 746/1/746 663/1/663 673/1/673 738/2/738
f 750/1/750 653/1/653 663/1/663 746/2/746
f 742/1/742 643/1/643 653/1/653 750/2/750
f 733/1/733 633/1/633 643/1/643 742/2/742
f 739/1/739 623/1/623 633/1/633 733/2/733
f 623/1/623 739/1/739 747/1/747 613/2/613
f 751/1/751 603/1/603 613/1/613 747/2/747
f 743/1/743 593/1/593 603/1/603 751/2/751
f 593/1/593 743/1/743 734/1/734 583/2/583
f 755/1/755 743/1/743 751/1/751 760/2/760
f 544/1/544 770/1/770 769/1/769 534/2/534
f 554/1/554 771/1/771 770/1/770 544/2/544
f 564/1/564 772/1/772 771/1/771 554/2/554
f 574/1/574 773/1/773 772/1/772 564/2/564
f 584/1/584 774/1/774 773/1/773 574/2/574
f 594/1/594 775/1/775 774/1/774 584/2/584
f 604/1/604 776/1/776 775/1/775 594/2/594
f 614/1/614 777/1/777 776/1/776 604/2/604
f 624/1/624 778/1/778 777/1/777 614/2/614
f 634/1/634 779/1/779 778/1/778 624/2/624
f 644/1/644 780/1/780 779/1/779 634/2/634
f 654/1/654 781/1/781 780/1/780 644/2/644
f 664/1/664 782/1/782 781/1/781 654/2/654
f 674/1/674 783/1/783 782/1/782 664/2/664
f 684/1/684 784/1/784 783/1/783 674/2/674
f 694/1/694 785/1/785 784/1/784 684/2/684
f 704/1/704 786/1/786 785/1/785 694/2/694
f 714/1/714 787/1/787 786/1/786 704/2/704
f 724/1/724 788/1/788 787/1/787 714/2/714
f 534/1/534 769/1/769 788/1/788 724/2/724
f 806/1/806 805/1/805 795/1/795 796/2/796
f 1026/1/1026 799/1/799 789/1/789 1025/2/1025
f 807/1/807 806/1/806 796/1/796 797/2/797
f 1046/1/1046 800/1/800 790/1/790 1045/2/1045
f 808/1/808 807/1/807 797/1/797 798/2/798
f 802/1/802 801/1/801 791/1/791 792/2/792
f 803/1/803 802/1/802 792/1/792 793/2/793
f 804/1/804 803/1/803 793/1/793 794/2/794
f 805/1/805 804/1/804 794/1/794 795/2/795
f 813/1/813 812/1/812 802/1/802 803/2/803
f 814/1/814 813/1/813 803/1/803 804/2/804
f 815/1/815 814/1/814 804/1/804 805/2/805
f 816/1/816 815/1/815 805/1/805 806/2/806
f 1027/1/1027 809/1/809 799/1/799 1026/2/1026
f 817/1/817 816/1/816 806/1/806 807/2/807
f 1047/1/1047 810/1/810 800/1/800 1046/2/1046
f 818/1/818 817/1/817 807/1/807 808/2/808
f 812/1/812 811/1/811 801/1/801 802/2/802
f 1028/1/1028 819/1/819 809/1/809 1027/2/1027
f 827/1/827 826/1/826 816/1/816 817/2/817
f 1048/1/1048 820/1/820 810/1/810 1047/2/1047
f 828/1/828 827/1/827 817/1/817 818/2/818
f 822/1/822 821/1/821 811/1/811 812/2/812
f 823/1/823 822/1/822 812/1/812 813/2/813
f 824/1/824 823/1/823 813/1/813 814/2/814
f 825/1/825 824/1/824 814/1/814 815/2/815
f 826/1/826 825/1/825 815/1/815 816/2/816
f 834/1/834 833/1/833 823/1/823 824/2/824
f 835/1/835 834/1/834 824/1/824 825/2/825
f 836/1/836 835/1/835 825/1/825 826/2/826
f 1029/1/1029 829/1/829 819/1/819 1028/2/1028
f 837/1/837 836/1/836 826/1/826 827/2/827
f 1049/1/1049 830/1/830 820/1/820 1048/2/1048
f 838/1/838 837/1/837 827/1/827 828/2/828
f 832/1/832 831/1/831 821/1/821 822/2/822
f 833/1/833 832/1/832 822/1/822 823/2/823
f 848/1/848 847/1/847 837/1/837 838/2/838
f 842/1/842 841/1/841 831/1/831 832/2/832
f 843/1/843 842/1/842 832/1/832 833/2/833
f 844/1/844 843/1/843 833/1/833 834/2/834
f 845/1/845 844/1/844 834/1/834 835/2/835
f 846/1/846 845/1/845 835/1/835 836/2/836
f 1030/1/1030 839/1/839 829/1/829 1029/2/1029
f 847/1/847 846/1/846 836/1/836 837/2/837
f 1050/1/1050 840/1/840 830/1/830 1049/2/1049
f 856/1/856 855/1/855 845/1/845 846/2/846
f 1031/1/1031 849/1/849 839/1/839 1030/2/1030
f 857/1/857 856/1/856 846/1/846 847/2/847
f 1051/1/1051 850/1/850 840/1/840 1050/2/1050
f 858/1/858 857/1/857 847/1/847 848/2/848
f 852/1/852 851/1/851 841/1/841 842/2/842
f 853/1/853 852/1/852 842/1/842 843/2/843
f 854/1/854 853/1/853 843/1/843 844/2/844
f 855/1/855 854/1/854 844/1/844 845/2/845
f 864/1/864 863/1/863 853/1/853 854/2/854
f 865/1/865 864/1/864 854/1/854 855/2/855
f 866/1/866 865/1/865 855/1/855 856/2/856
f 1032/1/1032 859/1/859 849/1/849 1031/2/1031
f 867/1/867 866/1/866 856/1/856 857/2/857
f 1052/1/1052 860/1/860 850/1/850 1051/2/1051
f 868/1/868 867/1/867 857/1/857 858/2/858
f 862/1/862 861/1/861 851/1/851 852/2/852
f 863/1/863 862/1/862 852/1/852 853/2/853
f 878/1/878 877/1/877 867/1/867 868/2/868
f 872/1/872 871/1/871 861/1/861 862/2/862
f 873/1/873 872/1/872 862/1/862 863/2/863
f 874/1/874 873/1/873 863/1/863 864/2/864
f 875/1/875 874/1/874 864/1/864 865/2/865
f 876/1/876 875/1/875 865/1/865 866/2/866
f 1033/1/1033 869/1/869 859/1/859 1032/2/1032
f 877/1/877 876/1/876 866/1/866 867/2/867
f 1053/1/1053 870/1/870 860/1/860 1052/2/1052
f 886/1/886 885/1/885 875/1/875 876/2/876
f 1034/1/1034 879/1/879 869/1/869 1033/2/1033
f 887/1/887 886/1/886 876/1/876 877/2/877
f 1054/1/1054 880/1/880 870/1/870 1053/2/1053
f 888/1/888 887/1/887 877/1/877 878/2/878
f 882/1/882 881/1/881 871/1/871 872/2/872
f 883/1/883 882/1/882 872/1/872 873/2/873
f 884/1/884 883/1/883 873/1/873 874/2/874
f 885/1/885 884/1/884 874/1/874 875/2/875
f 894/1/894 893/1/893 883/1/883 884/2/884
f 895/1/895 894/1/894 884/1/884 885/2/885
f 896/1/896 895/1/895 885/1/885 886/2/886
f 1035/1/1035 889/1/889 879/1/879 1034/2/1034
f 897/1/897 896/1/896 886/1/886 887/2/887
f 1055/1/1055 890/1/890 880/1/880 1054/2/1054
f 898/1/898 897/1/897 887/1/887 888/2/888
f 892/1/892 891/1/891 881/1/881 882/2/882
f 893/1/893 892/1/892 882/1/882 883/2/883
f 908/1/908 907/1/907 897/1/897 898/2/898
f 902/1/902 901/1/901 891/1/891 892/2/892
f 903/1/903 902/1/902 892/1/892 893/2/893
f 904/1/904 903/1/903 893/1/893 894/2/894
f 905/1/905 904/1/904 894/1/894 895/2/895
f 906/1/906 905/1/905 895/1/895 896/2/896
f 1036/1/1036 899/1/899 889/1/889 1035/2/1035
f 907/1/907 906/1/906 896/1/896 897/2/897
f 1056/1/1056 900/1/900 890/1/890 1055/2/1055
f 916/1/916 915/1/915 905/1/905 906/2/906
f 1037/1/1037 909/1/909 899/1/899 1036/2/1036
f 917/1/917 916/1/916 906/1/906 907/2/907
f 1057/1/1057 910/1/910 900/1/900 1056/2/1056
f 918/1/918 917/1/917 907/1/907 908/2/908
f 912/1/912 911/1/911 901/1/901 902/2/902
f 913/1/913 912/1/912 902/1/902 903/2/903
f 914/1/914 913/1/913 903/1/903 904/2/904
f 915/1/915 914/1/914 904/1/904 905/2/905
f 923/1/923 922/1/922 912/1/912 913/2/913
f 924/1/924 923/1/923 913/1/913 914/2/914
f 925/1/925 924/1/924 914/1/914 915/2/915
f 926/1/926 925/1/925 915/1/915 916/2/916
f 1038/1/1038 919/1/919 909/1/909 1037/2/1037
f 927/1/927 926/1/926 916/1/916 917/2/917
f 1058/1/1058 920/1/920 910/1/910 1057/2/1057
f 928/1/928 927/1/927 917/1/917 918/2/918
f 922/1/922 921/1/921 911/1/911 912/2/912
f 937/1/937 936/1/936 926/1/926 927/2/927
f 1059/1/1059 930/1/930 920/1/920 1058/2/1058
f 938/1/938 937/1/937 927/1/927 928/2/928
f 932/1/932 931/1/931 921/1/921 922/2/922
f 933/1/933 932/1/932 922/1/922 923/2/923
f 934/1/934 933/1/933 923/1/923 924/2/924
f 935/1/935 934/1/934 924/1/924 925/2/925
f 936/1/936 935/1/935 925/1/925 926/2/926
f 1039/1/1039 929/1/929 919/1/919 1038/2/1038
f 945/1/945 944/1/944 934/1/934 935/2/935
f 946/1/946 945/1/945 935/1/935 936/2/936
f 1040/1/1040 939/1/939 929/1/929 1039/2/1039
f 947/1/947 946/1/946 936/1/936 937/2/937
f 1060/1/1060 940/1/940 930/1/930 1059/2/1059
f 948/1/948 947/1/947 937/1/937 938/2/938
f 942/1/942 941/1/941 931/1/931 932/2/932
f 943/1/943 942/1/942 932/1/932 933/2/933
f 944/1/944 943/1/943 933/1/933 934/2/934
f 953/1/953 952/1/952 942/1/942 943/2/943
f 954/1/954 953/1/953 943/1/943 944/2/944
f 955/1/955 954/1/954 944/1/944 945/2/945
f 956/1/956 955/1/955 945/1/945 946/2/946
f 1041/1/1041 949/1/949 939/1/939 1040/2/1040
f 957/1/957 956/1/956 946/1/946 947/2/947
f 1061/1/1061 950/1/950 940/1/940 1060/2/1060
f 958/1/958 957/1/957 947/1/947 948/2/948
f 952/1/952 951/1/951 941/1/941 942/2/942
f 967/1/967 966/1/966 956/1/956 957/2/957
f 1062/1/1062 960/1/960 950/1/950 1061/2/1061
f 968/1/968 967/1/967 957/1/957 958/2/958
f 962/1/962 961/1/961 951/1/951 952/2/952
f 963/1/963 962/1/962 952/1/952 953/2/953
f 964/1/964 963/1/963 953/1/953 954/2/954
f 965/1/965 964/1/964 954/1/954 955/2/955
f 966/1/966 965/1/965 955/1/955 956/2/956
f 1042/1/1042 959/1/959 949/1/949 1041/2/1041
f 975/1/975 974/1/974 964/1/964 965/2/965
f 976/1/976 975/1/975 965/1/965 966/2/966
f 1043/1/1043 969/1/969 959/1/959 1042/2/1042
f 977/1/977 976/1/976 966/1/966 967/2/967
f 1063/1/1063 970/1/970 960/1/960 1062/2/1062
f 978/1/978 977/1/977 967/1/967 968/2/968
f 972/1/972 971/1/971 961/1/961 962/2/962
f 973/1/973 972/1/972 962/1/962 963/2/963
f 974/1/974 973/1/973 963/1/963 964/2/964
f 983/1/983 982/1/982 972/1/972 973/2/973
f 984/1/984 983/1/983 973/1/973 974/2/974
f 985/1/985 984/1/984 974/1/974 975/2/975
f 986/1/986 985/1/985 975/1/975 976/2/976
f 1044/1/1044 979/1/979 969/1/969 1043/2/1043
f 987/1/987 986/1/986 976/1/976 977/2/977
f 1064/1/1064 980/1/980 970/1/970 1063/2/1063
f 988/1/988 987/1/987 977/1/977 978/2/978
f 982/1/982 981/1/981 971/1/971 972/2/972
f 797/1/797 796/1/796 986/1/986 987/2/987
f 1045/1/1045 790/1/790 980/1/980 1064/2/1064
f 798/1/798 797/1/797 987/1/987 988/2/988
f 792/1/792 791/1/791 981/1/981 982/2/982
f 793/1/793 792/1/792 982/1/982 983/2/983
f 794/1/794 793/1/793 983/1/983 984/2/984
f 795/1/795 794/1/794 984/1/984 985/2/985
f 796/1/796 795/1/795 985/1/985 986/2/986
f 1025/1/1025 789/1/789 979/1/979 1044/2/1044
f 1016/1/1016 1007/1/1007 1003/1/1003 1022/2/1022
f 1022/1/1022 1003/1/1003 995/1/995 1019/2/1019
f 996/1/996 1011/1/1011 1010/1/1010 1004/2/1004
f 1008/1/1008 1009/1/1009 1012/1/1012 1000/2/1000
f 1004/1/1004 1010/1/1010 1009/1/1009 1008/2/1008
f 989/1/989 998/1/998 1019/1/1019 995/2/995
f 992/1/992 997/1/997 1020/1/1020 994/2/994
f 991/1/991 1000/1/1000 1012/1/1012 993/2/993
f 1001/1/1001 993/1/993 1012/1/1012 1013/2/1013
f 1005/1/1005 1001/1/1001 1013/1/1013 1023/2/1023
f 1020/1/1020 997/1/997 1005/1/1005 1023/2/1023
f 1021/1/1021 1017/1/1017 1020/1/1020 1023/2/1023
f 1014/1/1014 1021/1/1021 1023/1/1023 1013/2/1013
f 1009/1/1009 1014/1/1014 1013/1/1013 1012/2/1012
f 1010/1/1010 1015/1/1015 1014/1/1014 1009/2/1009
f 1015/1/1015 1024/1/1024 1021/1/1021 1014/2/1014
f 1024/1/1024 1018/1/1018 1017/1/1017 1021/2/1021
f 1022/1/1022 1019/1/1019 1018/1/1018 1024/2/1024
f 1016/1/1016 1022/1/1022 1024/1/1024 1015/2/1015
f 1011/1/1011 1016/1/1016 1015/1/1015 1010/2/1010
f 990/1/990 999/1/999 1011/1/1011 996/2/996
f 1017/1/1017 1002/1/1002 994/1/994 1020/2/1020
f 1019/1/1019 998/1/998 1006/1/1006 1018/2/1018
f 1018/1/1018 1006/1/1006 1002/1/1002 1017/2/1017
f 1005/1/1005 959/1/959 969/1/969 1001/2/1001
f 1001/1/1001 969/1/969 979/1/979 993/2/993
f 993/1/993 979/1/979 789/1/789 991/2/991
f 799/1/799 1000/1/1000 991/1/991 789/2/789
f 1000/1/1000 799/1/799 809/1/809 1008/2/1008
f 819/1/819 1004/1/1004 1008/1/1008 809/2/809
f 1004/1/1004 819/1/819 829/1/829 996/2/996
f 996/1/996 829/1/829 839/1/839 990/2/990
f 997/1/997 949/1/949 959/1/959 1005/2/1005
f 992/1/992 939/1/939 949/1/949 997/2/997
f 994/1/994 929/1/929 939/1/939 992/2/992
f 1002/1/1002 919/1/919 929/1/929 994/2/994
f 1006/1/1006 909/1/909 919/1/919 1002/2/1002
f 998/1/998 899/1/899 909/1/909 1006/2/1006
f 989/1/989 889/1/889 899/1/899 998/2/998
f 995/1/995 879/1/879 889/1/889 989/2/989
f 879/1/879 995/1/995 1003/1/1003 869/2/869
f 1007/1/1007 859/1/859 869/1/869 1003/2/1003
f 999/1/999 849/1/849 859/1/859 1007/2/1007
f 849/1/849 999/1/999 990/1/990 839/2/839
f 1011/1/1011 999/1/999 1007/1/1007 1016/2/1016
f 800/1/800 1026/1/1026 1025/1/1025 790/2/790
f 810/1/810 1027/1/1027 1026/1/1026 800/2/800
f 820/1/820 1028/1/1028 1027/1/1027 810/2/810
f 830/1/830 1029/1/1029 1028/1/1028 820/2/820
f 840/1/840 1030/1/1030 1029/1/1029 830/2/830
f 850/1/850 1031/1/1031 1030/1/1030 840/2/840
f 860/1/860 1032/1/1032 1031/1/1031 850/2/850
f 870/1/870 1033/1/1033 1032/1/1032 860/2/860
f 880/1/880 1034/1/1034 1033/1/1033 870/2/870
f 890/1/890 1035/1/1035 1034/1/1034 880/2/880
f 900/1/900 1036/1/1036 1035/1/1035 890/2/890
f 910/1/910 1037/1/1037 1036/1/1036 900/2/900
f 920/1/920 1038/1/1038 1037/1/1037 910/2/910
f 930/1/930 1039/1/1039 1038/1/1038 920/2/920
f 940/1/940 1040/1/1040 1039/1/1039 930/2/930
f 950/1/950 1041/1/1041 1040/1/1040 940/2/940
f 960/1/960 1042/1/1042 1041/1/1041 950/2/950
f 970/1/970 1043/1/1043 1042/1/1042 960/2/960
f 980/1/980 1044/1/1044 1043/1/1043 970/2/970
f 790/1/790 1025/1/1025 1044/1/1044 980/2/980
f 801/1/801 1046/1/1046 1045/1/1045 791/2/791
f 811/1/811 1047/1/1047 1046/1/1046 801/2/801
f 821/1/821 1048/1/1048 1047/1/1047 811/2/811
f 831/1/831 1049/1/1049 1048/1/1048 821/2/821
f 841/1/841 1050/1/1050 1049/1/1049 831/2/831
f 851/1/851 1051/1/1051 1050/1/1050 841/2/841
f 861/1/861 1052/1/1052 1051/1/1051 851/2/851
f 871/1/871 1053/1/1053 1052/1/1052 861/2/861
f 881/1/881 1054/1/1054 1053/1/1053 871/2/871
f 891/1/891 1055/1/1055 1054/1/1054 881/2/881
f 901/1/901 1056/1/1056 1055/1/1055 891/2/891
f 911/1/911 1057/1/1057 1056/1/1056 901/2/901
f 921/1/921 1058/1/1058 1057/1/1057 911/2/911
f 931/1/931 1059/1/1059 1058/1/1058 921/2/921
f 941/1/941 1060/1/1060 1059/1/1059 931/2/931
f 951/1/951 1061/1/1061 1060/1/1060 941/2/941
f 961/1/961 1062/1/1062 1061/1/1061 951/2/951
f 971/1/971 1063/1/1063 1062/1/1062 961/2/961
f 981/1/981 1064/1/1064 1063/1/1063 971/2/971
f 791/1/791 1045/1/1045 1064/1/1064 981/1/981
# 1020 faces, 2 coords texture

# End of File
